platform,sample,tpd_inv,E_period,osc,fRO,tpd,Pavg,Ecycle,PDP,n_VTH0,n_WNS,n_RSW,n_RDW,p_VTH0,p_WNS,p_RSW,p_RDW,p_MU0,n_RC,n_MU0,n_DIT,p_RC,p_DIT,n_DCNT,n_FMET,p_DCNT,p_FMET,n_RTH,p_RTH
si,0,4.487036270522411e-12,3.8691220786888877e-16,True,19245279464.195934,5.19607939110683e-12,4.0656356989320786e-05,2.1125365866969187e-15,2.1125365866969188e-16,0.3297835061289547,2.0240571283538275e-08,4.306010552590733e-05,4.306010552590733e-05,0.37830572131654205,2.0638294740928217e-08,6.345340660253832e-05,6.345340660253832e-05,,,,,,,,,,,,
si,1,4.336737106534379e-12,3.8728025527611996e-16,True,19920917681.301235,5.019849065179612e-12,4.2325679663215105e-05,2.1246852349048203e-15,2.1246852349048204e-16,0.33940696906830914,2.0303835367778812e-08,5.1714270894944565e-05,5.1714270894944565e-05,0.3458721098911039,2.0720067820009113e-08,6.872652742295221e-05,6.872652742295221e-05,,,,,,,,,,,,
si,2,4.390548792804024e-12,3.849149532110867e-16,True,19728384509.291607,5.068838756305785e-12,4.111486304176706e-05,2.0840461124631325e-15,2.0840461124631324e-16,0.34436339691942897,1.991452343681414e-08,5.399157813718842e-05,5.399157813718842e-05,0.33810991922399003,1.9596249735343724e-08,6.894585044013539e-05,6.894585044013539e-05,,,,,,,,,,,,
si,3,4.585416223452164e-12,3.833860412282662e-16,True,18832153576.626534,5.310067146229876e-12,3.853973185919499e-05,2.0464856397002015e-15,2.0464856397002018e-16,0.3430362997692954,1.8625573824323276e-08,5.0600431472966585e-05,5.0600431472966585e-05,0.36352271922023893,1.976771722791672e-08,6.43901442235726e-05,6.43901442235726e-05,,,,,,,,,,,,
si,4,4.772396585617236e-12,3.875508563693094e-16,True,17721082860.693066,5.642996017010274e-12,3.714184444797411e-05,2.0959128028433305e-15,2.0959128028433304e-16,0.3584826881955374,2.1824610304915436e-08,4.9346887972069096e-05,4.9346887972069096e-05,0.3773544233830501,1.876998722466014e-08,6.650598993809176e-05,6.650598993809176e-05,,,,,,,,,,,,
si,5,4.5581613705147206e-12,3.8644432991671437e-16,True,18833998209.863667,5.309547069385852e-12,3.960358045059213e-05,2.1027707451862823e-15,2.1027707451862827e-16,0.32225536524186493,2.1351458184504188e-08,5.7567701714537984e-05,5.7567701714537984e-05,0.3731446228074695,1.9114466845444504e-08,6.983670484245221e-05,6.983670484245221e-05,,,,,,,,,,,,
si,6,4.526161709357507e-12,3.855191722112949e-16,True,19015266844.614365,5.258932247291743e-12,3.962876415077234e-05,2.0840498571281566e-15,2.0840498571281568e-16,0.33526568903552273,1.9542614688848056e-08,5.582808672562772e-05,5.582808672562772e-05,0.3679246505637423,2.0204420215405377e-08,6.125762814129772e-05,6.125762814129772e-05,,,,,,,,,,,,
si,7,4.298781269552068e-12,3.91467818444753e-16,True,19938513757.648693,5.01541896329352e-12,4.372079498690403e-05,2.1927810426758678e-15,2.1927810426758673e-16,0.32912962521445244,2.1444317025825232e-08,5.629254687822434e-05,5.629254687822434e-05,0.36478484584293597,2.2183488142712833e-08,6.002962846453798e-05,6.002962846453798e-05,,,,,,,,,,,,
si,8,4.971534338204067e-12,3.92114021011405e-16,True,16473655263.03577,6.070298206639294e-12,3.522803734548255e-05,2.138446919217048e-15,2.138446919217048e-16,0.3968351116002296,2.315090813353985e-08,6.173620959886945e-05,6.173620959886945e-05,0.3669324177454731,1.933617804510968e-08,7.186248242002287e-05,7.186248242002287e-05,,,,,,,,,,,,
si,9,4.348998306289671e-12,3.876601454233804e-16,True,19867869501.41814,5.0332523068395505e-12,4.230804490203923e-05,2.1294706460106024e-15,2.1294706460106022e-16,0.3367921126500425,1.997834921021011e-08,5.159326375041782e-05,5.159326375041782e-05,0.35606688624418875,2.128807771544339e-08,6.173087105517572e-05,6.173087105517572e-05,,,,,,,,,,,,
si,10,4.208597921186137e-12,3.817411238748379e-16,True,21003190070.144306,4.761181499859318e-12,4.315690427309067e-05,2.0547785421623885e-15,2.0547785421623886e-16,0.3259378789595069,1.8997043448250522e-08,4.799143550795466e-05,4.799143550795466e-05,0.321768227438441,1.9087065925060688e-08,7.38153770266304e-05,7.38153770266304e-05,,,,,,,,,,,,
si,11,4.433858640450065e-12,3.827994280913066e-16,True,19740222141.665012,5.065799122337809e-12,4.056016051331638e-05,2.0546962553023877e-15,2.0546962553023878e-16,0.33377971626733266,2.0257107657886382e-08,4.66703730902002e-05,4.66703730902002e-05,0.353783298712377,1.825921855147045e-08,6.079506703891408e-05,6.079506703891408e-05,,,,,,,,,,,,
si,12,4.9030798228672574e-12,3.8618059797335923e-16,True,17108561896.46194,5.845026636673655e-12,3.521302754021071e-05,2.058210839304546e-15,2.058210839304546e-16,0.39073673417467786,1.9417030309023213e-08,5.908769001042633e-05,5.908769001042633e-05,0.35949136961679223,1.9847014222775264e-08,6.109997611151629e-05,6.109997611151629e-05,,,,,,,,,,,,
si,13,4.58060387743361e-12,3.8644776343705243e-16,True,18574075018.219097,5.383848180967889e-12,3.877818719274494e-05,2.0877587257889213e-15,2.0877587257889215e-16,0.37138414360038163,1.982261654059712e-08,6.125272757643077e-05,6.125272757643077e-05,0.3360087065144807,2.0057338987391204e-08,6.840490519290004e-05,6.840490519290004e-05,,,,,,,,,,,,
si,14,4.562813954004639e-12,3.8263855125576377e-16,True,18947320669.972668,5.277791078845147e-12,3.8569357150249556e-05,2.035610090843794e-15,2.035610090843794e-16,0.3531091590926763,1.8766198488151137e-08,4.960792614154283e-05,4.960792614154283e-05,0.3464706828470454,1.9146300690675755e-08,6.978944844752016e-05,6.978944844752016e-05,,,,,,,,,,,,
si,15,4.422627081186194e-12,3.8281720250371463e-16,True,19636057197.14798,5.092672067309134e-12,4.0230365862015264e-05,2.0488006048311206e-15,2.0488006048311208e-16,0.3574063392592886,1.8042915545821742e-08,4.354403196277669e-05,4.354403196277669e-05,0.3247590215779722,2.01172595301464e-08,7.865157849757985e-05,7.865157849757985e-05,,,,,,,,,,,,
si,16,4.304957567005025e-12,3.822598556777723e-16,True,20437595326.46931,4.892943538738491e-12,4.1983134254324855e-05,2.0542110548568944e-15,2.0542110548568942e-16,0.3379988266227543,2.0250650549882975e-08,4.7487518582435486e-05,4.7487518582435486e-05,0.3294535627958946,1.8042772185310578e-08,6.517703150961378e-05,6.517703150961378e-05,,,,,,,,,,,,
si,17,4.683768940667189e-12,3.861794687624368e-16,True,18098390701.102577,5.525353146117454e-12,3.757667469765306e-05,2.0762439776130947e-15,2.076243977613095e-16,0.3645902892885659,1.9643285679570878e-08,6.055679111753967e-05,6.055679111753967e-05,0.3543473841698396,1.996358751243678e-08,6.874318622584349e-05,6.874318622584349e-05,,,,,,,,,,,,
si,18,4.100841813254696e-12,3.869650990006619e-16,True,21367235144.352432,4.680062690583109e-12,4.570329193785294e-05,2.1389427143517333e-15,2.1389427143517332e-16,0.3553935070277577,2.1147806370547824e-08,4.8875218461658644e-05,4.8875218461658644e-05,0.3046293039376283,2.0114746698681744e-08,6.136424676357429e-05,6.136424676357429e-05,,,,,,,,,,,,
si,19,4.455707021580509e-12,3.902112469141031e-16,True,19152535181.76693,5.2212408984477025e-12,4.136510252181276e-05,2.15977165055371e-15,2.1597716505537096e-16,0.3451024114848019,2.1664300022039087e-08,4.7276406637434024e-05,4.7276406637434024e-05,0.36568623384746346,2.0945867544408518e-08,6.837377386415456e-05,6.837377386415456e-05,,,,,,,,,,,,
si,20,4.788551415481901e-12,3.8748897505733194e-16,True,17570704861.745895,5.691291316247378e-12,3.668801698375422e-05,2.088021924699767e-15,2.088021924699767e-16,0.3680161188155322,1.954163772143659e-08,4.951521899408209e-05,4.951521899408209e-05,0.3711699430855912,2.0720300021857853e-08,7.445012679143757e-05,7.445012679143757e-05,,,,,,,,,,,,
si,21,4.321929464464822e-12,3.8462394563068774e-16,True,20194339004.45817,4.951882801309993e-12,4.213630417750201e-05,2.0865403996733864e-15,2.0865403996733863e-16,0.3498917471883426,2.1623563119570637e-08,5.1637648249043536e-05,5.1637648249043536e-05,0.32918370399105473,1.7962910802483578e-08,5.816328430463833e-05,5.816328430463833e-05,,,,,,,,,,,,
si,22,5.004570270880942e-12,3.8630709849339596e-16,True,16698551032.283117,5.988543545285525e-12,3.436587719957647e-05,2.0580155208159866e-15,2.0580155208159868e-16,0.362016025753862,1.8535071311968124e-08,5.0732818294464864e-05,5.0732818294464864e-05,0.3925219662712037,2.084679594248208e-08,7.706858229990856e-05,7.706858229990856e-05,,,,,,,,,,,,
si,23,4.25399961662825e-12,3.813833746667232e-16,True,20695128591.057686,4.832055020098293e-12,4.227719375602942e-05,2.0428572632449016e-15,2.0428572632449016e-16,0.32581471188285666,1.7540025028283672e-08,6.119404603659054e-05,6.119404603659054e-05,0.3220514363655646,2.0090923539282395e-08,6.678126722777524e-05,6.678126722777524e-05,,,,,,,,,,,,
si,24,4.4214428079682714e-12,3.88195454123032e-16,True,19403162032.483017,5.153799150498721e-12,4.144090911301079e-05,2.135781221825297e-15,2.1357812218252974e-16,0.3266680273848264,2.1552633065251812e-08,6.136916591405683e-05,6.136916591405683e-05,0.3614191705987716,1.9970509340164878e-08,6.661357111499505e-05,6.661357111499505e-05,,,,,,,,,,,,
si,25,4.104790683928598e-12,3.85608294449919e-16,True,21488381748.73034,4.653677562569764e-12,4.56063573839886e-05,2.122372820684056e-15,2.122372820684056e-16,0.32372779539065666,1.9760936242337086e-08,5.2578946447923604e-05,5.2578946447923604e-05,0.3333456300922055,2.0849214867736513e-08,5.603848610233141e-05,5.603848610233141e-05,,,,,,,,,,,,
si,26,4.679709364278487e-12,3.837957290914305e-16,True,18248383470.096645,5.4799374511100395e-12,3.732744815542645e-05,2.045520811012898e-15,2.0455208110128977e-16,0.33657757610605205,1.774712218544234e-08,5.577644559477214e-05,5.577644559477214e-05,0.3652423965972904,2.062129236318794e-08,8.443558008762178e-05,8.443558008762178e-05,,,,,,,,,,,,
si,27,4.540779446195991e-12,3.863461143211053e-16,True,18755813819.31677,5.331680137334759e-12,3.917851536785109e-05,2.088873121970363e-15,2.0888731219703629e-16,0.3644417767073441,1.905800931105981e-08,6.728965172699939e-05,6.728965172699939e-05,0.3319839276469124,2.0788738569049123e-08,7.021954879984567e-05,7.021954879984567e-05,,,,,,,,,,,,
si,28,4.483587561209685e-12,3.8684725789263256e-16,True,19168096018.43092,5.2170022470591675e-12,4.04921796863729e-05,2.1124779241213103e-15,2.11247792412131e-16,0.3280514952568169,2.139534862898458e-08,5.50207125116738e-05,5.50207125116738e-05,0.36180937892742565,1.9324267003739773e-08,7.387660683004625e-05,7.387660683004625e-05,,,,,,,,,,,,
si,29,4.438360619918073e-12,3.830131220947852e-16,True,19515431698.829353,5.1241500338421194e-12,4.0050375280183744e-05,2.0522413184734312e-15,2.052241318473431e-16,0.3284271963784862,1.8220840666268086e-08,6.070915422089979e-05,6.070915422089979e-05,0.34185571137557574,2.0043370087085067e-08,7.792987693874163e-05,7.792987693874163e-05,,,,,,,,,,,,
si,30,4.499475902000519e-12,3.8884724879286157e-16,True,18850879508.00903,5.304792275475198e-12,4.0134892706542266e-05,2.129072688066913e-15,2.1290726880669126e-16,0.36837578259571385,2.063270911593109e-08,5.882167498344532e-05,5.882167498344532e-05,0.33584011330465013,2.075308858924116e-08,7.261709984621352e-05,7.261709984621352e-05,,,,,,,,,,,,
si,31,4.524916801833235e-12,3.8573197223734176e-16,True,19087844125.26083,5.238936327422127e-12,3.977913574612697e-05,2.084003593338407e-15,2.084003593338407e-16,0.36075440074568577,1.979586537111507e-08,3.3224069810040885e-05,3.3224069810040885e-05,0.3615363373389555,2.0114876444311138e-08,6.294680876800758e-05,6.294680876800758e-05,,,,,,,,,,,,
si,32,4.411559034336334e-12,3.8388778242721636e-16,True,19633326547.103516,5.093380368328509e-12,4.0528976522414853e-05,2.0642949336771487e-15,2.0642949336771485e-16,0.3612079281447825,2.0265702979945203e-08,5.42202746514637e-05,5.42202746514637e-05,0.3207184676152549,1.8540677446186847e-08,6.778420457098924e-05,6.778420457098924e-05,,,,,,,,,,,,
si,33,4.529029600828387e-12,3.864242652673636e-16,True,18926104477.910564,5.283707490715489e-12,3.9653985348811416e-05,2.095200594242371e-15,2.0952005942423711e-16,0.347167097887461,2.0138740892685187e-08,5.401998813506609e-05,5.401998813506609e-05,0.3586194154621549,2.0036065663748993e-08,6.639352258388141e-05,6.639352258388141e-05,,,,,,,,,,,,
si,34,4.53820064514123e-12,3.8881037980423e-16,True,18774407182.686287,5.326399871215096e-12,3.997136882579576e-05,2.129034937660096e-15,2.1290349376600962e-16,0.350768242729336,2.0929409543857726e-08,5.040164722434834e-05,5.040164722434834e-05,0.36611821153277746,2.0636383364025876e-08,6.605122773447403e-05,6.605122773447403e-05,,,,,,,,,,,,
si,35,4.235092553602529e-12,3.8600806522318175e-16,True,20559097930.598034,4.864026638599271e-12,4.34662109219004e-05,2.1142080780309815e-15,2.1142080780309815e-16,0.33614372003325976,2.0369139926828447e-08,5.772737707356278e-05,5.772737707356278e-05,0.32889073608384944,2.0062145630476065e-08,6.578547829025489e-05,6.578547829025489e-05,,,,,,,,,,,,
si,36,4.235691766311755e-12,3.812192262139093e-16,True,20957723739.825222,4.7715105534086954e-12,4.284217741490504e-05,2.0442190166622704e-15,2.0442190166622705e-16,0.3324219225497388,1.938071214623368e-08,4.4894268449915455e-05,4.4894268449915455e-05,0.32832773861271897,1.8462523410239306e-08,6.133223862412755e-05,6.133223862412755e-05,,,,,,,,,,,,
si,37,4.389830543637564e-12,3.833899983389237e-16,True,19873589196.291046,5.031803717602391e-12,4.1002184605814344e-05,2.0631494492935614e-15,2.0631494492935612e-16,0.3344462295306046,1.9458714768653426e-08,5.5112369344822254e-05,5.5112369344822254e-05,0.34663895382238724,1.9271087263580658e-08,6.064390264627255e-05,6.064390264627255e-05,,,,,,,,,,,,
si,38,4.560004288179396e-12,3.881167465500391e-16,True,18709278892.4643,5.34494143653382e-12,3.9734430578309026e-05,2.1237820445508037e-15,2.123782044550804e-16,0.32301575080199474,1.9803831901940636e-08,5.199911255343695e-05,5.199911255343695e-05,0.38284944966947165,2.1534151635643436e-08,7.502220281307585e-05,7.502220281307585e-05,,,,,,,,,,,,
si,39,5.005796552548785e-12,3.865214543851754e-16,True,16599762433.576817,6.024182599006786e-12,3.4156690531868464e-05,2.0576614074174186e-15,2.0576614074174184e-16,0.38723080365844853,1.8782931817875054e-08,5.6712529073898673e-05,5.6712529073898673e-05,0.3656113485243385,2.047621591261933e-08,7.926270703320422e-05,7.926270703320422e-05,,,,,,,,,,,,
si,40,4.712655051171477e-12,3.867767431891365e-16,True,17873179827.025135,5.594975318761972e-12,3.717083297677968e-05,2.079698930829059e-15,2.0796989308290591e-16,0.3964034604893941,2.0979366628158353e-08,5.660711664335435e-05,5.660711664335435e-05,0.3279423252762234,1.8879641237229142e-08,6.993911461523371e-05,6.993911461523371e-05,,,,,,,,,,,,
si,41,4.493929695244001e-12,3.853759871308768e-16,True,19171468752.569378,5.2160844477081554e-12,3.9906200621044104e-05,2.081541124265497e-15,2.081541124265497e-16,0.34413330185774715,1.8669439322846175e-08,5.247750310962786e-05,5.247750310962786e-05,0.35759044339719076,2.0935926913451808e-08,6.465847865760581e-05,6.465847865760581e-05,,,,,,,,,,,,
si,42,4.2739798617523465e-12,3.869865150784558e-16,True,20209485126.796627,4.948171582432137e-12,4.293195534953028e-05,2.1243468143879107e-15,2.1243468143879108e-16,0.340261610927845,2.000620781811254e-08,5.405569837864251e-05,5.405569837864251e-05,0.32712762271972345,2.0833308412947055e-08,7.96787714404546e-05,7.96787714404546e-05,,,,,,,,,,,,
si,43,4.471449648979944e-12,3.804854556305497e-16,True,19497095579.71399,5.128969060604407e-12,3.91810442092687e-05,2.0095836351151263e-15,2.0095836351151265e-16,0.3619299636208674,1.8551802362644288e-08,5.3638710128238714e-05,5.3638710128238714e-05,0.3150777238446491,1.8170788134663107e-08,6.967131391839051e-05,6.967131391839051e-05,,,,,,,,,,,,
si,44,4.230518085693478e-12,3.842282427083128e-16,True,20762892648.912003,4.8162845943934554e-12,4.33335213384416e-05,2.0870657124315634e-15,2.0870657124315635e-16,0.34719893730225226,1.931288980775522e-08,4.2044556379705206e-05,4.2044556379705206e-05,0.3250116464004117,2.0162196095522945e-08,6.557076076910811e-05,6.557076076910811e-05,,,,,,,,,,,,
si,45,4.546900327609115e-12,3.8858572737777014e-16,True,18738177056.70683,5.336698425752556e-12,3.980905151198007e-05,2.1244890253468646e-15,2.1244890253468644e-16,0.35943995746411933,2.1523394919536284e-08,5.1333833463052926e-05,5.1333833463052926e-05,0.3597696302352498,1.986220155256075e-08,6.211679895812748e-05,6.211679895812748e-05,,,,,,,,,,,,
si,46,4.475642154512555e-12,3.8993718429211236e-16,True,19075413902.478573,5.242350205937416e-12,4.1074223673638876e-05,2.1532546493422024e-15,2.1532546493422024e-16,0.34075014071834864,2.0960753210919888e-08,4.767186371953335e-05,4.767186371953335e-05,0.3732110519140926,2.1477287201097857e-08,6.559585427874751e-05,6.559585427874751e-05,,,,,,,,,,,,
si,47,4.762728927913908e-12,3.8481330429885365e-16,True,17798046234.047348,5.618594236973144e-12,3.6509740425387586e-05,2.0513341714746814e-15,2.0513341714746811e-16,0.3507443206050703,1.8588200693016065e-08,6.567958497105373e-05,6.567958497105373e-05,0.36996800109575856,2.0172275863390922e-08,6.573772138415338e-05,6.573772138415338e-05,,,,,,,,,,,,
si,48,4.356924515551671e-12,3.8548558935599997e-16,True,19903312250.01283,5.024289361683282e-12,4.166289261757063e-05,2.0932642815541306e-15,2.0932642815541307e-16,0.35466539300327105,1.9348764064868196e-08,5.464167929553472e-05,5.464167929553472e-05,0.3319187484228832,2.049731959279748e-08,6.092933836701936e-05,6.092933836701936e-05,,,,,,,,,,,,
si,49,5.115233507703878e-12,3.886649622436747e-16,True,16162728108.622017,6.1870743186390016e-12,3.372772884503705e-05,2.086759649631486e-15,2.086759649631486e-16,0.36355632220647566,1.987963084795483e-08,5.456454800013326e-05,5.456454800013326e-05,0.40960804931789774,2.0804233137241086e-08,6.711270103676292e-05,6.711270103676292e-05,,,,,,,,,,,,
si,50,4.861853979122964e-12,3.853007983109676e-16,True,17351261159.562874,5.763269832688017e-12,3.5664741418875705e-05,2.0554552831002515e-15,2.0554552831002518e-16,0.34653372686161565,1.8960837881952573e-08,5.8897699054934384e-05,5.8897699054934384e-05,0.38243707075980926,2.0064355120826958e-08,7.632192899329133e-05,7.632192899329133e-05,,,,,,,,,,,,
si,51,4.357390035923243e-12,3.821430439241376e-16,True,20085322525.525894,4.97875998122075e-12,4.1067942745534604e-05,2.044674298525327e-15,2.0446742985253268e-16,0.34340040023206914,1.8226945650039584e-08,4.966544347272506e-05,4.966544347272506e-05,0.32925044051945485,1.9725459976365733e-08,6.946038655645278e-05,6.946038655645278e-05,,,,,,,,,,,,
si,52,4.277000816365727e-12,3.834854960886859e-16,True,20505130902.584072,4.876828169255819e-12,4.2552977750369894e-05,2.0752356057872e-15,2.0752356057872001e-16,0.32706648420067885,1.991975488951577e-08,5.419581247045411e-05,5.419581247045411e-05,0.3357297222747772,1.9090680905764977e-08,6.593214289023875e-05,6.593214289023875e-05,,,,,,,,,,,,
si,53,4.514925737573105e-12,3.8566481772516635e-16,True,19051996255.792225,5.2487938091840535e-12,3.966475339867913e-05,2.0819211208179915e-15,2.0819211208179915e-16,0.36309334854440345,1.9396771926108464e-08,4.9143890708972684e-05,4.9143890708972684e-05,0.3475652203198841,2.028994861063686e-08,6.181301318591972e-05,6.181301318591972e-05,,,,,,,,,,,,
si,54,4.4384764281832316e-12,3.8434911440640725e-16,True,19523917514.865517,5.121922888880266e-12,4.049058729243651e-05,2.0738966583733497e-15,2.0738966583733502e-16,0.3389630001800298,1.9768731450800586e-08,4.7367005531691786e-05,4.7367005531691786e-05,0.3468395449316117,1.9439952197161462e-08,7.571169114018749e-05,7.571169114018749e-05,,,,,,,,,,,,
si,55,4.256201864618411e-12,3.8382545151527785e-16,True,20602050553.84407,4.853885769217342e-12,4.288333529608301e-05,2.0815081093023307e-15,2.0815081093023308e-16,0.3352995069288229,2.045711100211561e-08,5.515315595057039e-05,5.515315595057039e-05,0.3280296446999559,1.875105031271163e-08,6.245049965709346e-05,6.245049965709346e-05,,,,,,,,,,,,
si,56,4.166342188534642e-12,3.835503091980794e-16,True,21106842697.52975,4.737800031631616e-12,4.3916192368143426e-05,2.0806613759093006e-15,2.0806613759093008e-16,0.35889743797455864,1.942676068785172e-08,4.9649948215841185e-05,4.9649948215841185e-05,0.2923858723195177,1.960316110779648e-08,6.74047297489342e-05,6.74047297489342e-05,,,,,,,,,,,,
si,57,4.402806449317203e-12,3.880313328294808e-16,True,19511760318.219326,5.125114206462646e-12,4.151086882503175e-05,2.127479435377776e-15,2.127479435377776e-16,0.35453970015163117,2.0429192262741228e-08,5.139447306995651e-05,5.139447306995651e-05,0.3458471305303639,2.083227625407108e-08,6.447525852000276e-05,6.447525852000276e-05,,,,,,,,,,,,
si,58,4.294352785849212e-12,3.890709981039338e-16,True,20201414351.226482,4.9501484530427804e-12,4.380877708086359e-05,2.1685995009653294e-15,2.168599500965329e-16,0.2995850890001617,2.1020009680921152e-08,4.74101052733011e-05,4.74101052733011e-05,0.3778960646431621,2.1694146968519024e-08,7.034577679650183e-05,7.034577679650183e-05,,,,,,,,,,,,
si,59,4.472939329696933e-12,3.8958850252608276e-16,True,19095110234.547813,5.236942796961448e-12,4.0947149332768745e-05,2.1443787875434806e-15,2.1443787875434803e-16,0.3637282696532103,2.1857798699674044e-08,4.728021917984527e-05,4.728021917984527e-05,0.3554673238727507,2.0239066135299204e-08,5.904104520316652e-05,5.904104520316652e-05,,,,,,,,,,,,
si,60,4.71896695022057e-12,3.8773969295115983e-16,True,17905678002.810936,5.584820635348263e-12,3.7508411631800925e-05,2.0947775128041865e-15,2.0947775128041861e-16,0.3858822047871111,1.9419306615935153e-08,4.9250935986219246e-05,4.9250935986219246e-05,0.35574457208719057,2.1031117598320604e-08,6.143371787912726e-05,6.143371787912726e-05,,,,,,,,,,,,
si,61,4.228388182072658e-12,3.842953454682124e-16,True,20809408295.95815,4.8055186662574735e-12,4.353850848650756e-05,2.092251152329215e-15,2.092251152329215e-16,0.3336546097947701,2.05041091112769e-08,4.5561304711822736e-05,4.5561304711822736e-05,0.33493857480014766,1.9161764866792615e-08,6.252338750479252e-05,6.252338750479252e-05,,,,,,,,,,,,
si,62,4.4393837322971015e-12,3.886308461769136e-16,True,19250685046.547737,5.1946203347154755e-12,4.112828991832652e-05,2.136458511418124e-15,2.1364585114181242e-16,0.3428006276332968,2.1844208427372625e-08,5.795792533481885e-05,5.795792533481885e-05,0.3508382514272797,1.977529810919978e-08,7.107725664536498e-05,7.107725664536498e-05,,,,,,,,,,,,
si,63,4.474189463480768e-12,3.8370674572187825e-16,True,19313089079.574448,5.177835590566408e-12,3.975307354292859e-05,2.0583487902497946e-15,2.0583487902497948e-16,0.35421395420839624,2.089120895626799e-08,6.047454636228996e-05,6.047454636228996e-05,0.3302265889506916,1.774714504117784e-08,6.521978991249963e-05,6.521978991249963e-05,,,,,,,,,,,,
si,64,4.3884563384992745e-12,3.8718882012844283e-16,True,19631937679.18964,5.093740701204577e-12,4.1575865106895484e-05,2.1177667628278473e-15,2.1177667628278473e-16,0.3472351830288964,2.028677885893302e-08,4.9954583342648074e-05,4.9954583342648074e-05,0.3457378815201546,2.0558736697650972e-08,6.936611876058309e-05,6.936611876058309e-05,,,,,,,,,,,,
si,65,4.929228416363839e-12,3.845532483011578e-16,True,17122644443.198158,5.840219385021702e-12,3.484667338904894e-05,2.035122174302435e-15,2.035122174302435e-16,0.37226553248971256,1.783372058591994e-08,4.437612648252954e-05,4.437612648252954e-05,0.37962911109215125,2.0608198537572992e-08,7.054836854955794e-05,7.054836854955794e-05,,,,,,,,,,,,
si,66,4.330805016924418e-12,3.8197164921391635e-16,True,20296129952.495525,4.927047680225581e-12,4.1523383261895435e-05,2.045876891756396e-15,2.045876891756396e-16,0.339949265881538,1.9525844606994857e-08,5.419821234490587e-05,5.419821234490587e-05,0.33159453696470637,1.8469838312916093e-08,5.810335610077151e-05,5.810335610077151e-05,,,,,,,,,,,,
si,67,4.578860643908912e-12,3.8840383669203896e-16,True,18485902029.87579,5.40952774922133e-12,3.918718071623522e-05,2.119841414982254e-15,2.119841414982254e-16,0.34797647929452186,2.0637191289631018e-08,6.191074305252948e-05,6.191074305252948e-05,0.3578267148298938,2.0472517006867994e-08,7.63963727314866e-05,7.63963727314866e-05,,,,,,,,,,,,
si,68,4.250849390650291e-12,3.870047633456002e-16,True,20471695801.790173,4.884793178260072e-12,4.356993382710523e-05,2.128301155358864e-15,2.1283011553588638e-16,0.3301128471248841,1.9040708628159043e-08,5.027814284681907e-05,5.027814284681907e-05,0.34846580584143416,2.2023235773061037e-08,6.308219461470406e-05,6.308219461470406e-05,,,,,,,,,,,,
si,69,4.776854392578331e-12,3.872264670942455e-16,True,17616282041.179104,5.676566699275368e-12,3.670483015639801e-05,2.0835741656836723e-15,2.0835741656836722e-16,0.3717882236391619,1.952733918974743e-08,5.5747739522383516e-05,5.5747739522383516e-05,0.36401662569321747,2.0532952539890397e-08,7.027130874371311e-05,7.027130874371311e-05,,,,,,,,,,,,
si,70,4.1736833211618524e-12,3.882690649904005e-16,True,20848811723.52424,4.796436426502307e-12,4.4944005197682856e-05,2.1557106368307505e-15,2.1557106368307506e-16,0.3318651668695499,2.1456147369310866e-08,5.8349177126910205e-05,5.8349177126910205e-05,0.336352713444623,2.050576315713363e-08,5.834787076324212e-05,5.834787076324212e-05,,,,,,,,,,,,
si,71,5.031752438942627e-12,3.8772647089202797e-16,True,16530510547.175348,6.049419932591708e-12,3.437398651427059e-05,2.07942679182067e-15,2.0794267918206705e-16,0.3475439624262178,1.882891360932765e-08,5.6953674955985086e-05,5.6953674955985086e-05,0.40967770691459526,2.147084001348735e-08,7.01388381102655e-05,7.01388381102655e-05,,,,,,,,,,,,
si,72,4.276728114581403e-12,3.8606092875076666e-16,True,20372659936.04469,4.90853920469527e-12,4.306694098557671e-05,2.1139576825400084e-15,2.1139576825400084e-16,0.3275885253498434,2.038025801251861e-08,5.943084414504921e-05,5.943084414504921e-05,0.3486226264695536,2.0129278554828703e-08,5.4287683241689913e-05,5.4287683241689913e-05,,,,,,,,,,,,
si,73,4.494947436781912e-12,3.8414452563594874e-16,True,19180901683.672085,5.213519241648889e-12,3.958982988252416e-05,2.064023398661459e-15,2.064023398661459e-16,0.3285375459282726,1.8151647338233328e-08,6.330934822003091e-05,6.330934822003091e-05,0.3598429296992439,2.072469097690537e-08,6.403741115623473e-05,6.403741115623473e-05,,,,,,,,,,,,
si,74,4.104006743057704e-12,3.8485791760347186e-16,True,21526781373.92431,4.645376299548961e-12,4.5498431583387006e-05,2.1135733574411588e-15,2.113573357441159e-16,0.31643265013276456,2.0175970833827166e-08,4.975444414126733e-05,4.975444414126733e-05,0.330993760423019,2.0055410937761712e-08,6.608009374224261e-05,6.608009374224261e-05,,,,,,,,,,,,
si,75,4.3165918603380384e-12,3.861382443482538e-16,True,20184385357.031433,4.954324753077705e-12,4.25544971744297e-05,2.108287987060523e-15,2.108287987060523e-16,0.3420361029972253,1.922573121838865e-08,4.7897965667190904e-05,4.7897965667190904e-05,0.3505166987403727,2.1222485311441315e-08,5.487615671961266e-05,5.487615671961266e-05,,,,,,,,,,,,
si,76,4.201499874512264e-12,3.8813988086997124e-16,True,20662573613.770557,4.8396681782832255e-12,4.4418185671934927e-05,2.149692797335394e-15,2.1496927973353938e-16,0.33250231576348127,1.9837641713447686e-08,5.229304620920248e-05,5.229304620920248e-05,0.3385350186294791,2.1928506548719043e-08,6.79754748638496e-05,6.79754748638496e-05,,,,,,,,,,,,
si,77,4.550590994935727e-12,3.828416950866539e-16,True,19093594557.012177,5.2373585131603585e-12,3.9020280324582885e-05,2.043631973438578e-15,2.043631973438578e-16,0.32593828615927617,1.811786910593045e-08,5.2221780117782974e-05,5.2221780117782974e-05,0.3799796622476567,2.0192767101735833e-08,5.022444723259597e-05,5.022444723259597e-05,,,,,,,,,,,,
si,78,4.354361217969039e-12,3.8586990758365975e-16,True,19888663876.766872,5.0279898448490516e-12,4.188752827235021e-05,2.1061006677920437e-15,2.1061006677920438e-16,0.3181070880186279,2.0122916958487565e-08,5.880943462679603e-05,5.880943462679603e-05,0.353211776451516,2.0149293310546113e-08,7.237564649235707e-05,7.237564649235707e-05,,,,,,,,,,,,
si,79,4.5899403506722845e-12,3.835193779422687e-16,True,18700178569.970097,5.347542518154676e-12,3.821881201644698e-05,2.0437672225131107e-15,2.0437672225131109e-16,0.37077102212255775,1.9323469474562234e-08,5.546414775974777e-05,5.546414775974777e-05,0.33124262281238137,1.8923430202643376e-08,6.920782556084105e-05,6.920782556084105e-05,,,,,,,,,,,,
si,80,4.503310604191843e-12,3.8378103636904257e-16,True,19279999833.964226,5.18672203636833e-12,3.98585086658962e-05,2.0673500523418187e-15,2.0673500523418186e-16,0.3171771382928593,2.016986386730474e-08,5.480606917728835e-05,5.480606917728835e-05,0.36761603930537656,1.884957081175069e-08,6.785139814894766e-05,6.785139814894766e-05,,,,,,,,,,,,
si,81,4.146045088351049e-12,3.8819358629151306e-16,True,21055072717.86493,4.749449281889747e-12,4.5395291827512325e-05,2.156026361713539e-15,2.1560263617135393e-16,0.3431373919057898,2.1486060241165775e-08,4.918979746741676e-05,4.918979746741676e-05,0.3281898744734416,2.0500221136708857e-08,5.976851098722593e-05,5.976851098722593e-05,,,,,,,,,,,,
si,82,3.8545764706348495e-12,3.8389218056415305e-16,True,23291685139.89753,4.2933776323768366e-12,4.9362014692341276e-05,2.119297697691548e-15,2.119297697691548e-16,0.31976000183501235,2.0910071756679228e-08,5.542344833969913e-05,5.542344833969913e-05,0.28816183759629166,1.907901511428741e-08,5.81199118677758e-05,5.81199118677758e-05,,,,,,,,,,,,
si,83,4.678855665112248e-12,3.872857170988747e-16,True,18115152908.591145,5.520240458614888e-12,3.795782832241441e-05,2.0953633962655013e-15,2.095363396265501e-16,0.3585329022246398,2.1472562934085808e-08,6.407263413662439e-05,6.407263413662439e-05,0.36451280795940577,1.8903988232456514e-08,5.796804076307475e-05,5.796804076307475e-05,,,,,,,,,,,,
si,84,4.071246256110602e-12,3.8668998852990266e-16,True,21490829651.579803,4.653147487614511e-12,4.600367507045679e-05,2.140618850751303e-15,2.140618850751303e-16,0.3265912419136389,2.0489405939063814e-08,5.9860533152887866e-05,5.9860533152887866e-05,0.31203516628865935,2.0609244911583298e-08,7.142697561390285e-05,7.142697561390285e-05,,,,,,,,,,,,
si,85,4.357512843851336e-12,3.9223581929915546e-16,True,19541627615.612198,5.117281015021901e-12,4.290092317575877e-05,2.1953607969422344e-15,2.1953607969422344e-16,0.35196534511914135,2.3236232384057813e-08,5.598065111444478e-05,5.598065111444478e-05,0.3510401237783001,2.0610521543104448e-08,6.180543177869796e-05,6.180543177869796e-05,,,,,,,,,,,,
si,86,4.234124101870314e-12,3.87426502906099e-16,True,20504427446.91302,4.876995481044518e-12,4.384953641124191e-05,2.1385399092352387e-15,2.1385399092352386e-16,0.32366065656175985,2.042218033928461e-08,5.9266491193223456e-05,5.9266491193223456e-05,0.34569153910937206,2.0925719938019908e-08,6.290615280225125e-05,6.290615280225125e-05,,,,,,,,,,,,
si,87,4.887515007263953e-12,3.852673034316013e-16,True,17239829508.501873,5.800521400207856e-12,3.530235354398369e-05,2.0477205720958105e-15,2.0477205720958103e-16,0.37827377880413093,2.021478963496724e-08,5.597568290885851e-05,5.597568290885851e-05,0.3657135996038708,1.8647921942085288e-08,6.417186932144428e-05,6.417186932144428e-05,,,,,,,,,,,,
si,88,5.0380018411385025e-12,3.8453347939494257e-16,True,16598345487.310883,6.024696863699342e-12,3.365120760002482e-05,2.0273832488756496e-15,2.0273832488756498e-16,0.38245650380905716,2.00364925701396e-08,6.058948956016638e-05,6.058948956016638e-05,0.36807210390634204,1.8172270965300755e-08,6.998583314055842e-05,6.998583314055842e-05,,,,,,,,,,,,
si,89,4.310280285392164e-12,3.854466178065325e-16,True,20229449140.640053,4.943288336957456e-12,4.256211405518896e-05,2.103968020052686e-15,2.103968020052686e-16,0.32388019470239837,2.026123096105038e-08,5.0928163581164996e-05,5.0928163581164996e-05,0.35082552204196765,1.9929121807994242e-08,6.694842992903464e-05,6.694842992903464e-05,,,,,,,,,,,,
si,90,4.486249966426286e-12,3.8652015551386024e-16,True,19179174305.53028,5.213988798838185e-12,4.0284799475667474e-05,2.100444932295726e-15,2.1004449322957257e-16,0.33667969037018947,1.864902603255318e-08,4.776997774026789e-05,4.776997774026789e-05,0.3687150856028547,2.1724493732789562e-08,6.688243848629964e-05,6.688243848629964e-05,,,,,,,,,,,,
si,91,4.159648776094473e-12,3.864901897898244e-16,True,21100121161.85707,4.7393092785064735e-12,4.486248585316612e-05,2.126171954607756e-15,2.126171954607756e-16,0.36249190315772456,2.097685385132997e-08,4.587901233832281e-05,4.587901233832281e-05,0.3129372605666023,1.99487435958759e-08,5.299371380888703e-05,5.299371380888703e-05,,,,,,,,,,,,
si,92,4.292268384269425e-12,3.837272557491116e-16,True,20418952804.858204,4.897410800430832e-12,4.23544684125368e-05,2.0742723105006423e-15,2.0742723105006424e-16,0.34019624876244614,1.852177625732158e-08,4.982061094895759e-05,4.982061094895759e-05,0.33536654977465474,2.0519997450760306e-08,6.113176388730841e-05,6.113176388730841e-05,,,,,,,,,,,,
si,93,4.579211179420065e-12,3.8278212590385867e-16,True,18850637803.53325,5.304860293971412e-12,3.8514075411325965e-05,2.043117894085638e-15,2.043117894085638e-16,0.32269089096560477,2.0048805048387935e-08,6.890310916370665e-05,6.890310916370665e-05,0.3602457899100682,1.8055073760132544e-08,6.595914485190678e-05,6.595914485190678e-05,,,,,,,,,,,,
si,94,5.0339918711457446e-12,3.903613156572957e-16,True,16307932935.954376,6.131984991152883e-12,3.437964923270127e-05,2.108154930960249e-15,2.108154930960249e-16,0.39706790073258275,2.016914179564743e-08,5.994153823447963e-05,5.994153823447963e-05,0.3725925724283676,2.1188374791981087e-08,7.223053175787895e-05,7.223053175787895e-05,,,,,,,,,,,,
si,95,4.440258992939303e-12,3.862862094414997e-16,True,19444960176.85341,5.142720740515399e-12,4.081047361788334e-05,2.0987686910494515e-15,2.0987686910494517e-16,0.3512989483247721,1.981568360082595e-08,5.165641113338661e-05,5.165641113338661e-05,0.3527957149625256,2.0427034116456078e-08,5.702420769747419e-05,5.702420769747419e-05,,,,,,,,,,,,
si,96,4.3256631396048844e-12,3.8684527061860715e-16,True,20009697290.56511,4.99757685225711e-12,4.237508669549109e-05,2.117727523817745e-15,2.117727523817745e-16,0.3400367980651997,1.9959438042516906e-08,5.3709650785306866e-05,5.3709650785306866e-05,0.34419656948412375,2.0806402390662276e-08,6.468259075336139e-05,6.468259075336139e-05,,,,,,,,,,,,
si,97,4.385935256634139e-12,3.835588257968327e-16,True,19949919869.018127,5.012551461687735e-12,4.118965174087528e-05,2.0646524904013315e-15,2.0646524904013313e-16,0.3381371756163459,1.876313906032382e-08,4.9005695833288114e-05,4.9005695833288114e-05,0.35498253544422725,2.0119175719389892e-08,5.2036845072688416e-05,5.2036845072688416e-05,,,,,,,,,,,,
si,98,4.681512559202552e-12,3.874559551484884e-16,True,18133186294.75482,5.514750600060059e-12,3.7985212785352695e-05,2.0947897500143284e-15,2.094789750014328e-16,0.36413202425340774,1.9297391466365746e-08,4.834401427992736e-05,4.834401427992736e-05,0.3726845018347352,2.116335105648938e-08,6.071236083642029e-05,6.071236083642029e-05,,,,,,,,,,,,
si,99,4.695320600987796e-12,3.836387547895094e-16,True,18220428221.269783,5.4883452126149315e-12,3.7233524045935485e-05,2.0435043344629295e-15,2.0435043344629294e-16,0.33853359817717543,1.8775947540565735e-08,5.746304346520612e-05,5.746304346520612e-05,0.3684838394473495,1.956118722540683e-08,7.445866529744367e-05,7.445866529744367e-05,,,,,,,,,,,,
si,100,4.3751972839793e-12,3.8527352752476225e-16,True,19747817165.89906,5.063850812467621e-12,4.123360021282709e-05,2.0880079993868955e-15,2.0880079993868955e-16,0.3640176165883535,1.9876289780111096e-08,5.697077560034751e-05,5.697077560034751e-05,0.31729684202933983,1.9737204970629512e-08,6.700718123458069e-05,6.700718123458069e-05,,,,,,,,,,,,
si,101,4.5192037867848205e-12,3.8710943281170764e-16,True,18970991303.52602,5.27120583210713e-12,4.0012768284837065e-05,2.1091553754178432e-15,2.1091553754178433e-16,0.34543749175138655,2.204994889666628e-08,5.478658867147021e-05,5.478658867147021e-05,0.35771950672497044,1.8672007486943342e-08,6.413683444510005e-05,6.413683444510005e-05,,,,,,,,,,,,
si,102,4.249835525284246e-12,3.9106705147639815e-16,True,20249288513.42831,4.938445117895625e-12,4.442638354330288e-05,2.1939725691518266e-15,2.1939725691518265e-16,0.3299755165690346,2.234876604781999e-08,5.0928017151468076e-05,5.0928017151468076e-05,0.3527714401634941,2.121580810914624e-08,6.965441315526318e-05,6.965441315526318e-05,,,,,,,,,,,,
si,103,4.2263891154456665e-12,3.868259799981055e-16,True,20609041374.277786,4.852239276146553e-12,4.393024026514734e-05,2.1316003722510265e-15,2.1316003722510267e-16,0.3174197445315431,2.0638520784105132e-08,5.691087891712539e-05,5.691087891712539e-05,0.3467573384530832,2.0464295368458722e-08,6.604684215035653e-05,6.604684215035653e-05,,,,,,,,,,,,
si,104,4.214388833070194e-12,3.849656299267776e-16,True,20772407852.494637,4.8140784019889456e-12,4.3690603921445225e-05,2.1032999270808298e-15,2.1032999270808298e-16,0.31793838895823323,1.9436501293651986e-08,5.324660329168168e-05,5.324660329168168e-05,0.3386614646465549,2.0539045548497043e-08,7.191139666846156e-05,7.191139666846156e-05,,,,,,,,,,,,
si,105,4.5148954531289265e-12,3.8620949594607005e-16,True,18986686670.325436,5.266848383625113e-12,3.968797643730452e-05,2.090305545481689e-15,2.0903055454816889e-16,0.3511143541715302,1.9627321858195585e-08,6.0378191658993564e-05,6.0378191658993564e-05,0.3531408217657151,2.0353524046257788e-08,6.0372243556285644e-05,6.0372243556285644e-05,,,,,,,,,,,,
si,106,4.3830488570155604e-12,3.874250330133728e-16,True,19637211915.981384,5.092372605024282e-12,4.1691529833132206e-05,2.1230880438379502e-15,2.1230880438379502e-16,0.34129299414777575,2.0998103118584027e-08,5.708843866028825e-05,5.708843866028825e-05,0.3466489066051325,2.0008244154368298e-08,6.666284064758557e-05,6.666284064758557e-05,,,,,,,,,,,,
si,107,4.107870203795613e-12,3.846062217639036e-16,True,21493256001.56702,4.652622198921804e-12,4.529002724864477e-05,2.10717386166818e-15,2.1071738616681802e-16,0.3268222141220376,1.981467620144343e-08,5.0418252824875446e-05,5.0418252824875446e-05,0.3226749685365113,2.015217274708932e-08,6.442240352083043e-05,6.442240352083043e-05,,,,,,,,,,,,
si,108,3.899572898108861e-12,3.8316853815420564e-16,True,22967931259.388874,4.353896694945994e-12,4.830537317191456e-05,2.103166046013317e-15,2.1031660460133167e-16,0.3163698344108059,1.9204992645081254e-08,5.267376132143138e-05,5.267376132143138e-05,0.29256922476877784,2.018400337952232e-08,6.710566192630488e-05,6.710566192630488e-05,,,,,,,,,,,,
si,109,4.720385660741036e-12,3.8310165062119434e-16,True,18176752534.11532,5.501532785480435e-12,3.693804318219093e-05,2.0321585559831543e-15,2.0321585559831543e-16,0.3586239232128491,1.9404721922292712e-08,4.557655002541311e-05,4.557655002541311e-05,0.36295603939340254,1.862502192910463e-08,6.889804911291183e-05,6.889804911291183e-05,,,,,,,,,,,,
si,110,4.597585879732079e-12,3.8403881619052427e-16,True,18737569341.10958,5.336871510895676e-12,3.856236187613286e-05,2.05802370489583e-15,2.05802370489583e-16,0.3321318670521006,1.898782688422884e-08,5.47005299545959e-05,5.47005299545959e-05,0.3728351767088726,1.9843059963417875e-08,6.37560873887535e-05,6.37560873887535e-05,,,,,,,,,,,,
si,111,4.0669182682638846e-12,3.8786534312352363e-16,True,21618758143.851723,4.62561259692151e-12,4.6772778884113536e-05,2.1635275519937997e-15,2.1635275519937999e-16,0.31187564530038253,2.0831208077504997e-08,5.352367935075068e-05,5.352367935075068e-05,0.34495660112809434,2.1308378686798348e-08,5.5117223161724825e-05,5.5117223161724825e-05,,,,,,,,,,,,
si,112,4.017996517773041e-12,3.851363638245783e-16,True,22011618293.25755,4.543055338672274e-12,4.669626161612582e-05,2.121437006311776e-15,2.1214370063117758e-16,0.33555368578679184,2.0004850193970215e-08,5.1566085645815486e-05,5.1566085645815486e-05,0.30165893051838805,2.034933593153729e-08,6.516294104787547e-05,6.516294104787547e-05,,,,,,,,,,,,
si,113,4.5661149847545216e-12,3.9034919221050335e-16,True,18512361860.236828,5.401795878611931e-12,3.9755926827103645e-05,2.14753401685046e-15,2.1475340168504596e-16,0.3658612598667935,2.2039866648642946e-08,5.213812338790494e-05,5.213812338790494e-05,0.3580797403500158,2.0253059921578062e-08,6.647206351868258e-05,6.647206351868258e-05,,,,,,,,,,,,
si,114,4.2495706999611734e-12,3.894126324423927e-16,True,20245428536.439518,4.939386677837475e-12,4.3779157137396305e-05,2.162421855314087e-15,2.1624218553140872e-16,0.34287978636184513,2.0386576737000492e-08,5.913119474334303e-05,5.913119474334303e-05,0.33340899267336455,2.1900928599378952e-08,6.867157195476269e-05,6.867157195476269e-05,,,,,,,,,,,,
si,115,4.437838640091634e-12,3.831881764697421e-16,True,19540333166.72134,5.117620009177097e-12,4.010455705939883e-05,2.0523988366636404e-15,2.0523988366636406e-16,0.35170552612799544,1.7750870807316763e-08,5.3080060232390846e-05,5.3080060232390846e-05,0.3308723527659516,2.0574377779335464e-08,7.160811979225443e-05,7.160811979225443e-05,,,,,,,,,,,,
si,116,4.789202969108865e-12,3.8289412699715777e-16,True,17838213190.278625,5.6059426430948515e-12,3.6066110087973165e-05,2.0218454451272215e-15,2.0218454451272218e-16,0.3686435659544782,1.9833596844089224e-08,5.2740147379056516e-05,5.2740147379056516e-05,0.35913272676912544,1.790193326114192e-08,6.252712647559475e-05,6.252712647559475e-05,,,,,,,,,,,,
si,117,4.515314501104952e-12,3.863414523168837e-16,True,19039127149.26235,5.252341623438047e-12,3.9979689394490026e-05,2.0998698669880462e-15,2.0998698669880462e-16,0.334790348808513,2.052081568845071e-08,5.070619091774371e-05,5.070619091774371e-05,0.36526816782777144,1.9807165308310354e-08,7.095262497396412e-05,7.095262497396412e-05,,,,,,,,,,,,
si,118,4.930797290609969e-12,3.895965953679963e-16,True,16830964248.318018,5.9414302427737245e-12,3.5438994069458403e-05,2.1055831113775882e-15,2.1055831113775882e-16,0.3900126686333943,2.155801660693454e-08,5.816914704855682e-05,5.816914704855682e-05,0.3732848140061778,1.9634061421320486e-08,6.032529699488481e-05,6.032529699488481e-05,,,,,,,,,,,,
si,119,4.200171852133987e-12,3.862080061589323e-16,True,20788299074.646732,4.8103983707815385e-12,4.4097444524342494e-05,2.121262752955264e-15,2.1212627529552641e-16,0.32872722655846986,2.019575280465072e-08,6.096566673763894e-05,6.096566673763894e-05,0.3358026811877063,2.0468666877703003e-08,5.7210265639874365e-05,5.7210265639874365e-05,,,,,,,,,,,,
si,120,4.058711022133669e-12,3.891921712910195e-16,True,21549839997.63996,4.640405683334612e-12,4.7037791860032e-05,2.18274436678803e-15,2.18274436678803e-16,0.32131899695355837,2.085762277109682e-08,4.9487505780227706e-05,4.9487505780227706e-05,0.33608177004515155,2.197545194040402e-08,6.58128989547911e-05,6.58128989547911e-05,,,,,,,,,,,,
si,121,4.385700176539468e-12,3.855437993419202e-16,True,19690833930.22875,5.078505072681719e-12,4.121539653737695e-05,2.0931260038765738e-15,2.0931260038765739e-16,0.34475636513792984,1.9770394267600695e-08,5.534349895042515e-05,5.534349895042515e-05,0.33623374384965693,2.005731671801949e-08,7.246523201859916e-05,7.246523201859916e-05,,,,,,,,,,,,
si,122,4.563666599112925e-12,3.8400312885943986e-16,True,18890921214.355125,5.293548094627087e-12,3.8845545968247505e-05,2.0563076584496553e-15,2.056307658449655e-16,0.3392331666790928,1.7621161646502527e-08,4.965656081903418e-05,4.965656081903418e-05,0.3657518383095971,2.112089664332657e-08,6.773870081880276e-05,6.773870081880276e-05,,,,,,,,,,,,
si,123,4.637132669507394e-12,3.859983585216915e-16,True,18424010975.5444,5.4276997627030105e-12,3.824383452009951e-05,2.075760515495973e-15,2.075760515495973e-16,0.37419427360562596,1.8960380901371065e-08,5.993196514817618e-05,5.993196514817618e-05,0.3545856822586757,2.0675966857802953e-08,4.666597520710743e-05,4.666597520710743e-05,,,,,,,,,,,,
si,124,4.669056161285763e-12,3.8543768964856516e-16,True,18236412820.9595,5.483534562513734e-12,3.769207987154377e-05,2.066858227086385e-15,2.0668582270863847e-16,0.3634956278746461,2.0232958314180703e-08,6.327667970978362e-05,6.327667970978362e-05,0.35415423496467746,1.90266939584253e-08,6.011209572272168e-05,6.011209572272168e-05,,,,,,,,,,,,
si,125,4.238856517056424e-12,3.8847608278768847e-16,True,20429067949.53804,4.8949859213846944e-12,4.38965330517756e-05,2.148729112860395e-15,2.1487291128603948e-16,0.3537581720959719,2.030779728812522e-08,4.976693806507622e-05,4.976693806507622e-05,0.32903002288451716,2.1516021184219997e-08,6.380226422430069e-05,6.380226422430069e-05,,,,,,,,,,,,
si,126,4.744539109577176e-12,3.8392374566083987e-16,True,17989007428.73685,5.558950397688606e-12,3.677164324642541e-05,2.0441174084838005e-15,2.0441174084838005e-16,0.34427562167927245,1.9466653419800706e-08,6.056699719204628e-05,6.056699719204628e-05,0.3726994726392536,1.8978356260233552e-08,6.48617476100469e-05,6.48617476100469e-05,,,,,,,,,,,,
si,127,4.280459572916508e-12,3.876890969898665e-16,True,20236434497.284912,4.941581977468255e-12,4.331684052333165e-05,2.1405371845096227e-15,2.1405371845096227e-16,0.32720373512172723,2.185434806566785e-08,5.549194408833652e-05,5.549194408833652e-05,0.34478596061298605,1.9662502060449504e-08,6.891910757293685e-05,6.891910757293685e-05,,,,,,,,,,,,
si,128,4.0822966161006455e-12,3.8962708081355306e-16,True,21367790014.165054,4.67994116067728e-12,4.667103850803895e-05,2.1841771412532582e-15,2.1841771412532582e-16,0.34072535151220606,2.154266006284658e-08,4.821501705511593e-05,4.821501705511593e-05,0.32569719421795323,2.1410483047400605e-08,6.257987032010635e-05,6.257987032010635e-05,,,,,,,,,,,,
si,129,4.470395963989863e-12,3.8772192921279483e-16,True,19153675727.965202,5.220929988597208e-12,4.050829643864229e-05,2.1149097966349303e-15,2.1149097966349302e-16,0.37404335251487913,2.087987010744408e-08,4.592009565509436e-05,4.592009565509436e-05,0.33820020306613685,2.004931658966042e-08,6.392143807969216e-05,6.392143807969216e-05,,,,,,,,,,,,
si,130,4.582946839649565e-12,3.8758438172740706e-16,True,18606323584.66938,5.374516870296434e-12,3.917808933646238e-05,2.1056330208479786e-15,2.105633020847979e-16,0.35170351165390323,1.938750510965221e-08,5.26852423281407e-05,5.26852423281407e-05,0.37041998832752127,2.1332917736441728e-08,6.019838544707092e-05,6.019838544707092e-05,,,,,,,,,,,,
si,131,4.5321680770154205e-12,3.866456398386784e-16,True,18951031870.68786,5.276757523408161e-12,3.979562033717159e-05,2.09991839012865e-15,2.0999183901286502e-16,0.34100650110348424,1.9873212838001445e-08,4.59638719432419e-05,4.59638719432419e-05,0.3691501199010192,2.0564703726410847e-08,6.877020031135922e-05,6.877020031135922e-05,,,,,,,,,,,,
si,132,4.652107654932489e-12,3.8756569170248183e-16,True,18248468985.980026,5.479911771054778e-12,3.8404030607745756e-05,2.1045069938333395e-15,2.1045069938333397e-16,0.34344035043833426,2.087033309934299e-08,5.825577545214159e-05,5.825577545214159e-05,0.37359085359675837,1.9829917169622685e-08,6.764588839247194e-05,6.764588839247194e-05,,,,,,,,,,,,
si,133,4.473217116813025e-12,3.8516130269982004e-16,True,19259169286.505688,5.192331949128613e-12,4.009740687726559e-05,2.0819904680603548e-15,2.0819904680603547e-16,0.3378702469685944,1.9677062640985272e-08,5.835173135415576e-05,5.835173135415576e-05,0.3514650477247569,1.984630806780329e-08,6.930500809559607e-05,6.930500809559607e-05,,,,,,,,,,,,
si,134,4.63319106859933e-12,3.860990422587963e-16,True,18427539956.356426,5.426660326708766e-12,3.832352046155249e-05,2.079687280685185e-15,2.079687280685185e-16,0.35895599857159705,1.9245710182433962e-08,4.969487698835272e-05,4.969487698835272e-05,0.364636280598573,2.052606407897987e-08,6.399238449116548e-05,6.399238449116548e-05,,,,,,,,,,,,
si,135,4.553747865616669e-12,3.8354671349629207e-16,True,18910477736.56923,5.288073701417877e-12,3.8727724552857847e-05,2.04795061723723e-15,2.04795061723723e-16,0.369563070801721,1.9900882198991352e-08,4.287392570349739e-05,4.287392570349739e-05,0.33447242056599646,1.852524800853184e-08,7.285025474326462e-05,7.285025474326462e-05,,,,,,,,,,,,
si,136,4.179093904864962e-12,3.848060120748371e-16,True,21116438068.90431,4.735647161405418e-12,4.434214330405699e-05,2.0998874506848977e-15,2.0998874506848976e-16,0.35575020194682444,2.0118707584482213e-08,4.082166389486623e-05,4.082166389486623e-05,0.3208453165865307,1.984925793480281e-08,5.372645024577246e-05,5.372645024577246e-05,,,,,,,,,,,,
si,137,4.580818499383973e-12,3.8451698040649133e-16,True,18777612931.597263,5.325490538348944e-12,3.8687773321775604e-05,2.060313707749047e-15,2.060313707749047e-16,0.3644818492610631,1.9897047386796293e-08,5.237607651871416e-05,5.237607651871416e-05,0.3491220843846797,1.904985064536918e-08,5.854399592025916e-05,5.854399592025916e-05,,,,,,,,,,,,
si,138,4.177396450043847e-12,3.841525016504681e-16,True,21123837205.80476,4.73398838599837e-12,4.430768407683888e-05,2.0975206183024018e-15,2.0975206183024016e-16,0.30767289987012497,2.0023475250803676e-08,5.5295241850403106e-05,5.5295241850403106e-05,0.3456382392123996,1.9717469538434553e-08,5.9217659356361826e-05,5.9217659356361826e-05,,,,,,,,,,,,
si,139,4.480117008426854e-12,3.8089605747870485e-16,True,19502805872.89407,5.127467332225501e-12,3.931759271317484e-05,2.015996722185514e-15,2.015996722185514e-16,0.350659669779815,1.754859072405519e-08,4.726787938338371e-05,4.726787938338371e-05,0.33722198868725856,1.9491512510726093e-08,6.6786612355246e-05,6.6786612355246e-05,,,,,,,,,,,,
si,140,4.697287047248645e-12,3.879664124720557e-16,True,17976070371.780506,5.5629510750571866e-12,3.785501733311307e-05,2.1058560936954976e-15,2.1058560936954977e-16,0.34179783814289816,2.01554681268894e-08,5.9756131119580954e-05,5.9756131119580954e-05,0.3778323369323,2.0647607877436e-08,7.352344278054863e-05,7.352344278054863e-05,,,,,,,,,,,,
si,141,4.937643659086811e-12,3.862223716037936e-16,True,16960185730.344025,5.896161845744809e-12,3.49329328501694e-05,2.059702258311343e-15,2.059702258311343e-16,0.3802387913132056,2.037042034901979e-08,4.570643097321023e-05,4.570643097321023e-05,0.37049587477108353,1.9005083379627373e-08,7.753180328541056e-05,7.753180328541056e-05,,,,,,,,,,,,
si,142,4.62296386646871e-12,3.8568185656232586e-16,True,18414078024.115963,5.43062758119278e-12,3.816881573757709e-05,2.072806234859512e-15,2.0728062348595117e-16,0.3801468659825826,1.9481773740327458e-08,4.7292662983545925e-05,4.7292662983545925e-05,0.336617157412364,1.993491888517316e-08,7.373693562364044e-05,7.373693562364044e-05,,,,,,,,,,,,
si,143,4.436846179207427e-12,3.863907265767575e-16,True,19574280283.203022,5.108744666633362e-12,4.1361169963665306e-05,2.113036564575911e-15,2.1130365645759115e-16,0.32093739320380216,2.088190121574931e-08,4.213908752938302e-05,4.213908752938302e-05,0.3746642493722341,1.9938036734618243e-08,6.666786645155946e-05,6.666786645155946e-05,,,,,,,,,,,,
si,144,4.794189358012091e-12,3.8489300094504923e-16,True,17789695112.71577,5.62123180675096e-12,3.6634645990407185e-05,2.059318372703384e-15,2.059318372703384e-16,0.34352343396576507,2.0935741621914433e-08,5.510955154841755e-05,5.510955154841755e-05,0.3841489850368778,1.8223748575135243e-08,5.944653915696302e-05,5.944653915696302e-05,,,,,,,,,,,,
si,145,4.711100698428313e-12,3.8686354934030086e-16,True,18162882949.825943,5.505733879155914e-12,3.820916063311207e-05,2.1036947019183555e-15,2.1036947019183554e-16,0.3187254499293997,2.0717781864568806e-08,4.416932095406628e-05,4.416932095406628e-05,0.3990107619196994,2.009181969740982e-08,7.334892857032328e-05,7.334892857032328e-05,,,,,,,,,,,,
si,146,4.291327956658149e-12,3.8530393878763557e-16,True,20254029116.298656,4.937289238886737e-12,4.2552259002483504e-05,2.1009281046328306e-15,2.1009281046328306e-16,0.32631934639336085,2.0196325018345773e-08,5.645356368565791e-05,5.645356368565791e-05,0.3362635062322721,1.9772239118176184e-08,7.554168020283584e-05,7.554168020283584e-05,,,,,,,,,,,,
si,147,4.349959593725091e-12,3.8741724002990073e-16,True,19761778800.49124,5.0602732177891896e-12,4.1924112228224754e-05,2.12147462288074e-15,2.12147462288074e-16,0.3709738466430372,2.057896323041887e-08,6.361166497741254e-05,6.361166497741254e-05,0.31147426714988313,2.0291233466191887e-08,6.286957692398799e-05,6.286957692398799e-05,,,,,,,,,,,,
si,148,4.553699759091495e-12,3.8953365394309616e-16,True,18529048035.20335,5.396931337757338e-12,3.9543817594077066e-05,2.1341526838803453e-15,2.1341526838803452e-16,0.374120665359175,2.1109873081113947e-08,5.935052678159916e-05,5.935052678159916e-05,0.3384527194849043,2.0561565772768344e-08,7.24230195255957e-05,7.24230195255957e-05,,,,,,,,,,,,
si,149,4.64176358268289e-12,3.8755564350952436e-16,True,18264007736.62377,5.4752495422719135e-12,3.832411378857629e-05,2.098340864788791e-15,2.0983408647887907e-16,0.37159232937423664,1.9073598204631686e-08,4.950603365043132e-05,4.950603365043132e-05,0.35529442296008545,2.139486334305168e-08,6.94166202268562e-05,6.94166202268562e-05,,,,,,,,,,,,
sige,0,4.006161778285315e-12,3.88622707314394e-16,True,22003307480.32286,4.544771284472941e-12,4.7768803003581585e-05,2.1709828418432235e-15,2.1709828418432237e-16,0.3488639079356227,2.0238031218720043e-08,5.97817024793869e-05,5.97817024793869e-05,0.3226066673228299,2.10628223187021e-08,5.4917009352403003e-05,5.4917009352403003e-05,0.006586510145205731,,,,,,,,,,,
sige,1,4.5180415718804165e-12,3.83544623217109e-16,True,19126024442.30407,5.22847810331216e-12,3.915062351363448e-05,2.0469817777205604e-15,2.0469817777205605e-16,0.3509894793759901,1.8116866527989596e-08,5.6776740934274065e-05,5.6776740934274065e-05,0.35729020120930627,1.9085850569098678e-08,6.386108207305588e-05,6.386108207305588e-05,0.006086568230322464,,,,,,,,,,,
sige,2,4.108146183811373e-12,3.8441591145096817e-16,True,22006711943.427082,4.5440682032405025e-12,4.623652756114842e-05,2.1010193471886765e-15,2.1010193471886767e-16,0.3759640974773237,2.0900303026703682e-08,4.645183953962384e-05,4.645183953962384e-05,0.3557623683030609,1.8738140733996712e-08,4.8366069222319246e-05,4.8366069222319246e-05,0.00943842598575151,,,,,,,,,,,
sige,3,4.0379024497637e-12,3.846341377982159e-16,True,22145375237.977406,4.51561551454358e-12,4.674134024162291e-05,2.110659211656326e-15,2.110659211656326e-16,0.32710047686109306,2.009189627748971e-08,5.795167719938966e-05,5.795167719938966e-05,0.3547393186031889,1.927334873605513e-08,5.5483787954910084e-05,5.5483787954910084e-05,0.007570633302059829,,,,,,,,,,,
sige,4,4.000531469460581e-12,3.861077948194773e-16,True,22326830951.5853,4.478915983053993e-12,4.772368648875029e-05,2.137503821847216e-15,2.1375038218472159e-16,0.32511467547779144,2.006417526264214e-08,4.736104285900036e-05,4.736104285900036e-05,0.35362872939649603,2.0168639147328557e-08,6.054766174393694e-05,6.054766174393694e-05,0.007152906466396433,,,,,,,,,,,
sige,5,4.20098735111023e-12,3.8623209149282335e-16,True,20957546057.232086,4.7715510073037265e-12,4.442442075866018e-05,2.1197338961986954e-15,2.1197338961986955e-16,0.3190011148040585,1.9868341490816245e-08,5.519829736132945e-05,5.519829736132945e-05,0.380212995803844,1.9935100537975028e-08,4.888242248019116e-05,4.888242248019116e-05,0.006759000364965676,,,,,,,,,,,
sige,6,3.831673681296562e-12,3.8591448731347805e-16,True,23686401148.615616,4.2218317325865534e-12,5.103687066994542e-05,2.1546908012629152e-15,2.1546908012629152e-16,0.3173489915316222,1.9954943650633073e-08,4.714924078563644e-05,4.714924078563644e-05,0.35126387377782686,2.078828762704337e-08,5.1948796700942026e-05,5.1948796700942026e-05,0.007606659202527758,,,,,,,,,,,
sige,7,4.306020973947281e-12,3.8263233058875647e-16,True,20612333089.365948,4.851464391073261e-12,4.2329401502439606e-05,2.0535958408452874e-15,2.0535958408452874e-16,0.3473424407777227,1.8949379135292104e-08,4.979191578062963e-05,4.979191578062963e-05,0.37255608543287017,1.8752401407951026e-08,6.145831302597102e-05,6.145831302597102e-05,0.007996673334257829,,,,,,,,,,,
sige,8,4.301028119775158e-12,3.9014978195742416e-16,True,20140219650.74569,4.965189145605843e-12,4.356364095135005e-05,2.1630171719471346e-15,2.1630171719471346e-16,0.3591382387219667,1.9514125364387094e-08,4.8522041861897406e-05,4.8522041861897406e-05,0.37181780845456885,2.2070136370200093e-08,5.913681173717294e-05,5.913681173717294e-05,0.0070674353177290535,,,,,,,,,,,
sige,9,3.884563370411861e-12,3.833572231573909e-16,True,23292476439.303818,4.2932317763885165e-12,4.911224263864918e-05,2.108502407059517e-15,2.1085024070595167e-16,0.3075069520546451,1.9620606425812066e-08,5.018488695017592e-05,5.018488695017592e-05,0.3379498708113442,1.9271547483510517e-08,6.178588401912944e-05,6.178588401912944e-05,0.00701115080396123,,,,,,,,,,,
sige,10,4.560292742045086e-12,3.8833943427930207e-16,True,18672454768.1747,5.355482245989414e-12,3.9517560968198754e-05,2.116355961699927e-15,2.1163559616999267e-16,0.3491117628855113,2.1048726056739e-08,5.792690583391622e-05,5.792690583391622e-05,0.37667840527893853,1.8915805922459745e-08,5.74467983688398e-05,5.74467983688398e-05,0.005912630078779593,,,,,,,,,,,
sige,11,4.1559973779378375e-12,3.8751427845486626e-16,True,21160678568.8531,4.725746373142889e-12,4.537142987958962e-05,2.1441387019777757e-15,2.1441387019777752e-16,0.31903850735235917,2.0580891924123456e-08,5.738116579500567e-05,5.738116579500567e-05,0.37910837053663776,2.014567336498647e-08,5.833730757581248e-05,5.833730757581248e-05,0.007288880442875963,,,,,,,,,,,
sige,12,4.194371495201739e-12,3.875028134518552e-16,True,20960919820.484093,4.770783002675046e-12,4.483254580535137e-05,2.1388634749482077e-15,2.1388634749482074e-16,0.3209361834290281,2.0193465639132052e-08,6.000662215927549e-05,6.000662215927549e-05,0.3953956171758742,2.053485373107175e-08,4.689672503144469e-05,4.689672503144469e-05,0.007700466488483222,,,,,,,,,,,
sige,13,4.1775612123062565e-12,3.8512704899950985e-16,True,21102474533.58105,4.738780745398686e-12,4.4336623747835795e-05,2.101015389322304e-15,2.101015389322304e-16,0.3422670387689131,1.929967993150096e-08,5.390551833411243e-05,5.390551833411243e-05,0.34507203023357597,1.9681327194006767e-08,5.951044528178232e-05,5.951044528178232e-05,0.006666400147866384,,,,,,,,,,,
sige,14,4.505147010616749e-12,3.8522720596451574e-16,True,19353798980.477634,5.166944231510877e-12,4.0126242936655366e-05,2.073300594737555e-15,2.0733005947375552e-16,0.3617129707712712,1.945834881440898e-08,5.4297215958942195e-05,5.4297215958942195e-05,0.39715323443725814,1.9325845592060473e-08,5.355433098211481e-05,5.355433098211481e-05,0.008255198021306165,,,,,,,,,,,
sige,15,4.061649897845772e-12,3.877113893898263e-16,True,21954910817.1695,4.554789624642727e-12,4.73105255514807e-05,2.154894909182789e-15,2.154894909182789e-16,0.35649939022609484,2.2405525378602426e-08,5.7474446579359706e-05,5.7474446579359706e-05,0.36254837755867597,1.9072819221882752e-08,5.6285453874341066e-05,5.6285453874341066e-05,0.009263788233345109,,,,,,,,,,,
sige,16,4.182769164648305e-12,3.84993022002125e-16,True,21183220433.51135,4.720717528001662e-12,4.446132445621599e-05,2.0988935367862783e-15,2.098893536786278e-16,0.3532389920576382,1.8772971932488585e-08,5.158876796881226e-05,5.158876796881226e-05,0.3490458794742525,2.0266724671367764e-08,5.3404570958408074e-05,5.3404570958408074e-05,0.007118268234458934,,,,,,,,,,,
sige,17,4.452566888852837e-12,3.864040420832237e-16,True,19376382403.800106,5.160922091441999e-12,4.070548922721061e-05,2.1007785859566556e-15,2.1007785859566555e-16,0.3242780323714357,1.971881031543e-08,5.5451415272277105e-05,5.5451415272277105e-05,0.38190986623912176,1.948577212540248e-08,6.1003766502310915e-05,6.1003766502310915e-05,0.006026899365027226,,,,,,,,,,,
sige,18,4.54009821113114e-12,3.839753842305813e-16,True,19099096480.355762,5.235849774509191e-12,3.918551203697232e-05,2.0516945436280873e-15,2.051694543628087e-16,0.37809195872298756,1.8309088421371174e-08,4.934220104027115e-05,4.934220104027115e-05,0.3581156457374484,1.9372795274819772e-08,6.57167023936615e-05,6.57167023936615e-05,0.007111482226133046,,,,,,,,,,,
sige,19,4.608760472685956e-12,3.7859161096524923e-16,True,19231866928.859444,5.199703199377876e-12,3.788464841265428e-05,1.969889275585844e-15,1.969889275585844e-16,0.38412181910145776,1.6012284250478858e-08,4.142551189987257e-05,4.142551189987257e-05,0.36309151669716533,1.876628437248794e-08,4.584866075866985e-05,4.584866075866985e-05,0.00726170062899556,,,,,,,,,,,
sige,20,4.07444613683528e-12,3.854867928075375e-16,True,21884672029.988796,4.5694082078529185e-12,4.639091065633059e-05,2.1197900792280843e-15,2.1197900792280842e-16,0.3333378896923024,1.92309083362311e-08,4.9520964571810906e-05,4.9520964571810906e-05,0.36077954603242857,2.0499236126080745e-08,5.893399552132104e-05,5.893399552132104e-05,0.007568053268643633,,,,,,,,,,,
sige,21,4.294361174288735e-12,3.8311195338839417e-16,True,20562367350.258392,4.8632532575945526e-12,4.248520032811897e-05,2.0661628889528174e-15,2.0661628889528175e-16,0.3162263101079447,1.9022288397091506e-08,4.966627386963756e-05,4.966627386963756e-05,0.37466511872753183,1.881540351115131e-08,5.9750364018582634e-05,5.9750364018582634e-05,0.006490788401959052,,,,,,,,,,,
sige,22,4.252740543518528e-12,3.8530234203360915e-16,True,20800151026.34305,4.807657399859821e-12,4.364600660586061e-05,2.0983504663299637e-15,2.0983504663299639e-16,0.34610891942761773,1.9577081628178745e-08,5.637877597215063e-05,5.637877597215063e-05,0.3812688269466141,1.9779798345610517e-08,5.158895857936944e-05,5.158895857936944e-05,0.008205428138696947,,,,,,,,,,,
sige,23,4.011209786316999e-12,3.845803570671437e-16,True,22369514296.87332,4.470369748438275e-12,4.728674629097249e-05,2.1138924012123925e-15,2.1138924012123923e-16,0.3311833344680255,2.0240712225609687e-08,5.378518164316141e-05,5.378518164316141e-05,0.3518168473529188,1.9237773636936808e-08,5.90077993192528e-05,5.90077993192528e-05,0.007840503497019804,,,,,,,,,,,
sige,24,4.3146352609143e-12,3.839929785154576e-16,True,20446979701.173763,4.890697866456016e-12,4.242325539930553e-05,2.0747932466950224e-15,2.074793246695022e-16,0.3235936064204087,1.8681161547688108e-08,5.86316655233101e-05,5.86316655233101e-05,0.4006650379849806,1.9862433076258173e-08,5.3744980981520576e-05,5.3744980981520576e-05,0.008220029813167525,,,,,,,,,,,
sige,25,4.0116699036944265e-12,3.8542224887502794e-16,True,22326963422.457718,4.478889408642752e-12,4.746267804051089e-05,2.1258008598146514e-15,2.1258008598146515e-16,0.3331629637593883,1.8687693779081856e-08,5.6792729446176525e-05,5.6792729446176525e-05,0.3575062112614235,2.1279366821941498e-08,5.58475194155662e-05,5.58475194155662e-05,0.008184108426657783,,,,,,,,,,,
sige,26,4.121642269123767e-12,3.8962940790289606e-16,True,21334607670.527153,4.687220010993955e-12,4.643366760557364e-05,2.1764481598468656e-15,2.1764481598468652e-16,0.33239394769279706,2.053549780362915e-08,5.0925006198704505e-05,5.0925006198704505e-05,0.3804751609205914,2.1449533684296018e-08,5.403292739913666e-05,5.403292739913666e-05,0.0074274514333508655,,,,,,,,,,,
sige,27,4.25373886297384e-12,3.874137660353853e-16,True,20539276310.916073,4.8687207127571816e-12,4.393141723817898e-05,2.138898010482999e-15,2.138898010482999e-16,0.309636021720653,2.1827250334055813e-08,6.389926383880122e-05,6.389926383880122e-05,0.38715274376716696,1.875874760457985e-08,5.440255260088209e-05,5.440255260088209e-05,0.006948965822440019,,,,,,,,,,,
sige,28,3.95868938299193e-12,3.84936419509034e-16,True,22657393394.786133,4.413570363438708e-12,4.8068434727109306e-05,2.121534189284576e-15,2.1215341892845762e-16,0.3488253285433856,1.962894644899226e-08,5.1739534393819025e-05,5.1739534393819025e-05,0.3187014339615589,1.9943030729717506e-08,5.97280138317345e-05,5.97280138317345e-05,0.007271681433682315,,,,,,,,,,,
sige,29,4.09175390664848e-12,3.835466889447752e-16,True,21799168357.90046,4.5873309641079944e-12,4.5531990083989486e-05,2.0887030796974313e-15,2.0887030796974313e-16,0.3245481312576173,1.9054332543914868e-08,4.966871227938104e-05,4.966871227938104e-05,0.35061644225544736,1.941636260402413e-08,6.655707649888307e-05,6.655707649888307e-05,0.007092274846450423,,,,,,,,,,,
sige,30,3.953558220416358e-12,3.8554132405221656e-16,True,22753689513.173782,4.394891647884298e-12,4.8557774006889014e-05,2.134061554227298e-15,2.134061554227298e-16,0.3403996215343512,2.0782241868601967e-08,5.396334766517183e-05,5.396334766517183e-05,0.34214838308064754,1.9415200712600444e-08,5.4225107487293693e-05,5.4225107487293693e-05,0.007865370216706762,,,,,,,,,,,
sige,31,3.9467822582923034e-12,3.8671321674291125e-16,True,22602698479.537426,4.424250497812531e-12,4.865185630272145e-05,2.152479994668191e-15,2.152479994668191e-16,0.3206822622278805,2.0847142558762225e-08,5.8051466638654757e-05,5.8051466638654757e-05,0.34714660990158286,1.9855165893939075e-08,5.844249384595455e-05,5.844249384595455e-05,0.0072702787484430235,,,,,,,,,,,
sige,32,3.955686932625884e-12,3.8385282310342046e-16,True,22578782232.0056,4.428936820970319e-12,4.755425530393311e-05,2.1061479230941244e-15,2.1061479230941245e-16,0.29904320621604624,1.90955719709526e-08,6.71037436064292e-05,6.71037436064292e-05,0.3436971182914384,1.9731930838632053e-08,6.571772491006128e-05,6.571772491006128e-05,0.007178643585675124,,,,,,,,,,,
sige,33,3.89215967741474e-12,3.8454130730197397e-16,True,23275348803.7879,4.2963910377027605e-12,4.952008922519632e-05,2.1275766753337453e-15,2.1275766753337452e-16,0.3329664192758886,1.9025576436033908e-08,5.580631461263935e-05,5.580631461263935e-05,0.34257619775298354,2.0911957606870127e-08,6.125594857731538e-05,6.125594857731538e-05,0.008803593013355562,,,,,,,,,,,
sige,34,4.045162229458804e-12,3.89021872263919e-16,True,22002209942.34738,4.5449979916577036e-12,4.7924391633614573e-05,2.1781626372619547e-15,2.178162637261955e-16,0.37104430867118476,1.9721170400018575e-08,4.4802593056678164e-05,4.4802593056678164e-05,0.34302126927233767,2.2309757022994835e-08,5.474566209060839e-05,5.474566209060839e-05,0.008102837346221501,,,,,,,,,,,
sige,35,3.998220738750991e-12,3.901341928589193e-16,True,21918752062.493526,4.562303534201471e-12,4.8191599259803835e-05,2.1986470362182403e-15,2.19864703621824e-16,0.3161960807093224,2.1163039276775766e-08,5.443679169558584e-05,5.443679169558584e-05,0.3465027847389855,2.0995788089888844e-08,5.720573500249231e-05,5.720573500249231e-05,0.005939838439483199,,,,,,,,,,,
sige,36,4.153693515580602e-12,3.8522722626557754e-16,True,21420223830.02067,4.66848529658448e-12,4.5110605624709026e-05,2.1059819907897523e-15,2.1059819907897523e-16,0.35903829509056123,2.023754442976119e-08,4.664529435105989e-05,4.664529435105989e-05,0.3538919359724133,1.9300035423039897e-08,6.20271272115181e-05,6.20271272115181e-05,0.008125324958314663,,,,,,,,,,,
sige,37,4.311957826628955e-12,3.8967002537190026e-16,True,20026572626.16399,4.993365658053422e-12,4.316934847832052e-05,2.1556034217218644e-15,2.1556034217218644e-16,0.3444815873104088,2.005648680526022e-08,5.5505627725111485e-05,5.5505627725111485e-05,0.3755470255038335,2.1241607106557727e-08,6.408867316768636e-05,6.408867316768636e-05,0.006978276215189986,,,,,,,,,,,
sige,38,4.2475298447745115e-12,3.852744073083543e-16,True,20802679135.81483,4.807073134528883e-12,4.36846619040516e-05,2.099953646299438e-15,2.0999536462994383e-16,0.33430383528452007,1.9941726709659433e-08,5.069337636754728e-05,5.069337636754728e-05,0.3803216058801953,1.9340300052891026e-08,5.423717839297854e-05,5.423717839297854e-05,0.007392101591679837,,,,,,,,,,,
sige,39,4.039320115047267e-12,3.899074404454284e-16,True,21904893086.37486,4.565190051632863e-12,4.795106692847972e-05,2.1890573370707723e-15,2.1890573370707724e-16,0.362758388645999,2.1348570676721574e-08,4.944142080281442e-05,4.944142080281442e-05,0.3487794398257366,2.113354776980596e-08,6.005896222301347e-05,6.005896222301347e-05,0.008147878328242366,,,,,,,,,,,
sige,40,4.257040215698399e-12,3.873222018359614e-16,True,20634748157.392727,4.846194353197056e-12,4.3903548700525353e-05,2.1276512979779794e-15,2.1276512979779793e-16,0.3830148337508019,2.0641484608094368e-08,5.3926554052423005e-05,5.3926554052423005e-05,0.3470340773278983,1.989144737125329e-08,5.985130790491534e-05,5.985130790491534e-05,0.0083049830314224,,,,,,,,,,,
sige,41,3.9855044081693715e-12,3.849855421588696e-16,True,22602790158.169476,4.4242325527167866e-12,4.7957552145254135e-05,2.121753633496461e-15,2.1217536334964611e-16,0.3301163192406365,1.8859204190484656e-08,4.178051927317155e-05,4.178051927317155e-05,0.3569627629977757,2.0869219983606068e-08,5.8531937254221695e-05,5.8531937254221695e-05,0.007593137332708865,,,,,,,,,,,
sige,42,3.932564249308734e-12,3.908410782925819e-16,True,22527225870.420048,4.4390729943941995e-12,4.9966742905019365e-05,2.2180601904750942e-15,2.2180601904750943e-16,0.32781419062565115,2.1881152526146706e-08,5.3362413657122345e-05,5.3362413657122345e-05,0.3612852205107716,2.1398783664590857e-08,6.22960582475517e-05,6.22960582475517e-05,0.00782947541297558,,,,,,,,,,,
sige,43,3.8542349511693445e-12,3.8898809143004703e-16,True,23245937416.761158,4.30182694752918e-12,5.1114919987738536e-05,2.1988754022405152e-15,2.1988754022405154e-16,0.3213165516420736,2.0757998063851758e-08,5.8053988888599684e-05,5.8053988888599684e-05,0.35796518103120184,2.1720863269348003e-08,5.2744042027009e-05,5.2744042027009e-05,0.008045203790798492,,,,,,,,,,,
sige,44,4.443557048800494e-12,3.8313557518691306e-16,True,19754936448.99143,5.062025902143837e-12,4.0560056687239014e-05,2.053160575432262e-15,2.0531605754322625e-16,0.332534378973587,1.9536306615392814e-08,5.678852039907599e-05,5.678852039907599e-05,0.3952164890537812,1.8285488043574126e-08,6.433355675788845e-05,6.433355675788845e-05,0.008034839374732122,,,,,,,,,,,
sige,45,3.696710570093936e-12,3.811796554057012e-16,True,25053163380.120766,3.991511909404152e-12,5.257412771199238e-05,2.098502568889524e-15,2.0985025688895244e-16,0.3085569139929897,1.9315090164589655e-08,5.909620167251223e-05,5.909620167251223e-05,0.32702442222616457,1.9237290920436963e-08,6.086790673086379e-05,6.086790673086379e-05,0.00918453872313531,,,,,,,,,,,
sige,46,3.909529068332016e-12,3.8527958693523653e-16,True,23049885705.874607,4.3384163060953274e-12,4.9238790025429406e-05,2.136183695387269e-15,2.136183695387269e-16,0.3142970028980153,2.0452329704477278e-08,5.9726373027795905e-05,5.9726373027795905e-05,0.3573123254560502,1.973545475001208e-08,5.1881230322171654e-05,5.1881230322171654e-05,0.007895123681242667,,,,,,,,,,,
sige,47,4.389918984655317e-12,3.844546148468324e-16,True,20009584005.02198,4.997605146358972e-12,4.148783901993042e-05,2.073398377973168e-15,2.0733983779731683e-16,0.34663455896334006,1.9547929208945434e-08,4.8338538780909946e-05,4.8338538780909946e-05,0.38433177422064246,1.8935657238483663e-08,5.4663983800937256e-05,5.4663983800937256e-05,0.007325131166916438,,,,,,,,,,,
sige,48,4.415631729349226e-12,3.885528553000202e-16,True,19519403172.843346,5.1231074595111825e-12,4.156020142035549e-05,2.1291737791541048e-15,2.1291737791541045e-16,0.36063998920839857,2.1088050587431877e-08,5.353945207187329e-05,5.353945207187329e-05,0.3722968478720556,1.9458669383066775e-08,6.458186935124228e-05,6.458186935124228e-05,0.007098052652239044,,,,,,,,,,,
sige,49,4.4290626011609476e-12,3.837169033088482e-16,True,20017198686.975376,4.995704022514757e-12,4.125194118388719e-05,2.060824885088874e-15,2.060824885088874e-16,0.3923495305179931,1.855074728259139e-08,5.1043792624699334e-05,5.1043792624699334e-05,0.36634607320910845,1.9791313886173912e-08,4.084197062137525e-05,4.084197062137525e-05,0.008531054884003028,,,,,,,,,,,
sige,50,3.963995075504908e-12,3.889948946764729e-16,True,22576776545.53022,4.429330280978404e-12,4.93411691779207e-05,2.185483347386424e-15,2.1854833473864244e-16,0.336732233981068,2.1279937582297686e-08,5.052716227703028e-05,5.052716227703028e-05,0.3714552261405748,2.1031419973117738e-08,5.0174556609379225e-05,5.0174556609379225e-05,0.008362931551981255,,,,,,,,,,,
sige,51,4.569897920721352e-12,3.9220731157337924e-16,True,18413746060.201153,5.430725484812491e-12,3.991547008205838e-05,2.16769960612905e-15,2.16769960612905e-16,0.3502769572923971,1.9799321425142102e-08,6.331926508590298e-05,6.331926508590298e-05,0.3991121731233285,2.222342929975594e-08,5.568612822259599e-05,5.568612822259599e-05,0.006520828267109783,,,,,,,,,,,
sige,52,3.946686706980965e-12,3.8478895883952795e-16,True,22926384318.690914,4.361786778496695e-12,4.874787039306725e-05,2.1262781656035124e-15,2.1262781656035123e-16,0.3131058570145664,2.0303336452767414e-08,4.998864890729977e-05,4.998864890729977e-05,0.3701437073049475,1.960706602499603e-08,4.6178818462851364e-05,4.6178818462851364e-05,0.007678097717730063,,,,,,,,,,,
sige,53,4.169493830634849e-12,3.8614862701825396e-16,True,21227389508.433884,4.71089485404076e-12,4.497261988181723e-05,2.1186128357398397e-15,2.1186128357398395e-16,0.3725036297478659,1.9680503919800796e-08,4.9966241909700194e-05,4.9966241909700194e-05,0.3360355926560197,2.0197167741409668e-08,5.714112704150191e-05,5.714112704150191e-05,0.0075475432012553105,,,,,,,,,,,
sige,54,3.9077665176380005e-12,3.902374012724685e-16,True,22609694488.70966,4.422881523230482e-12,4.987603117253841e-05,2.2059577672508766e-15,2.2059577672508766e-16,0.3549645472763104,2.1238565189028663e-08,5.621159592564188e-05,5.621159592564188e-05,0.3078897857071096,2.124414896146089e-08,5.577107142749925e-05,5.577107142749925e-05,0.006555346137453568,,,,,,,,,,,
sige,55,4.283251223792015e-12,3.872176988367794e-16,True,20440485897.546074,4.89225160797206e-12,4.336912748253149e-05,2.121726836627599e-15,2.1217268366275994e-16,0.3569499795933971,1.9175232567192325e-08,4.726484627076958e-05,4.726484627076958e-05,0.368619922624238,2.0947748113270708e-08,6.249434312939931e-05,6.249434312939931e-05,0.00749168667288887,,,,,,,,,,,
sige,56,3.798740263754499e-12,3.854084581746764e-16,True,23987127263.02615,4.168902716172286e-12,5.1608206563448215e-05,2.1514959251913965e-15,2.1514959251913964e-16,0.35180531333929665,1.9624449799923822e-08,4.775830458397636e-05,4.775830458397636e-05,0.30954179525449277,2.097081796912815e-08,5.653169450868857e-05,5.653169450868857e-05,0.008031697068355673,,,,,,,,,,,
sige,57,4.366430872033629e-12,3.9063914985462746e-16,True,19709072311.54338,5.0738055256629776e-12,4.26981774435184e-05,2.1664224864866196e-15,2.1664224864866196e-16,0.34433093181365043,2.062502363225103e-08,4.9595631353448595e-05,4.9595631353448595e-05,0.38791705009374655,2.1198058192303095e-08,6.319010916961623e-05,6.319010916961623e-05,0.006898648012822389,,,,,,,,,,,
sige,58,4.176228304505604e-12,3.8494638312745147e-16,True,21382245771.461933,4.676777222973753e-12,4.489689688693636e-05,2.0997278474302516e-15,2.0997278474302516e-16,0.35856506165094476,1.9562177825683727e-08,5.0947506483249226e-05,5.0947506483249226e-05,0.3651129422543411,1.979515720827368e-08,4.594631772462352e-05,4.594631772462352e-05,0.008074585362383339,,,,,,,,,,,
sige,59,4.21606868510158e-12,3.881327211385678e-16,True,20655987028.877354,4.841211405690691e-12,4.422584776297261e-05,2.1410667861644314e-15,2.1410667861644314e-16,0.3585407885808445,2.0113971852233354e-08,5.3599325183547834e-05,5.3599325183547834e-05,0.3416695407453446,2.043518418604957e-08,6.463227554268788e-05,6.463227554268788e-05,0.00674536830520534,,,,,,,,,,,
sige,60,4.289868273902707e-12,3.8898081764862575e-16,True,20199020814.84092,4.950735033973852e-12,4.339303110218779e-05,2.1482739930791807e-15,2.1482739930791809e-16,0.33634267195723805,1.9325931130798528e-08,4.963254212331702e-05,4.963254212331702e-05,0.3758913607619374,2.1583437421178533e-08,6.33479911191324e-05,6.33479911191324e-05,0.006591425856845053,,,,,,,,,,,
sige,61,4.33067911274297e-12,3.8525990799788127e-16,True,20324663104.56644,4.920130753731043e-12,4.245818149428078e-05,2.088998045175051e-15,2.088998045175051e-16,0.34512031760755396,1.9606687103218572e-08,5.9338987561937954e-05,5.9338987561937954e-05,0.3920351742458913,1.95488460761007e-08,4.498735641873604e-05,4.498735641873604e-05,0.008057706042853316,,,,,,,,,,,
sige,62,4.086310918568701e-12,3.859784383478873e-16,True,21862732155.388515,4.5739937391746786e-12,4.648351685759267e-05,2.1261531508144952e-15,2.126153150814495e-16,0.34490283051302034,2.0887242259762507e-08,5.589587497529552e-05,5.589587497529552e-05,0.3652836576073081,1.9314225835176695e-08,4.8816220747691226e-05,4.8816220747691226e-05,0.008186625946354572,,,,,,,,,,,
sige,63,3.89654220829725e-12,3.812188770257581e-16,True,23541492823.366985,4.247818978613849e-12,4.890357861645026e-05,2.077335493690918e-15,2.077335493690918e-16,0.3274817974573492,2.004051164279963e-08,5.074435199732603e-05,5.074435199732603e-05,0.34461690884420654,1.810347854247409e-08,5.883753632057998e-05,5.883753632057998e-05,0.008881293439300518,,,,,,,,,,,
sige,64,4.048550383792732e-12,3.8667929081301877e-16,True,22118911592.510063,4.521018115279331e-12,4.753716879258108e-05,2.1491640126035033e-15,2.1491640126035033e-16,0.31180712151868906,2.1302725296862844e-08,4.024559162335858e-05,4.024559162335858e-05,0.38131408121807564,1.956708042333009e-08,5.567633486934804e-05,5.567633486934804e-05,0.0072678596037035175,,,,,,,,,,,
sige,65,4.3686682680772814e-12,3.890723100381647e-16,True,20041530845.674503,4.989638804042889e-12,4.2951900717184434e-05,2.1431447052586106e-15,2.1431447052586105e-16,0.3976253656940898,1.9815039563265278e-08,4.262832216679931e-05,4.262832216679931e-05,0.3692790813343631,2.156497934524563e-08,4.9135636742803045e-05,4.9135636742803045e-05,0.008481308980784846,,,,,,,,,,,
sige,66,3.844639668326682e-12,3.879363483763238e-16,True,23523036435.356236,4.2511518559608775e-12,5.153843448597824e-05,2.190977114183845e-15,2.190977114183845e-16,0.302270122133121,2.1542532308984215e-08,4.715422523436284e-05,4.715422523436284e-05,0.3793435110014337,2.077080471931485e-08,6.12557844392618e-05,6.12557844392618e-05,0.008691220306444213,,,,,,,,,,,
sige,67,4.197372330575291e-12,3.8539374414350783e-16,True,21114042516.602085,4.7361844573993574e-12,4.4420129467446155e-05,2.1038192677938567e-15,2.1038192677938567e-16,0.36202975432781587,1.9035462800047652e-08,5.028330491026865e-05,5.028330491026865e-05,0.3492161412424633,2.027218368788171e-08,5.098492510764171e-05,5.098492510764171e-05,0.007290312164336843,,,,,,,,,,,
sige,68,4.139733704951771e-12,3.8886533464612686e-16,True,21323224966.563713,4.68972212959376e-12,4.60912037078007e-05,2.1615493800808688e-15,2.161549380080869e-16,0.3594832216403556,2.162885137450139e-08,5.1928084293202824e-05,5.1928084293202824e-05,0.3650125187414292,2.0029980064035358e-08,5.554082419227804e-05,5.554082419227804e-05,0.008194926156736762,,,,,,,,,,,
sige,69,3.975248748825896e-12,3.8692947356496686e-16,True,22384825331.98412,4.46731205255897e-12,4.811857205497443e-05,2.149606768931145e-15,2.149606768931145e-16,0.349679190490537,2.064380014436351e-08,5.3359749848122426e-05,5.3359749848122426e-05,0.32341617225632635,1.998027799617527e-08,5.8813113126959387e-05,5.8813113126959387e-05,0.007068784446790499,,,,,,,,,,,
sige,70,4.470543298791333e-12,3.8235375995273304e-16,True,19598251475.77064,5.102496012138134e-12,3.9832933486709515e-05,2.0324738426769886e-15,2.0324738426769885e-16,0.36475689814210477,1.8965098360141485e-08,5.172197158268063e-05,5.172197158268063e-05,0.35895527308522773,1.793925966027426e-08,5.004540439407145e-05,5.004540439407145e-05,0.006613621626066417,,,,,,,,,,,
sige,71,3.877433096288013e-12,3.857002186125196e-16,True,23406303965.916527,4.272353300444899e-12,5.023625106276365e-05,2.1462701302997684e-15,2.1462701302997682e-16,0.33921837012733147,2.0377346094855126e-08,4.242986382120919e-05,4.242986382120919e-05,0.34578982858585827,2.0296157165982034e-08,6.0597135579092565e-05,6.0597135579092565e-05,0.008441563540775637,,,,,,,,,,,
sige,72,4.097963998264787e-12,3.8783692452373624e-16,True,21628031231.327965,4.623629350745115e-12,4.6520889489214464e-05,2.1509535006510194e-15,2.1509535006510191e-16,0.3417036849024226,1.9844191267328704e-08,5.733198308208796e-05,5.733198308208796e-05,0.37181486411426995,2.1248372185500194e-08,4.7804211193968074e-05,4.7804211193968074e-05,0.007952420680097601,,,,,,,,,,,
sige,73,4.054809603447778e-12,3.885174359600532e-16,True,21966076020.794964,4.55247445676376e-12,4.758944388624079e-05,2.1664972770370346e-15,2.1664972770370346e-16,0.35648126888345355,2.0885714128903205e-08,4.084897960556799e-05,4.084897960556799e-05,0.36225981140576874,2.083872616594788e-08,5.9930679738266756e-05,5.9930679738266756e-05,0.008284659815105441,,,,,,,,,,,
sige,74,3.896837340745483e-12,3.813339282203311e-16,True,23408405585.728798,4.271969726163928e-12,4.8624693819071444e-05,2.0772321993906346e-15,2.0772321993906347e-16,0.3020512083143061,1.9272142834733256e-08,5.61171159661658e-05,5.61171159661658e-05,0.3494561278367043,1.8588082429051838e-08,4.988729434997799e-05,4.988729434997799e-05,0.00741518002040748,,,,,,,,,,,
sige,75,4.4462490940095106e-12,3.8518386452910085e-16,True,19588695636.58915,5.104985133017889e-12,4.0707808766935545e-05,2.0781275855294126e-15,2.0781275855294125e-16,0.35408960057910716,1.9800587157035078e-08,4.901050762852269e-05,4.901050762852269e-05,0.37791597608077143,1.8883989559532517e-08,6.253032966804591e-05,6.253032966804591e-05,0.0071792066740300154,,,,,,,,,,,
sige,76,4.444174728716217e-12,3.89020674345815e-16,True,19355664244.11295,5.166446304234438e-12,4.127497490520485e-05,2.1324494155636477e-15,2.1324494155636477e-16,0.36143474675772247,1.963046877259955e-08,6.695436376059703e-05,6.695436376059703e-05,0.3858385824295403,2.1122342594974658e-08,4.852248168203939e-05,4.852248168203939e-05,0.007534489524908314,,,,,,,,,,,
sige,77,4.363294833124345e-12,3.8345873584793786e-16,True,20240601319.98201,4.940564680816947e-12,4.1718013367548275e-05,2.061105433975583e-15,2.0611054339755828e-16,0.3420337041318883,1.8861344915911648e-08,5.829984047304717e-05,5.829984047304717e-05,0.39472309517210113,1.9277332469865158e-08,5.065506453007332e-05,5.065506453007332e-05,0.008428451892167399,,,,,,,,,,,
sige,78,4.116380041705502e-12,3.8551913241094984e-16,True,21604316700.686314,4.628704595726615e-12,4.567506459386375e-05,2.1141638139572716e-15,2.1141638139572714e-16,0.35649220613072724,2.0435533812776525e-08,5.360759588227579e-05,5.360759588227579e-05,0.34511587425181506,1.926433751041522e-08,5.724412205944837e-05,5.724412205944837e-05,0.007771976061832394,,,,,,,,,,,
sige,79,4.130703264206982e-12,3.885534497612892e-16,True,21367731836.769184,4.679953902637524e-12,4.6204516263623824e-05,2.1623500620742523e-15,2.1623500620742525e-16,0.3268435324422173,2.0970859306426372e-08,5.146839677307145e-05,5.146839677307145e-05,0.38640797773584074,2.058661696590256e-08,5.878486989501465e-05,5.878486989501465e-05,0.007931624848746958,,,,,,,,,,,
sige,80,4.0255110717968324e-12,3.8628591138835946e-16,True,22294192108.171356,4.485473145418335e-12,4.764943668705992e-05,2.137302686541185e-15,2.137302686541185e-16,0.3563991506443234,2.0023044583582008e-08,4.646958385270364e-05,4.646958385270364e-05,0.35118243460526666,2.0554177642504282e-08,5.7830562228645313e-05,5.7830562228645313e-05,0.008511955575876171,,,,,,,,,,,
sige,81,4.02462215935784e-12,3.888852162254343e-16,True,22047057634.675846,4.535752645864133e-12,4.799386528040056e-05,2.176883014308236e-15,2.1768830143082356e-16,0.3177118461391544,2.014974542714648e-08,5.5283350977990356e-05,5.5283350977990356e-05,0.38772455172961595,2.1812262897031328e-08,4.661471189303086e-05,4.661471189303086e-05,0.00787227236474805,,,,,,,,,,,
sige,82,4.353066488538184e-12,3.827505609127724e-16,True,20344146172.281162,4.915418870527469e-12,4.17610475121765e-05,2.052730409943466e-15,2.052730409943466e-16,0.3370925058262865,1.9112903087110393e-08,5.414096413158946e-05,5.414096413158946e-05,0.3906900495614439,1.8650547431215302e-08,5.437670416190117e-05,5.437670416190117e-05,0.008087404575130288,,,,,,,,,,,
sige,83,3.966800912622943e-12,3.851781106218362e-16,True,22714071159.382385,4.4025573090050616e-12,4.836068763360668e-05,2.129106988098458e-15,2.129106988098458e-16,0.32309131307516614,2.0334844092138828e-08,4.716898375313832e-05,4.716898375313832e-05,0.36176521158238995,1.9733827807112302e-08,6.138973456202226e-05,6.138973456202226e-05,0.008065654717939016,,,,,,,,,,,
sige,84,4.378463111342582e-12,3.821783936762564e-16,True,20167601133.24517,4.9584479254280544e-12,4.1238619675920664e-05,2.0447954817958537e-15,2.0447954817958536e-16,0.3336884218446129,1.9674513461877503e-08,4.6388839700020674e-05,4.6388839700020674e-05,0.37240110844027485,1.7561993131244787e-08,5.9429394053526886e-05,5.9429394053526886e-05,0.00670340858299832,,,,,,,,,,,
sige,85,3.956141490834054e-12,3.8512111381114296e-16,True,22648817064.804295,4.415241631113598e-12,4.815654471622357e-05,2.1262278104165385e-15,2.1262278104165386e-16,0.3261628687691209,2.0081240812177366e-08,5.078632711058232e-05,5.078632711058232e-05,0.3388753972557067,1.963575966570628e-08,6.210250952608171e-05,6.210250952608171e-05,0.007135832650667091,,,,,,,,,,,
sige,86,3.716191099517162e-12,3.874222710433726e-16,True,24527540323.697372,4.077049662553592e-12,5.38352190680227e-05,2.194888617347807e-15,2.1948886173478067e-16,0.3089061103572768,2.1296442056390126e-08,4.622669666448626e-05,4.622669666448626e-05,0.3477985366944091,2.07919183017659e-08,5.49924021315412e-05,5.49924021315412e-05,0.007805365537313109,,,,,,,,,,,
sige,87,4.2891022975603415e-12,3.826117892948722e-16,True,20639058833.361862,4.8451821765416795e-12,4.239191264509202e-05,2.053965395775117e-15,2.0539653957751171e-16,0.34601241883640665,1.9283392954011598e-08,5.5921817712873435e-05,5.5921817712873435e-05,0.35905979010384453,1.826654684132686e-08,5.638791059135994e-05,5.638791059135994e-05,0.007264142491570741,,,,,,,,,,,
sige,88,4.0368927198026515e-12,3.870241112396922e-16,True,22036510858.499603,4.537923478091335e-12,4.7248156899264345e-05,2.1440852048971477e-15,2.1440852048971478e-16,0.35613506784165166,1.9966399359681255e-08,4.626685745357874e-05,4.626685745357874e-05,0.33288567050667817,2.0519201442752378e-08,5.01753782379382e-05,5.01753782379382e-05,0.0067455863097959715,,,,,,,,,,,
sige,89,4.20596729690814e-12,3.872611735202276e-16,True,20744389472.116062,4.820580530191875e-12,4.4200182765533295e-05,2.1307054047045226e-15,2.1307054047045227e-16,0.3394608151237668,2.040412125003684e-08,5.557475405823196e-05,5.557475405823196e-05,0.3493965103263412,1.968800983040691e-08,6.478698944062534e-05,6.478698944062534e-05,0.006489380910393685,,,,,,,,,,,
sige,90,3.9781415569723994e-12,3.8491524329237895e-16,True,22533298932.750084,4.4378765975832845e-12,4.781165300449946e-05,2.121822159604407e-15,2.121822159604407e-16,0.32415031659788435,1.993343767434182e-08,5.654655565571494e-05,5.654655565571494e-05,0.3504891698876451,1.9764637096408918e-08,6.157110016329123e-05,6.157110016329123e-05,0.007819259867860587,,,,,,,,,,,
sige,91,4.222167596765553e-12,3.86130597065878e-16,True,21023903663.253147,4.756490592885757e-12,4.446984178432808e-05,2.1152038411427445e-15,2.1152038411427448e-16,0.36258818096517303,1.8103510535011143e-08,4.705494196337122e-05,4.705494196337122e-05,0.3734407024152938,2.1945810828572383e-08,6.009940840186033e-05,6.009940840186033e-05,0.009039977649975248,,,,,,,,,,,
sige,92,4.028122933245355e-12,3.877706051700435e-16,True,22019032540.67199,4.5415256013308995e-12,4.751515230490855e-05,2.1579128064387907e-15,2.1579128064387906e-16,0.3409546281554399,2.101593299242586e-08,4.824977001052326e-05,4.824977001052326e-05,0.3480823272043506,2.0083140129078312e-08,6.160073554330875e-05,6.160073554330875e-05,0.007258495350879531,,,,,,,,,,,
sige,93,4.079387315887961e-12,3.8896383018603324e-16,True,21848133250.218277,4.5770500781342926e-12,4.7441590477618293e-05,2.1714253540239794e-15,2.1714253540239792e-16,0.3462835888571118,2.107437226182693e-08,4.596112005167084e-05,4.596112005167084e-05,0.3870614074490888,2.104790044518256e-08,5.5457248469517064e-05,5.5457248469517064e-05,0.009138235891381815,,,,,,,,,,,
sige,94,4.258770740946563e-12,3.8504280259245043e-16,True,20623549916.730812,4.848825755204986e-12,4.32224599398249e-05,2.0957817695953873e-15,2.0957817695953873e-16,0.3258859843790598,2.0091607501174134e-08,5.8142068220737504e-05,5.8142068220737504e-05,0.3686535236650291,1.881748657027296e-08,5.169046714587499e-05,5.169046714587499e-05,0.006515703403646083,,,,,,,,,,,
sige,95,4.358313131678081e-12,3.853994820128261e-16,True,20199665968.872616,4.950576913207303e-12,4.217484637466342e-05,2.0878982078047344e-15,2.0878982078047346e-16,0.3660702850494851,2.1158633471014594e-08,4.749353783879713e-05,4.749353783879713e-05,0.373936113999144,1.799523817491902e-08,4.70855926315831e-05,4.70855926315831e-05,0.00750683548991499,,,,,,,,,,,
sige,96,4.122327791407106e-12,3.835250527170951e-16,True,21535946260.01395,4.643399402684766e-12,4.486102836134804e-05,2.0830767229690785e-15,2.0830767229690786e-16,0.3364026577863911,1.9317557918968143e-08,5.3169544296579574e-05,5.3169544296579574e-05,0.3342545678456042,1.8844398002235946e-08,5.874688013103651e-05,5.874688013103651e-05,0.0064383793017803335,,,,,,,,,,,
sige,97,4.606500866757657e-12,3.883825166861133e-16,True,18508626812.578434,5.402885962995383e-12,3.902700054793792e-05,2.108584334382669e-15,2.108584334382669e-16,0.3919285916245179,1.9175532772773915e-08,5.0794352237150135e-05,5.0794352237150135e-05,0.35942580164126464,2.0610620356759186e-08,4.97746067022544e-05,4.97746067022544e-05,0.0062411828723672085,,,,,,,,,,,
sige,98,4.05247229696966e-12,3.8793895824560425e-16,True,21874342558.568626,4.571565967399919e-12,4.72252431783634e-05,2.158933145163913e-15,2.158933145163913e-16,0.3329820117101512,2.091755276856972e-08,5.142801236029498e-05,5.142801236029498e-05,0.3619286427920561,2.026184746547648e-08,5.539151425831096e-05,5.539151425831096e-05,0.007276408321184394,,,,,,,,,,,
sige,99,4.244246008884448e-12,3.847844528406909e-16,True,20825006354.741577,4.8019193030033016e-12,4.3567150979555624e-05,2.0920594326558734e-15,2.0920594326558736e-16,0.3695425432650932,1.912812466277054e-08,5.509622199227656e-05,5.509622199227656e-05,0.34646701129859625,1.993197664751515e-08,6.426936687858555e-05,6.426936687858555e-05,0.008293163752105865,,,,,,,,,,,
sige,100,4.419893095138623e-12,3.875351689747693e-16,True,19537850323.59354,5.118270349284122e-12,4.1298003202199556e-05,2.113743452744587e-15,2.1137434527445871e-16,0.35253366988605483,1.9779114543978758e-08,6.202645336333272e-05,6.202645336333272e-05,0.3773739098782688,2.0077029303851313e-08,4.9938040137445486e-05,4.9938040137445486e-05,0.006812645988473947,,,,,,,,,,,
sige,101,4.100036977748279e-12,3.844301780902664e-16,True,21814226963.19128,4.5841642781445895e-12,4.584420781526244e-05,2.101573798265631e-15,2.101573798265631e-16,0.3528694221475879,1.9733689871581425e-08,5.543145414142577e-05,5.543145414142577e-05,0.34835601421086076,1.948275476090281e-08,5.608730636178905e-05,5.608730636178905e-05,0.008164428213061525,,,,,,,,,,,
sige,102,3.908856532067645e-12,3.847580968264248e-16,True,23164711275.497196,4.3169111330895985e-12,4.9328132104386064e-05,2.1294516265593863e-15,2.1294516265593864e-16,0.3328837650565311,1.9991895149706675e-08,5.386735882345659e-05,5.386735882345659e-05,0.3517978696839888,2.01586912118817e-08,6.574340804559533e-05,6.574340804559533e-05,0.00936728064861289,,,,,,,,,,,
sige,103,3.968877187467747e-12,3.8513063764836244e-16,True,22758619425.457035,4.393939638014392e-12,4.850572515094206e-05,2.1313122841135593e-15,2.1313122841135594e-16,0.30560853031694574,2.0144121516609574e-08,5.240837229583164e-05,5.240837229583164e-05,0.3874480081501877,2.0106326220761177e-08,5.136236623047519e-05,5.136236623047519e-05,0.008588321968141292,,,,,,,,,,,
sige,104,4.34595054610882e-12,3.8417448624919987e-16,True,20347112399.37039,4.914702294714524e-12,4.213420990824405e-05,2.0707709812203045e-15,2.0707709812203047e-16,0.3596303368108174,1.846168878969813e-08,4.736464425402746e-05,4.736464425402746e-05,0.37873479880304645,1.9967827618449855e-08,4.895883661479381e-05,4.895883661479381e-05,0.007775417619214486,,,,,,,,,,,
sige,105,4.7006420451228474e-12,3.8862196143849736e-16,True,18080342902.685173,5.53086855366823e-12,3.803832348076873e-05,2.1038496717404367e-15,2.1038496717404363e-16,0.38008707814638054,2.0103364612749883e-08,5.326384822743953e-05,5.326384822743953e-05,0.39738541947947803,2.0003884355034496e-08,6.317686356737494e-05,6.317686356737494e-05,0.0076632980828206885,,,,,,,,,,,
sige,106,4.1277868468065755e-12,3.854730341744297e-16,True,21593658118.192852,4.630989314207448e-12,4.562184317367155e-05,2.1127426823172095e-15,2.1127426823172095e-16,0.34410815436117204,1.923042741757908e-08,4.5198170928276385e-05,4.5198170928276385e-05,0.36273091526858636,2.032121632225182e-08,4.92573488627054e-05,4.92573488627054e-05,0.007213999095207206,,,,,,,,,,,
sige,107,3.874343212943317e-12,3.8090963242331654e-16,True,23741801171.92277,4.2119803495895134e-12,4.9261487502567437e-05,2.0748841735236345e-15,2.0748841735236343e-16,0.34146429962278463,1.8344790987554197e-08,5.017320030507933e-05,5.017320030507933e-05,0.3233084820388502,1.955504579462062e-08,5.476719838221753e-05,5.476719838221753e-05,0.008472178617178111,,,,,,,,,,,
sige,108,4.163425318506381e-12,3.8406608617029927e-16,True,21279259707.971294,4.699411604179989e-12,4.451018506962424e-05,2.091716802203911e-15,2.0917168022039107e-16,0.30818094414776886,1.902261813684685e-08,5.686348021424993e-05,5.686348021424993e-05,0.37282535472649697,1.9666350244256477e-08,6.504787912400176e-05,6.504787912400176e-05,0.007199616274686501,,,,,,,,,,,
sige,109,4.0864119702770795e-12,3.875707154241425e-16,True,21936564416.38285,4.558598972103269e-12,4.713802595241802e-05,2.1488335665367e-15,2.1488335665367e-16,0.36319525689193854,2.0902721019478706e-08,4.403836847352486e-05,4.403836847352486e-05,0.37183554662322416,2.0387107465869958e-08,4.8067748857383024e-05,4.8067748857383024e-05,0.008886582599042936,,,,,,,,,,,
sige,110,3.8165984597352555e-12,3.881225850300131e-16,True,23780469173.189423,4.205131499791518e-12,5.2111862718476705e-05,2.1913723543027763e-15,2.1913723543027765e-16,0.3416454140646624,2.1738503327358915e-08,4.553445881300407e-05,4.553445881300407e-05,0.34750635018885945,2.060198142997113e-08,5.265069614302827e-05,5.265069614302827e-05,0.008536506516523783,,,,,,,,,,,
sige,111,4.10584480706984e-12,3.8220600927450803e-16,True,21890751321.53513,4.568139235204071e-12,4.527131590347106e-05,2.068056744079642e-15,2.068056744079642e-16,0.3363240730417747,1.788615073003637e-08,5.923335281832861e-05,5.923335281832861e-05,0.3566277048537935,2.0016309771945777e-08,5.3241493612680665e-05,5.3241493612680665e-05,0.008179670015203127,,,,,,,,,,,
sige,112,4.11441244625762e-12,3.809026643790594e-16,True,21986113667.735844,4.548325434464932e-12,4.5101198520689824e-05,2.0513492835650567e-15,2.0513492835650567e-16,0.3599686992138514,1.71015909428067e-08,5.525729367391363e-05,5.525729367391363e-05,0.3259621734554192,2.0132328191604418e-08,5.373994930179525e-05,5.373994930179525e-05,0.00805394387174018,,,,,,,,,,,
sige,113,4.523511921651532e-12,3.8437498800400635e-16,True,19159128301.111256,5.219444143197259e-12,3.967336552840553e-05,2.0707291534816027e-15,2.0707291534816028e-16,0.3071955833116077,1.9752665693436387e-08,6.326660164744293e-05,6.326660164744293e-05,0.4058100458658124,1.8554119284357745e-08,5.1327817309938205e-05,5.1327817309938205e-05,0.0065579194473969525,,,,,,,,,,,
sige,114,4.026723308219839e-12,3.863277387668414e-16,True,22127615122.019417,4.5192398479711884e-12,4.7277093055589847e-05,2.136565228330636e-15,2.136565228330636e-16,0.3389174758074239,2.1066210117095448e-08,5.820162043266892e-05,5.820162043266892e-05,0.3453827291415355,1.9185720975817786e-08,4.5939249214767836e-05,4.5939249214767836e-05,0.007013852031754215,,,,,,,,,,,
sige,115,4.424890244446077e-12,3.899401307237899e-16,True,19370689805.437572,5.1624387672517916e-12,4.159506587029364e-05,2.147319805751958e-15,2.1473198057519576e-16,0.3577527149189678,2.01725249098145e-08,5.811596244329412e-05,5.811596244329412e-05,0.37818588337959946,2.0987444295469336e-08,5.9094907069357865e-05,5.9094907069357865e-05,0.006905044664322288,,,,,,,,,,,
sige,116,3.976125312025789e-12,3.827546786521613e-16,True,22838996849.80908,4.37847601878521e-12,4.7738599113033993e-05,2.0902231138682024e-15,2.0902231138682023e-16,0.35822386906374204,1.882066530358256e-08,4.120199880716632e-05,4.120199880716632e-05,0.3252856071185923,1.9768014421545034e-08,5.8950177998249234e-05,5.8950177998249234e-05,0.008019283773274663,,,,,,,,,,,
sige,117,4.067559438575618e-12,3.8482182168361216e-16,True,21897067952.029224,4.566821467562414e-12,4.624422853779908e-05,2.1118913563728324e-15,2.1118913563728325e-16,0.31072384317897744,1.9642343146100076e-08,5.698458717244403e-05,5.698458717244403e-05,0.36605562610668607,1.9660505192015088e-08,5.054505269686313e-05,5.054505269686313e-05,0.006880359327882451,,,,,,,,,,,
sige,118,4.113584074385147e-12,3.900520371643902e-16,True,21063496603.356697,4.747549843365699e-12,4.5918187302102644e-05,2.179988829337342e-15,2.179988829337342e-16,0.3476922004763915,2.1412061272582763e-08,6.27724413085363e-05,6.27724413085363e-05,0.32598821188260246,2.026246135470064e-08,6.536501431910883e-05,6.536501431910883e-05,0.006213194752573277,,,,,,,,,,,
sige,119,4.221138451738051e-12,3.8918214658268306e-16,True,20789882964.929966,4.810031887562233e-12,4.488966833256477e-05,2.1592073610172913e-15,2.1592073610172914e-16,0.3477486016336232,2.165109365569703e-08,5.954928852983533e-05,5.954928852983533e-05,0.39148152034171524,2.0138060723205833e-08,5.595425777629395e-05,5.595425777629395e-05,0.00897304954691455,,,,,,,,,,,
sige,120,4.07990170417613e-12,3.8884512524147347e-16,True,21610631359.642754,4.627352081288434e-12,4.686682581289448e-05,2.1686930396867978e-15,2.1686930396867978e-16,0.35186674960663006,2.1059700698718893e-08,6.015752788091626e-05,6.015752788091626e-05,0.35349154724101123,2.0661299411330093e-08,6.186981931426368e-05,6.186981931426368e-05,0.008215797826367471,,,,,,,,,,,
sige,121,4.286839510479868e-12,3.8971204848723605e-16,True,20272368405.304527,4.932822746741012e-12,4.375103143963449e-05,2.158160830788102e-15,2.1581608307881016e-16,0.3560519239834866,2.109720363218866e-08,6.10948784884021e-05,6.10948784884021e-05,0.3791467775520238,2.0511269831857065e-08,5.216639167680678e-05,5.216639167680678e-05,0.007756111151468064,,,,,,,,,,,
sige,122,4.4225840603038074e-12,3.847172420920435e-16,True,19827676905.89879,5.043455190166515e-12,4.10744875230148e-05,2.0715733728137876e-15,2.0715733728137875e-16,0.3687352929301424,2.0010577547945316e-08,5.406298509932975e-05,5.406298509932975e-05,0.37491537430093247,1.858117856559023e-08,5.068700766161014e-05,5.068700766161014e-05,0.007791212758033299,,,,,,,,,,,
sige,123,4.500258097600764e-12,3.879612918723645e-16,True,19139863446.29921,5.224697672507978e-12,4.0421242885890746e-05,2.1118877362579303e-15,2.1118877362579305e-16,0.37974682639057006,1.9980795342619834e-08,6.0968281635928733e-05,6.0968281635928733e-05,0.37259580565405054,2.0144388722537957e-08,5.720275835369239e-05,5.720275835369239e-05,0.007743447794593323,,,,,,,,,,,
sige,124,4.392289019396087e-12,3.869112672027015e-16,True,19837120901.326286,5.041054117551611e-12,4.182895934679288e-05,2.108620477480492e-15,2.108620477480492e-16,0.3471697585075138,1.9953843452265444e-08,4.933669754522662e-05,4.933669754522662e-05,0.38870181567490236,1.981708616641777e-08,5.063031983268562e-05,5.063031983268562e-05,0.007021306050357537,,,,,,,,,,,
sige,125,3.9465313127381364e-12,3.8650965936667747e-16,True,22816888129.273754,4.3827186000750635e-12,4.905072167506007e-05,2.1497551023239082e-15,2.1497551023239084e-16,0.3534896493685428,2.0347627717179966e-08,5.2297635965140004e-05,5.2297635965140004e-05,0.3377595156140426,2.0486190188458495e-08,4.974804756056057e-05,4.974804756056057e-05,0.007993815490890555,,,,,,,,,,,
sige,126,3.8074980127241584e-12,3.853740359717899e-16,True,23882404657.812313,4.187183050986803e-12,5.139320685477754e-05,2.151927646781833e-15,2.151927646781833e-16,0.3063042964608864,2.1102426518644232e-08,5.590091270983218e-05,5.590091270983218e-05,0.35568401057464766,1.956646658664857e-08,5.2313068843240345e-05,5.2313068843240345e-05,0.008120222193617256,,,,,,,,,,,
sige,127,4.0768691851057755e-12,3.9095803978935496e-16,True,21630365209.774628,4.623130447876609e-12,4.760086592427291e-05,2.2006501259979824e-15,2.2006501259979823e-16,0.3433607544156295,2.150743407883688e-08,5.1141934528277866e-05,5.1141934528277866e-05,0.3794754608238826,2.148962508559605e-08,5.25454055716518e-05,5.25454055716518e-05,0.008070030845818478,,,,,,,,,,,
sige,128,4.077998735923716e-12,3.832199187164843e-16,True,22023588988.924828,4.5405860075888525e-12,4.590659265043792e-05,2.0844283224465966e-15,2.0844283224465965e-16,0.3268428115142692,1.795784132662402e-08,5.4796848984168606e-05,5.4796848984168606e-05,0.36638593768386724,2.0530956438151882e-08,4.8958391550469376e-05,4.8958391550469376e-05,0.007782584359391769,,,,,,,,,,,
sige,129,3.761077009974263e-12,3.847135096850484e-16,True,24256893553.805748,4.122539424851895e-12,5.201648973573014e-05,2.1444002967795146e-15,2.1444002967795141e-16,0.31701125954013004,1.948881314785055e-08,5.9749216896777855e-05,5.9749216896777855e-05,0.3341817337574677,2.0741331255378776e-08,4.7907385739861894e-05,4.7907385739861894e-05,0.007894038615690576,,,,,,,,,,,
sige,130,4.166080252738324e-12,3.81073225153542e-16,True,21632990777.50146,4.622569344595711e-12,4.4263522489529574e-05,2.0461120214392227e-15,2.0461120214392223e-16,0.32623730185720734,1.8841590327927e-08,4.3886861232741494e-05,4.3886861232741494e-05,0.3689851113682279,1.832751636092623e-08,5.572876552423392e-05,5.572876552423392e-05,0.007457180301640617,,,,,,,,,,,
sige,131,3.960602322034056e-12,3.8465959290955005e-16,True,22766112098.708,4.392493525746765e-12,4.8339217269806495e-05,2.1232969889729127e-15,2.1232969889729125e-16,0.30618609881677367,1.9624571299205e-08,4.7647925808608046e-05,4.7647925808608046e-05,0.36938397954086144,2.0147822534195068e-08,6.253278061405536e-05,6.253278061405536e-05,0.007840728958555554,,,,,,,,,,,
sige,132,4.070435622832923e-12,3.8753997863865365e-16,True,21809291404.705784,4.58520169886964e-12,4.688828219076429e-05,2.149922311581715e-15,2.1499223115817152e-16,0.3475749469245981,2.044095831692371e-08,5.469522019460116e-05,5.469522019460116e-05,0.35775522314580926,2.0555618427432052e-08,5.612481828694786e-05,5.612481828694786e-05,0.007980677469268324,,,,,,,,,,,
sige,133,4.070610247701711e-12,3.868590034002338e-16,True,21787808564.180546,4.589722720641183e-12,4.665711562836325e-05,2.1414322367908166e-15,2.1414322367908165e-16,0.32158143573564296,1.9927170919583587e-08,5.7698773471532925e-05,5.7698773471532925e-05,0.3739313260434999,2.068336988812902e-08,5.854883691083175e-05,5.854883691083175e-05,0.00788341082698666,,,,,,,,,,,
sige,134,4.3657854874163796e-12,3.851954993283473e-16,True,20076796449.4067,4.980874326837893e-12,4.185136347045025e-05,2.0845638185312686e-15,2.0845638185312686e-16,0.36572084896684576,1.9161589134440002e-08,5.7023001713812787e-05,5.7023001713812787e-05,0.36619730078362045,1.9738724283487177e-08,5.593443501583577e-05,5.593443501583577e-05,0.007799100559749237,,,,,,,,,,,
sige,135,3.90211238322475e-12,3.8508428887727226e-16,True,23083967418.995136,4.332010966092114e-12,4.923513803059488e-05,2.132871578655959e-15,2.1328715786559591e-16,0.32155925527320095,1.9117685450180527e-08,5.804160337027165e-05,5.804160337027165e-05,0.34607093155273205,2.088111351644837e-08,5.880312720361229e-05,5.880312720361229e-05,0.007995124386227303,,,,,,,,,,,
sige,136,4.283154199004619e-12,3.9111564964306477e-16,True,20216120488.613564,4.946547487007883e-12,4.4075858814977244e-05,2.1802332865893994e-15,2.1802332865893994e-16,0.3490142247778262,2.1416757858811203e-08,5.583058465592725e-05,5.583058465592725e-05,0.38635933648627957,2.0968154067024475e-08,5.422833602340496e-05,5.422833602340496e-05,0.007451752605977274,,,,,,,,,,,
sige,137,3.910085438138448e-12,3.861253724416299e-16,True,23053767757.86765,4.337685754896729e-12,4.946832830748287e-05,2.1457806301792306e-15,2.1457806301792306e-16,0.3450329395478041,2.055839365212654e-08,4.8002063935810075e-05,4.8002063935810075e-05,0.3307400485089525,1.9917978293292394e-08,4.724777721803527e-05,4.724777721803527e-05,0.007091850114657962,,,,,,,,,,,
sige,138,4.261904167046443e-12,3.8505343527483045e-16,True,20536824319.49726,4.869302013021651e-12,4.2941762745136726e-05,2.090964117775924e-15,2.090964117775924e-16,0.3516779810170072,2.0373257519431162e-08,6.0984649270267315e-05,6.0984649270267315e-05,0.33982718886831126,1.8371561602200413e-08,5.871694677257603e-05,5.871694677257603e-05,0.006586909858970733,,,,,,,,,,,
sige,139,4.3886207102480625e-12,3.813721936982193e-16,True,20242142767.69719,4.940188454731283e-12,4.102443279731244e-05,2.026684292671823e-15,2.0266842926718232e-16,0.35598827899694324,1.8303328537138036e-08,4.7937711304814994e-05,4.7937711304814994e-05,0.37559435022538223,1.8515036524486463e-08,5.418466688495096e-05,5.418466688495096e-05,0.007875302033157488,,,,,,,,,,,
sige,140,4.134283863551163e-12,3.8686032900105447e-16,True,21244197482.500065,4.707167690489374e-12,4.535177209330717e-05,2.1347839630405315e-15,2.1347839630405313e-16,0.3198540826458132,2.0348249403593486e-08,5.85609317931146e-05,5.85609317931146e-05,0.3586713882748467,1.9800807331512686e-08,6.101595183016845e-05,6.101595183016845e-05,0.006590291650617601,,,,,,,,,,,
sige,141,4.268524493994565e-12,3.8461979806613664e-16,True,20693757735.83892,4.83237511893806e-12,4.315296556188234e-05,2.0853131708963114e-15,2.0853131708963115e-16,0.35892505756387055,1.9963879327114496e-08,5.598822089938812e-05,5.598822089938812e-05,0.360240327212242,1.8889189449301975e-08,5.7228110791155745e-05,5.7228110791155745e-05,0.00789943807862881,,,,,,,,,,,
sige,142,4.455247752706653e-12,3.822961702391013e-16,True,19609959329.683697,5.099449637747564e-12,3.991066580956499e-05,2.035224303048503e-15,2.0352243030485028e-16,0.3343079745621562,1.8424154682741407e-08,5.432371442471584e-05,5.432371442471584e-05,0.36789964259051555,1.834682074566383e-08,4.85139114984185e-05,4.85139114984185e-05,0.005855003186771402,,,,,,,,,,,
sige,143,4.237670847945885e-12,3.910251641829531e-16,True,20480206897.67541,4.882763172248539e-12,4.467682943577095e-05,2.1814637742181188e-15,2.1814637742181187e-16,0.35127974588872507,2.0175729301023593e-08,5.02304905621544e-05,5.02304905621544e-05,0.37462768314355166,2.2044073965865422e-08,5.155712288869942e-05,5.155712288869942e-05,0.006852004619866004,,,,,,,,,,,
sige,144,4.462822485638607e-12,3.839026634403206e-16,True,19683933674.229523,5.080285356321911e-12,4.046211810809286e-05,2.055591061103118e-15,2.0555910611031178e-16,0.36910939825875994,1.8079309266893923e-08,4.120078946773486e-05,4.120078946773486e-05,0.3790332828261676,1.9838401194323368e-08,4.767984648252868e-05,4.767984648252868e-05,0.007199661954571314,,,,,,,,,,,
sige,145,4.037688731179352e-12,3.816777667384402e-16,True,22515488140.355106,4.441387163210881e-12,4.6527011869618065e-05,2.0664447326028198e-15,2.0664447326028198e-16,0.34402319068472037,1.9758234803718993e-08,5.5261120470743324e-05,5.5261120470743324e-05,0.3511562067945051,1.820140539995064e-08,4.610005309139741e-05,4.610005309139741e-05,0.008399937985271031,,,,,,,,,,,
sige,146,3.806281444724276e-12,3.834640275130705e-16,True,24135152245.192326,4.14333412874658e-12,5.117397330785709e-05,2.1203087011001077e-15,2.1203087011001078e-16,0.3321475360024017,1.9388554930668765e-08,3.93311984981987e-05,3.93311984981987e-05,0.3330560135633109,2.004477811986689e-08,5.1294044546133425e-05,5.1294044546133425e-05,0.0076570937532337725,,,,,,,,,,,
sige,147,4.09605897107163e-12,3.8577701385509114e-16,True,21746726251.43602,4.5983932865939586e-12,4.618418625051832e-05,2.1237305200118848e-15,2.1237305200118846e-16,0.353506491626014,1.948316539223058e-08,6.639331871627298e-05,6.639331871627298e-05,0.35248784173089365,2.0664167256986172e-08,5.664885755210945e-05,5.664885755210945e-05,0.008961011823072363,,,,,,,,,,,
sige,148,4.10011413493246e-12,3.858662662813006e-16,True,21760212003.381622,4.595543461821953e-12,4.618423617130062e-05,2.1224166457626152e-15,2.122416645762615e-16,0.3386950118655954,1.93843966955053e-08,4.998577435825344e-05,4.998577435825344e-05,0.3697017679720174,2.0582808991523852e-08,5.06106499643652e-05,5.06106499643652e-05,0.007774102399990161,,,,,,,,,,,
sige,149,3.99240406502531e-12,3.875636120697578e-16,True,22339713635.590557,4.4763331182851335e-12,4.835156429891086e-05,2.164377085921078e-15,2.1643770859210778e-16,0.3132230526920896,2.1534297464601037e-08,5.914633521738068e-05,5.914633521738068e-05,0.3777192299656578,1.9876084911443717e-08,5.131791585179114e-05,5.131791585179114e-05,0.007990146481300992,,,,,,,,,,,
tmd,0,2.8400978106373213e-11,1.7559022163546554e-16,True,2750381525.6260314,3.6358592096505e-11,1.8771350672631562e-06,6.824998822066658e-16,6.824998822066658e-17,0.2933481924201281,,0.0008998128928758933,0.0008998128928758933,0.34856202509783807,,0.0012014013961878362,0.0012014013961878362,0.0062365289880871875,0.0008998128928758933,0.006061465007938392,7737518877265661.0,0.0012014013961878362,1.135702916235211e+16,,,,,,
tmd,1,2.8358268536617242e-11,1.745856663577132e-16,True,2706364341.639866,3.694993998457985e-11,1.8244041138699637e-06,6.741162251511574e-16,6.741162251511574e-17,0.33690888567415217,,0.00032669731257118663,0.00032669731257118663,0.3665756300003933,,0.0010001143291375639,0.0010001143291375639,0.005867968176238695,0.00032669731257118663,0.005398427716939459,1.1511385665783804e+16,0.0010001143291375639,8845249423327118.0,,,,,,
tmd,2,2.1864725251841054e-11,1.751827920761584e-16,True,3601136710.4722214,2.7769009632207736e-11,2.4547364786601215e-06,6.816560092044461e-16,6.816560092044461e-17,0.31664346861087844,,0.00033839320582265296,0.00033839320582265296,0.3343899294523496,,0.0009651521433666736,0.0009651521433666736,0.007032468601452182,0.00033839320582265296,0.006848049221175467,6999478687243168.0,0.0009651521433666736,1.013466709922152e+16,,,,,,
tmd,3,3.335963118094227e-11,1.7442755555121676e-16,True,2239033741.6513863,4.46621228343998e-11,1.500984661435605e-06,6.703716132158699e-16,6.703716132158699e-17,0.3572573604644253,,0.0004651184708185476,0.0004651184708185476,0.36262762909522345,,0.0014854370699883528,0.0014854370699883528,0.006899657522120901,0.0004651184708185476,0.005476658202687704,3202536720295443.0,0.0014854370699883528,2209014488771679.5,,,,,,
tmd,4,3.4203620859824305e-11,1.745697635140048e-16,True,2180453829.325776,4.586201214401374e-11,1.468879484731092e-06,6.736576876682998e-16,6.736576876683e-17,0.3273259438432675,,0.0008610401401662252,0.0008610401401662252,0.38784075728873835,,0.0007376119779419101,0.0007376119779419101,0.006102544157548215,0.0008610401401662252,0.0038466608831635722,2557865772864390.5,0.0007376119779419101,7534966003904966.0,,,,,,
tmd,5,4.817380138645399e-11,1.7275783751725026e-16,True,1504522082.201557,6.646628931738288e-11,9.80401542166638e-07,6.516365254885611e-16,6.516365254885611e-17,0.4346902039737912,,0.0004847210134775133,0.0004847210134775133,0.42044977766848773,,0.0005443276817735627,0.0005443276817735627,0.005863731445428916,0.0004847210134775133,0.005875116899489281,2527707108467200.0,0.0005443276817735627,1.069358162855313e+16,,,,,,
tmd,6,3.7641702017647794e-11,1.7386669930368765e-16,True,2048705315.365427,4.881131476059212e-11,1.3571872448112697e-06,6.624609379554368e-16,6.624609379554368e-17,0.3527433226164126,,0.0004992374362918497,0.0004992374362918497,0.4131062936144169,,0.0011696899550602497,0.0011696899550602497,0.006384639334123479,0.0004992374362918497,0.006245840677608972,1.2802842936262794e+16,0.0011696899550602497,2.1888548257554164e+16,,,,,,
tmd,7,1.3668503394618615e-10,1.52515603717571e-16,True,536372968.36425066,1.8643743420732947e-10,3.4220638355645327e-07,6.380008011963441e-16,6.380008011963441e-17,0.36617461044704336,,0.0005427377120506124,0.0005427377120506124,0.5351044439305521,,0.0007782286230928683,0.0007782286230928683,0.005474200579637836,0.0005427377120506124,0.004837012438741854,5420131899533597.0,0.0007782286230928683,6249078031314386.0,,,,,,
tmd,8,4.384365148510999e-11,1.7363570049074863e-16,True,1716741033.686437,5.824990376403214e-11,1.1352649317131851e-06,6.612907301897355e-16,6.612907301897355e-17,0.3610339573108383,,0.00025289864059786966,0.00025289864059786966,0.42206533165982,,0.0008049064230085783,0.0008049064230085783,0.0038562210237217225,0.00025289864059786966,0.005218519605674789,7721478631730025.0,0.0008049064230085783,1.2098452226779342e+16,,,,,,
tmd,9,2.7370080959128456e-11,1.7499035417676053e-16,True,2817205797.728227,3.5496164348603575e-11,1.9105269881404963e-06,6.781637996347766e-16,6.781637996347765e-17,0.3211467156959849,,0.0006772749492783953,0.0006772749492783953,0.3538328120878368,,0.0009592642345735375,0.0009592642345735375,0.006317676945321394,0.0006772749492783953,0.0060728486506488625,5894818111111820.0,0.0009592642345735375,2262382151720253.5,,,,,,
tmd,10,3.224941402404025e-11,1.7404281911358057e-16,True,2325339096.4725046,4.300448057304765e-11,1.5501707447071816e-06,6.66642876756668e-16,6.66642876756668e-17,0.3907366152054733,,0.00037740027740027887,0.00037740027740027887,0.3579445164446979,,0.0008535560860666886,0.0008535560860666886,0.007666506495307828,0.00037740027740027887,0.0045000688435306605,2.2001852215323984e+16,0.0008535560860666886,6337508436188413.0,,,,,,
tmd,11,4.6328874102473505e-11,1.7340906451721701e-16,True,1606630145.7507002,6.224207871642721e-11,1.0580721997533243e-06,6.585661314470971e-16,6.585661314470971e-17,0.36387589881784216,,0.0004383920136307248,0.0004383920136307248,0.44128854496729486,,0.0008278748692139881,0.0008278748692139881,0.005760615093751629,0.0004383920136307248,0.004677431431869377,2394662507339873.5,0.0008278748692139881,7030206050016286.0,,,,,,
tmd,12,4.8059805248132054e-11,1.7321453384191404e-16,True,1529090174.7905493,6.539836672071857e-11,1.0030586483409298e-06,6.559839732658842e-16,6.55983973265884e-17,0.399429468013023,,0.0004406391257485798,0.0004406391257485798,0.42001903559217624,,0.0010976382851315034,0.0010976382851315034,0.004734112963273835,0.0004406391257485798,0.006159855616070021,4448040870916858.5,0.0010976382851315034,1.2322415719102366e+16,,,,,,
tmd,13,3.139237112024785e-11,1.754918267530276e-16,True,2576625724.0447373,3.881044851287983e-11,1.7477185943153746e-06,6.782974251967956e-16,6.782974251967956e-17,0.26054525357769154,,0.0005042504215789625,0.0005042504215789625,0.4118275325071986,,0.0009015997323308698,0.0009015997323308698,0.0067871353307648015,0.0005042504215789625,0.004001085008036192,2.6092798336060136e+16,0.0009015997323308698,1.546639089223618e+16,,,,,,
tmd,14,4.152911968203226e-11,1.7355543023561593e-16,True,1789275512.5672643,5.5888542204726955e-11,1.1829019181406364e-06,6.611066377605542e-16,6.611066377605543e-17,0.3724788660948734,,0.0004818996106105243,0.0004818996106105243,0.4168626418627199,,0.000847382188193137,0.000847382188193137,0.00532896761136569,0.0004818996106105243,0.005290764482713438,4815786672576343.0,0.000847382188193137,2070719224027191.5,,,,,,
tmd,15,2.8792956591957988e-11,1.7535151325782761e-16,True,2678784887.3013587,3.7330358430064625e-11,1.8098679395763897e-06,6.756301889546918e-16,6.756301889546917e-17,0.383367002994512,,0.0005448704908364606,0.0005448704908364606,0.30345632116890475,,0.0008702042219951834,0.0008702042219951834,0.006991607390488006,0.0005448704908364606,0.005007848688126568,2580956841052608.0,0.0008702042219951834,3.4028848500501624e+16,,,,,,
tmd,16,1.77429287376405e-11,1.764230860481857e-16,True,4482443387.115633,2.230926112473405e-11,3.1091459586792523e-06,6.936274906708701e-16,6.936274906708702e-17,0.31424562972032677,,0.00037525546323380473,0.00037525546323380473,0.283907521759482,,0.0005471764864471214,0.0005471764864471214,0.006112451405521549,0.00037525546323380473,0.005686729337125244,3809194615454785.0,0.0005471764864471214,2.759530985528477e+16,,,,,,
tmd,17,3.7167600746710877e-11,1.7470235690801164e-16,True,2024998542.8539772,4.93827515841383e-11,1.3641529523727343e-06,6.736562636979159e-16,6.736562636979158e-17,0.3704502800139133,,0.0007699057031597721,0.0007699057031597721,0.3370496468073496,,0.0009055209252772429,0.0009055209252772429,0.005804556861326017,0.0007699057031597721,0.003235482326209698,1111195958916900.0,0.0009055209252772429,1.2358066517909776e+16,,,,,,
tmd,18,3.115130166370107e-11,1.7455701701625234e-16,True,2503164339.34382,3.9949434572966954e-11,1.6830289755953005e-06,6.723605594495206e-16,6.723605594495205e-17,0.3111748720524775,,0.0006743416184603964,0.0006743416184603964,0.39819489396820196,,0.00084554605737819,0.00084554605737819,0.006186071897555843,0.0006743416184603964,0.006351424426358924,1535885992712160.2,0.00084554605737819,1.364935074281568e+16,,,,,,
tmd,19,3.183613146541352e-11,1.7386762396811433e-16,True,2354042775.563039,4.248011167769968e-11,1.569780544071821e-06,6.668445282165111e-16,6.668445282165111e-17,0.3560268896251638,,0.00038641807493471644,0.00038641807493471644,0.40430534588005107,,0.0005102475245122279,0.0005102475245122279,0.00607577872139394,0.00038641807493471644,0.0047627710783527955,2462448581024479.0,0.0005102475245122279,8694391731183124.0,,,,,,
tmd,20,3.104949377849674e-11,1.7420883696267623e-16,True,2447072978.8167725,4.086514822633233e-11,1.637070533138473e-06,6.689912999366459e-16,6.689912999366459e-17,0.35722584502310206,,0.0003311441070797301,0.0003311441070797301,0.3742770599895871,,0.001079503448658058,0.001079503448658058,0.005553668875453988,0.0003311441070797301,0.006387982566452929,6316147081557892.0,0.001079503448658058,9462712697504332.0,,,,,,
tmd,21,3.5120158666760285e-11,1.7451403832913806e-16,True,2118648947.469224,4.719989128895203e-11,1.4260061100998795e-06,6.730733337409566e-16,6.730733337409566e-17,0.3352845079313593,,0.0006858987817550017,0.0006858987817550017,0.38454685858562865,,0.0007730590118782897,0.0007730590118782897,0.007791466619726745,0.0006858987817550017,0.00261582687149954,6699788337491972.0,0.0007730590118782897,8519479742575797.0,,,,,,
tmd,22,1.7415482852019443e-11,1.7659520179460332e-16,True,4604398503.230509,2.171836341486052e-11,3.2135372333110696e-06,6.979276948023522e-16,6.979276948023522e-17,0.287410966497761,,0.0004124167660678607,0.0004124167660678607,0.283900532297424,,0.0008143344005427461,0.0008143344005427461,0.007202734301161505,0.0004124167660678607,0.006460281998525698,1.843145156927556e+16,0.0008143344005427461,6502123384200299.0,,,,,,
tmd,23,2.2361244830706194e-11,1.76959062636237e-16,True,3644598687.832093,2.743786314083396e-11,2.551260632920439e-06,7.000114008266844e-16,7.000114008266843e-17,0.2511144528934043,,0.0005193736204301302,0.0005193736204301302,0.30602756276914506,,0.0014427185819673176,0.0014427185819673176,0.006727818543455519,0.0005193736204301302,0.005612815391982245,1970855340773734.2,0.0014427185819673176,1.3000064463711632e+16,,,,,,
tmd,24,4.3475229118947067e-11,1.739054550646875e-16,True,1799348166.175004,5.5575681171574906e-11,1.1918911040765962e-06,6.624015999139731e-16,6.624015999139731e-17,0.33653231627307884,,0.00047685131866020476,0.00047685131866020476,0.426443058162791,,0.0012497188343542544,0.0012497188343542544,0.005466001910369968,0.00047685131866020476,0.005868404093228316,7677572726972871.0,0.0012497188343542544,9862056453369462.0,,,,,,
tmd,25,4.291765906261402e-11,1.7481700712936536e-16,True,1868893606.6293805,5.350759382196922e-11,1.256494164799591e-06,6.723197940977097e-16,6.723197940977097e-17,0.2930368089615294,,0.0006457139398967065,0.0006457139398967065,0.4066240087894736,,0.0013149020321605634,0.0013149020321605634,0.004089217946735916,0.0006457139398967065,0.005005411969642316,6858131691900428.0,0.0013149020321605634,4227581485305860.0,,,,,,
tmd,26,1.950079581756713e-11,1.7641559601998275e-16,True,4066618931.475176,2.4590452581138397e-11,2.8332228769712277e-06,6.967023280795748e-16,6.967023280795748e-17,0.27418365016602636,,0.0006183262523508631,0.0006183262523508631,0.3020231303672378,,0.0007746861151684275,0.0007746861151684275,0.007072641463985511,0.0006183262523508631,0.005433903978374891,1355482932063995.2,0.0007746861151684275,5807494018428676.0,,,,,,
tmd,27,5.599906853570793e-11,1.7246633604538226e-16,True,1284115751.191469,7.787459962796565e-11,8.310912952244433e-07,6.472090186989092e-16,6.472090186989092e-17,0.44838845453196996,,0.0004985794435955048,0.0004985794435955048,0.4336112693973506,,0.0009514083317658598,0.0009514083317658598,0.006390198506399506,0.0004985794435955048,0.007243545110316025,3116350795009432.0,0.0009514083317658598,5404408273809589.0,,,,,,
tmd,28,7.121450657196764e-11,1.7306746665883052e-16,True,1040293613.2675897,9.612670761853219e-11,6.774894840384682e-07,6.512483354679607e-16,6.512483354679605e-17,0.38936148890893696,,0.00046946147384431205,0.00046946147384431205,0.44671285968363533,,0.0009080596236663888,0.0009080596236663888,0.002561548648057682,0.00046946147384431205,0.006421242868906252,4917280372304269.0,0.0009080596236663888,1.5936665489929506e+16,,,,,,
tmd,29,2.5694829153997875e-11,1.7620816013565128e-16,True,3348318597.7009845,2.9865736214188755e-11,2.2944657039059826e-06,6.8525907465359e-16,6.8525907465359e-17,0.24040225221880696,,0.0005207825541417082,0.0005207825541417082,0.38336231008606597,,0.0008984457288755414,0.0008984457288755414,0.005810995794912612,0.0005207825541417082,0.007876473461097334,8239463323023506.0,0.0008984457288755414,1.7293544735825126e+16,,,,,,
tmd,30,2.8270334231339717e-11,1.7484216756056852e-16,True,2863896427.912862,3.491746385286621e-11,1.931627848254563e-06,6.744754556861843e-16,6.744754556861844e-17,0.27137281143277836,,0.00048230978974406495,0.00048230978974406495,0.41692879897930446,,0.0004934756612420867,0.0004934756612420867,0.0061381245123863885,0.00048230978974406495,0.006676909921459436,7327470584219035.0,0.0004934756612420867,2882198654165868.0,,,,,,
tmd,31,2.6373377778794592e-11,1.7492349203942662e-16,True,2876363348.615473,3.4766122314878834e-11,1.951055834501933e-06,6.78306457854522e-16,6.78306457854522e-17,0.3648501929450807,,0.0004494518469744826,0.0004494518469744826,0.3191234124861545,,0.0007989167378103281,0.0007989167378103281,0.004587414170480636,0.0004494518469744826,0.00616586744944429,2.252296755971834e+16,0.0007989167378103281,6916663866465426.0,,,,,,
tmd,32,2.3199513711481727e-11,1.7601994695311928e-16,True,3512104640.9430623,2.8472955741190053e-11,2.4234659340085708e-06,6.900323827930785e-16,6.900323827930784e-17,0.25409931749292564,,0.0005235609426480875,0.0005235609426480875,0.3536551262157491,,0.000746492592455284,0.000746492592455284,0.005006337755095266,0.0005235609426480875,0.006169952875695948,2905631216092693.5,0.000746492592455284,4783544479500452.0,,,,,,
tmd,33,2.263311885035946e-11,1.7600492656777073e-16,True,3434686263.2318616,2.911474071751322e-11,2.371399545874138e-06,6.904268291575412e-16,6.904268291575412e-17,0.3087328906324823,,0.0005083239379121017,0.0005083239379121017,0.30104200108876844,,0.0009263592393478641,0.0009263592393478641,0.004615809303912657,0.0005083239379121017,0.006059669998929688,5294040973591440.0,0.0009263592393478641,1.4774128416060722e+16,,,,,,
tmd,34,4.508034203410555e-11,1.7313768642395723e-16,True,1603539458.6321118,6.236204507577525e-11,1.0539015580723304e-06,6.572345646993643e-16,6.572345646993643e-17,0.4169893002179454,,0.00041200682155546474,0.00041200682155546474,0.40648666440238845,,0.0006085766534840474,0.0006085766534840474,0.004990811552645526,0.00041200682155546474,0.004973666545543901,3121512956507212.5,0.0006085766534840474,3089454864324057.0,,,,,,
tmd,35,2.653845965594483e-11,1.739566645702575e-16,True,2878106667.646061,3.474506387276736e-11,1.9202159945556803e-06,6.671802738034661e-16,6.671802738034661e-17,0.40735038243292526,,0.0003269491084681068,0.0003269491084681068,0.3402102618617144,,0.0005422879174186898,0.0005422879174186898,0.006567590568409269,0.0003269491084681068,0.007633586700484912,5001149460512557.0,0.0005422879174186898,1.5389648483993716e+16,,,,,,
tmd,36,2.4252150457775355e-11,1.75555332755134e-16,True,3180131268.3568687,3.144524284108205e-11,2.1709111635643613e-06,6.826482872469733e-16,6.826482872469733e-17,0.3436081091520868,,0.0005912913639026395,0.0005912913639026395,0.3047230703941157,,0.0008966263581796103,0.0008966263581796103,0.006540218958193389,0.0005912913639026395,0.005718544897649173,7201948422569810.0,0.0008966263581796103,1.919590441959474e+16,,,,,,
tmd,37,3.076481291904286e-11,1.7429220511417486e-16,True,2542510286.5786085,3.933120763675157e-11,1.6991227381352354e-06,6.682854921392282e-16,6.682854921392281e-17,0.40018500750174757,,0.0006852539064482091,0.0006852539064482091,0.32906032687532916,,0.0006000884872906747,0.0006000884872906747,0.007444038483645366,0.0006852539064482091,0.005780204637666345,1.354042889297538e+16,0.0006000884872906747,1.4291247857642316e+16,,,,,,
tmd,38,2.9848355211266445e-11,1.7429199654976278e-16,True,2535341259.4664717,3.944242205131929e-11,1.6999090861452358e-06,6.704853162461288e-16,6.704853162461287e-17,0.3654367448343489,,0.0005365634852383292,0.0005365634852383292,0.3653893482785144,,0.0006152752348708955,0.0006152752348708955,0.005016791986044444,0.0005365634852383292,0.005732500433990338,9219150266220354.0,0.0006152752348708955,2.392498658411408e+16,,,,,,
tmd,39,3.121801754895961e-11,1.7408950941844035e-16,True,2416172043.9600067,4.138778124264036e-11,1.6142136561306262e-06,6.680872167881706e-16,6.680872167881705e-17,0.36891093623091953,,0.0005005088168247567,0.0005005088168247567,0.3748927088781772,,0.0008098036139039269,0.0008098036139039269,0.006079885192444571,0.0005005088168247567,0.005890068387894439,6314535687091432.0,0.0008098036139039269,1.2921253253377114e+16,,,,,,
tmd,40,4.633626679843342e-11,1.7326411974571712e-16,True,1576521107.4413478,6.343080313228243e-11,1.0357713808932346e-06,6.569981055149108e-16,6.569981055149108e-17,0.39055230191605006,,0.0009050842494629513,0.0009050842494629513,0.4243727103968534,,0.0006934719866643158,0.0006934719866643158,0.006436410232859854,0.0009050842494629513,0.005015067385077976,3054676739131572.0,0.0006934719866643158,3295465993160317.0,,,,,,
tmd,41,1.6572057914600283e-11,1.7745366179836084e-16,True,4931245067.885409,2.0278854249456613e-11,3.460661303665455e-06,7.017824618376628e-16,7.017824618376627e-17,0.2629076309214361,,0.000634670136239216,0.000634670136239216,0.3006450245852481,,0.0006281335354280257,0.0006281335354280257,0.007887517758290554,0.000634670136239216,0.0076865017045032276,3761867661598534.0,0.0006281335354280257,4.403261086727982e+16,,,,,,
tmd,42,5.613935423499162e-11,1.732686902207914e-16,True,1376464714.7434342,7.264988265147027e-11,8.978745135384813e-07,6.523047804431663e-16,6.523047804431663e-17,0.3439659445926486,,0.0004754855680849935,0.0004754855680849935,0.47849985659259386,,0.0008796549804267066,0.0008796549804267066,0.006531575266186978,0.0004754855680849935,0.0059963257993834096,2336850496810297.5,0.0008796549804267066,1.483079525203637e+16,,,,,,
tmd,43,3.691648865661649e-11,1.7557552215320538e-16,True,2285608177.999048,4.3752031062273194e-11,1.5543310710921064e-06,6.80051413034782e-16,6.800514130347821e-17,0.2518296211516327,,0.0003891214603299808,0.0003891214603299808,0.3982090563335917,,0.0014883098790173701,0.0014883098790173701,0.005010771583659118,0.0003891214603299808,0.004080610120606472,7741177745691551.0,0.0014883098790173701,6718051364168599.0,,,,,,
tmd,44,2.6389464133333036e-11,1.7498324952806292e-16,True,2890444344.979055,3.459675678367875e-11,1.9603643709191206e-06,6.782224934807821e-16,6.782224934807821e-17,0.35479939198604743,,0.0005512287607452141,0.0005512287607452141,0.32319137375118095,,0.0008970447032148546,0.0008970447032148546,0.007066554440326027,0.0005512287607452141,0.005225432452606193,6482227332675511.0,0.0008970447032148546,7335716595423565.0,,,,,,
tmd,45,2.2947796805518255e-11,1.7499772710717197e-16,True,3377832023.5464315,2.9604787716770073e-11,2.2999596891615624e-06,6.808981835475654e-16,6.808981835475654e-17,0.3272465065016981,,0.0005042307152337922,0.0005042307152337922,0.339106874007156,,0.0006503782006890532,0.0006503782006890532,0.006088896527214582,0.0005042307152337922,0.00629693725196611,2074570942532788.8,0.0006503782006890532,4239014607434179.5,,,,,,
tmd,46,4.9146260988701036e-11,1.735865605293301e-16,True,1516701387.0519137,6.593255656894655e-11,9.992767876792826e-07,6.588487333169949e-16,6.588487333169949e-17,0.3826417481089846,,0.0007300337065185038,0.0007300337065185038,0.40808099640114703,,0.0016404397464400173,0.0016404397464400173,0.0052847437312664326,0.0007300337065185038,0.006293188475183578,5469707609063479.0,0.0016404397464400173,7072558593288409.0,,,,,,
tmd,47,4.102544371635185e-11,1.7363804303573127e-16,True,1918480948.8804505,5.2124572859770145e-11,1.2647685597317542e-06,6.592552094248436e-16,6.592552094248437e-17,0.3262643702384474,,0.0002907738457637987,0.0002907738457637987,0.4503156122033048,,0.0005146957479814426,0.0005146957479814426,0.005261205073639283,0.0002907738457637987,0.006494205887537196,1.2606154312737604e+16,0.0005146957479814426,8119801160095653.0,,,,,,
tmd,48,3.193877981148113e-11,1.7401523826300028e-16,True,2395294007.067327,4.1748528449931195e-11,1.5922434899023311e-06,6.647382263740521e-16,6.647382263740521e-17,0.366473184828354,,0.00043745109850012873,0.00043745109850012873,0.37910510574961076,,0.0013756272601170773,0.0013756272601170773,0.0076077049049818315,0.00043745109850012873,0.008083726401132673,1.316519991996903e+16,0.0013756272601170773,8040056801332003.0,,,,,,
tmd,49,3.8965980569812155e-11,1.7398962647583575e-16,True,1943705527.8101065,5.144812244921992e-11,1.2955274776764688e-06,6.6652456307828e-16,6.665245630782799e-17,0.3534035790156309,,0.0003008186577463238,0.0003008186577463238,0.39880682947805696,,0.0008346793241013158,0.0008346793241013158,0.0034442523051508825,0.0003008186577463238,0.005802896884425248,577684914401896.4,0.0008346793241013158,8578900134165920.0,,,,,,
tmd,50,4.8254745857993666e-11,1.7327715891584247e-16,True,1498550154.3621972,6.673116659386107e-11,9.863200974373768e-07,6.581829073696688e-16,6.581829073696688e-17,0.39103594533403063,,0.00043054334923398887,0.00043054334923398887,0.42515668004679374,,0.0007822828919659675,0.0007822828919659675,0.007071965166711161,0.00043054334923398887,0.0030022087178291825,7877666239708636.0,0.0007822828919659675,3857652908899018.0,,,,,,
tmd,51,3.377387106595969e-11,1.7591139719916314e-16,True,2760575470.9386697,3.6224331141360654e-11,1.8721947055885344e-06,6.781900097634128e-16,6.781900097634129e-17,0.2156954021430248,,0.00025978969300004197,0.00025978969300004197,0.4371660587230305,,0.0009608295431347252,0.0009608295431347252,0.006209101800692611,0.00025978969300004197,0.0059788814975579195,1031780256100914.4,0.0009608295431347252,3.506984369226011e+16,,,,,,
tmd,52,6.37683625379169e-11,1.7537881717667593e-16,True,1342588518.3565853,7.448298464700594e-11,8.840739454903575e-07,6.584846610877627e-16,6.584846610877626e-17,0.48590458008285076,,0.000476213900036748,0.000476213900036748,0.2734229339658924,,0.0006483540506450387,0.0006483540506450387,0.0053142538889111805,0.000476213900036748,0.0056831603798420255,1456094555374846.5,0.0006483540506450387,4.960959434130608e+16,,,,,,
tmd,53,2.746881759563083e-11,1.7412894734537715e-16,True,2774993072.09518,3.6036126001748116e-11,1.860833837020765e-06,6.705724261919671e-16,6.705724261919671e-17,0.3488312554369329,,0.0002990205351753289,0.0002990205351753289,0.38559638594463147,,0.0006366995369267198,0.0006366995369267198,0.006886689811979111,0.0002990205351753289,0.005117011827256005,8702560767223356.0,0.0006366995369267198,5149260438557819.0,,,,,,
tmd,54,3.6842539609811866e-11,1.7461230893999426e-16,True,2187363971.3244615,4.571712861277926e-11,1.4666421222105019e-06,6.705066653001703e-16,6.705066653001703e-17,0.29219315168669296,,0.0005707685536075216,0.0005707685536075216,0.4172819482093072,,0.0011575958398062443,0.0011575958398062443,0.006298531962933059,0.0005707685536075216,0.005590525655491716,4111359093064878.0,0.0011575958398062443,6267181554016634.0,,,,,,
tmd,55,3.541740599849146e-11,1.7394787411541396e-16,True,2099169098.5278976,4.763789638010957e-11,1.3990126910556724e-06,6.664602161096836e-16,6.664602161096836e-17,0.37024012272504436,,0.0005029174364943365,0.0005029174364943365,0.3881139817394421,,0.0007932815934811556,0.0007932815934811556,0.006973816909051762,0.0005029174364943365,0.003938820934586921,2784427300366163.5,0.0007932815934811556,1.0698482267487706e+16,,,,,,
tmd,56,3.446391931330825e-11,1.7429920108194113e-16,True,2277180623.292282,4.391395174240631e-11,1.5240387857208864e-06,6.692656568970251e-16,6.692656568970252e-17,0.3176494682429132,,0.00047230977979241333,0.00047230977979241333,0.4086564983467667,,0.0008227010046672504,0.0008227010046672504,0.005051127213704241,0.00047230977979241333,0.0061826296073264645,2355573357446233.5,0.0008227010046672504,6593248112521215.0,,,,,,
tmd,57,6.147084978175497e-11,1.7262583964063963e-16,True,1182617842.163767,8.455816954108845e-11,7.652814768277384e-07,6.471080086425446e-16,6.471080086425446e-17,0.41659618947563454,,0.0010776939764939692,0.0010776939764939692,0.4597820703034037,,0.0007605765129153771,0.0007605765129153771,0.006051213604592836,0.0010776939764939692,0.006490268291688282,1.4719032674240738e+16,0.0007605765129153771,1.5985505120319282e+16,,,,,,
tmd,58,4.156671159054788e-11,1.748813063844445e-16,True,1966391997.1751711,5.08545600997438e-11,1.323671726330157e-06,6.731474335898861e-16,6.73147433589886e-17,0.28235602054504605,,0.00045425926401494894,0.00045425926401494894,0.4078029423108302,,0.0007044136377425142,0.0007044136377425142,0.0027868914276392934,0.00045425926401494894,0.00552711233725329,8683998503313107.0,0.0007044136377425142,6841384468058526.0,,,,,,
tmd,59,1.9485648048950762e-11,1.7586122704147922e-16,True,4185402518.610174,2.389256458736172e-11,2.8816553059474824e-06,6.8850135515863825e-16,6.885013551586382e-17,0.27245417635240177,,0.00047194368090490646,0.00047194368090490646,0.33599834069267365,,0.0009426296246547599,0.0009426296246547599,0.009961956231191966,0.00047194368090490646,0.006946540238663547,8069273370072862.0,0.0009426296246547599,7598056570123315.0,,,,,,
tmd,60,3.758613749881556e-11,1.741560846924502e-16,True,1961514765.572501,5.0981008022549e-11,1.3103250098045896e-06,6.680168983699438e-16,6.680168983699438e-17,0.37973904402735226,,0.0004914348485852494,0.0004914348485852494,0.36568958571169985,,0.0011189853746637261,0.0011189853746637261,0.0042669210023994165,0.0004914348485852494,0.00535880296061612,8463572929435097.0,0.0011189853746637261,7386248747261119.0,,,,,,
tmd,61,6.44959951183596e-11,1.7265940253086757e-16,True,1145591754.9030576,8.729113104385272e-11,7.406806002587997e-07,6.465484733883037e-16,6.465484733883038e-17,0.3918109398397661,,0.0005379653236218202,0.0005379653236218202,0.48430195151702876,,0.0011126242133961811,0.0011126242133961811,0.008024023089088183,0.0005379653236218202,0.005337634111886792,6221010231746004.0,0.0011126242133961811,1.0674283942792342e+16,,,,,,
tmd,62,3.828245359222594e-11,1.7449734407694997e-16,True,1951420608.4876876,5.1244718624498904e-11,1.3095279917409068e-06,6.71063934676679e-16,6.710639346766789e-17,0.34603898945994727,,0.0009214222668426116,0.0009214222668426116,0.37642059769487146,,0.0011788905992248808,0.0011788905992248808,0.005819240515456967,0.0009214222668426116,0.004315458748652874,3269045501328307.5,0.0011788905992248808,9572707528059870.0,,,,,,
tmd,63,1.877381282312622e-11,1.7597165297730143e-16,True,4283009568.2536435,2.3348068316544538e-11,2.9641152906178664e-06,6.920636630346021e-16,6.920636630346021e-17,0.2727471408118767,,0.0005118278030307137,0.0005118278030307137,0.3260711306691558,,0.0006306849227286704,0.0006306849227286704,0.006631561016308251,0.0005118278030307137,0.006622850578738425,4651413653017009.0,0.0006306849227286704,8930780572652113.0,,,,,,
tmd,64,4.1285418140638125e-11,1.7373194245096947e-16,True,1797091838.9928374,5.564545886316195e-11,1.1893798572247607e-06,6.618358791787386e-16,6.618358791787386e-17,0.4413958823922707,,0.00048207876917599334,0.00048207876917599334,0.33789550639180166,,0.0007961779333575339,0.0007961779333575339,0.005084049323296877,0.00048207876917599334,0.006450923400934786,841470680919459.9,0.0007961779333575339,7294764150742511.0,,,,,,
tmd,65,4.3730596420731585e-11,1.7433421497400143e-16,True,1854839626.0978758,5.391301684144806e-11,1.2352621490534131e-06,6.659670904551998e-16,6.659670904551998e-17,0.3142155534340719,,0.0005310204180810023,0.0005310204180810023,0.41381477443118536,,0.001351423919871346,0.001351423919871346,0.004128442903753759,0.0005310204180810023,0.006901004062016655,5262179038451661.0,0.001351423919871346,1.1053134009504344e+16,,,,,,
tmd,66,2.0030012891628026e-11,1.7637440510871205e-16,True,3892890309.1142974,2.5687854539819234e-11,2.709590288518762e-06,6.960356119397679e-16,6.960356119397679e-17,0.3100092578904949,,0.0004570164146197551,0.0004570164146197551,0.2765852101832741,,0.00065952064088388,0.00065952064088388,0.0047481430502025555,0.0004570164146197551,0.005029907648060125,6199845524173848.0,0.00065952064088388,8640654097319539.0,,,,,,
tmd,67,3.0274200197098564e-11,1.744490523997943e-16,True,2489485390.3844104,4.016894430722433e-11,1.6691459907583444e-06,6.704783234339871e-16,6.70478323433987e-17,0.38868038304676966,,0.0005356390967863389,0.0005356390967863389,0.3347993134376538,,0.000873711104754301,0.000873711104754301,0.0057033326431979005,0.0005356390967863389,0.006373734651680231,3822459908247162.0,0.000873711104754301,2.191925950748597e+16,,,,,,
tmd,68,4.133807191657548e-11,1.7308926536856573e-16,True,1775347534.8045878,5.63269996660158e-11,1.164268927665257e-06,6.55797754997535e-16,6.55797754997535e-17,0.4323832580695174,,0.00036480503436597697,0.00036480503436597697,0.39250329303696896,,0.0005318628831196696,0.0005318628831196696,0.00599166536542667,0.00036480503436597697,0.005652035554386058,4181734651778703.5,0.0005318628831196696,1.048043422521489e+16,,,,,,
tmd,69,2.732921618927858e-11,1.748794402433709e-16,True,2772942211.187363,3.606277822759977e-11,1.8772064821363143e-06,6.769728105269463e-16,6.769728105269463e-17,0.35892844263284945,,0.0005539341733760924,0.0005539341733760924,0.3273350678532377,,0.0009116248619995217,0.0009116248619995217,0.004934084243973354,0.0005539341733760924,0.006827214625533088,2610614020449482.5,0.0009116248619995217,1.117214707074277e+16,,,,,,
tmd,70,5.921556569213968e-11,1.7353539151259414e-16,True,1239888632.2670152,8.065240489959148e-11,8.160656563997923e-07,6.581765774460694e-16,6.581765774460695e-17,0.41632978805552734,,0.0005727518192713236,0.0005727518192713236,0.3795905366872398,,0.0011737008732099063,0.0011737008732099063,0.007514026795356193,0.0005727518192713236,0.0024005398608686742,1739804455963849.8,0.0011737008732099063,6659447495948893.0,,,,,,
tmd,71,5.344107226932098e-11,1.731375457803926e-16,True,1362082292.866776,7.341700316030826e-11,8.92042813765369e-07,6.549111007734236e-16,6.549111007734237e-17,0.4096601627681594,,0.0006356391373251777,0.0006356391373251777,0.4191819758486158,,0.0006727619776386133,0.0006727619776386133,0.006877980382383288,0.0006356391373251777,0.0030034118490009846,1937686587201729.0,0.0006727619776386133,2.0642330763061132e+16,,,,,,
tmd,72,2.4292295143677874e-11,1.7475423405725899e-16,True,3176061707.96436,3.1485534348793623e-11,2.1523559930894245e-06,6.776807855124888e-16,6.776807855124889e-17,0.3318647197709954,,0.00047292555174788893,0.00047292555174788893,0.35409758558609344,,0.000663049546224313,0.000663049546224313,0.006635698200471253,0.00047292555174788893,0.00570061578367563,4766317926022263.0,0.000663049546224313,5903103955161119.0,,,,,,
tmd,73,3.6013233540271064e-11,1.7516080582581726e-16,True,2055587847.5563395,4.864788440877334e-11,1.387659247421402e-06,6.750668666732177e-16,6.750668666732177e-17,0.3805293214566554,,0.0007372309798104116,0.0007372309798104116,0.3064697831248746,,0.0015486762458384363,0.0015486762458384363,0.006821200322077271,0.0007372309798104116,0.004383889100464117,2648439449587451.5,0.0015486762458384363,1.4845493518498534e+16,,,,,,
tmd,74,5.5896807581722424e-11,1.729477017316655e-16,True,1279022272.8846982,7.818472134536069e-11,8.362209073422773e-07,6.537969862372063e-16,6.537969862372063e-17,0.41223460574914633,,0.00054742350295456,0.00054742350295456,0.43091125520016327,,0.000598748987957723,0.000598748987957723,0.006339004656050186,0.00054742350295456,0.00310832979181299,2396249797985588.0,0.000598748987957723,4836516431576847.0,,,,,,
tmd,75,2.93221306582439e-11,1.7474172569197347e-16,True,2537778237.1500397,3.940454628230298e-11,1.7113693793206221e-06,6.743573391355557e-16,6.743573391355558e-17,0.36155563554964054,,0.0003664409735871394,0.0003664409735871394,0.3374030200932984,,0.0012500841799043105,0.0012500841799043105,0.005866832072357494,0.0003664409735871394,0.005523210973674048,7237119511741759.0,0.0012500841799043105,1.3025863712828312e+16,,,,,,
tmd,76,2.6136438517889973e-11,1.7628572046242482e-16,True,2946463876.849459,3.3938987267315885e-11,2.027875610607834e-06,6.882404452811971e-16,6.882404452811971e-17,0.3109864938278092,,0.0004579763078788986,0.0004579763078788986,0.3237624063357237,,0.000802553194178565,0.000802553194178565,0.003351488113991159,0.0004579763078788986,0.004419759883287946,2659067313915079.5,0.000802553194178565,7.291745100005688e+16,,,,,,
tmd,77,3.324476546928563e-11,1.7390067288218647e-16,True,2330745485.6087055,4.290472752921954e-11,1.549729140129898e-06,6.649070650136497e-16,6.649070650136496e-17,0.3393299712933504,,0.000441144103459907,0.000441144103459907,0.41773771824277545,,0.000637089005541815,0.000637089005541815,0.0055227502504479895,0.000441144103459907,0.0068508954113696546,3241966840279173.0,0.000637089005541815,2.141609922123846e+16,,,,,,
tmd,78,3.74685906274866e-11,1.742270175480026e-16,True,2027260070.0296106,4.9327662236517775e-11,1.3540253284017484e-06,6.67909040590915e-16,6.67909040590915e-17,0.31452332406149863,,0.000677529688382072,0.000677529688382072,0.4277980132238373,,0.0005436987848495541,0.0005436987848495541,0.005177943158890144,0.000677529688382072,0.0049528658614061746,1520431988926990.0,0.0005436987848495541,1.5577072734419006e+16,,,,,,
tmd,79,2.719258301177888e-11,1.7522539096172188e-16,True,2869812242.033182,3.484548519771899e-11,1.951072114202699e-06,6.798605447513244e-16,6.798605447513244e-17,0.31359292483767476,,0.0006194277789135513,0.0006194277789135513,0.34505097914695665,,0.0011781764828872742,0.0011781764828872742,0.005902659131700083,0.0006194277789135513,0.006672418906506562,4596288678352548.0,0.0011781764828872742,7902786057625470.0,,,,,,
tmd,80,3.401540625389699e-11,1.7447475621872873e-16,True,2348697788.3859415,4.257678467382618e-11,1.574207280042384e-06,6.702468439433418e-16,6.702468439433418e-17,0.30626366243748987,,0.0004812970262369347,0.0004812970262369347,0.4080211679695917,,0.001036477696639796,0.001036477696639796,0.005991758204023534,0.0004812970262369347,0.006056810398467607,7996477277602602.0,0.001036477696639796,4950750291712719.0,,,,,,
tmd,81,3.809983378819766e-11,1.7408886114199776e-16,True,2004469878.3239036,4.9888502232629176e-11,1.335886269014208e-06,6.664536511425397e-16,6.664536511425397e-17,0.3237979212222031,,0.0006027317210002966,0.0006027317210002966,0.4286884700718683,,0.0008522354228766215,0.0008522354228766215,0.006870058678063147,0.0006027317210002966,0.00451986257583612,3524111804040395.0,0.0008522354228766215,1.125840868496669e+16,,,,,,
tmd,82,3.182967940254575e-11,1.7407079774012467e-16,True,2344196285.802223,4.265854382828626e-11,1.566802029713425e-06,6.6837493054778e-16,6.6837493054778e-17,0.3762841722389707,,0.00039741713824702234,0.00039741713824702234,0.3688853163385096,,0.0008265285872251079,0.0008265285872251079,0.006290326625545255,0.00039741713824702234,0.004951807901812762,8881091901761640.0,0.0008265285872251079,2661523704215864.0,,,,,,
tmd,83,3.496371918037545e-11,1.7429304156862761e-16,True,2175955609.067652,4.595681988330991e-11,1.4498328904258822e-06,6.662970900620085e-16,6.662970900620086e-17,0.3583269444554006,,0.0010230894359950385,0.0010230894359950385,0.3837926395084949,,0.0009527631004531019,0.0009527631004531019,0.006446233858567136,0.0010230894359950385,0.006343274756995782,2154527118413354.0,0.0009527631004531019,4.646860001564991e+16,,,,,,
tmd,84,4.1487840233605754e-11,1.740519812550931e-16,True,1798497521.7403197,5.560196708151969e-11,1.195442166467569e-06,6.646893598779035e-16,6.646893598779036e-17,0.37057887116044747,,0.0009958534148149407,0.0009958534148149407,0.38611546203066227,,0.0011783751615578278,0.0011783751615578278,0.005524207838077998,0.0009958534148149407,0.005527000294364998,2731740373745851.0,0.0011783751615578278,2.0800231841032616e+16,,,,,,
tmd,85,3.2550648861905e-11,1.740994657500857e-16,True,2322677668.28809,4.305375703452824e-11,1.5490547073327836e-06,6.669262500269791e-16,6.669262500269792e-17,0.3590256566342476,,0.0003727299160870448,0.0003727299160870448,0.38247478861494044,,0.0013018077350131173,0.0013018077350131173,0.007700716426581981,0.0003727299160870448,0.005815533810107815,7154528837309939.0,0.0013018077350131173,5491052061689354.0,,,,,,
tmd,86,2.6828301445383737e-11,1.7615783392772593e-16,True,3296541290.0362597,3.033482404793421e-11,2.252388479526591e-06,6.832580821403321e-16,6.832580821403322e-17,0.2235247251008078,,0.00040884655313085084,0.00040884655313085084,0.40658211595083865,,0.0010835894046835055,0.0010835894046835055,0.009067521385044394,0.00040884655313085084,0.0062828606233944935,2854503545429134.0,0.0010835894046835055,9153304930875790.0,,,,,,
tmd,87,3.04546415978553e-11,1.7443887257252813e-16,True,2485280611.737921,4.0236905051164997e-11,1.66930475589228e-06,6.716765696429583e-16,6.716765696429583e-17,0.3684747013186005,,0.0006541596030218257,0.0006541596030218257,0.34941298629292966,,0.000838888186849878,0.000838888186849878,0.00646169088471773,0.0006541596030218257,0.005419835640869696,1.2807750484796952e+16,0.000838888186849878,2801787274267378.5,,,,,,
tmd,88,5.033450860603089e-11,1.7345853315763203e-16,True,1454933735.3906755,6.873165256089702e-11,9.546724001254727e-07,6.561621171490166e-16,6.561621171490165e-17,0.4416129976051725,,0.0005844836856736822,0.0005844836856736822,0.36355507042090485,,0.001250963185845347,0.001250963185845347,0.006436957491797771,0.0005844836856736822,0.005223596481720248,6190165773260240.0,0.001250963185845347,1.558696426139399e+16,,,,,,
tmd,89,2.2829701202420055e-11,1.7687709391401984e-16,True,3624674717.1131744,2.758868251759808e-11,2.5357228374043505e-06,6.99572523137716e-16,6.99572523137716e-17,0.24917831592796807,,0.0004447302043450803,0.0004447302043450803,0.306222886039368,,0.0012556764502410498,0.0012556764502410498,0.004326183705515761,0.0004447302043450803,0.006101300025438869,2579634966169864.0,0.0012556764502410498,7450078058906214.0,,,,,,
tmd,90,3.4994381353688176e-11,1.7406304952909577e-16,True,2228805520.7392826,4.486708197260322e-11,1.484622912369753e-06,6.661069790769863e-16,6.661069790769863e-17,0.30218798408810865,,0.0003702360126892025,0.0003702360126892025,0.4492091185583239,,0.0005214939985615597,0.0005214939985615597,0.007407499451694369,0.0003702360126892025,0.004664320116010334,1215801142923619.2,0.0005214939985615597,1.5506795807952714e+16,,,,,,
tmd,91,2.0116242156390094e-11,1.7577378790243527e-16,True,3946927515.167056,2.5336163285422646e-11,2.717532489323522e-06,6.8851846882941825e-16,6.885184688294182e-17,0.2982159761042692,,0.0003898924751434019,0.0003898924751434019,0.31201173478787,,0.0010299326735309633,0.0010299326735309633,0.00745454455424455,0.0003898924751434019,0.006932228148494449,4046760683359356.5,0.0010299326735309633,5176973205489127.0,,,,,,
tmd,92,3.3668944306809725e-11,1.743433049003146e-16,True,2213330418.1535707,4.5180782399142703e-11,1.4861524596643736e-06,6.714553089204676e-16,6.714553089204677e-17,0.35463365125332375,,0.0006165304494402434,0.0006165304494402434,0.37597664038333534,,0.0005649452245275035,0.0005649452245275035,0.005661727665534837,0.0006165304494402434,0.003394611906028971,1.7865926084982382e+16,0.0005649452245275035,9286961750280958.0,,,,,,
tmd,93,2.5426424972872386e-11,1.751450991905364e-16,True,3102737621.7610927,3.222960243194546e-11,2.1083326139019345e-06,6.795072194036373e-16,6.795072194036371e-17,0.3148874157768317,,0.0004513629709245888,0.0004513629709245888,0.34541883678824525,,0.0011216208173024185,0.0011216208173024185,0.0058378371847961396,0.0004513629709245888,0.007135990665250963,6823842931974266.0,0.0011216208173024185,1.409923952146035e+16,,,,,,
tmd,94,3.6950039075372066e-11,1.747349315780896e-16,True,1997623688.653166,5.005947845333262e-11,1.3514311150390696e-06,6.765193678446159e-16,6.765193678446158e-17,0.3169346982579763,,0.0007031867159975469,0.0007031867159975469,0.38962471911579705,,0.00053529583580908,0.00053529583580908,0.003628244654968105,0.0007031867159975469,0.003350968263917895,1568761180253228.8,0.00053529583580908,6996670034957804.0,,,,,,
tmd,95,3.38157104391594e-11,1.738090977573136e-16,True,2251834304.2180805,4.4408240789600935e-11,1.4941607352884626e-06,6.635304971105723e-16,6.635304971105722e-17,0.35910108837483046,,0.0006915329736582221,0.0006915329736582221,0.40564084218123336,,0.000789749587107948,0.000789749587107948,0.006705251250965957,0.0006915329736582221,0.007450450948350841,5120396979975649.0,0.000789749587107948,1.1631730335864964e+16,,,,,,
tmd,96,4.430124299912765e-11,1.7372453718971972e-16,True,1736411629.5637913,5.759003124456225e-11,1.1445838927177453e-06,6.591662214363764e-16,6.591662214363764e-17,0.3348941301831757,,0.000692875432950315,0.000692875432950315,0.4521025168041647,,0.000871087775798842,0.000871087775798842,0.006924103398527602,0.000692875432950315,0.005370377721041803,1.5806074875048602e+16,0.000871087775798842,2.120746716379615e+16,,,,,,
tmd,97,1.8873979501699477e-11,1.7559017477861307e-16,True,4251311015.8753786,2.3522155783610486e-11,2.9192000992010094e-06,6.866587949693732e-16,6.866587949693733e-17,0.2763931312212276,,0.0005321468399309115,0.0005321468399309115,0.3530673767870022,,0.000486492586518122,0.000486492586518122,0.007821202651868768,0.0005321468399309115,0.00650316718866216,9269596280343482.0,0.000486492586518122,2.5788815833033424e+16,,,,,,
tmd,98,2.5751366855021097e-11,1.7481688322129227e-16,True,2973909349.20918,3.3625772764927064e-11,2.0172335571356633e-06,6.783103720602933e-16,6.783103720602933e-17,0.31833569146743784,,0.0005527986096536083,0.0005527986096536083,0.36722894127720557,,0.0005901756326756065,0.0005901756326756065,0.0063204050523324815,0.0005527986096536083,0.004836612730603308,2458106718971832.0,0.0005901756326756065,6502372492780581.0,,,,,,
tmd,99,2.2679177593281338e-11,1.7578357367400692e-16,True,3408078627.605039,2.934204604025613e-11,2.3503613995674734e-06,6.896441239734965e-16,6.896441239734964e-17,0.30329486552938834,,0.0004884504044210088,0.0004884504044210088,0.3162100633272996,,0.0007621414504482905,0.0007621414504482905,0.005539133048835132,0.0004884504044210088,0.004426041673077539,4542825543698514.0,0.0007621414504482905,7176408544404183.0,,,,,,
tmd,100,3.869886470961503e-11,1.7453815735328993e-16,True,2128035087.3905435,4.699170638329221e-11,1.421666816382102e-06,6.680654961029754e-16,6.680654961029755e-17,0.28561353277980367,,0.000598986604459795,0.000598986604459795,0.4315837972685597,,0.0011667904643484883,0.0011667904643484883,0.006743591430041385,0.000598986604459795,0.006432976849254329,4480700361451157.0,0.0011667904643484883,1.1089954272510074e+16,,,,,,
tmd,101,4.076920784773824e-11,1.734323233405185e-16,True,1809983991.0233922,5.524910744843577e-11,1.188838253525234e-06,6.568225240782638e-16,6.568225240782638e-17,0.44739410153236564,,0.00036880096117768325,0.00036880096117768325,0.35096079234206434,,0.0010040012107359938,0.0010040012107359938,0.008534786962269133,0.00036880096117768325,0.006693088931829245,2071236929678007.0,0.0010040012107359938,3367842570465327.5,,,,,,
tmd,102,2.6157731187070727e-11,1.7527580746326097e-16,True,3020049298.7291317,3.31120422577476e-11,2.0522175389797875e-06,6.795311387278949e-16,6.79531138727895e-17,0.30542063136153363,,0.0004971239162720976,0.0004971239162720976,0.35497215600026355,,0.001217311686598911,0.001217311686598911,0.006899124599375214,0.0004971239162720976,0.006058911566469257,2328868576751675.5,0.001217311686598911,3.224213566481389e+16,,,,,,
tmd,103,6.033722292305677e-11,1.7270648319681343e-16,True,1217847021.2339923,8.211211938480932e-11,7.892603566419523e-07,6.480784063028117e-16,6.480784063028117e-17,0.3966936469220773,,0.0006830226075968987,0.0006830226075968987,0.47145342146125274,,0.00103850963223588,0.00103850963223588,0.007642366669332662,0.0006830226075968987,0.005641483573557924,4162848547738078.0,0.00103850963223588,8028984955419273.0,,,,,,
tmd,104,6.078067895403529e-11,1.7330629961977188e-16,True,1197217566.1664047,8.352700697518893e-11,7.836223304003286e-07,6.545362785726205e-16,6.545362785726206e-17,0.44516807535404385,,0.0004393315155110973,0.0004393315155110973,0.37227351162164635,,0.0011677128697986038,0.0011677128697986038,0.006089590410550256,0.0004393315155110973,0.0035423045868037744,1967206014165919.2,0.0011677128697986038,1.5548188818686514e+16,,,,,,
tmd,105,3.385983824297277e-11,1.7408673710919718e-16,True,2279394187.721422,4.3871306042051546e-11,1.511758755140303e-06,6.632283100851109e-16,6.63228310085111e-17,0.4206076676880814,,0.000322559777866251,0.000322559777866251,0.3322655526131658,,0.0006703560345876775,0.0006703560345876775,0.008673698198875257,0.000322559777866251,0.004749372388514328,3839489030888996.5,0.0006703560345876775,2.7143471550458336e+16,,,,,,
tmd,106,2.7249464070398483e-11,1.7401952153546012e-16,True,2800880979.123725,3.570305227010599e-11,1.8756559591700418e-06,6.696664275098379e-16,6.696664275098378e-17,0.3595675401915809,,0.0003590415198766334,0.0003590415198766334,0.3799099748029008,,0.000486839631453557,0.000486839631453557,0.005040740405735764,0.0003590415198766334,0.007332058094214038,3628680177464294.0,0.000486839631453557,4200678281023334.0,,,,,,
tmd,107,3.0746229462727974e-11,1.7455627272998609e-16,True,2440103623.5944276,4.0981866111363605e-11,1.6457430061735218e-06,6.744561953271631e-16,6.744561953271632e-17,0.3425233612123492,,0.0005583226912669415,0.0005583226912669415,0.3713991689223448,,0.0005704029455214542,0.0005704029455214542,0.005198868734432995,0.0005583226912669415,0.0038534552734589343,3656968043599667.5,0.0005704029455214542,2.0672619164438664e+16,,,,,,
tmd,108,5.069412047314484e-11,1.7317747301200612e-16,True,1469793392.3673472,6.803677341271301e-11,9.616826773015179e-07,6.542978641049458e-16,6.542978641049458e-17,0.3815601045597611,,0.0005935308445372881,0.0005935308445372881,0.44408347354257804,,0.0013286951569243832,0.0013286951569243832,0.00792944369966958,0.0005935308445372881,0.0049970623060028654,9544042441812460.0,0.0013286951569243832,7657482331096316.0,,,,,,
tmd,109,4.535690707794305e-11,1.7271494513984827e-16,True,1611732842.5440001,6.204502220241256e-11,1.0486245494162432e-06,6.506193345052568e-16,6.506193345052567e-17,0.41607939357990287,,0.0005220654940617945,0.0005220654940617945,0.44126050196589195,,0.0005864931067672898,0.0005864931067672898,0.009515022818156717,0.0005220654940617945,0.0050600607556122905,3472039772187604.5,0.0005864931067672898,6770003846814875.0,,,,,,
tmd,110,4.084344583055652e-11,1.735438220177834e-16,True,1800522165.6460195,5.5539444005745104e-11,1.1889488455169908e-06,6.603355783128619e-16,6.603355783128619e-17,0.4072605541952582,,0.0005873673130827088,0.0005873673130827088,0.38330410328812514,,0.0010709164271321572,0.0010709164271321572,0.005695600513585852,0.0005873673130827088,0.006373934114589957,5755840180719204.0,0.0010709164271321572,3922430660861367.5,,,,,,
tmd,111,2.0965060892620213e-11,1.767847234726639e-16,True,3770674184.16212,2.652045632052427e-11,2.61920034918804e-06,6.946238845534335e-16,6.946238845534334e-17,0.288660500192046,,0.0004703520265145347,0.0004703520265145347,0.2983987900400346,,0.0011899436916403415,0.0011899436916403415,0.006954474533725846,0.0004703520265145347,0.005933084238935161,6326281471706531.0,0.0011899436916403415,3.3086777391801336e+16,,,,,,
tmd,112,2.917375893687275e-11,1.7481374533131644e-16,True,2623032014.591159,3.812381985569725e-11,1.7729167952584503e-06,6.759036052157326e-16,6.759036052157325e-17,0.3193592106964167,,0.0007794719281754965,0.0007794719281754965,0.37201861441719347,,0.0008875180987068385,0.0008875180987068385,0.0071659441169286886,0.0007794719281754965,0.0051857369200478684,4459931559439934.0,0.0008875180987068385,8739453846002204.0,,,,,,
tmd,113,5.864286412141752e-11,1.7285963125711144e-16,True,1235618947.1239533,8.093109953741129e-11,8.049874662532226e-07,6.514852075770806e-16,6.514852075770806e-17,0.3862386836789634,,0.00034797328303755445,0.00034797328303755445,0.4686889985909925,,0.0007209334689314307,0.0007209334689314307,0.005985679595272093,0.00034797328303755445,0.004157601242206969,3678564037921508.0,0.0007209334689314307,6988116901097288.0,,,,,,
tmd,114,2.721780235169253e-11,1.7559891802970536e-16,True,2785251996.069653,3.590339407030775e-11,1.9064086151924117e-06,6.844653977028284e-16,6.844653977028284e-17,0.3310558555265263,,0.00064017814971909,0.00064017814971909,0.310203389412985,,0.0011452724246632684,0.0011452724246632684,0.0060041607327934576,0.00064017814971909,0.004640749478159175,4249356945610286.5,0.0011452724246632684,7021675017736781.0,,,,,,
tmd,115,2.3102411218219944e-11,1.7462577728160126e-16,True,3349769542.8499594,2.9852799937669957e-11,2.260227821904186e-06,6.7474128980861195e-16,6.747412898086119e-17,0.35375483090455856,,0.000386451960311288,0.000386451960311288,0.34179742360945764,,0.0007679378977630352,0.0007679378977630352,0.007814847470476888,0.000386451960311288,0.006825485585217729,8828651250789418.0,0.0007679378977630352,1.5729786433242006e+16,,,,,,
tmd,116,3.3508674294062675e-11,1.7496783419102372e-16,True,2263375544.1379557,4.418179751875276e-11,1.526391491224924e-06,6.743871979964667e-16,6.743871979964667e-17,0.33774036619015985,,0.000707976670327844,0.000707976670327844,0.3454096117209172,,0.001875081169420051,0.001875081169420051,0.006868340339709239,0.000707976670327844,0.006298976772449891,3957158089514744.5,0.001875081169420051,3992401794107164.5,,,,,,
tmd,117,3.0760943088461164e-11,1.7436969539855604e-16,True,2482249499.5356984,4.028603894117206e-11,1.6650921987056683e-06,6.707996915769836e-16,6.707996915769836e-17,0.37326298595295737,,0.0006490690249137441,0.0006490690249137441,0.3483960466230021,,0.0006827758671688182,0.0006827758671688182,0.007583705779262444,0.0006490690249137441,0.004436052289522285,6495785091674963.0,0.0006827758671688182,8009616850145133.0,,,,,,
tmd,118,4.86500089688846e-11,1.733681214112157e-16,True,1553445962.557892,6.437301483943528e-11,1.0191684219383203e-06,6.560694394931932e-16,6.560694394931933e-17,0.35623638834197235,,0.0007314602844118852,0.0007314602844118852,0.45229519986163236,,0.0009002941949318198,0.0009002941949318198,0.006537433227123881,0.0007314602844118852,0.006336233926611309,2966584315542985.0,0.0009002941949318198,4256526036246034.0,,,,,,
tmd,119,2.755680426940047e-11,1.7473048451672487e-16,True,2801633266.6594243,3.56934653760864e-11,1.8935813708047661e-06,6.758848109562215e-16,6.758848109562215e-17,0.3160544059214078,,0.000559548377950789,0.000559548377950789,0.37875341611796787,,0.0006836576444593111,0.0006836576444593111,0.005837404901181335,0.000559548377950789,0.005422121665583168,4019463451135434.5,0.0006836576444593111,1.5886566020591722e+16,,,,,,
tmd,120,3.75515526508862e-11,1.735291944891686e-16,True,2015619669.6472535,4.9612534301920484e-11,1.3309184955203983e-06,6.603023951206617e-16,6.603023951206616e-17,0.36149829080194895,,0.0003992726911366307,0.0003992726911366307,0.42821304707540503,,0.000947035667863184,0.000947035667863184,0.008331313063469833,0.0003992726911366307,0.005235700295601534,7110693215274758.0,0.000947035667863184,6824160334248287.0,,,,,,
tmd,121,3.380171983449309e-11,1.7372053249909788e-16,True,2215283653.0908575,4.5140946108854166e-11,1.4656430744850424e-06,6.616051504014464e-16,6.616051504014463e-17,0.43011196047811984,,0.0003066450227346352,0.0003066450227346352,0.3414881763410803,,0.0007879942491906799,0.0007879942491906799,0.007969236013930096,0.0003066450227346352,0.006336822879411023,2130026026311339.2,0.0007879942491906799,8927843265341007.0,,,,,,
tmd,122,4.613402527603903e-11,1.7378549613799049e-16,True,1620589826.9917066,6.170592850482687e-11,1.0712598163514144e-06,6.610308163787434e-16,6.610308163787434e-17,0.3701599927661867,,0.000690567571676195,0.000690567571676195,0.413558951188521,,0.0012679454204373446,0.0012679454204373446,0.005006539737938239,0.000690567571676195,0.004798817811907829,5310481814965277.0,0.0012679454204373446,4.008928809051619e+16,,,,,,
tmd,123,2.1654170634551742e-11,1.7562485994674577e-16,True,3708303776.4970474,2.6966507068216078e-11,2.5449502930791482e-06,6.862842006657743e-16,6.862842006657743e-17,0.2709434621687858,,0.0005498323557056926,0.0005498323557056926,0.36180118015266366,,0.0004958955488968314,0.0004958955488968314,0.005152223373300916,0.0005498323557056926,0.006898871420168784,2877314809123535.0,0.0004958955488968314,3.619765051384583e+16,,,,,,
tmd,124,3.329768180190531e-11,1.7450332888396332e-16,True,2274210141.2559237,4.3971310384173816e-11,1.5262155020742054e-06,6.710969555484256e-16,6.710969555484256e-17,0.3405201955849354,,0.0005450237666223799,0.0005450237666223799,0.37436152994785343,,0.0014219077298375541,0.0014219077298375541,0.007809185438204443,0.0005450237666223799,0.004931064597914216,3460128770281441.5,0.0014219077298375541,3775166967138167.5,,,,,,
tmd,125,4.4910988243020887e-11,1.748113464132992e-16,True,1870064563.4682865,5.3474089586798294e-11,1.2523837429701458e-06,6.697008046863534e-16,6.697008046863535e-17,0.27606745946888306,,0.00045120293178617507,0.00045120293178617507,0.4315247527383564,,0.001828441312659904,0.001828441312659904,0.006159751123768908,0.00045120293178617507,0.004318625233820448,4933290544501396.0,0.001828441312659904,3.302695381245167e+16,,,,,,
tmd,126,2.8986294000783354e-11,1.7411047316293092e-16,True,2646207353.1755123,3.778993353638656e-11,1.7685464430310564e-06,6.683325253815647e-16,6.683325253815647e-17,0.3862718789312576,,0.0006292506862757313,0.0006292506862757313,0.3537722158481097,,0.00046568009067451044,0.00046568009067451044,0.0061531152807023605,0.0006292506862757313,0.006054606179619031,2.3017154761223484e+16,0.00046568009067451044,1.1085607434783214e+16,,,,,,
tmd,127,2.3840326617724458e-11,1.76346425842866e-16,True,3572418545.303715,2.799224075562465e-11,2.4658118283686744e-06,6.902359835776295e-16,6.902359835776294e-17,0.23906675794831583,,0.00035267556110572796,0.00035267556110572796,0.362557520677189,,0.0006038821281728679,0.0006038821281728679,0.003769766090458587,0.00035267556110572796,0.006616123875977013,9719093898411426.0,0.0006038821281728679,5159775557960744.0,,,,,,
tmd,128,2.927566399286185e-11,1.7458726916007484e-16,True,2590642955.8480525,3.8600456220438443e-11,1.7468907912827727e-06,6.743078151079774e-16,6.743078151079774e-17,0.34090135142381467,,0.00042563634026196424,0.00042563634026196424,0.364323109667043,,0.0009974156943948407,0.0009974156943948407,0.006443011580100074,0.00042563634026196424,0.004887072656633361,6277949054872433.0,0.0009974156943948407,3097795501055240.0,,,,,,
tmd,129,3.309521279234118e-11,1.739666823529879e-16,True,2246533799.8858643,4.451301823506084e-11,1.5003198650052417e-06,6.678376550940234e-16,6.678376550940234e-17,0.38775925342288603,,0.00038653984339047923,0.00038653984339047923,0.3655599386022329,,0.0006865394737895984,0.0006865394737895984,0.0061787446442322985,0.00038653984339047923,0.004462905174520164,3591647449968235.0,0.0006865394737895984,4064332311347647.0,,,,,,
tmd,130,4.1062340811843073e-11,1.7347883230998789e-16,True,1813995974.5963156,5.5126913951533914e-11,1.1942796461938922e-06,6.583695128979907e-16,6.583695128979906e-17,0.3974064459392234,,0.0006409106663333361,0.0006409106663333361,0.4061075009730429,,0.0007963069826040319,0.0007963069826040319,0.005971815311682052,0.0006409106663333361,0.0052707082695450935,5733044295007126.0,0.0007963069826040319,4.213509282707771e+16,,,,,,
tmd,131,2.261714442930542e-11,1.7584724005239027e-16,True,3464838785.9441085,2.8861371676417473e-11,2.3863621602404304e-06,6.887368526123758e-16,6.887368526123758e-17,0.3131069574628399,,0.0006809199539215522,0.0006809199539215522,0.30359850032149216,,0.0006967297019937304,0.0006967297019937304,0.007789455368677553,0.0006809199539215522,0.004112548903198727,1.2479140395005292e+16,0.0006967297019937304,3864332111804466.0,,,,,,
tmd,132,2.1000301292937397e-11,1.7564729219257674e-16,True,3786221836.424348,2.6411553342695455e-11,2.603393631243325e-06,6.875966976361669e-16,6.875966976361669e-17,0.2864928754238806,,0.00043401394457711213,0.00043401394457711213,0.3379371282111172,,0.0007477911951616357,0.0007477911951616357,0.006561626631079349,0.00043401394457711213,0.005515844112723297,6293719483858170.0,0.0007477911951616357,1.669642709739466e+16,,,,,,
tmd,133,3.826826517091086e-11,1.7437022712560444e-16,True,1934716108.847249,5.168716978305538e-11,1.2982773541315888e-06,6.710428202849534e-16,6.710428202849535e-17,0.35135338552494044,,0.0007146646958730189,0.0007146646958730189,0.380701724342307,,0.000911775776427813,0.000911775776427813,0.005291450771417224,0.0007146646958730189,0.0034958368291845717,7876493227812044.0,0.000911775776427813,7295232350906091.0,,,,,,
tmd,134,2.991045950825533e-11,1.748231986391917e-16,True,2530106844.451329,3.952402256027479e-11,1.7069810223412618e-06,6.746675643697696e-16,6.746675643697697e-17,0.36430343613507515,,0.0006810792854707034,0.0006810792854707034,0.32850825261173544,,0.0010776807086952708,0.0010776807086952708,0.007663900969559487,0.0006810792854707034,0.005137446515937838,2165662163476525.2,0.0010776807086952708,7323046254565754.0,,,,,,
tmd,135,3.717146520783771e-11,1.7422623741887848e-16,True,1975193872.6752515,5.062794158254325e-11,1.3221808795226992e-06,6.693929633003086e-16,6.693929633003086e-17,0.3814014874710099,,0.00043194727456611975,0.00043194727456611975,0.3602664328002585,,0.0010286894254750143,0.0010286894254750143,0.0035957274914445144,0.00043194727456611975,0.005412252467468828,3678734549373167.0,0.0010286894254750143,1.6752341273347684e+16,,,,,,
tmd,136,2.7246508625408368e-11,1.748657647819292e-16,True,2861446509.719003,3.4947359547119436e-11,1.937839030758972e-06,6.772235735237524e-16,6.772235735237523e-17,0.29300925040916115,,0.000527585143011068,0.000527585143011068,0.39509471036349475,,0.0007689840980469352,0.0007689840980469352,0.008171926455781181,0.000527585143011068,0.004329098610098879,1964151354398377.5,0.0007689840980469352,1.9770673174771556e+16,,,,,,
tmd,137,2.82239526181548e-11,1.749271574119242e-16,True,2693290908.4412537,3.71292977251667e-11,1.8205678507858262e-06,6.759640576069381e-16,6.759640576069381e-17,0.30315268396151956,,0.0010352559163087748,0.0010352559163087748,0.3830684417322574,,0.000641419808265268,0.000641419808265268,0.0069188109815956555,0.0010352559163087748,0.006240298811353451,1.0601700337302396e+16,0.000641419808265268,1.1402778226670406e+16,,,,,,
tmd,138,2.7656403274428758e-11,1.7462130817547497e-16,True,2705115212.5146837,3.696700219545906e-11,1.827926956957224e-06,6.757297983097649e-16,6.757297983097649e-17,0.35198562084378726,,0.0002414806771202946,0.0002414806771202946,0.3505033887744059,,0.0008900809222452761,0.0008900809222452761,0.0077635668236243904,0.0002414806771202946,0.0036125397122062715,3454058238304342.0,0.0008900809222452761,8136709947278462.0,,,,,,
tmd,139,3.3905246786521995e-11,1.7423690702195395e-16,True,2268515937.8004365,4.408168280138268e-11,1.5116958202593161e-06,6.663809564084717e-16,6.663809564084717e-17,0.3405181615531039,,0.0006839056037502444,0.0006839056037502444,0.39801392864991636,,0.0012834373765365837,0.0012834373765365837,0.008854252788451774,0.0006839056037502444,0.005743356289307439,3525532318308052.0,0.0012834373765365837,2.6775570812896036e+16,,,,,,
tmd,140,4.550320540962274e-11,1.7327787597203095e-16,True,1616414756.7478292,6.18653099908569e-11,1.063247877707555e-06,6.57781595514986e-16,6.57781595514986e-17,0.41800322753863517,,0.000606560967845699,0.000606560967845699,0.39285660726754,,0.0005884904843011238,0.0005884904843011238,0.006296301513018893,0.000606560967845699,0.004196445160553123,3859680392783434.0,0.0005884904843011238,4300690771499169.5,,,,,,
tmd,141,2.8210840721453145e-11,1.7404037030927937e-16,True,2718971758.14023,3.6778609303540446e-11,1.8137601492540403e-06,6.670757589974556e-16,6.670757589974556e-17,0.3628318507075475,,0.0005845967641639093,0.0005845967641639093,0.3830374563892483,,0.0006436654934193493,0.0006436654934193493,0.00779696956100104,0.0005845967641639093,0.0065122535215231215,2466372235918842.0,0.0006436654934193493,2.8560105436250604e+16,,,,,,
tmd,142,2.8161289382302145e-11,1.748633214142901e-16,True,2729972368.6673875,3.663040737984251e-11,1.8396562368952569e-06,6.738735739634131e-16,6.738735739634131e-17,0.35566245351441544,,0.0007436178180875214,0.0007436178180875214,0.33734770734658326,,0.0009914535898530987,0.0009914535898530987,0.006933652120354585,0.0007436178180875214,0.006330603918365252,2.199608076985255e+16,0.0009914535898530987,1.976767915304295e+16,,,,,,
tmd,143,3.052970498174053e-11,1.7454749333916982e-16,True,2507051825.897879,3.988748815122155e-11,1.6650607321147474e-06,6.641509022329126e-16,6.641509022329126e-17,0.41000493034760144,,0.0003777527007362464,0.0003777527007362464,0.3464829617455079,,0.0007382722031956638,0.0007382722031956638,0.007101384033953773,0.0003777527007362464,0.0061499897462462165,2415340154551319.5,0.0007382722031956638,6.809336289343114e+16,,,,,,
tmd,144,4.7757523147859255e-11,1.7331243247278014e-16,True,1520709372.7676706,6.575878454540024e-11,1.0007712461545428e-06,6.580950075510829e-16,6.580950075510829e-17,0.4009076756071552,,0.00048061674332438605,0.00048061674332438605,0.4116658810205876,,0.0009002921388207572,0.0009002921388207572,0.006589077944575937,0.00048061674332438605,0.0035210883900505933,2986599948519888.0,0.0009002921388207572,1.002399786865261e+16,,,,,,
tmd,145,3.989919363669506e-11,1.7361168254541728e-16,True,1910307854.5613158,5.234758353802825e-11,1.2618705290494316e-06,6.605587293359103e-16,6.605587293359102e-17,0.3734864410242088,,0.00047725362877337404,0.00047725362877337404,0.4068508210033153,,0.0009772955689835196,0.0009772955689835196,0.004363234242594081,0.00047725362877337404,0.008429476447310258,8690588274028180.0,0.0009772955689835196,7714534588557599.0,,,,,,
tmd,146,5.951121278170629e-11,1.746780216300848e-16,True,1430981938.1306603,6.988208399795274e-11,9.461169907671684e-07,6.611662702068153e-16,6.611662702068154e-17,0.2576728397790361,,0.0009854346118857145,0.0009854346118857145,0.48105453380370355,,0.0007754412978388872,0.0007754412978388872,0.005838230735364055,0.0009854346118857145,0.007170804443216012,5337739522279791.0,0.0007754412978388872,6837216943122290.0,,,,,,
tmd,147,3.4830673867844907e-11,1.736281287256951e-16,True,2152110502.8630714,4.646601550755153e-11,1.4240687354589718e-06,6.617079994565589e-16,6.617079994565588e-17,0.39586318890944194,,0.0006035278651909077,0.0006035278651909077,0.38469172710872446,,0.0007312222851098463,0.0007312222851098463,0.006216080149427915,0.0006035278651909077,0.006750652809249549,9197791230161040.0,0.0007312222851098463,1.1475028916482836e+16,,,,,,
tmd,148,2.9234304533880373e-11,1.7490524277575396e-16,True,2809105081.075956,3.559852590551634e-11,1.8957264977957834e-06,6.748506884155697e-16,6.748506884155696e-17,0.27507575513071786,,0.00044194494771879,0.00044194494771879,0.4098316848631989,,0.0010113761504713004,0.0010113761504713004,0.008297363754372926,0.00044194494771879,0.005585283082621628,6994329234984842.0,0.0010113761504713004,1.306589254427373e+16,,,,,,
tmd,149,2.315951522045021e-11,1.744501841935356e-16,True,3313767368.199137,3.017713342211613e-11,2.2380676924945524e-06,6.753846736413569e-16,6.753846736413568e-17,0.329680887592508,,0.0005663315071486824,0.0005663315071486824,0.37455014630170774,,0.00032503604858032223,0.00032503604858032223,0.007338708873103625,0.0005663315071486824,0.0057649611962450826,4273659368705453.5,0.00032503604858032223,5311377594437723.0,,,,,,
cnt,0,3.1905440981831024e-12,2.3701887981273464e-16,True,41854067775.233665,2.3892540275182775e-12,3.503545158154784e-05,8.370859379713478e-16,8.370859379713477e-17,,,7.356985800772463e-05,7.356985800772463e-05,,,7.034362315422844e-05,7.034362315422844e-05,,,,,,,310149412.4374346,2.9683980779190396e-06,219410590.08346176,1.5019110389188296e-06,,
cnt,1,3.2464251814015996e-12,2.3634486687282913e-16,True,40880953378.12216,2.4461269059717178e-12,3.422670527021745e-05,8.37228646642429e-16,8.37228646642429e-17,,,5.508705506525822e-05,5.508705506525822e-05,,,7.802734754412173e-05,7.802734754412173e-05,,,,,,,246132025.399853,4.843635131490662e-07,225725032.90674332,1.5410122790994496e-07,,
cnt,2,3.1383284576094133e-12,2.3619456573492497e-16,True,43692264940.590485,2.2887346338298694e-12,3.657562335475037e-05,8.37118959259338e-16,8.371189592593381e-17,,,7.00958407415383e-05,7.00958407415383e-05,,,4.7797235490266545e-05,4.7797235490266545e-05,,,,,,,209069821.1768353,2.2463414839648834e-06,287746278.1774229,2.5899031815270665e-07,,
cnt,3,2.9986427106647986e-12,2.36453340936888e-16,True,47965525646.220535,2.084830691475588e-12,4.014025697666841e-05,8.368563970867539e-16,8.36856397086754e-17,,,2.2591659613765187e-05,2.2591659613765187e-05,,,6.586688438993207e-05,6.586688438993207e-05,,,,,,,260024875.77015704,4.644576965432568e-06,227947604.18571714,5.724033764000751e-07,,
cnt,4,3.1083857333152014e-12,2.363850368760548e-16,True,44304425645.2123,2.257110853908708e-12,3.7083574980551355e-05,8.370173959033987e-16,8.370173959033986e-17,,,6.057267474594073e-05,6.057267474594073e-05,,,5.609974443143264e-05,5.609974443143264e-05,,,,,,,212339904.9206648,1.2176935671922995e-07,295556780.37661755,2.775637166515046e-06,,
cnt,5,2.7425523624471844e-12,2.3595937782950657e-16,True,55577909045.10458,1.7992760382339032e-12,4.654063549304429e-05,8.373945024681291e-16,8.37394502468129e-17,,,5.266837137068932e-05,5.266837137068932e-05,,,4.232279839309456e-05,4.232279839309456e-05,,,,,,,357587231.4272718,2.84330447449339e-06,283691080.4183655,2.355828501120928e-08,,
cnt,6,3.012708391127865e-12,2.363039703320552e-16,True,46740963235.27402,2.1394509885609923e-12,3.912988480117181e-05,8.371647072014478e-16,8.371647072014477e-17,,,5.6937065934773904e-05,5.6937065934773904e-05,,,5.126194430731304e-05,5.126194430731304e-05,,,,,,,268824330.62095356,4.167729098346812e-07,250618070.22658518,2.7590674132045316e-06,,
cnt,7,3.266274370045386e-12,2.364671741382369e-16,True,40292395845.715034,2.4818578766800903e-12,3.371284154004852e-05,8.367048132143716e-16,8.367048132143717e-17,,,6.126371388150002e-05,6.126371388150002e-05,,,8.876003666955111e-05,8.876003666955111e-05,,,,,,,279609685.91544765,4.9800076042379276e-08,221298973.02709696,7.855413697906728e-07,,
cnt,8,3.214396567331451e-12,2.374040743441378e-16,True,41869772039.32406,2.3883578803839693e-12,3.5054922896864874e-05,8.372370134697967e-16,8.372370134697966e-17,,,6.0037553296487634e-05,6.0037553296487634e-05,,,5.615111967134885e-05,5.615111967134885e-05,,,,,,,209190112.08460954,8.881755117810242e-06,248178627.0501862,1.3735887357675196e-06,,
cnt,9,2.8389775417084186e-12,2.361258824159351e-16,True,52609661130.21407,1.9007915628365326e-12,4.404213827968034e-05,8.371492485129627e-16,8.371492485129626e-17,,,3.512418126603989e-05,3.512418126603989e-05,,,5.040599680324315e-05,5.040599680324315e-05,,,,,,,280339332.6528146,5.562793586156936e-07,271283388.6398713,3.782152737160262e-06,,
cnt,10,2.7727289177866214e-12,2.358307046445903e-16,True,54578741708.497475,1.832215197156713e-12,4.568943526373074e-05,8.371287763971528e-16,8.37128776397153e-17,,,3.2067592073501815e-05,3.2067592073501815e-05,,,6.365261908496112e-05,6.365261908496112e-05,,,,,,,307426238.01873887,1.6815029820889587e-06,308376516.1855439,8.314829750537833e-07,,
cnt,11,3.2118534321588934e-12,2.3632598716208613e-16,True,41873110375.30777,2.3881674684231048e-12,3.505581569885167e-05,8.371915863103352e-16,8.371915863103352e-17,,,5.687907291154052e-05,5.687907291154052e-05,,,6.111785933192776e-05,6.111785933192776e-05,,,,,,,202470231.2439829,6.734359433681952e-07,262701618.16414833,1.0192283032230888e-06,,
cnt,12,2.983387415202374e-12,2.359938692515327e-16,True,47866742804.16523,2.0891331672415005e-12,4.009832855793377e-05,8.377074814132647e-16,8.377074814132649e-17,,,4.882343685846113e-05,4.882343685846113e-05,,,4.77462857014164e-05,4.77462857014164e-05,,,,,,,249542314.08859727,1.0914621769554255e-06,258576840.89066073,9.121508227774583e-07,,
cnt,13,2.871653718950805e-12,2.357125534773031e-16,True,51170914198.32925,1.9542351659463814e-12,4.283699690683069e-05,8.37135657588649e-16,8.37135657588649e-17,,,3.761794570427262e-05,3.761794570427262e-05,,,5.702635916046921e-05,5.702635916046921e-05,,,,,,,261857370.91734508,7.916782026456316e-07,296167400.0560877,5.230413563911296e-07,,
cnt,14,2.983939678963965e-12,2.3588363995221676e-16,True,47772717931.65081,2.0932449383154544e-12,3.99897641664871e-05,8.3708371425927855e-16,8.370837142592786e-17,,,5.426272471336712e-05,5.426272471336712e-05,,,4.717834678918335e-05,4.717834678918335e-05,,,,,,,240040584.17846218,7.060452210241602e-07,280814461.41765285,7.276348189270477e-07,,
cnt,15,2.8884259075939333e-12,2.355729941141057e-16,True,51291443604.48216,1.949642922338442e-12,4.294558201360253e-05,8.372855001852527e-16,8.372855001852527e-17,,,3.852028404090621e-05,3.852028404090621e-05,,,4.1093890979008374e-05,4.1093890979008374e-05,,,,,,,221862976.92688218,4.0322319998091703e-07,305758965.2374361,1.2818191198327642e-06,,
cnt,16,2.9634983690914516e-12,2.3613443607299193e-16,True,47886514499.473434,2.0882705923626914e-12,4.007902485467604e-05,8.369584897459337e-16,8.369584897459338e-17,,,6.781621424209243e-05,6.781621424209243e-05,,,4.7442427255372924e-05,4.7442427255372924e-05,,,,,,,281910047.4960094,1.063066347750833e-06,276546845.3532138,1.3156917938865023e-06,,
cnt,17,3.051413431066681e-12,2.3599290687844154e-16,True,46625555939.77777,2.144746544773888e-12,3.904260885535003e-05,8.373650044147038e-16,8.373650044147038e-17,,,4.139103510215767e-05,4.139103510215767e-05,,,4.5316206412686014e-05,4.5316206412686014e-05,,,,,,,300616308.9312316,7.861738029020625e-07,187777449.38856152,6.457785970576929e-07,,
cnt,18,3.085796209843794e-12,2.3607106751178584e-16,True,44649169459.55297,2.2396833179750082e-12,3.737386886663888e-05,8.370563062879662e-16,8.370563062879662e-17,,,5.85252365301635e-05,5.85252365301635e-05,,,6.0472819044044216e-05,6.0472819044044216e-05,,,,,,,257548122.7066593,2.0641370152724623e-07,251502739.34592664,3.8820422320293397e-07,,
cnt,19,3.1040727238363302e-12,2.3611082827960727e-16,True,44424802998.89554,2.250994787810002e-12,3.7195944618966895e-05,8.3727877464963965e-16,8.372787746496397e-17,,,3.977685242415887e-05,3.977685242415887e-05,,,6.944356852217135e-05,6.944356852217135e-05,,,,,,,208383194.9907762,9.944725577989535e-07,285966573.55996555,3.954298898193977e-07,,
cnt,20,2.9525202815671438e-12,2.355508354944788e-16,True,49537750165.18672,2.0186625284059885e-12,4.1486358659734835e-05,8.374695766641799e-16,8.3746957666418e-17,,,1.2678236130299277e-05,1.2678236130299277e-05,,,5.4617028664720305e-05,5.4617028664720305e-05,,,,,,,195171540.92288664,2.618464121563333e-07,287747529.7753648,5.548957453270822e-07,,
cnt,21,3.1192701037099825e-12,2.3622346329606714e-16,True,43793946388.72609,2.283420615086269e-12,3.666228599898226e-05,8.371541964626477e-16,8.371541964626477e-17,,,4.5189210783563655e-05,4.5189210783563655e-05,,,7.574521285284832e-05,7.574521285284832e-05,,,,,,,227842742.0410247,5.647651059218355e-07,274800232.97632533,7.586105825867953e-07,,
cnt,22,3.0949631445962776e-12,2.365227449207321e-16,True,44778188757.26141,2.2332301233105057e-12,3.7500996064545924e-05,8.374835406549268e-16,8.374835406549268e-17,,,5.193869596747796e-05,5.193869596747796e-05,,,5.530375567379312e-05,5.530375567379312e-05,,,,,,,268931443.28009266,2.00895628675125e-06,218867283.03521997,1.8903273809795605e-06,,
cnt,23,3.0683454443809057e-12,2.3623208240726937e-16,True,45107468513.37595,2.2169277792733256e-12,3.7761623749117325e-05,8.371479267988554e-16,8.371479267988554e-17,,,5.870947879851911e-05,5.870947879851911e-05,,,6.088639383279929e-05,6.088639383279929e-05,,,,,,,229143767.89359194,1.967759926360679e-06,296993584.2336094,4.971644354335339e-07,,
cnt,24,3.1357862973649538e-12,2.3639303453760684e-16,True,43561134694.1822,2.2956243151617326e-12,3.648255858974284e-05,8.37502485779262e-16,8.37502485779262e-17,,,6.45057849055688e-05,6.45057849055688e-05,,,5.0913965726138616e-05,5.0913965726138616e-05,,,,,,,242119762.09771848,2.0461524314917348e-07,239393926.49526474,2.40363989592939e-06,,
cnt,25,3.137621274003001e-12,2.3651891029808055e-16,True,43619896273.709816,2.292531815585061e-12,3.650042522922676e-05,8.3678386120386e-16,8.367838612038599e-17,,,5.4462304235769005e-05,5.4462304235769005e-05,,,6.867561166456512e-05,6.867561166456512e-05,,,,,,,310990011.64739466,7.805826842152063e-07,205271178.69144085,2.36224727371493e-06,,
cnt,26,3.5350375263315787e-12,2.3671591703099046e-16,True,35880271611.113594,2.787046906552009e-12,3.0038965024006404e-05,8.372000454618103e-16,8.372000454618104e-17,,,5.745577786220968e-05,5.745577786220968e-05,,,7.80811121755179e-05,7.80811121755179e-05,,,,,,,224759866.81833395,5.59451433378602e-07,169510331.2414781,7.280855041188093e-07,,
cnt,27,3.176424033443157e-12,2.3631406178332953e-16,True,42379916409.94078,2.359608240674671e-12,3.5493060114970484e-05,8.374971713404585e-16,8.374971713404584e-17,,,5.6765891646402724e-05,5.6765891646402724e-05,,,7.153922595166308e-05,7.153922595166308e-05,,,,,,,224364052.98812613,6.266753488976595e-08,268902481.13268614,1.137530683293292e-06,,
cnt,28,3.2188994490714244e-12,2.369010823026606e-16,True,41067520157.924995,2.43501432800058e-12,3.4371858102772304e-05,8.369596696025339e-16,8.36959669602534e-17,,,7.556391185283319e-05,7.556391185283319e-05,,,7.555215817388934e-05,7.555215817388934e-05,,,,,,,237068331.4320112,3.863855644655728e-06,283496341.8654074,5.591748026034677e-07,,
cnt,29,3.1005264587603915e-12,2.365641303621561e-16,True,44608570535.995155,2.2417216870760045e-12,3.7345944336722266e-05,8.371921334396359e-16,8.371921334396359e-17,,,5.408876659975499e-05,5.408876659975499e-05,,,5.378851990034184e-05,5.378851990034184e-05,,,,,,,218410957.48965254,8.744187461771977e-07,267988685.53896254,3.5126302324270723e-06,,
cnt,30,3.316250838344127e-12,2.3660511041218505e-16,True,39448018300.87078,2.534981586078624e-12,3.3026042170180723e-05,8.372040876246425e-16,8.372040876246426e-17,,,6.282694435874452e-05,6.282694435874452e-05,,,7.70001530480914e-05,7.70001530480914e-05,,,,,,,257508729.93092537,1.3804722342601486e-06,205516502.49404088,2.210134804931411e-07,,
cnt,31,3.0739473569367636e-12,2.362205797153355e-16,True,44824905190.37842,2.2309026550147575e-12,3.7512219830019e-05,8.368611081428662e-16,8.368611081428661e-17,,,4.4876511630056615e-05,4.4876511630056615e-05,,,7.920872897770594e-05,7.920872897770594e-05,,,,,,,248974951.27943122,8.273912255976605e-07,277221331.56548434,6.669633220599105e-07,,
cnt,32,2.954482433955767e-12,2.3592253480294825e-16,True,48418317380.32887,2.065334059721527e-12,4.054993160694078e-05,8.374915486719327e-16,8.374915486719327e-17,,,5.2965827989953265e-05,5.2965827989953265e-05,,,5.182333191193494e-05,5.182333191193494e-05,,,,,,,261103052.16347995,4.548820883483635e-07,277787875.6187581,9.860464800066731e-07,,
cnt,33,3.057712692277805e-12,2.3663468939614823e-16,True,46644141191.546234,2.143891975400417e-12,3.8997829640085214e-05,8.360713402341121e-16,8.360713402341122e-17,,,2.0648648685839517e-05,2.0648648685839517e-05,,,7.814140246232318e-05,7.814140246232318e-05,,,,,,,291977719.6744169,3.719928713319851e-06,204680284.1531228,2.103038783659977e-06,,
cnt,34,3.383094167709145e-12,2.365147303234226e-16,True,38541683279.49382,2.5945934762326584e-12,3.228859341326581e-05,8.377577382678826e-16,8.377577382678826e-17,,,4.7020092001506796e-05,4.7020092001506796e-05,,,6.966898105553325e-05,6.966898105553325e-05,,,,,,,179682317.4761287,2.71345289517157e-07,229167328.29937223,1.1905569584819008e-06,,
cnt,35,3.3620628157268913e-12,2.366118057318618e-16,True,39038652766.50386,2.561563806981641e-12,3.26931042868401e-05,8.374547267904594e-16,8.374547267904594e-17,,,4.539573944281082e-05,4.539573944281082e-05,,,6.791531436494529e-05,6.791531436494529e-05,,,,,,,211775969.73238996,2.1156321624935103e-07,193442450.85378075,2.5633269429207136e-06,,
cnt,36,3.009287716108745e-12,2.3598621332372427e-16,True,46947292022.57781,2.1300483093233187e-12,3.929950727893417e-05,8.370984903673318e-16,8.370984903673318e-17,,,5.4367858710627104e-05,5.4367858710627104e-05,,,4.98680893630163e-05,4.98680893630163e-05,,,,,,,258113957.2679923,1.0900937424216849e-06,254146825.09676147,2.088077541736266e-07,,
cnt,37,2.9507176820699144e-12,2.3778942572988115e-16,True,48250866719.96623,2.0725016315327647e-12,4.0385035466294026e-05,8.369805189340294e-16,8.369805189340293e-17,,,4.9909456027606633e-05,4.9909456027606633e-05,,,6.531648367481997e-05,6.531648367481997e-05,,,,,,,288280892.55356216,6.026835757341087e-06,276893804.7214054,5.80800462335526e-06,,
cnt,38,3.1522653806552755e-12,2.363606034434352e-16,True,43784676334.47054,2.283904058947504e-12,3.6658680725387815e-05,8.372490970437386e-16,8.372490970437386e-17,,,5.2827242372558426e-05,5.2827242372558426e-05,,,4.4260830238413486e-05,4.4260830238413486e-05,,,,,,,289561541.47921354,8.233148982610393e-07,180255941.25086242,2.1188469388795448e-06,,
cnt,39,2.94842002644824e-12,2.360290036148947e-16,True,48029292256.798615,2.082062743405195e-12,4.019774144632728e-05,8.369421983443288e-16,8.369421983443289e-17,,,5.390385215306824e-05,5.390385215306824e-05,,,6.98344084837739e-05,6.98344084837739e-05,,,,,,,281492540.3360557,1.2293468610735458e-06,307399649.6370099,8.465211077187918e-08,,
cnt,40,3.120520636984623e-12,2.3663112784306506e-16,True,43878948316.67731,2.278997191963064e-12,3.67128421596665e-05,8.366846419086314e-16,8.366846419086314e-17,,,4.427184168123328e-05,4.427184168123328e-05,,,7.655020853030711e-05,7.655020853030711e-05,,,,,,,256938530.6678386,3.2640848920979065e-06,241195065.29979658,6.729415524142401e-07,,
cnt,41,2.8759028909468482e-12,2.3728243489949945e-16,True,50768581672.16836,1.969722153077611e-12,4.249849181417911e-05,8.37102207987761e-16,8.37102207987761e-17,,,5.1522455063332196e-05,5.1522455063332196e-05,,,5.204555653011776e-05,5.204555653011776e-05,,,,,,,280090397.9195339,8.669583910332996e-07,296477742.75730777,8.97160243399694e-06,,
cnt,42,3.4494931433996786e-12,2.365046739286652e-16,True,37429203422.80413,2.6717106124431694e-12,3.134791845957719e-05,8.375256642645551e-16,8.37525664264555e-17,,,6.134364236407143e-05,6.134364236407143e-05,,,5.742144533086944e-05,5.742144533086944e-05,,,,,,,225888729.3920797,4.0161076974205416e-07,170222733.4300748,2.2072729906625318e-07,,
cnt,43,3.1733872051795377e-12,2.366984074849098e-16,True,41808898800.2708,2.3918352998896083e-12,3.498590632381579e-05,8.36805257439337e-16,8.368052574393369e-17,,,7.304426588547297e-05,7.304426588547297e-05,,,8.601765110088088e-05,8.601765110088088e-05,,,,,,,263711643.66771936,1.70465577879643e-06,293376078.37325,7.788690222902244e-07,,
cnt,44,3.0520951589810435e-12,2.361201214200088e-16,True,45954361811.32967,2.1760719996626262e-12,3.847866665694726e-05,8.373234909653486e-16,8.373234909653485e-17,,,3.624748143044979e-05,3.624748143044979e-05,,,6.263378133858206e-05,6.263378133858206e-05,,,,,,,213257059.63458243,1.0203247565115642e-07,279162774.9564144,1.9372126038440255e-06,,
cnt,45,2.65064822320993e-12,2.355717770290641e-16,True,59895664284.49833,1.6695699295529999e-12,5.012966886833694e-05,8.369498772102451e-16,8.369498772102451e-17,,,3.854070226203982e-05,3.854070226203982e-05,,,4.345304106420129e-05,4.345304106420129e-05,,,,,,,356024907.72340006,1.4970586251894709e-06,303682667.33402836,1.013777762600599e-06,,
cnt,46,3.039929165758388e-12,2.359783775015792e-16,True,46701641462.91238,2.141252360035652e-12,3.910159942492883e-05,8.3726392049797565e-16,8.372639204979757e-17,,,5.4991330649467776e-05,5.4991330649467776e-05,,,3.0487914661471357e-05,3.0487914661471357e-05,,,,,,,233320985.42361817,1.1650611229915557e-06,231896680.4039437,8.463873455058988e-07,,
cnt,47,3.0790165569594776e-12,2.3621704564501297e-16,True,45681403344.065605,2.189074605410318e-12,3.825470421999982e-05,8.374240154548454e-16,8.374240154548455e-17,,,3.81478261639904e-05,3.81478261639904e-05,,,4.8974472257596814e-05,4.8974472257596814e-05,,,,,,,191558638.0337378,2.4798092846208177e-06,277131497.5237261,1.3541538005498421e-06,,
cnt,48,3.0670065458141053e-12,2.3597370088902385e-16,True,45504390348.17848,2.197590149760197e-12,3.8090231971328454e-05,8.370671858227233e-16,8.370671858227234e-17,,,6.441682054693904e-05,6.441682054693904e-05,,,4.161521061236679e-05,4.161521061236679e-05,,,,,,,234560020.49857557,1.5761744492514166e-07,257876208.0042785,9.139250416905431e-07,,
cnt,49,3.016720051477543e-12,2.367006425875446e-16,True,46345602475.96961,2.157702018262691e-12,3.879261417466074e-05,8.370290189835135e-16,8.370290189835135e-17,,,5.8357563060662566e-05,5.8357563060662566e-05,,,6.188863728313172e-05,6.188863728313172e-05,,,,,,,255187027.76663443,3.2042980442590096e-06,290586396.17525697,2.0370919225475073e-06,,
cnt,50,2.9315023971603903e-12,2.359758105532371e-16,True,49613934649.35517,2.0155627790205852e-12,4.1539132362018484e-05,8.372472906169389e-16,8.37247290616939e-17,,,3.658251246011102e-05,3.658251246011102e-05,,,5.062026269525371e-05,5.062026269525371e-05,,,,,,,241692193.18614072,1.7048707094036849e-07,271401295.7001546,2.463128949416593e-06,,
cnt,51,3.182236218022741e-12,2.3644431555633505e-16,True,42391323282.52085,2.3589733053045044e-12,3.550177964500371e-05,8.374775047336658e-16,8.374775047336658e-17,,,5.3036593289294014e-05,5.3036593289294014e-05,,,6.990070588581501e-05,6.990070588581501e-05,,,,,,,240431704.56975523,1.512168825898156e-06,236976161.8872986,6.976980840029153e-07,,
cnt,52,3.3304904525900513e-12,2.367218866716777e-16,True,39890230130.61036,2.506879495870933e-12,3.33994424549263e-05,8.372837746377587e-16,8.372837746377587e-17,,,6.63355372917197e-05,6.63355372917197e-05,,,3.36096636862462e-05,3.36096636862462e-05,,,,,,,266836396.9157534,9.024061866405973e-07,157270276.6149323,3.7157990738662127e-06,,
cnt,53,3.1157010189975513e-12,2.360340438187033e-16,True,44637092765.38839,2.2402892707551065e-12,3.7389546975180295e-05,8.3763400926890465e-16,8.376340092689046e-17,,,4.565363610160515e-05,4.565363610160515e-05,,,4.5896756838205384e-05,4.5896756838205384e-05,,,,,,,243144283.55818737,5.751561227680227e-07,208093820.43260017,5.079397396401443e-07,,
cnt,54,3.191394802525597e-12,2.363691234398383e-16,True,41996535598.562416,2.381148791792795e-12,3.5155992429834186e-05,8.371164889857631e-16,8.371164889857633e-17,,,6.105752580581369e-05,6.105752580581369e-05,,,7.564516978846292e-05,7.564516978846292e-05,,,,,,,279636362.0987975,1.8918544151739355e-07,225546413.02108625,8.334925766611539e-07,,
cnt,55,2.8270378890504075e-12,2.356564987241774e-16,True,52982929099.83963,1.8874003702506262e-12,4.428904499375917e-05,8.35911599192677e-16,8.35911599192677e-17,,,1.9723549107923845e-05,1.9723549107923845e-05,,,7.998162830667303e-05,7.998162830667303e-05,,,,,,,310965211.33977354,5.337468593602894e-07,284104375.91472393,5.524202348077624e-07,,
cnt,56,3.087509373655644e-12,2.3658774482114795e-16,True,44597221106.668434,2.2422921769232706e-12,3.733689238362458e-05,8.372022170242744e-16,8.372022170242744e-17,,,5.740940442902205e-05,5.740940442902205e-05,,,6.596663735312758e-05,6.596663735312758e-05,,,,,,,291822296.9331155,2.6507514906311705e-06,232117102.6800286,6.676552154131525e-07,,
cnt,57,3.2491043441762705e-12,2.3618790231833685e-16,True,42018457424.674095,2.3799065013100163e-12,3.517519573415083e-05,8.371367701255792e-16,8.371367701255792e-17,,,4.1078956262316946e-05,4.1078956262316946e-05,,,4.6270575567401895e-05,4.6270575567401895e-05,,,,,,,157553916.7790102,2.758477876710268e-06,275656138.2841802,2.9609514977246434e-07,,
cnt,58,3.490425256376655e-12,2.3786632647043114e-16,True,35934589986.40292,2.7828340336661254e-12,3.007157428822398e-05,8.368420037518888e-16,8.368420037518888e-17,,,7.134744957989384e-05,7.134744957989384e-05,,,9.979414039811257e-05,9.979414039811257e-05,,,,,,,227684591.96839255,7.616719419185989e-07,220601983.76257944,8.28823987054866e-06,,
cnt,59,3.1226455867622023e-12,2.3624186486928617e-16,True,44187414132.41731,2.2630878489591626e-12,3.699297312731989e-05,8.371834798131047e-16,8.371834798131047e-17,,,3.826509329330834e-05,3.826509329330834e-05,,,6.396020092029953e-05,6.396020092029953e-05,,,,,,,223899934.24312022,2.045418445242227e-06,240067696.15266103,2.5773956399109153e-07,,
cnt,60,3.1601705963771107e-12,2.3637064047223286e-16,True,42802622291.37623,2.336305456223129e-12,3.5822631951961494e-05,8.369261048564063e-16,8.369261048564063e-17,,,5.782857097357304e-05,5.782857097357304e-05,,,6.937581797541066e-05,6.937581797541066e-05,,,,,,,264511638.83688116,1.2951245308799634e-06,231469678.67254275,2.3529219141312356e-07,,
cnt,61,3.2707785608618547e-12,2.3673767693808353e-16,True,40237524770.75684,2.485242334604944e-12,3.3684639237219545e-05,8.37144914582328e-16,8.37144914582328e-17,,,6.517894040877969e-05,6.517894040877969e-05,,,7.699858146525893e-05,7.699858146525893e-05,,,,,,,203301172.6473129,9.224103146442489e-07,289250113.91220754,2.0662453566258875e-06,,
cnt,62,3.2361065415167293e-12,2.3640360327813456e-16,True,41464977156.70469,2.411673823479497e-12,3.471917033431793e-05,8.373131426820045e-16,8.373131426820045e-17,,,5.264971442112312e-05,5.264971442112312e-05,,,6.207698201088666e-05,6.207698201088666e-05,,,,,,,190298197.04875758,2.0053622486848627e-06,266298980.37746692,5.064609176011994e-07,,
cnt,63,3.0082072797122906e-12,2.3564676094284166e-16,True,48069624831.25898,2.0803157992398446e-12,4.027366676044575e-05,8.378194525507586e-16,8.378194525507587e-17,,,2.8867702242260676e-05,2.8867702242260676e-05,,,3.69130667049865e-05,3.69130667049865e-05,,,,,,,217664624.10976985,3.4059965771728724e-07,226473969.43485096,2.946731604516912e-07,,
cnt,64,2.8927759492967e-12,2.359256078850131e-16,True,50689496682.04675,1.9727952839472184e-12,4.241786432896269e-05,8.368176270329053e-16,8.368176270329053e-17,,,3.4481895087491794e-05,3.4481895087491794e-05,,,5.837729057253952e-05,5.837729057253952e-05,,,,,,,279492169.85040176,1.7575201299531467e-06,262502338.9775067,4.354495625637174e-07,,
cnt,65,2.868957870144061e-12,2.357977552030174e-16,True,51492577189.8114,1.9420274815801322e-12,4.3129273033943e-05,8.375823349249024e-16,8.375823349249024e-17,,,3.7526181549291604e-05,3.7526181549291604e-05,,,5.077298800900186e-05,5.077298800900186e-05,,,,,,,261927764.78607726,1.1926325986376935e-06,281520431.01698357,9.239550513647043e-07,,
cnt,66,3.224509278891493e-12,2.3637317307759287e-16,True,42375143128.22806,2.359874035053945e-12,3.547445060700915e-05,8.371523489528456e-16,8.371523489528455e-17,,,5.852352318111858e-05,5.852352318111858e-05,,,3.855747945934404e-05,3.855747945934404e-05,,,,,,,174859997.86484376,3.9143659443728076e-07,264897301.02482206,2.938931279262342e-06,,
cnt,67,2.9642389083857984e-12,2.3608707341690525e-16,True,48495200305.40469,2.0620597372572395e-12,4.0619773400807256e-05,8.376039926631721e-16,8.376039926631722e-17,,,4.2600372308217844e-05,4.2600372308217844e-05,,,5.068457363396911e-05,5.068457363396911e-05,,,,,,,249796855.01380205,2.647590565168297e-06,260038906.73401782,2.5070634381223596e-07,,
cnt,68,2.9063520935011946e-12,2.360976709874418e-16,True,49457514667.727036,2.021937427948718e-12,4.139289921253728e-05,8.369385216913815e-16,8.369385216913814e-17,,,6.177876720234459e-05,6.177876720234459e-05,,,5.688450894284358e-05,5.688450894284358e-05,,,,,,,271352236.7268157,1.9079167384206195e-06,333765357.26095885,9.599798715482089e-07,,
cnt,69,2.8802565053367723e-12,2.363435234492783e-16,True,50633378744.50418,1.9749817705154455e-12,4.23659074940211e-05,8.367189499203538e-16,8.367189499203537e-17,,,4.2281530826415786e-05,4.2281530826415786e-05,,,6.985978222563703e-05,6.985978222563703e-05,,,,,,,338960999.2473673,2.139682718727196e-06,265777162.42448825,1.3241127014704048e-06,,
cnt,70,2.9526204667250417e-12,2.3592558905808413e-16,True,48539018704.15425,2.0601982213423162e-12,4.0627003231709065e-05,8.369967979643555e-16,8.369967979643555e-17,,,5.940567534383303e-05,5.940567534383303e-05,,,4.517638809404166e-05,4.517638809404166e-05,,,,,,,259573587.3099846,1.2005691671179917e-06,280409426.2747405,6.256446516984416e-07,,
cnt,71,3.0850774203058826e-12,2.365734569082614e-16,True,44477885317.374596,2.248308328654657e-12,3.72352975212475e-05,8.371642953695487e-16,8.371642953695487e-17,,,5.957648577389521e-05,5.957648577389521e-05,,,7.112415279354002e-05,7.112415279354002e-05,,,,,,,295853189.26896673,3.0600872081583316e-07,243333516.407513,3.0004815078383884e-06,,
cnt,72,2.7734086136533305e-12,2.35598047549623e-16,True,55390930603.99272,1.8053497009272442e-12,4.638156144652959e-05,8.373493808603079e-16,8.37349380860308e-17,,,2.703530475651106e-05,2.703530475651106e-05,,,4.3796966610822666e-05,4.3796966610822666e-05,,,,,,,243046776.9451142,8.291790263171507e-07,315837568.90961415,2.11871341864698e-06,,
cnt,73,2.9229246634012126e-12,2.395143226619567e-16,True,48884882608.27719,2.0456221773368438e-12,4.094443039902618e-05,8.375683486267279e-16,8.375683486267278e-17,,,6.098292817536886e-05,6.098292817536886e-05,,,5.9066873455773746e-05,5.9066873455773746e-05,,,,,,,293667451.09953105,1.724769636234563e-06,299709844.6890348,1.936471209377044e-05,,
cnt,74,3.2686888734343786e-12,2.365478481223496e-16,True,40531021112.22357,2.4672460070304384e-12,3.392518637693991e-05,8.37017806262684e-16,8.370178062626841e-17,,,8.048338505625395e-05,8.048338505625395e-05,,,4.6061662437757526e-05,4.6061662437757526e-05,,,,,,,238123041.00195393,3.238116148916345e-07,215518377.7559339,2.079022235557607e-06,,
cnt,75,3.066275859749218e-12,2.3634078904059833e-16,True,45073115375.197395,2.2186174434045774e-12,3.772179374675811e-05,8.369022960306726e-16,8.369022960306726e-17,,,3.5961281332936904e-05,3.5961281332936904e-05,,,8.465549625792442e-05,8.465549625792442e-05,,,,,,,234645217.03428748,2.6122788540727272e-06,292243840.3613301,2.0602970014060328e-07,,
cnt,76,3.014350227489986e-12,2.3688431624309187e-16,True,47053842523.529976,2.1252249473567118e-12,3.939711234913208e-05,8.372772601819069e-16,8.372772601819069e-17,,,3.884446055682619e-05,3.884446055682619e-05,,,6.21481311112301e-05,6.21481311112301e-05,,,,,,,275055670.233584,6.469837398870859e-06,231932694.51670918,2.849609181626167e-07,,
cnt,77,3.31974752326105e-12,2.3635807368005724e-16,True,40062211155.71613,2.4961178406083024e-12,3.354432790398953e-05,8.373059533236317e-16,8.373059533236316e-17,,,5.272650713131757e-05,5.272650713131757e-05,,,4.587180536513805e-05,4.587180536513805e-05,,,,,,,213294635.5621283,1.0591553137372847e-06,185806826.63443264,3.58526703499791e-07,,
cnt,78,3.2069174097449812e-12,2.358943128233552e-16,True,42729748177.96455,2.3402899446893852e-12,3.5714726681605376e-05,8.358281573029075e-16,8.358281573029076e-17,,,8.486065746557552e-05,8.486065746557552e-05,,,1.763163116230024e-05,1.763163116230024e-05,,,,,,,201315170.90131015,2.764105551570923e-07,236786690.26926973,3.453304203521103e-07,,
cnt,79,3.244222488756985e-12,2.36646559992278e-16,True,41508152342.09018,2.4091652930211927e-12,3.47608946306133e-05,8.374474089844031e-16,8.374474089844031e-17,,,4.054637850838435e-05,4.054637850838435e-05,,,6.433643153850993e-05,6.433643153850993e-05,,,,,,,222334478.09766003,2.2427842330576743e-06,205522287.66142365,1.9956280995724727e-06,,
cnt,80,3.459163082341922e-12,2.372800840012243e-16,True,36912152622.98916,2.7091348754805283e-12,3.0919406546493776e-05,8.376484260426726e-16,8.376484260426724e-17,,,6.75129491680186e-05,6.75129491680186e-05,,,6.8883180080297e-05,6.8883180080297e-05,,,,,,,195897468.37832686,3.159302402246644e-07,212362433.14287072,5.909771517609461e-06,,
cnt,81,3.125646769065953e-12,2.3665534816086697e-16,True,43867219584.80651,2.2796065250197706e-12,3.6726895203740686e-05,8.372286995016459e-16,8.372286995016458e-17,,,4.6252684310781885e-05,4.6252684310781885e-05,,,6.514103014694816e-05,6.514103014694816e-05,,,,,,,224480962.5820066,1.3997964737846324e-06,255407856.57800353,3.150616256954427e-06,,
cnt,82,3.3022811568141566e-12,2.3647777362071157e-16,True,39473799762.76284,2.5333259174692844e-12,3.3037289910736655e-05,8.369422277381568e-16,8.369422277381567e-17,,,7.99640307532298e-05,7.99640307532298e-05,,,6.874999305691243e-05,6.874999305691243e-05,,,,,,,237161719.975304,5.437502863774676e-07,240750190.44035813,1.7600036564165087e-07,,
cnt,83,3.331477175006676e-12,2.3643993574823853e-16,True,39778926043.64964,2.513893911823296e-12,3.329576209228241e-05,8.370201361330566e-16,8.370201361330566e-17,,,4.320960908684927e-05,4.320960908684927e-05,,,7.134193895730712e-05,7.134193895730712e-05,,,,,,,243135861.83042023,3.787442800006983e-07,180615603.7521972,1.3724522816780454e-06,,
cnt,84,3.5333102272279077e-12,2.370238856129236e-16,True,35487774088.432816,2.8178718606246667e-12,2.970758580148251e-05,8.371217007709043e-16,8.371217007709045e-17,,,6.838143999320841e-05,6.838143999320841e-05,,,8.579184107136519e-05,8.579184107136519e-05,,,,,,,192495024.02255028,1.9035128113498183e-06,219904171.3112741,1.2202747573029572e-06,,
cnt,85,3.037681006993265e-12,2.377347561256741e-16,True,45928676979.75403,2.177288930923948e-12,3.84516075471635e-05,8.372025948867083e-16,8.372025948867084e-17,,,3.905767851128264e-05,3.905767851128264e-05,,,7.982397574297119e-05,7.982397574297119e-05,,,,,,,263558000.50541133,6.398803889545026e-06,266703237.57387832,5.201324420303243e-06,,
cnt,86,3.1104183124671905e-12,2.365604164615116e-16,True,43944697893.760796,2.275587381252605e-12,3.678331994714843e-05,8.370365871230821e-16,8.37036587123082e-17,,,4.29329646810733e-05,4.29329646810733e-05,,,8.080557265583331e-05,8.080557265583331e-05,,,,,,,232284742.56053847,3.226046872446688e-06,279735017.68808657,5.76453483425767e-07,,
cnt,87,3.105143396692141e-12,2.366287770689596e-16,True,44053810911.54641,2.269951178588961e-12,3.6879667729040155e-05,8.371504522750397e-16,8.371504522750397e-17,,,4.894469015200486e-05,4.894469015200486e-05,,,7.5279752262888e-05,7.5279752262888e-05,,,,,,,228171034.5515124,4.0145569757090716e-06,290106231.038122,4.3552580242865876e-07,,
cnt,88,2.8889398502856967e-12,2.3558778435159356e-16,True,50990267665.29417,1.9611585617947963e-12,4.266734753840742e-05,8.367743393402182e-16,8.367743393402184e-17,,,2.346493702712608e-05,2.346493702712608e-05,,,6.469828336016821e-05,6.469828336016821e-05,,,,,,,260971006.86987323,7.511681816530161e-08,272204865.4584287,4.0439611113257693e-07,,
cnt,89,3.0431268714489714e-12,2.3594326775713113e-16,True,46143359628.870674,2.1671590626321163e-12,3.858207089758269e-05,8.361348460081115e-16,8.361348460081116e-17,,,8.362950108084664e-05,8.362950108084664e-05,,,3.189797391139457e-05,3.189797391139457e-05,,,,,,,242322636.3770804,2.616124731686951e-07,281325846.9955594,1.6047560341702297e-06,,
cnt,90,2.779450495930341e-12,2.3642546508107435e-16,True,54735787515.13811,1.826958276106712e-12,4.583797889928685e-05,8.374407491005693e-16,8.374407491005693e-17,,,5.9213412719964945e-05,5.9213412719964945e-05,,,2.4468486991330258e-05,2.4468486991330258e-05,,,,,,,306734478.7692316,3.6037288540488185e-06,274128972.0099315,3.5435914686189674e-06,,
cnt,91,2.933887832083969e-12,2.359581732034072e-16,True,48906683061.71395,2.0447103287256843e-12,4.094164515240121e-05,8.371380471813661e-16,8.37138047181366e-17,,,4.06239428354549e-05,4.06239428354549e-05,,,6.942263122785929e-05,6.942263122785929e-05,,,,,,,279725355.34825975,4.1955714270874724e-07,281385889.8112016,9.5759288552284e-07,,
cnt,92,3.2297120235578323e-12,2.36336805762043e-16,True,41236710038.67617,2.425023720520123e-12,3.4518964307478754e-05,8.370930725342347e-16,8.370930725342345e-17,,,5.680355878295238e-05,5.680355878295238e-05,,,7.191750663071786e-05,7.191750663071786e-05,,,,,,,219756555.55082825,4.98406344843391e-07,251800717.0148116,5.121625273771044e-07,,
cnt,93,3.449804637194844e-12,2.399477272175443e-16,True,37355416081.5698,2.676987984329732e-12,3.1302894163123657e-05,8.379747154942733e-16,8.379747154942733e-17,,,5.828562640141835e-05,5.828562640141835e-05,,,6.0898749046827337e-05,6.0898749046827337e-05,,,,,,,202726104.43296307,2.7312975273452887e-05,186586107.84697458,2.3630971085900067e-06,,
cnt,94,3.311985127163317e-12,2.366817693386883e-16,True,39673437368.0236,2.5205781659997785e-12,3.320183082806577e-05,8.368780985644093e-16,8.368780985644093e-17,,,5.052120411390154e-05,5.052120411390154e-05,,,7.689898347177623e-05,7.689898347177623e-05,,,,,,,184435385.03655282,3.459660855233271e-07,270432603.86234766,2.337938223459444e-06,,
cnt,95,3.0868016956141183e-12,2.3619076354646827e-16,True,45224980743.81449,2.211167331755629e-12,3.7879204328888256e-05,8.375725916493413e-16,8.375725916493412e-17,,,5.4057836210662096e-05,5.4057836210662096e-05,,,4.204917144818342e-05,4.204917144818342e-05,,,,,,,273555895.25016975,1.0903324559012778e-06,202878834.3901093,1.0159591190096034e-06,,
cnt,96,3.4258289768593614e-12,2.3700125568378357e-16,True,37271499803.85696,2.683015186570295e-12,3.120333712972905e-05,8.371902739073582e-16,8.371902739073581e-17,,,5.461870124323667e-05,5.461870124323667e-05,,,9.284168846343715e-05,9.284168846343715e-05,,,,,,,196416289.4978907,3.4858074848067974e-06,240734914.90045565,6.733970982889148e-07,,
cnt,97,3.3480973582922226e-12,2.3677704913811006e-16,True,38704897161.88506,2.583652388527097e-12,3.239528736429041e-05,8.36981615757706e-16,8.36981615757706e-17,,,7.930470958424625e-05,7.930470958424625e-05,,,7.337144340788051e-05,7.337144340788051e-05,,,,,,,304518760.84371597,1.3132407999922206e-06,189430088.7542984,5.150887612333618e-07,,
cnt,98,3.176798937236898e-12,2.363022566229294e-16,True,43067887844.06943,2.321915585042332e-12,3.6064613810858565e-05,8.373898887596543e-16,8.373898887596542e-17,,,3.9356197487292775e-05,3.9356197487292775e-05,,,5.774339357262664e-05,5.774339357262664e-05,,,,,,,189021115.98725027,5.163172366014818e-07,257944779.02499196,1.919412770667675e-06,,
cnt,99,2.999233677447279e-12,2.3584012155844395e-16,True,47915227229.23093,2.087019216701001e-12,4.0119496640582866e-05,8.3730160453267695e-16,8.373016045326768e-17,,,5.122715105631898e-05,5.122715105631898e-05,,,2.7125906289172786e-05,2.7125906289172786e-05,,,,,,,257994988.94542837,9.451174427725402e-07,213734284.04667416,3.575279563546247e-07,,
cnt,100,2.9995226739578228e-12,2.358885114878318e-16,True,47307700515.61169,2.1138207714619248e-12,3.960169576429626e-05,8.371088709168516e-16,8.371088709168515e-17,,,5.712857918743624e-05,5.712857918743624e-05,,,4.316029764231502e-05,4.316029764231502e-05,,,,,,,266360192.66442844,2.622103452612675e-07,243134737.5488596,5.539878208332086e-07,,
cnt,101,3.389008414848419e-12,2.3734189542629736e-16,True,38769528515.27686,2.579345270102929e-12,3.246340436327195e-05,8.373432849584428e-16,8.373432849584428e-17,,,3.154256556784812e-05,3.154256556784812e-05,,,7.491814231452699e-05,7.491814231452699e-05,,,,,,,204928297.95406127,1.3317137086716237e-06,184871724.15162134,8.311857897111598e-06,,
cnt,102,3.3331227942329317e-12,2.365681605195887e-16,True,39413602246.31906,2.537195138242896e-12,3.3014554820865336e-05,8.376436798275309e-16,8.37643679827531e-17,,,6.232911262850053e-05,6.232911262850053e-05,,,6.020718757251408e-05,6.020718757251408e-05,,,,,,,189969612.3467565,1.5042020637737886e-06,241251353.62480476,9.355431718542742e-07,,
cnt,103,3.253570126164115e-12,2.362290618626758e-16,True,41402714538.89587,2.415300569387903e-12,3.468098413281782e-05,8.376500072292771e-16,8.376500072292772e-17,,,4.331620617677161e-05,4.331620617677161e-05,,,5.596785383689677e-05,5.596785383689677e-05,,,,,,,218093036.9638402,8.707322993519451e-07,199305541.33071446,1.431779499994973e-07,,
cnt,104,2.7573514237677567e-12,2.3562599697589376e-16,True,56047145550.63201,1.7842121845377792e-12,4.6904233385802895e-05,8.36871047133532e-16,8.368710471335322e-17,,,4.9076960049522074e-05,4.9076960049522074e-05,,,2.7062461442940396e-05,2.7062461442940396e-05,,,,,,,262856572.7380303,1.7831830593943182e-07,313267286.75395155,3.7788210319615843e-06,,
cnt,105,3.0314915702306064e-12,2.3616440383934907e-16,True,46585461410.53785,2.1465924555032858e-12,3.900203086549069e-05,8.372146520516859e-16,8.37214652051686e-17,,,5.3799068261894934e-05,5.3799068261894934e-05,,,4.2704785664279914e-05,4.2704785664279914e-05,,,,,,,237576737.87524888,2.217198173556967e-06,250368269.62766573,7.04917435273854e-07,,
cnt,106,3.1981132846346474e-12,2.3818622937350557e-16,True,41997193786.59675,2.381111473974593e-12,3.515901969590311e-05,8.37175452116136e-16,8.371754521161361e-17,,,5.033917574942526e-05,5.033917574942526e-05,,,7.841530793846485e-05,7.841530793846485e-05,,,,,,,255481225.35825858,1.3473538664988852e-06,227493871.52146298,1.3237951150033184e-05,,
cnt,107,3.031678597788941e-12,2.361086750037906e-16,True,46507331423.49405,2.1501986232966944e-12,3.8937852444806254e-05,8.372411672095223e-16,8.372411672095223e-17,,,4.611657001363205e-05,4.611657001363205e-05,,,5.3591757650456536e-05,5.3591757650456536e-05,,,,,,,219880120.0158598,2.00606708469436e-06,280851354.9886279,6.486427035443615e-07,,
cnt,108,3.0744780637247364e-12,2.3635400565921724e-16,True,45606745714.05724,2.192658091129209e-12,3.81846456319056e-05,8.372587220169943e-16,8.372587220169943e-17,,,4.963888589287048e-05,4.963888589287048e-05,,,4.228169513919014e-05,4.228169513919014e-05,,,,,,,253955255.1880583,6.002046120048638e-07,212979321.18917894,3.31805785410917e-06,,
cnt,109,3.0249116485230977e-12,2.3618583013385437e-16,True,46267512236.37446,2.1613437845785515e-12,3.871997572370116e-05,8.368717886945389e-16,8.36871788694539e-17,,,3.8004501627668254e-05,3.8004501627668254e-05,,,7.795336954569907e-05,7.795336954569907e-05,,,,,,,252327663.97973934,1.764743327027014e-06,278792528.8035912,3.255318197148343e-07,,
cnt,110,3.0311300564202393e-12,2.3640159347467627e-16,True,46669785625.91883,2.1427139349117423e-12,3.907581152356628e-05,8.372828586953029e-16,8.37282858695303e-17,,,4.251826940718878e-05,4.251826940718878e-05,,,5.587830028453799e-05,5.587830028453799e-05,,,,,,,281533874.8316472,3.3238520032039923e-06,217620847.4864602,2.586086524243406e-07,,
cnt,111,3.2388346841165386e-12,2.4058564104219863e-16,True,41153067243.41294,2.4299525332709252e-12,3.448197203121808e-05,8.378955528943556e-16,8.378955528943556e-17,,,6.105679719478736e-05,6.105679719478736e-05,,,6.40843820670906e-05,6.40843820670906e-05,,,,,,,214822442.36506566,3.194378041185312e-05,247760912.3411812,2.3633531978714792e-06,,
cnt,112,3.162698916676138e-12,2.361796562768294e-16,True,43202706986.53551,2.314669773613164e-12,3.6170916984849734e-05,8.372372822870269e-16,8.372372822870268e-17,,,7.303931530183212e-05,7.303931530183212e-05,,,4.011729768682872e-05,4.011729768682872e-05,,,,,,,214989380.4232204,8.824777877532164e-07,255921645.7489617,9.704564938785412e-07,,
cnt,113,3.4543522483487296e-12,2.36600917720889e-16,True,37450622396.301414,2.6701825924761107e-12,3.136428836310362e-05,8.374837681256032e-16,8.374837681256033e-17,,,3.6420482244016543e-05,3.6420482244016543e-05,,,7.127545936139693e-05,7.127545936139693e-05,,,,,,,161491566.6749976,1.7586201776290298e-06,222095635.68273494,4.346015090502001e-07,,
cnt,114,2.9887070958548437e-12,2.3656373137569464e-16,True,47273526451.651566,2.115348853914544e-12,3.955633233152686e-05,8.367544226255815e-16,8.367544226255816e-17,,,5.153698656364079e-05,5.153698656364079e-05,,,7.088754403124287e-05,7.088754403124287e-05,,,,,,,339694016.83576983,1.9567601481582803e-06,239732020.08504975,1.733098126645894e-06,,
cnt,115,3.0123232055562445e-12,2.3601361623318755e-16,True,46587225791.92124,2.1465111583729707e-12,3.899527949452225e-05,8.37038025588647e-16,8.37038025588647e-17,,,5.1717442428662153e-05,5.1717442428662153e-05,,,6.262236621721124e-05,6.262236621721124e-05,,,,,,,253886784.3530434,9.927065541746894e-07,279429792.62178683,1.6406669851917087e-07,,
cnt,116,3.0731131832712764e-12,2.362742507339224e-16,True,45208258174.91456,2.211985244224442e-12,3.784212633562464e-05,8.370622506447885e-16,8.370622506447885e-17,,,4.050589102474393e-05,4.050589102474393e-05,,,6.827358195471155e-05,6.827358195471155e-05,,,,,,,241926976.26687503,1.6513582561174809e-06,252034483.1929543,8.440544156659644e-07,,
cnt,117,3.1616173773587242e-12,2.363155090556117e-16,True,43438096965.342224,2.3021266350546292e-12,3.6384284092560575e-05,8.376122950687816e-16,8.376122950687815e-17,,,5.367904472158104e-05,5.367904472158104e-05,,,4.911111388174529e-05,4.911111388174529e-05,,,,,,,286271969.0815827,1.6570876668187644e-06,185603246.166141,1.3583187112005374e-07,,
cnt,118,3.1351116229073555e-12,2.3595831293570582e-16,True,44483180625.902466,2.2480406884792362e-12,3.725119556876189e-05,8.374220333307415e-16,8.374220333307415e-17,,,4.8325732720461794e-05,4.8325732720461794e-05,,,2.8619421138460762e-05,2.8619421138460762e-05,,,,,,,220339762.45404884,7.789013605755559e-08,201027628.64714083,9.754689440120611e-07,,
cnt,119,2.8692581490127975e-12,2.372533126785e-16,True,50374584264.308014,1.9851280454309012e-12,4.215466615268962e-05,8.368241002548092e-16,8.368241002548092e-17,,,6.526771842788588e-05,6.526771842788588e-05,,,5.997136184583579e-05,5.997136184583579e-05,,,,,,,290871884.59538746,8.782231671426376e-07,358012358.1963073,7.018811172344154e-06,,
cnt,120,2.95934854445976e-12,2.358864124156908e-16,True,48953759473.82376,2.042744031813764e-12,4.1004938537423345e-05,8.376259347221175e-16,8.376259347221175e-17,,,5.285882481961454e-05,5.285882481961454e-05,,,2.902900375913926e-05,2.902900375913926e-05,,,,,,,289071758.79326266,1.299350443001389e-06,212049222.202376,1.9877006878499084e-07,,
cnt,121,2.884258723914929e-12,2.3668175708805833e-16,True,50586911027.36914,1.976795933357085e-12,4.2336372662725754e-05,8.369036931276634e-16,8.369036931276634e-17,,,4.2747562201022e-05,4.2747562201022e-05,,,6.653154120373226e-05,6.653154120373226e-05,,,,,,,333101257.7739652,2.3700849657142643e-06,261771202.90016875,3.3569942926757335e-06,,
cnt,122,3.014060174072265e-12,2.360853000297479e-16,True,46792652305.32537,2.137087663838607e-12,3.916722305722199e-05,8.370378922240416e-16,8.370378922240416e-17,,,4.636755089248877e-05,4.636755089248877e-05,,,6.445028954232381e-05,6.445028954232381e-05,,,,,,,291737460.1928548,2.3439464798618317e-07,237582520.76391518,1.2994670452275626e-06,,
cnt,123,3.3518239322539204e-12,2.372825102110006e-16,True,38483968093.278725,2.59848464060714e-12,3.2203616878404854e-05,8.368060383053185e-16,8.368060383053186e-17,,,6.277370714598476e-05,6.277370714598476e-05,,,9.220923869752008e-05,9.220923869752008e-05,,,,,,,235568589.05704406,5.524203389798018e-06,234613641.41622195,3.1870228052704606e-07,,
cnt,124,2.8495125869988193e-12,2.3552082355907686e-16,True,52497215775.6371,1.9048629250621703e-12,4.3967805084402005e-05,8.375264180163736e-16,8.375264180163736e-17,,,4.221332554774809e-05,4.221332554774809e-05,,,3.7324042040543244e-05,3.7324042040543244e-05,,,,,,,307977897.2963373,7.792453589428e-08,234431377.58284125,3.7200538568819425e-07,,
cnt,125,3.14156748523085e-12,2.372299115816817e-16,True,43153944941.49439,2.3172852478626043e-12,3.611704407371241e-05,8.369349342841726e-16,8.369349342841727e-17,,,4.308954107874246e-05,4.308954107874246e-05,,,8.547744891108781e-05,8.547744891108781e-05,,,,,,,234403673.310141,8.03739533608063e-06,272631134.51070476,1.6091166769056594e-07,,
cnt,126,3.3459863055026573e-12,2.372001899079615e-16,True,39367707052.23487,2.540153021036136e-12,3.296469095854864e-05,8.373535932587993e-16,8.373535932587993e-17,,,5.3291872677001173e-05,5.3291872677001173e-05,,,5.560514069955265e-05,5.560514069955265e-05,,,,,,,197774795.97683817,2.0635205933439215e-06,205621455.4667392,5.739486123173155e-06,,
cnt,127,3.271126885443928e-12,2.3708475602508395e-16,True,40785586769.76154,2.4518465448225464e-12,3.41534764551289e-05,8.373908324018598e-16,8.373908324018598e-17,,,4.828767998485521e-05,4.828767998485521e-05,,,6.584464996107615e-05,6.584464996107615e-05,,,,,,,234856406.0298486,5.058751372487684e-06,200098140.32227397,1.5930169251305838e-06,,
cnt,128,3.16390142527099e-12,2.374370892388448e-16,True,42328001428.46063,2.362502282774015e-12,3.541009361134005e-05,8.365642699003242e-16,8.365642699003243e-17,,,5.2142698788759594e-05,5.2142698788759594e-05,,,9.598856573956693e-05,9.598856573956693e-05,,,,,,,264991230.74867132,6.4126040293457406e-06,270377482.93220615,1.2707584650966236e-06,,
cnt,129,3.2874617264259786e-12,2.3731873737712797e-16,True,39775350581.831665,2.5141198892581822e-12,3.3284169417859985e-05,8.368039233088072e-16,8.368039233088072e-17,,,5.799177597816577e-05,5.799177597816577e-05,,,9.051915113207855e-05,9.051915113207855e-05,,,,,,,238655002.5811258,5.302905019520604e-07,244375576.66211534,5.957452830928588e-06,,
cnt,130,2.849779709837033e-12,2.3572041785614367e-16,True,52035980435.11178,1.9217472057569618e-12,4.35648698331736e-05,8.372066687106713e-16,8.372066687106712e-17,,,3.057300149618921e-05,3.057300149618921e-05,,,6.28620918247384e-05,6.28620918247384e-05,,,,,,,285634780.30860454,3.513242943964335e-07,278970050.22497356,1.041025033897802e-06,,
cnt,131,3.080599291142444e-12,2.364851291098917e-16,True,45295594505.25748,2.207720222954419e-12,3.794196591785905e-05,8.376524545550476e-16,8.376524545550475e-17,,,5.1985613057189863e-05,5.1985613057189863e-05,,,4.581737353328098e-05,4.581737353328098e-05,,,,,,,243264151.42535898,2.3418169204213787e-06,228488191.69261187,2.0479580919380926e-06,,
cnt,132,3.1424707836099005e-12,2.3604196482154273e-16,True,43823467057.828316,2.281882441387912e-12,3.668969533081081e-05,8.372157155524924e-16,8.372157155524924e-17,,,4.64809531730457e-05,4.64809531730457e-05,,,5.239378373737309e-05,5.239378373737309e-05,,,,,,,238223857.70525855,3.166424224373487e-07,214073205.48224762,2.8932832305352413e-07,,
cnt,133,2.9083468136060176e-12,2.359720060651482e-16,True,50775680601.18949,1.9694467669559384e-12,4.253566544362199e-05,8.377172878826076e-16,8.377172878826076e-17,,,3.352242076850921e-05,3.352242076850921e-05,,,3.975559125289778e-05,3.975559125289778e-05,,,,,,,238139386.15069586,1.0258378973210398e-06,256338042.57130188,2.5365236564794423e-06,,
cnt,134,3.462593235134979e-12,2.366131489483287e-16,True,36999380506.43916,2.7027479549987756e-12,3.097915225501475e-05,8.372884040483681e-16,8.372884040483683e-17,,,5.097094357409149e-05,5.097094357409149e-05,,,7.623800339598354e-05,7.623800339598354e-05,,,,,,,178132148.40774027,7.519677076860881e-07,221561550.74238223,5.811833989821185e-07,,
cnt,135,3.2743453483885696e-12,2.3681818860490166e-16,True,40154375730.276375,2.4903886109876706e-12,3.361169728205379e-05,8.3706188107192e-16,8.370618810719201e-17,,,7.313586334581339e-05,7.313586334581339e-05,,,6.813675539152516e-05,6.813675539152516e-05,,,,,,,223311107.32344982,9.448909237910621e-07,253677078.34760144,2.6253491956148565e-06,,
cnt,136,3.2204210346824103e-12,2.361579045945373e-16,True,42074970264.40333,2.3767099387495697e-12,3.521643533966481e-05,8.369925187911294e-16,8.369925187911293e-17,,,6.277672864649925e-05,6.277672864649925e-05,,,4.277073117116934e-05,4.277073117116934e-05,,,,,,,195400336.84143683,5.331546058081877e-07,245596168.99800068,6.816727919989136e-07,,
cnt,137,3.0209801017662503e-12,2.360209394137873e-16,True,46629675546.20483,2.144557062184812e-12,3.9032023513147465e-05,8.370640167648404e-16,8.370640167648403e-17,,,5.164851123686068e-05,5.164851123686068e-05,,,5.7387997256625665e-05,5.7387997256625665e-05,,,,,,,213300180.71053365,2.1187459394953525e-06,325744196.9216344,3.7118431865120826e-07,,
cnt,138,3.210159215642033e-12,2.3713581437742615e-16,True,42531629182.7593,2.3511913820723375e-12,3.561138666195101e-05,8.372918542322499e-16,8.372918542322499e-17,,,4.915025692218258e-05,4.915025692218258e-05,,,4.200616053228387e-05,4.200616053228387e-05,,,,,,,248194579.46263036,3.0967549549489814e-06,180432629.69468543,6.056067308883122e-06,,
cnt,139,2.876310355035635e-12,2.358266738421454e-16,True,51597132976.42194,1.9380921813174473e-12,4.3221696969317775e-05,8.376763295950679e-16,8.376763295950678e-17,,,2.903757485892298e-05,2.903757485892298e-05,,,4.9345873201379275e-05,4.9345873201379275e-05,,,,,,,243548677.71070105,3.3409510347842393e-07,276118682.7781553,2.1753233729109024e-06,,
cnt,140,3.3662062358502383e-12,2.371400543357458e-16,True,39271605182.00683,2.5463690505275615e-12,3.288952512799721e-05,8.374886887248063e-16,8.374886887248063e-17,,,3.3807367487375176e-05,3.3807367487375176e-05,,,5.928903116135561e-05,5.928903116135561e-05,,,,,,,176961886.5226027,1.4304985409351082e-06,203680354.8087858,6.438599767605099e-06,,
cnt,141,2.922369808661892e-12,2.3659905249968535e-16,True,49417560073.69671,2.023572184682315e-12,4.1374261817075616e-05,8.37238053747978e-16,8.37238053747978e-17,,,4.059530805494053e-05,4.059530805494053e-05,,,6.341895819907864e-05,6.341895819907864e-05,,,,,,,281901832.44574976,1.5687402890307734e-06,270790534.28067076,4.032786893808503e-06,,
cnt,142,3.2589720369861384e-12,2.366812092042942e-16,True,40845811551.91536,2.4482314391745944e-12,3.4201016116391526e-05,8.373200290786671e-16,8.373200290786673e-17,,,5.30451282509676e-05,5.30451282509676e-05,,,6.88908678946745e-05,6.88908678946745e-05,,,,,,,188735591.4532573,4.6456297153697003e-07,274792958.12306595,2.850878056329974e-06,,
cnt,143,2.9759804710797773e-12,2.359892692652694e-16,True,48318627018.13976,2.06959523006434e-12,4.043738766733902e-05,8.368902463258741e-16,8.368902463258739e-17,,,3.1157257170355534e-05,3.1157257170355534e-05,,,6.174916168639562e-05,6.174916168639562e-05,,,,,,,264873909.41064438,1.6776042897509002e-06,239984149.82881454,2.584488007673975e-07,,
cnt,144,3.2175561957627618e-12,2.3656106186425596e-16,True,41389465688.67469,2.416073711900146e-12,3.464146905062447e-05,8.369634271481629e-16,8.369634271481629e-17,,,8.124128285774897e-05,8.124128285774897e-05,,,5.4117102216763405e-05,5.4117102216763405e-05,,,,,,,249230449.80500987,1.9019736959371284e-06,237417122.42196402,5.545936742916026e-07,,
cnt,145,2.8670836436172034e-12,2.355143027133971e-16,True,52190742666.72734,1.9160486111218344e-12,4.369612070805722e-05,8.372389139408508e-16,8.372389139408506e-17,,,2.745440691994896e-05,2.745440691994896e-05,,,4.9303199721678444e-05,4.9303199721678444e-05,,,,,,,288524309.6101361,1.4505070933703586e-07,235311087.74910864,4.1504189891935055e-07,,
cnt,146,3.171036926262792e-12,2.3723535390727666e-16,True,42280288736.31964,2.3651683323084294e-12,3.5404704916613364e-05,8.373808688349848e-16,8.373808688349848e-17,,,6.663393689811823e-05,6.663393689811823e-05,,,7.21523451380517e-05,7.21523451380517e-05,,,,,,,268658221.6464622,6.332283501871601e-06,244384395.62520036,1.4985987925377597e-07,,
cnt,147,3.13522149727462e-12,2.3640612522660615e-16,True,43387251405.18736,2.3048244993930183e-12,3.6300477038418026e-05,8.366622881779959e-16,8.366622881779959e-17,,,4.96583067220765e-05,4.96583067220765e-05,,,8.456883528051836e-05,8.456883528051836e-05,,,,,,,288703636.9213711,8.210498709197848e-07,235200464.26523015,1.0126867765787898e-06,,
cnt,148,3.214068963283751e-12,2.370799377049802e-16,True,40757935409.469154,2.4535099483171403e-12,3.409542872012591e-05,8.365347355696686e-16,8.365347355696687e-17,,,8.453669889529062e-05,8.453669889529062e-05,,,8.898705046194444e-05,8.898705046194444e-05,,,,,,,304053469.287951,2.5886927762901074e-06,268505653.17760766,1.0096009696934484e-06,,
cnt,149,3.006654043360619e-12,2.3679591429648006e-16,True,47284767473.521774,2.1148459714007765e-12,3.959074163700094e-05,8.372832045578043e-16,8.372832045578043e-17,,,4.67933406282503e-05,4.67933406282503e-05,,,5.0067153717767926e-05,5.0067153717767926e-05,,,,,,,220309269.45059043,2.1981450081261905e-06,286627666.15367097,4.958705003096956e-06,,
gan,0,2.6812412330436533e-11,9.865068168091423e-15,True,1739614861.9391632,5.748398808718452e-11,0.00016456513652298926,9.459860347453409e-14,9.459860347453408e-15,0.288400361515333,,,,0.3685348152884321,,,,0.0017987762274967551,,0.030119300515510802,,,,,,,,143506.17139403385,124136.88685085675
gan,1,2.8371274295706135e-11,9.874358122473173e-15,True,1580137005.2799933,6.328565160226751e-11,0.00014731277915082323,9.322785217900777e-14,9.322785217900777e-15,0.3209479826154049,,,,0.40457470638044246,,,,0.0018974064063796503,,0.02390585058979508,,,,,,,,176658.34482180726,70433.36689402813
gan,2,2.86051542304535e-11,9.911570586636748e-15,True,1486108447.1141582,6.72898402496721e-11,0.00013841949645218882,9.314225803707842e-14,9.31422580370784e-15,0.4291464183436329,,,,0.38496540863388895,,,,0.001930509376440694,,0.02540230017895571,,,,,,,,155363.60154505016,114827.13301976262
gan,3,3.205119132126659e-11,9.870357897015657e-15,True,1418825185.784743,7.048084640863676e-11,0.00013217133023617797,9.315547226001268e-14,9.315547226001267e-15,0.359097434538983,,,,0.38843347715069565,,,,0.001428606197158161,,0.03191173071469445,,,,,,,,155498.98184123563,78716.65668923222
gan,4,2.6604993319783292e-11,9.83553697414207e-15,True,1672380196.8568118,5.979501562380791e-11,0.00015531164779836488,9.286862406662579e-14,9.28686240666258e-15,0.37994645740556054,,,,0.3976827075344743,,,,0.0020332334902461893,,0.03341431993428547,,,,,,,,154715.06300367962,92034.15389539882
gan,5,2.7932965500750327e-11,9.962478588544979e-15,True,1547923481.2076626,6.460267656252735e-11,0.00014604176169628238,9.434688695486625e-14,9.434688695486626e-15,0.43024209437130945,,,,0.3220349311376084,,,,0.0016632152930778576,,0.0322125117657399,,,,,,,,133247.20535969269,98090.96746256873
gan,6,2.3936713105038683e-11,9.984918513073691e-15,True,1887552307.2381902,5.297866428206008e-11,0.0001828516561028641,9.68723650209234e-14,9.68723650209234e-15,0.33872463432823907,,,,0.27294798951743743,,,,0.0018958614714706975,,0.030979607225078098,,,,,,,,205375.6966433956,78813.88088819377
gan,7,2.8424010736877168e-11,9.789925611283599e-15,True,1617169764.5319433,6.183642694367523e-11,0.00014945151233501446,9.241547524125901e-14,9.2415475241259e-15,0.3146066394214968,,,,0.43606933583995544,,,,0.0019240745649243426,,0.030001842828778887,,,,,,,,172400.3479256103,103826.6753329523
gan,8,2.8233895102041823e-11,9.85092783930063e-15,True,1561569468.5504632,6.40381372804539e-11,0.00014479239854853112,9.27223549541703e-14,9.27223549541703e-15,0.3763088766547922,,,,0.41051303193428285,,,,0.0019405288974573918,,0.02842540554549286,,,,,,,,168474.12799374713,95991.17660385152
gan,9,2.6149962262582772e-11,9.938594361041358e-15,True,1718458276.5664806,5.8191695058085615e-11,0.0001634639605273007,9.512244943991627e-14,9.512244943991627e-15,0.3560680347563659,,,,0.32101821978838574,,,,0.0017745175877853423,,0.031461407402059924,,,,,,,,124148.3100527033,87763.32313962825
gan,10,2.63222384040546e-11,9.914399562706751e-15,True,1700075039.0741358,5.882093301861558e-11,0.00016052356313829753,9.442145755267307e-14,9.442145755267308e-15,0.3641100683125564,,,,0.3410073669011961,,,,0.0018358433386356518,,0.031580542850138366,,,,,,,,157050.65283344043,84733.34467457177
gan,11,3.3239416391770114e-11,9.752557376800497e-15,True,1301624688.70931,7.682706149278707e-11,0.00011836522575724692,9.093652477859633e-14,9.093652477859634e-15,0.41869420653186173,,,,0.5002610157479851,,,,0.001855996206518165,,0.029085613394722817,,,,,,,,114218.01589152806,114140.8120112038
gan,12,2.8422897011514098e-11,9.877788683740017e-15,True,1608210392.1215403,6.218091892073939e-11,0.00015113018381748613,9.397413706431546e-14,9.397413706431545e-15,0.33918315803502497,,,,0.3674627627427319,,,,0.0016501316881921892,,0.03226131192586496,,,,,,,,168838.5922326733,105831.4793236597
gan,13,2.6985525653385982e-11,9.860440321905268e-15,True,1645453403.2095287,6.077352285087238e-11,0.00015331653533713296,9.317585963727831e-14,9.317585963727832e-15,0.3762478444735588,,,,0.38705882412699466,,,,0.001955323326873591,,0.031407906094176145,,,,,,,,133254.95007399796,95269.71988220494
gan,14,2.459518409475727e-11,9.978577304783376e-15,True,1729302130.460668,5.7826795120735224e-11,0.00016354008198376664,9.456998814903516e-14,9.456998814903516e-15,0.4671801743208819,,,,0.2972744429248167,,,,0.0021357299131909667,,0.03191146502293368,,,,,,,,160853.62208968535,98084.7342675852
gan,15,2.5152873055740247e-11,9.930004758174514e-15,True,1816145058.7152562,5.506168107009038e-11,0.00017390703174823918,9.575613517967628e-14,9.575613517967629e-15,0.32753734875739227,,,,0.31329528288597996,,,,0.00182821531936348,,0.032176585799797465,,,,,,,,120423.81026978132,123876.4740935679
gan,16,2.4073042458788682e-11,1.0020467654541612e-14,True,1884835513.2312162,5.305502750665375e-11,0.00018492246885928564,9.811066671927719e-14,9.81106667192772e-15,0.3335103914073478,,,,0.24426056565235382,,,,0.0017582235775962499,,0.031751553719852256,,,,,,,,176364.83192154864,91250.50993115085
gan,17,2.7636999373010842e-11,9.919145913652222e-15,True,1594411191.6268697,6.271907806791311e-11,0.00014970183811814086,9.389161271841766e-14,9.389161271841767e-15,0.37709836591424595,,,,0.35921178367974094,,,,0.0018106403423446599,,0.02805678538335259,,,,,,,,157230.96221099564,104430.34572849657
gan,18,3.028988101362101e-11,9.825010439678231e-15,True,1488309445.617269,6.719032812327915e-11,0.00013750264018137776,9.23884751160396e-14,9.238847511603959e-15,0.35516094511659035,,,,0.42436046707044156,,,,0.0017179038803441507,,0.030117892163172257,,,,,,,,209783.59770532564,101386.39357058132
gan,19,2.2735504464323005e-11,1.0108278429110903e-14,True,1944165113.4981167,5.143596050855527e-11,0.00019301721888118488,9.928026047843793e-14,9.928026047843793e-15,0.37097917022940025,,,,0.1901285943650496,,,,0.0019091153677839303,,0.029253016666575822,,,,,,,,122487.48712199945,89912.07328512384
gan,20,2.7007367738173734e-11,9.907542297924978e-15,True,1667142957.086016,5.998285844351891e-11,0.00015724142087502179,9.43178988980421e-14,9.431789889804211e-15,0.3473243733015038,,,,0.35203042516821026,,,,0.0017896579375823371,,0.02993419832332032,,,,,,,,146163.5488771543,82230.38399489272
gan,21,2.5973641752554333e-11,9.93362552638886e-15,True,1703037560.9903684,5.871861096348747e-11,0.00016111771163763726,9.460608228977779e-14,9.460608228977779e-15,0.3926173417862818,,,,0.3239871527256177,,,,0.001835784719974052,,0.03352687889713375,,,,,,,,153412.33179293113,93429.80442279538
gan,22,2.5857070815966244e-11,9.8251349248779e-15,True,1814231901.002099,5.511974513553894e-11,0.00017075432817830982,9.41193504997861e-14,9.411935049978612e-15,0.27233836302689046,,,,0.39001536411358195,,,,0.001989349255554757,,0.030337367188459155,,,,,,,,102891.05314886244,97102.83853096692
gan,23,3.2011284462961996e-11,9.790292903200863e-15,True,1402846143.1751359,7.128365465200961e-11,0.000128543997225376,9.163085905802584e-14,9.163085905802585e-15,0.3689322882870896,,,,0.4537626060826857,,,,0.0016832049716347646,,0.030874834842156074,,,,,,,,141047.96756647172,110224.64337323661
gan,24,2.7903643210819895e-11,9.931464571684855e-15,True,1531247489.1542306,6.530622953395601e-11,0.00014333440861636352,9.360629789214078e-14,9.360629789214078e-15,0.4427908756057437,,,,0.3538184579857604,,,,0.0018331200759008862,,0.029961792772877735,,,,,,,,197648.42670231394,109794.13647495501
gan,25,2.7228271388584542e-11,9.899293975366345e-15,True,1641660157.0019677,6.091394712449012e-11,0.0001542621353198881,9.396715554186602e-14,9.396715554186603e-15,0.36512341462527037,,,,0.35891274859807293,,,,0.0018001130419507657,,0.030893600466126627,,,,,,,,169894.3232067955,99338.31805983941
gan,26,2.6859261649752754e-11,9.968539561965597e-15,True,1614286069.665126,6.194688901747408e-11,0.00015240043199639785,9.440732647095963e-14,9.440732647095964e-15,0.38252774952857077,,,,0.33725540511523505,,,,0.0019273260330532926,,0.023684432522981413,,,,,,,,115803.59553370047,99903.61737452385
gan,27,2.7982595284267153e-11,9.789229068997699e-15,True,1695944764.5403526,5.896418450108116e-11,0.0001580510176819483,9.319349367182042e-14,9.31934936718204e-15,0.26106582795606376,,,,0.4255062905422787,,,,0.0018713348725791028,,0.029567987164108855,,,,,,,,194766.02614868802,99543.34197713339
gan,28,2.3945612021915096e-11,9.956638182379438e-15,True,1906521117.6748233,5.2451556435923004e-11,0.00018425417608622653,9.664418315541206e-14,9.664418315541206e-15,0.3172631529615639,,,,0.2899122233028967,,,,0.0019229178814698326,,0.030870706471640398,,,,,,,,121479.51788740077,65179.46786466775
gan,29,2.664351021091094e-11,9.823342184188994e-15,True,1733893499.9713788,5.76736691161543e-11,0.00016197731211202774,9.341825903073141e-14,9.34182590307314e-15,0.2969991380729173,,,,0.404869958574218,,,,0.001995476984322194,,0.029338089188483303,,,,,,,,185442.9680457726,124878.22604233005
gan,30,2.6921469447878943e-11,9.782782707049644e-15,True,1747207199.0323565,5.7234196410924986e-11,0.00016276413283569018,9.315674347371777e-14,9.315674347371777e-15,0.2883891279506817,,,,0.4144256531280406,,,,0.0019371794973631797,,0.03339872896205607,,,,,,,,109870.32164496182,99373.27877308216
gan,31,2.668731682161153e-11,9.861967585032935e-15,True,1692966316.2414405,5.906792063176442e-11,0.00015853158284210314,9.364130952945335e-14,9.364130952945335e-15,0.34539564171459575,,,,0.37874273455473734,,,,0.001915867359083327,,0.031222807996090687,,,,,,,,151601.6112087843,100172.37610018594
gan,32,2.5646421791897254e-11,9.937681246311981e-15,True,1684924271.2445288,5.934984836210912e-11,0.0001583931720386052,9.400610742084681e-14,9.40061074208468e-15,0.4049714388805603,,,,0.34534880484591346,,,,0.0021264959298345435,,0.026542370764244823,,,,,,,,124622.31598642877,81014.61059021628
gan,33,2.545973447662917e-11,9.98425766176512e-15,True,1748034513.4415033,5.72071084587006e-11,0.00016756580256408967,9.585955041253089e-14,9.585955041253089e-15,0.3694410272685773,,,,0.2889559410087702,,,,0.0017823481717168974,,0.03081781223979493,,,,,,,,144331.60679088865,75382.60919459857
gan,34,2.6847596896394587e-11,9.89968877754691e-15,True,1654426210.3052864,6.044391667461996e-11,0.0001554085840041385,9.393503502066824e-14,9.393503502066824e-15,0.3867987552009332,,,,0.3513648101635096,,,,0.0018132979460959372,,0.03370636216492091,,,,,,,,139773.28680925784,84815.18380865917
gan,35,2.896039367463112e-11,9.94487234165497e-15,True,1518035651.0817707,6.587460573059584e-11,0.00014311308289378886,9.427517910518422e-14,9.427517910518421e-15,0.40756991216058647,,,,0.3320437704789292,,,,0.0015490714795061448,,0.033120399605670384,,,,,,,,148724.99003673223,107204.384946107
gan,36,2.2379831242897442e-11,9.935086942679454e-15,True,2051135811.5572526,4.875347572625068e-11,0.000198966501528058,9.700308502585194e-14,9.700308502585195e-15,0.32502910535940077,,,,0.27722682920599995,,,,0.002076615167963538,,0.03602118133616859,,,,,,,,173719.64672984713,77433.5891383133
gan,37,2.975812836434004e-11,9.836961319623141e-15,True,1497458282.7222035,6.677982362100381e-11,0.0001384075914601713,9.242834545518191e-14,9.242834545518192e-15,0.34337910014249173,,,,0.433890622289459,,,,0.0018694626343478099,,0.025151125659097107,,,,,,,,169598.568838504,137567.3860418633
gan,38,2.401207502159866e-11,9.930723407312079e-15,True,1890805373.048474,5.28875163067544e-11,0.00018098847648106905,9.572031001227174e-14,9.572031001227173e-15,0.32315377249568256,,,,0.31532683264263955,,,,0.002039481418764281,,0.02984573083034288,,,,,,,,113302.70320586424,124794.13751285331
gan,39,2.6577830410711383e-11,9.89466684247913e-15,True,1676992414.2653625,5.963056192106083e-11,0.0001572125253351776,9.374671226765652e-14,9.374671226765652e-15,0.3265693378091316,,,,0.3840685824589804,,,,0.0020632244858467133,,0.02377666789032275,,,,,,,,202038.19625690038,101407.36973014435
gan,40,2.725793926842326e-11,9.908805272403004e-15,True,1610707643.7635188,6.208451321826707e-11,0.00015096979645763418,9.372886323733079e-14,9.372886323733077e-15,0.39382773234738633,,,,0.3594499093746248,,,,0.0018483869830876085,,0.03038875307804853,,,,,,,,161681.04841837988,91831.0761678406
gan,41,2.6886550725830756e-11,9.979967512718432e-15,True,1616648006.4447346,6.185638407454933e-11,0.00015344985424484595,9.491853120352805e-14,9.491853120352805e-15,0.42046117918282966,,,,0.303564928941071,,,,0.0017098634086703637,,0.03213681990045449,,,,,,,,167701.60656098145,110417.02711334129
gan,42,2.987625761653551e-11,9.799669939984602e-15,True,1529332962.6434681,6.538798446294452e-11,0.00014098161049604544,9.218503356676315e-14,9.218503356676315e-15,0.3195030992751116,,,,0.44361512276978604,,,,0.0018263505901647016,,0.028023140335524943,,,,,,,,124801.94788946726,117130.59148503166
gan,43,2.491827694471953e-11,9.812388541810695e-15,True,1873127498.9936602,5.33866488286169e-11,0.0001762753749272865,9.410751538375825e-14,9.410751538375825e-15,0.30915044444601775,,,,0.374228932488249,,,,0.002019400537001905,,0.037168063728347134,,,,,,,,148603.16720866776,107992.66926426036
gan,44,2.707961637505347e-11,9.866483041864413e-15,True,1647142698.8149087,6.071119404041211e-11,0.0001536119333151084,9.325963890416391e-14,9.325963890416391e-15,0.34902870553728016,,,,0.39341742289299225,,,,0.0019904141791154593,,0.02754927942229561,,,,,,,,145927.78851970177,98941.15335552875
gan,45,2.3888209012882977e-11,9.94316169844573e-15,True,1870916579.1650853,5.344973747820759e-11,0.00017855991900456587,9.543980794924057e-14,9.543980794924056e-15,0.3641649146056609,,,,0.30514542310330794,,,,0.0020567379546030757,,0.031968968608450936,,,,,,,,147994.91194787735,111721.2944523282
gan,46,2.477071545207146e-11,9.974857775361261e-15,True,1853246822.6672158,5.3959353269565445e-11,0.00018000866166197586,9.713150966200236e-14,9.713150966200238e-15,0.304180572738229,,,,0.28383712109275905,,,,0.0017797371301470353,,0.02963687237327195,,,,,,,,124811.60831298433,102643.56051154497
gan,47,2.558730983690968e-11,9.888995202450606e-15,True,1768997947.9819405,5.65291780660793e-11,0.0001671317243522877,9.447819006401353e-14,9.447819006401354e-15,0.3546273458822565,,,,0.3434454614655535,,,,0.0018918189454444556,,0.034510624545600756,,,,,,,,150128.518052774,104101.11932058443
gan,48,2.715125359422264e-11,9.93613874198505e-15,True,1638880425.3772929,6.101726425646864e-11,0.0001550293947810789,9.45946954887749e-14,9.459469548877491e-15,0.37508576885139383,,,,0.3316573226042212,,,,0.001717968241194685,,0.031332119630341645,,,,,,,,114806.40949220785,102113.64743634024
gan,49,2.7023391704698868e-11,9.886604731913628e-15,True,1699176464.1353064,5.885203927356008e-11,0.00016033995705836418,9.436333449919785e-14,9.436333449919786e-15,0.2880181438898809,,,,0.37669449489125817,,,,0.001872921071069156,,0.02557335139324416,,,,,,,,130052.99074338179,137039.0884353743
gan,50,2.618554865910571e-11,9.958919718101956e-15,True,1633687521.9912858,6.121121613153474e-11,0.00015396655506931544,9.424480079375712e-14,9.424480079375713e-15,0.4504804919356491,,,,0.3195734695339455,,,,0.0019147810769848126,,0.03215221362505654,,,,,,,,156374.81388119672,105831.26912334646
gan,51,2.398982566990916e-11,9.889749873965085e-15,True,1963023189.230875,5.094183326442549e-11,0.00018897368654850158,9.626666031517574e-14,9.626666031517574e-15,0.22959413332917422,,,,0.3499596868503055,,,,0.0021060291203612237,,0.02633528424494973,,,,,,,,73729.89339605949,143407.44462842165
gan,52,2.43812680984635e-11,9.973613448389403e-15,True,1951690386.2149835,5.123763518348589e-11,0.00019386455173297777,9.933161176704342e-14,9.933161176704342e-15,0.24334318261586152,,,,0.26633060639806294,,,,0.0016793139993127003,,0.030967245332454978,,,,,,,,164035.00389666416,53903.86745099821
gan,53,2.6799110371062693e-11,9.897159340669966e-15,True,1670338859.863895,5.986809168059967e-11,0.00015693278947250607,9.395266627832241e-14,9.39526662783224e-15,0.3482490362296666,,,,0.3654812251502961,,,,0.0018933891880778557,,0.028403950127204418,,,,,,,,160189.93736317317,81472.46156352056
gan,54,2.5587171839710707e-11,9.921801993085701e-15,True,1740440262.7016563,5.745672640597941e-11,0.00016466826410595868,9.461299398483628e-14,9.461299398483627e-15,0.3803804578264497,,,,0.32824009176052005,,,,0.0018856229015199015,,0.03352744210763232,,,,,,,,200786.0681419213,102360.27099935873
gan,55,2.7126924689288463e-11,9.830963731460616e-15,True,1598262875.8738139,6.256793016313244e-11,0.00014766383646619877,9.239020607637335e-14,9.239020607637335e-15,0.414539584702754,,,,0.4187401681943996,,,,0.002160037199020583,,0.030880099472874074,,,,,,,,142004.30977735535,71954.4402498174
gan,56,2.673342721423669e-11,9.965967855989552e-15,True,1628124728.6817422,6.142035572481468e-11,0.00015400321479776158,9.45893223564356e-14,9.458932235643561e-15,0.3986918741261004,,,,0.32442526603715055,,,,0.0018340443718940758,,0.02787751465685151,,,,,,,,145085.54347598756,113862.03014558955
gan,57,2.632294497442746e-11,9.906693278210427e-15,True,1719550246.1376078,5.815474146487805e-11,0.00016242847666313184,9.44598606687841e-14,9.44598606687841e-15,0.3111087625741517,,,,0.3617649646163964,,,,0.0019344627567124387,,0.025751132929988162,,,,,,,,114800.9063679624,78022.80601148543
gan,58,2.6194059720070584e-11,1.0020308707917247e-14,True,1682566115.5773163,5.943302855928983e-11,0.00016167304695360461,9.608718816860989e-14,9.60871881686099e-15,0.3629713886916323,,,,0.2855968089616655,,,,0.001753176726524504,,0.025588552263577136,,,,,,,,142637.29707581995,114380.62604012282
gan,59,3.205204047440638e-11,9.858067476388506e-15,True,1362334975.6049201,7.340338594448609e-11,0.00012581395474736364,9.235170277522842e-14,9.235170277522842e-15,0.40712727082898564,,,,0.4167501259001392,,,,0.0015922121390170288,,0.0295131091883665,,,,,,,,126072.7278670314,72328.76015869666
gan,60,2.4547482892528517e-11,9.903490519474818e-15,True,1896132273.496134,5.273893672808891e-11,0.00018234333976847894,9.61659385883823e-14,9.616593858838229e-15,0.29840246298445344,,,,0.3166312665519993,,,,0.001865850444365245,,0.03360806114856651,,,,,,,,142777.20992936238,111136.13912264706
gan,61,2.544443287844228e-11,9.92893726223534e-15,True,1782390866.6151166,5.610441675450622e-11,0.00017004188940285356,9.54010102878135e-14,9.54010102878135e-15,0.3431986943733927,,,,0.3178506901502002,,,,0.0018231408786449218,,0.032514530555263085,,,,,,,,168553.59882847403,106576.74597209101
gan,62,3.080659779789856e-11,9.885321031553612e-15,True,1420443232.3776789,7.040056069865607e-11,0.00013186549776653881,9.283404979571711e-14,9.283404979571712e-15,0.37541113242017327,,,,0.4078620450187785,,,,0.0016998070766800133,,0.024745180492293118,,,,,,,,104777.81590026211,97230.04842590832
gan,63,2.9932380011586084e-11,9.81791840803058e-15,True,1416976045.1636877,7.057282326071229e-11,0.00013029737915323325,9.195453910315148e-14,9.195453910315148e-15,0.44533442879258817,,,,0.4505597397843877,,,,0.0020282858814763896,,0.028409479203519647,,,,,,,,166572.76165969868,112338.24001730957
gan,64,2.7272208759016983e-11,9.864774107557152e-15,True,1700265296.6168032,5.881435103038362e-11,0.00016057177352910135,9.443924653911828e-14,9.443924653911828e-15,0.32520578401036293,,,,0.3563797613136661,,,,0.0016857687193646861,,0.035418454121818224,,,,,,,,149265.9778058967,89437.4751239814
gan,65,2.941164189077727e-11,9.842616631098362e-15,True,1543529897.7928824,6.478656496579143e-11,0.00014352407348187655,9.298431710788619e-14,9.298431710788618e-15,0.3502279470479515,,,,0.40071377395326196,,,,0.001688328692781718,,0.031851920870820775,,,,,,,,177244.73644632203,96937.60257037525
gan,66,2.5798465174445712e-11,9.888324945836728e-15,True,1787804477.7755017,5.59345282121825e-11,0.00017005521658819314,9.511958309881095e-14,9.511958309881095e-15,0.33071210841016224,,,,0.33199111616326404,,,,0.0017693764124234923,,0.03615715493386826,,,,,,,,170755.78799141865,78419.88752489306
gan,67,2.4952432069787222e-11,9.934160180434455e-15,True,1768901931.9768107,5.6532246470128756e-11,0.00016725560093798833,9.455334855735855e-14,9.455334855735855e-15,0.3725791254302249,,,,0.332164595703697,,,,0.0020686722691102867,,0.028634114315267144,,,,,,,,69406.3802230664,94591.21044020572
gan,68,2.93146550443914e-11,9.90492152917666e-15,True,1400436533.6193516,7.140630624763514e-11,0.00013032121446800523,9.305756550866121e-14,9.305756550866121e-15,0.5160673677803284,,,,0.38472190447184523,,,,0.0019246313421669688,,0.029884781150614076,,,,,,,,178228.57972211868,81569.38144706325
gan,69,2.2843987762860447e-11,1.002308602481134e-14,True,1970505202.9873083,5.0748406981315693e-11,0.00019320197299587996,9.804692355188079e-14,9.80469235518808e-15,0.3422813254551825,,,,0.23908278125542354,,,,0.001965003525560297,,0.030899982394914392,,,,,,,,161073.70707664362,110118.35688695821
gan,70,2.4557115483439853e-11,9.952658136554905e-15,True,1861276059.7414343,5.372658154421856e-11,0.00017950593868565408,9.644240452466292e-14,9.64424045246629e-15,0.31253569763214717,,,,0.3002540501882965,,,,0.0018787839711500772,,0.029746428486961858,,,,,,,,189204.31355884054,100226.3932780237
gan,71,2.856782048730507e-11,9.804203393694061e-15,True,1578983206.3877316,6.333189586529663e-11,0.00014569555300057181,9.227175590669021e-14,9.227175590669021e-15,0.34363453136915983,,,,0.43411187638741044,,,,0.0019394273098149893,,0.029699874037164675,,,,,,,,156075.84421950625,90125.4891136996
gan,72,2.708135188619378e-11,9.859824433705087e-15,True,1700034988.5355325,5.882231876071173e-11,0.00015982730620083468,9.401412752011376e-14,9.401412752011375e-15,0.3144807332776698,,,,0.37561405816573123,,,,0.0018151782810402301,,0.030955150635903338,,,,,,,,116441.23309064114,106527.25181489975
gan,73,2.425214904533013e-11,9.912796081503656e-15,True,1847780667.6083174,5.4118977296929626e-11,0.00017514252767099987,9.478534478753711e-14,9.47853447875371e-15,0.351664625339772,,,,0.33313512523568445,,,,0.002114506372315224,,0.03049947961058705,,,,,,,,138584.73247106184,93372.11515660338
gan,74,2.559225222631051e-11,9.916024650086793e-15,True,1759972003.9879344,5.68190856294357e-11,0.00016675659550112096,9.474957279051365e-14,9.474957279051363e-15,0.34607957392320454,,,,0.33592121243531353,,,,0.0019006404960301435,,0.030744427107752822,,,,,,,,119107.53926321553,61924.01845897499
gan,75,2.7901114549470372e-11,9.905451283669111e-15,True,1580984524.8993888,6.325172601317133e-11,0.00014809054991512843,9.366982888371577e-14,9.366982888371576e-15,0.37433588548888697,,,,0.3704735126143524,,,,0.0018205484212226847,,0.02788705665070842,,,,,,,,120472.85876093677,123969.42037274023
gan,76,2.4696607234828914e-11,9.920863261226953e-15,True,1842192943.6036246,5.4283130519642515e-11,0.00017581774991907724,9.543937866527137e-14,9.543937866527137e-15,0.32854690652569046,,,,0.321732233973622,,,,0.0019406719087403557,,0.03126781389283446,,,,,,,,142014.62297819334,95039.6244757298
gan,77,2.8579699241482746e-11,9.759832990753606e-15,True,1647007175.8716547,6.071618962259618e-11,0.00015201124641352044,9.2295436620105e-14,9.229543662010501e-15,0.2769774145922608,,,,0.4505676831140568,,,,0.0019302326357979146,,0.029867510080716347,,,,,,,,194988.43759346454,113134.19665623561
gan,78,2.918350014859315e-11,9.862170065146616e-15,True,1512303152.1442387,6.612430838235951e-11,0.00014028467082143943,9.276226834714652e-14,9.276226834714653e-15,0.36440108107370556,,,,0.4123389074526268,,,,0.0018526945955002296,,0.026190105778221593,,,,,,,,69425.26687544538,113587.45502533269
gan,79,2.3531622532010608e-11,1.0014216613878055e-14,True,1905768236.2889082,5.247227763367986e-11,0.00018538852817588482,9.72775832054431e-14,9.727758320544309e-15,0.33464087937046405,,,,0.26230848209081703,,,,0.0019847041470788156,,0.02742491736300014,,,,,,,,192893.86349687102,121785.06601371024
gan,80,2.81611940627055e-11,9.92207915691619e-15,True,1545583145.8074636,6.470049849550909e-11,0.00014469067797394757,9.361558992567584e-14,9.361558992567585e-15,0.3887667959443197,,,,0.36873761201287597,,,,0.0018369807910899368,,0.026017799602903423,,,,,,,,132838.17711914578,116478.19104336682
gan,81,2.698654262396654e-11,9.9613076117176e-15,True,1634029517.3536613,6.119840488680505e-11,0.00015514158009321478,9.494417233323252e-14,9.494417233323252e-15,0.40042968331589485,,,,0.30965492888153573,,,,0.001670853844643197,,0.0335339137065654,,,,,,,,168898.47743542359,101647.52734318719
gan,82,2.8163317341841905e-11,9.759758399743248e-15,True,1636217182.131838,6.111658103339885e-11,0.00015060324966826896,9.204355712243958e-14,9.204355712243959e-15,0.32624895690382144,,,,0.44453299644834493,,,,0.0019653797532593826,,0.033645279559803905,,,,,,,,165073.36905262957,104593.3222217376
gan,83,2.4766313570718168e-11,9.96355984104672e-15,True,1751249672.9257553,5.710208061477224e-11,0.00016577645051385286,9.466180241272828e-14,9.466180241272827e-15,0.4088057247492253,,,,0.3148491158735356,,,,0.002113276229790546,,0.028316892216646936,,,,,,,,153331.09054048962,92094.18655339815
gan,84,2.7749574639486256e-11,9.914521023758741e-15,True,1609239000.7900372,6.214117353041168e-11,0.0001514548817176335,9.411584086843439e-14,9.411584086843439e-15,0.35575010089939874,,,,0.3578745688875571,,,,0.0017564053480904414,,0.028392845680148694,,,,,,,,91277.21541723663,124132.25489682822
gan,85,3.034304046467028e-11,9.883252190097097e-15,True,1423304400.223001,7.025903944674951e-11,0.0001320680220389663,9.278972370089919e-14,9.278972370089917e-15,0.4311399747165162,,,,0.39089088579087006,,,,0.0016593406191498623,,0.03162087123929038,,,,,,,,108815.34754258329,90187.38798944975
gan,86,2.899172183825943e-11,9.949413336991612e-15,True,1484121246.4506574,6.737993963711152e-11,0.00013911935269414922,9.373853586885802e-14,9.373853586885802e-15,0.3924746128346716,,,,0.3654387924179029,,,,0.001796505486589137,,0.022816156043905918,,,,,,,,178073.3359593473,93134.56839128773
gan,87,2.423453968677864e-11,9.959325956459729e-15,True,1982912525.6537437,5.043086808230793e-11,0.00019679070715087311,9.924326192149775e-14,9.924326192149775e-15,0.20903481611681501,,,,0.2904876999955888,,,,0.0017699258397639395,,0.028541924624829844,,,,,,,,136019.1023847092,88713.55419208069
gan,88,2.8015821226194305e-11,9.97782246840274e-15,True,1595283084.9384317,6.268479929620728e-11,0.00015219898031240442,9.540562533970475e-14,9.540562533970475e-15,0.36276480058087934,,,,0.30889511499565914,,,,0.0015573417500058427,,0.02950099466238142,,,,,,,,166234.12273190377,97353.00837950755
gan,89,3.1123774857844417e-11,9.735098402397864e-15,True,1517374179.2675185,6.590332257286266e-11,0.00013868555708719933,9.139839004914857e-14,9.139839004914856e-15,0.27213398836960906,,,,0.4829579299147708,,,,0.001828026151597209,,0.028052980658148267,,,,,,,,141783.816234197,62980.0017494609
gan,90,2.6969485138002824e-11,9.831264312115987e-15,True,1746397709.1627371,5.7260725592649954e-11,0.0001644863010240968,9.418604946690825e-14,9.418604946690824e-15,0.28251647620696063,,,,0.38384016453806213,,,,0.001811296243846218,,0.031945179017129094,,,,,,,,170246.3080229641,117706.60683182479
gan,91,2.3121788041496903e-11,9.948820916770494e-15,True,1965366060.96968,5.088110657139444e-11,0.00018962757638476944,9.648460922908694e-14,9.648460922908694e-15,0.32937130534183245,,,,0.2889745865708319,,,,0.002062629779066963,,0.03186087268438897,,,,,,,,172415.56378126115,101742.4572779091
gan,92,2.6057941180887112e-11,9.850141644342187e-15,True,1716576856.152557,5.825547492474914e-11,0.0001600932027010207,9.326305555572094e-14,9.326305555572091e-15,0.3593390611373709,,,,0.3888546728722592,,,,0.0020756318244721096,,0.031012074620692765,,,,,,,,137563.9307110488,121774.25233475034
gan,93,2.5808688885185727e-11,9.917371284398829e-15,True,1762344486.0869715,5.674259532654446e-11,0.00016746479351681243,9.502387009967815e-14,9.502387009967814e-15,0.32375503010111173,,,,0.3364947482653215,,,,0.0018586456388820602,,0.0294875415298175,,,,,,,,160717.06575551993,76151.80574615698
gan,94,2.7163547187780958e-11,9.851349823862975e-15,True,1652063104.930647,6.05303754448278e-11,0.00015406544229995127,9.325639065489505e-14,9.325639065489504e-15,0.36803966246138975,,,,0.38528069056798,,,,0.0018853347422719488,,0.033371449988694665,,,,,,,,158063.0419120261,117329.62971864449
gan,95,2.517780039833051e-11,9.860975522639306e-15,True,1782232882.8641202,5.610939005866392e-11,0.00016702684019942883,9.371774127015878e-14,9.37177412701588e-15,0.36022657200608976,,,,0.370116592252438,,,,0.002100074696029055,,0.03280700252476399,,,,,,,,138848.69900493446,105402.12526116952
gan,96,2.7661228828469666e-11,9.854830775186634e-15,True,1660666097.7342613,6.02168010393152e-11,0.00015541601518682022,9.358655264827944e-14,9.358655264827944e-15,0.2862055620380805,,,,0.4031003669533266,,,,0.0019050711619524488,,0.0253459697731542,,,,,,,,84699.51382314666,101027.07914928571
gan,97,2.6425088372892543e-11,9.800067078418377e-15,True,1855929777.9691794,5.3881348953527406e-11,0.00017596779976456343,9.48138242369888e-14,9.48138242369888e-15,0.2037666883011604,,,,0.4079446381461341,,,,0.0019080778430303495,,0.030540124948643006,,,,,,,,200190.77942612473,92897.93148183785
gan,98,2.6724747991123073e-11,9.909048665605598e-15,True,1602387392.9739907,6.240688140612647e-11,0.00014963827713622709,9.338458215057609e-14,9.33845821505761e-15,0.433864782452568,,,,0.36752293241683737,,,,0.002055260642213943,,0.029032858697062777,,,,,,,,157156.35584677284,112013.27882677923
gan,99,2.627381378115308e-11,9.922209614155522e-15,True,1674212093.495369,5.972958885467315e-11,0.00015757361722035373,9.411807370915374e-14,9.411807370915374e-15,0.38905597466708763,,,,0.344581553574987,,,,0.0019152918368139664,,0.03032580881593007,,,,,,,,161421.2943580676,87224.42208924887
gan,100,3.0718088110066985e-11,9.882157579431276e-15,True,1462466193.247554,6.837764897521487e-11,0.00013631452833983627,9.320866969043303e-14,9.320866969043304e-15,0.3510478102744305,,,,0.39283390566483734,,,,0.0015835804133441822,,0.027730908245229075,,,,,,,,106770.0360454251,92366.75132593737
gan,101,2.5929397118485883e-11,1.0001806598192721e-14,True,1654967573.7829368,6.042414460811416e-11,0.00015734471849827573,9.507420023862826e-14,9.507420023862827e-15,0.44299622903327557,,,,0.28730272338004953,,,,0.0018283176884832627,,0.03158544226733057,,,,,,,,176823.64417957378,83455.26004201832
gan,102,2.778976190605329e-11,9.922871813650316e-15,True,1613680000.5860271,6.197015515076335e-11,0.00015225368120385608,9.435184246477823e-14,9.435184246477822e-15,0.34586156173132276,,,,0.3530205964971366,,,,0.0017313503583248082,,0.027683570592115146,,,,,,,,164651.8487233857,122721.70547170084
gan,103,2.316906134303152e-11,9.86011456432576e-15,True,1990107193.490377,5.0248549589237764e-11,0.00018927489837844793,9.51078911716738e-14,9.510789117167379e-15,0.3183671997633266,,,,0.3370444529444949,,,,0.0021746385560337356,,0.03592401741586317,,,,,,,,144646.95291381245,86645.71037165949
gan,104,2.3351102349897352e-11,1.0024196271285673e-14,True,1862739291.2104456,5.368437787932093e-11,0.0001790804155186171,9.613820697487249e-14,9.613820697487249e-15,0.4088109836522241,,,,0.2583195962614909,,,,0.002141378496874318,,0.028675891628989963,,,,,,,,147734.3234922458,100111.48718544039
gan,105,2.8177551397973125e-11,1.0053319603275017e-14,True,1484886108.5345297,6.734523235502044e-11,0.00014129897865542595,9.515812549076734e-14,9.515812549076734e-15,0.4670455735832351,,,,0.2784281059999953,,,,0.001661025406391231,,0.025895529133650272,,,,,,,,137193.8320068606,121332.74997027148
gan,106,2.784940776469734e-11,9.885280788167421e-15,True,1636060541.2417588,6.112243250124515e-11,0.00015383681471110259,9.402880323385924e-14,9.402880323385925e-15,0.3271508106147086,,,,0.3692012501529376,,,,0.0017358563176846549,,0.029465721094602347,,,,,,,,131987.28404890475,57130.33657420059
gan,107,3.094710736137515e-11,9.828410632524861e-15,True,1446579020.4696553,6.912861211517735e-11,0.0001334963526484687,9.228417581026923e-14,9.228417581026922e-15,0.36800397025218207,,,,0.42609259521268167,,,,0.0016756598608289063,,0.030164578374732968,,,,,,,,172720.8704334854,86274.32675965088
gan,108,2.564482526422973e-11,9.890817283153136e-15,True,1759672952.8799593,5.682874186156895e-11,0.00016610815966044452,9.439717726443683e-14,9.439717726443682e-15,0.35721485268040365,,,,0.34557498120120034,,,,0.001904973342737789,,0.033820538558693776,,,,,,,,138950.21170931225,117681.6126400717
gan,109,2.5911223239699835e-11,9.809348393349037e-15,True,1809839626.0744479,5.525351448785578e-11,0.00016980050676210562,9.382074760425257e-14,9.382074760425257e-15,0.2838316914146643,,,,0.39414649168410815,,,,0.0019862644950133738,,0.0324871269735811,,,,,,,,153919.1812199612,50119.64899164221
gan,110,2.5531823362358242e-11,1.0016633008565832e-14,True,1713551109.9087539,5.835834100409468e-11,0.00016467152397997797,9.609956950087511e-14,9.60995695008751e-15,0.4110940851522147,,,,0.2655463402250269,,,,0.001730758138125271,,0.0330044011562273,,,,,,,,179206.36406901007,116881.13798980368
gan,111,2.8563363835964817e-11,1.0038679040659037e-14,True,1538202160.7160566,6.501096055764769e-11,0.00014731532756204798,9.57711094967325e-14,9.57711094967325e-15,0.31651553919677256,,,,0.3147898761618462,,,,0.001675124762592061,,0.0179619372702062,,,,,,,,144242.06362785585,88902.90649938244
gan,112,2.6910962336689794e-11,9.789525478491305e-15,True,1755826165.99291,5.695324624772894e-11,0.00016396810984572031,9.338516136817979e-14,9.338516136817978e-15,0.27314661868936285,,,,0.41344134396176047,,,,0.00193509276295016,,0.03175417572460787,,,,,,,,117572.01862528895,94395.61228231188
gan,113,2.893967942950152e-11,9.871222379880274e-15,True,1456672222.5691895,6.864962374557133e-11,0.00013500372987922753,9.267955260457716e-14,9.267955260457716e-15,0.47972401905118034,,,,0.39669565839804855,,,,0.0018878689147914338,,0.03351146246512315,,,,,,,,197935.01102075912,117010.78475187512
gan,114,2.8998416348878125e-11,1.0007809197454478e-14,True,1502055628.4698148,6.657543043320756e-11,0.00014300128514853022,9.52037211126525e-14,9.52037211126525e-15,0.4049515619241764,,,,0.30059422161946076,,,,0.0014972665927559558,,0.0287692414988184,,,,,,,,134678.92780911073,115656.45009118253
gan,115,2.4913515484243125e-11,9.975785486650596e-15,True,1769583828.298196,5.6510462178087225e-11,0.00016886880351622773,9.54285413416263e-14,9.54285413416263e-15,0.3785441317620232,,,,0.3009006830016063,,,,0.0019548144529762303,,0.028892487706999197,,,,,,,,139926.882563354,158868.62031735768
gan,116,2.6386108348191547e-11,9.81286695993808e-15,True,1728432937.761617,5.7855875004038985e-11,0.000160687317802977,9.296705373543326e-14,9.296705373543327e-15,0.324042302038096,,,,0.4111107615818237,,,,0.0020786852461681126,,0.030774980818970395,,,,,,,,139835.57362469635,122217.28649618852
gan,117,2.1867321356203148e-11,9.941459088412147e-15,True,2097658324.6305947,4.767220610992992e-11,0.0002039334008306179,9.721955117096171e-14,9.721955117096171e-15,0.30732501038368487,,,,0.2794243594607432,,,,0.0022212008720763603,,0.03207069451231816,,,,,,,,180310.46101030428,96785.16036056618
gan,118,2.6046208128981457e-11,9.844115746135834e-15,True,1752894154.3160179,5.7048510176029513e-11,0.0001643193190160812,9.374172343007149e-14,9.374172343007147e-15,0.3410981940346754,,,,0.3737550282705648,,,,0.0019278015847603981,,0.03488819794266496,,,,,,,,119109.25893168186,76798.20757237918
gan,119,2.9365867086266094e-11,9.840669363582175e-15,True,1496740124.1037886,6.681186559348609e-11,0.0001381906467366184,9.232774916043864e-14,9.232774916043865e-15,0.35722712118847266,,,,0.43764234438659727,,,,0.0019742568490888714,,0.024044902433617225,,,,,,,,162010.01389306952,108763.20846262357
gan,120,2.9588221616902485e-11,9.848358759281257e-15,True,1496315154.5400774,6.683084088040063e-11,0.0001384346212148116,9.251702142745608e-14,9.251702142745608e-15,0.3565525951800734,,,,0.42472550935095166,,,,0.0018568597290269807,,0.025699593839607605,,,,,,,,143222.22872604305,82173.69431614943
gan,121,2.6037016286679324e-11,9.88405546420693e-15,True,1861889483.562232,5.3708880619851024e-11,0.00017982138422221113,9.658005258087101e-14,9.6580052580871e-15,0.20010552930847889,,,,0.36300243938845833,,,,0.001810440366714736,,0.027257224974214442,,,,,,,,211912.5893660284,106707.28338516637
gan,122,2.771729751074093e-11,9.808060811713736e-15,True,1606946491.075694,6.222982566959013e-11,0.0001484512602620962,9.238096046541199e-14,9.238096046541199e-15,0.3899811175521033,,,,0.4157330177396762,,,,0.0019481385262550307,,0.0359255019035197,,,,,,,,151593.78335297972,83392.46148149887
gan,123,2.88719780147518e-11,9.816241033069189e-15,True,1512571103.2966862,6.61125944969116e-11,0.00013929482403881555,9.209142217196866e-14,9.209142217196867e-15,0.4041270437368244,,,,0.4334928483785172,,,,0.001968396431878613,,0.030983324978000975,,,,,,,,111888.25020622309,76639.78239144325
gan,124,3.000979756096379e-11,9.984969150207775e-15,True,1484887964.5686717,6.734514817691843e-11,0.0001413055661118295,9.516244288024501e-14,9.516244288024501e-15,0.3672651364205371,,,,0.3162659946773444,,,,0.0014168191830000437,,0.0282551633439691,,,,,,,,107908.79762961279,109547.08087166028
gan,125,2.3598730638915473e-11,9.896233947011677e-15,True,1876277988.0597744,5.329700643315025e-11,0.0001768153429720535,9.423728471861203e-14,9.423728471861202e-15,0.3869418975916781,,,,0.3387113094545343,,,,0.0022867407601945603,,0.033161137765813226,,,,,,,,173355.67627606142,97336.4515550941
gan,126,2.914917846540534e-11,9.861113568613795e-15,True,1468025008.957854,6.811873053238355e-11,0.0001358164450909749,9.251643825018386e-14,9.251643825018385e-15,0.4364259137703189,,,,0.41021945078367317,,,,0.001898675827635308,,0.029852607561476643,,,,,,,,99322.0621435132,87834.54995858921
gan,127,2.778454394121188e-11,9.925627316115695e-15,True,1599356010.0368733,6.252516598708658e-11,0.00015050206700860098,9.410166721112402e-14,9.410166721112404e-15,0.3448667203441641,,,,0.36324529109091075,,,,0.0018157611190710908,,0.02490305317666218,,,,,,,,159796.22421228976,130578.36409155828
gan,128,2.6674476047064505e-11,9.80349693761184e-15,True,1791730635.0416312,5.581196081836066e-11,0.00016893526706684492,9.428608506374044e-14,9.428608506374044e-15,0.2787366177666645,,,,0.3818654980961741,,,,0.0017877098030199706,,0.03650450438042288,,,,,,,,178636.3619026374,89938.23435485351
gan,129,2.288184307707223e-11,9.90391418175022e-15,True,1966704210.1842113,5.084648697153778e-11,0.00018692837028712678,9.504650944415181e-14,9.504650944415181e-15,0.34694478620554803,,,,0.32542745761516134,,,,0.002311179240109512,,0.031610190879128225,,,,,,,,135784.53709561637,120710.9928332946
gan,130,2.940417890441327e-11,9.921309254625274e-15,True,1459824098.9282632,6.850140374680448e-11,0.00013627850453386994,9.335268861085349e-14,9.335268861085349e-15,0.4213684934293868,,,,0.3734528786667215,,,,0.0017393366261422081,,0.027227895620796267,,,,,,,,92176.72837081937,132215.09486988952
gan,131,2.7885592219379137e-11,9.856460215265828e-15,True,1645303672.82773,6.077905352762828e-11,0.0001542295713573652,9.373927373072464e-14,9.373927373072465e-15,0.33245586975910046,,,,0.37709953464711504,,,,0.0017278803057461792,,0.03286989962276246,,,,,,,,146502.5848762303,66852.10540957654
gan,132,2.951827048783831e-11,9.853021593121225e-15,True,1417599693.1012425,7.054177599406278e-11,0.00013101525249680892,9.242048593435469e-14,9.24204859343547e-15,0.4695374746319625,,,,0.4261308417520958,,,,0.0020163748783165636,,0.028129353773536488,,,,,,,,131840.8440534968,100009.30688649383
gan,133,2.5464702895969232e-11,9.895304494128446e-15,True,1784928542.058989,5.602465176821357e-11,0.00016908044261143744,9.472672918121201e-14,9.472672918121201e-15,0.3368996235970965,,,,0.3431089963212095,,,,0.0019126813680635972,,0.032138027468094514,,,,,,,,158915.2323550843,113701.1118492679
gan,134,2.9779196985677776e-11,9.834011682025782e-15,True,1491018420.322307,6.706825256953124e-11,0.0001377960581986832,9.241740834355113e-14,9.241740834355113e-15,0.3799309338994661,,,,0.41957641343377405,,,,0.0017732630311074417,,0.030666700385279418,,,,,,,,150962.87547422663,119986.81579228306
gan,135,2.436400047647417e-11,9.886455381202907e-15,True,1882186339.9201977,5.312970234617677e-11,0.0001790313811080245,9.511883988894277e-14,9.511883988894276e-15,0.32510410689270686,,,,0.33396658297583137,,,,0.001997550320126953,,0.03388117619123572,,,,,,,,187686.75634051833,89616.10136159192
gan,136,3.088121895990181e-11,9.826706558018576e-15,True,1442068425.7516563,6.934483705090243e-11,0.00013287441759949456,9.214154836670513e-14,9.214154836670512e-15,0.3587269028535631,,,,0.43870417326080663,,,,0.0017613002937792621,,0.027021754066769134,,,,,,,,172907.19883049827,93252.89902278823
gan,137,2.5627077541043774e-11,9.866719417436318e-15,True,1737335987.4646478,5.755939019368e-11,0.00016226992754978133,9.340158076538047e-14,9.340158076538047e-15,0.3465536915955489,,,,0.38738193562919887,,,,0.0021847092278798994,,0.027336589062737,,,,,,,,132640.0906390581,56178.93424296465
gan,138,2.514324080085635e-11,9.878776649138585e-15,True,1843269482.918641,5.4251427111818485e-11,0.00017511574703459019,9.500279186378712e-14,9.500279186378714e-15,0.28290164275701307,,,,0.3558217744024644,,,,0.001980162527084357,,0.028954077450567422,,,,,,,,112712.71552264212,70302.97730507051
gan,139,2.8460481888490656e-11,9.966747304146904e-15,True,1548626666.648368,6.457334240306353e-11,0.0001467658245381985,9.477159840973036e-14,9.477159840973036e-15,0.3914214604806452,,,,0.32065263326372045,,,,0.001572615933660512,,0.030407326758046097,,,,,,,,161221.4637411497,125803.48830874328
gan,140,2.7995977485118945e-11,9.824549183175461e-15,True,1616026301.353814,6.188018098234276e-11,0.00014999667247445604,9.281821239468532e-14,9.28182123946853e-15,0.35601558567139746,,,,0.4054031704847662,,,,0.0018515858903060077,,0.0333253252046401,,,,,,,,161536.10027238567,97968.57288188799
gan,141,2.7115427683149736e-11,9.890376050436128e-15,True,1582246374.537067,6.320128243571293e-11,0.0001473527270747876,9.312881321526175e-14,9.312881321526175e-15,0.43465461863476884,,,,0.3792558487257429,,,,0.0020260423514547334,,0.03024232350196369,,,,,,,,161136.81627632093,102750.92835176496
gan,142,2.560631838706235e-11,9.946166149119632e-15,True,1746845178.6007447,5.724605776460502e-11,0.00016602396172803166,9.504217303391473e-14,9.504217303391474e-15,0.3367166065902887,,,,0.33084026520884563,,,,0.0019430239008068344,,0.026263718543763095,,,,,,,,221352.72125782672,101293.22695371608
gan,143,2.6680278682835913e-11,9.938338696328587e-15,True,1658917721.4064782,6.028026508464635e-11,0.00015681898912221775,9.453090234593558e-14,9.453090234593558e-15,0.3777563597866225,,,,0.33329749109048357,,,,0.0018032633189399255,,0.030052285575217847,,,,,,,,108543.30400671133,134637.5309319685
gan,144,2.6492999809839866e-11,9.864059492752094e-15,True,1691540189.214932,5.91177204287481e-11,0.00015815682414584297,9.34987091375262e-14,9.349870913752621e-15,0.36183380631069867,,,,0.37704049877454054,,,,0.001948590217957686,,0.032002207076619674,,,,,,,,125028.72450835769,81195.16104784225
gan,145,2.8187378849468897e-11,9.96538393770498e-15,True,1515496813.312844,6.598496223914988e-11,0.00014247875378692575,9.40145518851143e-14,9.401455188511429e-15,0.4176708783366986,,,,0.34451048084044816,,,,0.0018162720264413839,,0.024751805031162068,,,,,,,,80731.97252860502,115070.10271656486
gan,146,2.7222059323238884e-11,9.880596856332905e-15,True,1633122082.9848304,6.123240940887386e-11,0.00015254701250511871,9.340821123814029e-14,9.340821123814029e-15,0.350963181356148,,,,0.38772146153589826,,,,0.0019651593600608485,,0.026663343129128197,,,,,,,,159159.53035202535,105288.69711474415
gan,147,2.5828546823654733e-11,9.893638397418614e-15,True,1745054476.0582898,5.7304801295303354e-11,0.00016441198683557186,9.421596236178476e-14,9.421596236178476e-15,0.32770074132317517,,,,0.36449032114724467,,,,0.002011898230668394,,0.027402926300953707,,,,,,,,167721.08636594538,107422.47709704514
gan,148,3.0027530128980936e-11,9.840453042129884e-15,True,1489978640.4254568,6.711505607318333e-11,0.00013801656186051913,9.262989288296718e-14,9.262989288296718e-15,0.37889960934538064,,,,0.4071573374717079,,,,0.001674598180000168,,0.03279076521447846,,,,,,,,150687.66834967092,116018.05574783585
gan,149,2.8444218320111607e-11,9.896943673815544e-15,True,1560993137.3670993,6.406178067423686e-11,0.00014603799577336525,9.355454055338454e-14,9.355454055338454e-15,0.3645973310332736,,,,0.37703693822315726,,,,0.001768582384098524,,0.02786359128663502,,,,,,,,204050.47795575554,104496.58504569341
