f_Hz,S21_comb_dB,S21_mbvd_dB
9.711500000000000000e+08,-7.291487733138978911e+01,-9.700900774789968750e+01
9.711550000000000000e+08,-7.288493628218047604e+01,-9.700282745386246575e+01
9.711600000000000000e+08,-7.285485838198086128e+01,-9.699664829240018094e+01
9.711650000000000000e+08,-7.282464284554785650e+01,-9.699047026286714868e+01
9.711700000000000000e+08,-7.279428887874163934e+01,-9.698429336461836670e+01
9.711750000000000000e+08,-7.276379567839288143e+01,-9.697811759700888956e+01
9.711800000000000000e+08,-7.273316243217165322e+01,-9.697194295939418396e+01
9.711850000000000000e+08,-7.270238831846478433e+01,-9.696576945113024237e+01
9.711900000000000000e+08,-7.267147250623042964e+01,-9.695959707157308571e+01
9.711950000000000000e+08,-7.264041415486616415e+01,-9.695342582007930332e+01
9.712000000000000000e+08,-7.260921241406816762e+01,-9.694725569600581139e+01
9.712050000000000000e+08,-7.257786642368881758e+01,-9.694108669870982453e+01
9.712100000000000000e+08,-7.254637531359053071e+01,-9.693491882754882738e+01
9.712150000000000000e+08,-7.251473820350247479e+01,-9.692875208188077352e+01
9.712200000000000000e+08,-7.248295420286441981e+01,-9.692258646106395759e+01
9.712250000000000000e+08,-7.245102241067327498e+01,-9.691642196445690161e+01
9.712300000000000000e+08,-7.241894191533138780e+01,-9.691025859141846865e+01
9.712350000000000000e+08,-7.238671179448716941e+01,-9.690409634130807603e+01
9.712400000000000000e+08,-7.235433111486716484e+01,-9.689793521348522631e+01
9.712450000000000000e+08,-7.232179893211507249e+01,-9.689177520730984838e+01
9.712500000000000000e+08,-7.228911429062206651e+01,-9.688561632214229746e+01
9.712550000000000000e+08,-7.225627622335485967e+01,-9.687945855734315614e+01
9.712600000000000000e+08,-7.222328375167920456e+01,-9.687330191227334808e+01
9.712650000000000000e+08,-7.219013588518731694e+01,-9.686714638629422325e+01
9.712700000000000000e+08,-7.215683162150384078e+01,-9.686099197876740163e+01
9.712750000000000000e+08,-7.212336994611075625e+01,-9.685483868905480165e+01
9.712800000000000000e+08,-7.208974983215685484e+01,-9.684868651651879645e+01
9.712850000000000000e+08,-7.205597024025871633e+01,-9.684253546052201500e+01
9.712900000000000000e+08,-7.202203011830970070e+01,-9.683638552042738468e+01
9.712950000000000000e+08,-7.198792840127175907e+01,-9.683023669559821656e+01
9.713000000000000000e+08,-7.195366401098277720e+01,-9.682408898539820541e+01
9.713050000000000000e+08,-7.191923585593532664e+01,-9.681794238919131601e+01
9.713100000000000000e+08,-7.188464283106955577e+01,-9.681179690634181156e+01
9.713150000000000000e+08,-7.184988381755444209e+01,-9.680565253621439581e+01
9.713200000000000000e+08,-7.181495768256570500e+01,-9.679950927817402828e+01
9.713250000000000000e+08,-7.177986327905819053e+01,-9.679336713158598116e+01
9.713300000000000000e+08,-7.174459944553967716e+01,-9.678722609581592451e+01
9.713350000000000000e+08,-7.170916500582868025e+01,-9.678108617022982685e+01
9.713400000000000000e+08,-7.167355876881367749e+01,-9.677494735419402616e+01
9.713450000000000000e+08,-7.163777952821229178e+01,-9.676880964707501676e+01
9.713500000000000000e+08,-7.160182606232065439e+01,-9.676267304823996085e+01
9.713550000000000000e+08,-7.156569713375061781e+01,-9.675653755705599224e+01
9.713600000000000000e+08,-7.152939148917349144e+01,-9.675040317289074210e+01
9.713650000000000000e+08,-7.149290785905166956e+01,-9.674426989511226793e+01
9.713700000000000000e+08,-7.145624495736595350e+01,-9.673813772308875514e+01
9.713750000000000000e+08,-7.141940148133566879e+01,-9.673200665618880123e+01
9.713800000000000000e+08,-7.138237611114097092e+01,-9.672587669378143005e+01
9.713850000000000000e+08,-7.134516750961887510e+01,-9.671974783523580754e+01
9.713900000000000000e+08,-7.130777432197847077e+01,-9.671362007992151177e+01
9.713950000000000000e+08,-7.127019517549645400e+01,-9.670749342720853292e+01
9.714000000000000000e+08,-7.123242867920052390e+01,-9.670136787646704590e+01
9.714050000000000000e+08,-7.119447342355951491e+01,-9.669524342706762354e+01
9.714100000000000000e+08,-7.115632798015172966e+01,-9.668912007838115130e+01
9.714150000000000000e+08,-7.111799090134815060e+01,-9.668299782977881307e+01
9.714200000000000000e+08,-7.107946071996045134e+01,-9.667687668063223327e+01
9.714250000000000000e+08,-7.104073594890279253e+01,-9.667075663031313582e+01
9.714300000000000000e+08,-7.100181508083696258e+01,-9.666463767819379882e+01
9.714350000000000000e+08,-7.096269658781156409e+01,-9.665851982364671358e+01
9.714400000000000000e+08,-7.092337892089128104e+01,-9.665240306604465559e+01
9.714450000000000000e+08,-7.088386050978510866e+01,-9.664628740476078406e+01
9.714500000000000000e+08,-7.084413976245309641e+01,-9.664017283916865608e+01
9.714550000000000000e+08,-7.080421506470992199e+01,-9.663405936864188561e+01
9.714600000000000000e+08,-7.076408477983409284e+01,-9.662794699255472608e+01
9.714650000000000000e+08,-7.072374724814005731e+01,-9.662183571028160145e+01
9.714700000000000000e+08,-7.068320078656279293e+01,-9.661572552119716306e+01
9.714750000000000000e+08,-7.064244368822370745e+01,-9.660961642467654542e+01
9.714800000000000000e+08,-7.060147422198784284e+01,-9.660350842009508199e+01
9.714850000000000000e+08,-7.056029063201093265e+01,-9.659740150682856097e+01
9.714900000000000000e+08,-7.051889113727402503e+01,-9.659129568425291268e+01
9.714950000000000000e+08,-7.047727393111644290e+01,-9.658519095174453639e+01
9.715000000000000000e+08,-7.043543718073449611e+01,-9.657908730868010139e+01
9.715050000000000000e+08,-7.039337902669754499e+01,-9.657298475443647590e+01
9.715100000000000000e+08,-7.035109758243704903e+01,-9.656688328839106816e+01
9.715150000000000000e+08,-7.030859093371705626e+01,-9.656078290992141433e+01
9.715200000000000000e+08,-7.026585713810570155e+01,-9.655468361840549107e+01
9.715250000000000000e+08,-7.022289422442631235e+01,-9.654858541322140297e+01
9.715300000000000000e+08,-7.017970019219652045e+01,-9.654248829374782304e+01
9.715350000000000000e+08,-7.013627301105354661e+01,-9.653639225936360901e+01
9.715400000000000000e+08,-7.009261062016534538e+01,-9.653029730944783182e+01
9.715450000000000000e+08,-7.004871092762712692e+01,-9.652420344338013081e+01
9.715500000000000000e+08,-7.000457180984282957e+01,-9.651811066054021637e+01
9.715550000000000000e+08,-6.996019111088939724e+01,-9.651201896030813998e+01
9.715600000000000000e+08,-6.991556664187341141e+01,-9.650592834206447890e+01
9.715650000000000000e+08,-6.987069618025464024e+01,-9.649983880518988144e+01
9.715700000000000000e+08,-6.982557746916930341e+01,-9.649375034906535120e+01
9.715750000000000000e+08,-6.978020821672735963e+01,-9.648766297307234652e+01
9.715800000000000000e+08,-6.973458609529372154e+01,-9.648157667659248204e+01
9.715850000000000000e+08,-6.968870874075064137e+01,-9.647549145900775613e+01
9.715900000000000000e+08,-6.964257375174105391e+01,-9.646940731970040872e+01
9.715950000000000000e+08,-6.959617868889216652e+01,-9.646332425805312027e+01
9.716000000000000000e+08,-6.954952107401862804e+01,-9.645724227344872759e+01
9.716050000000000000e+08,-6.950259838930298883e+01,-9.645116136527043693e+01
9.716100000000000000e+08,-6.945540807646315784e+01,-9.644508153290183827e+01
9.716150000000000000e+08,-6.940794753588180299e+01,-9.643900277572674895e+01
9.716200000000000000e+08,-6.936021412571940914e+01,-9.643292509312921368e+01
9.716250000000000000e+08,-6.931220516102159479e+01,-9.642684848449377455e+01
9.716300000000000000e+08,-6.926391791276762433e+01,-9.642077294920514419e+01
9.716350000000000000e+08,-6.921534960692068239e+01,-9.641469848664834785e+01
9.716400000000000000e+08,-6.916649742344075946e+01,-9.640862509620880871e+01
9.716450000000000000e+08,-6.911735849527239850e+01,-9.640255277727214889e+01
9.716500000000000000e+08,-6.906792990730447457e+01,-9.639648152922435997e+01
9.716550000000000000e+08,-6.901820869529895219e+01,-9.639041135145163253e+01
9.716600000000000000e+08,-6.896819184480109755e+01,-9.638434224334065448e+01
9.716650000000000000e+08,-6.891787628999057347e+01,-9.637827420427825587e+01
9.716700000000000000e+08,-6.886725891253618670e+01,-9.637220723365157937e+01
9.716750000000000000e+08,-6.881633654039885073e+01,-9.636614133084817979e+01
9.716800000000000000e+08,-6.876510594659264086e+01,-9.636007649525582508e+01
9.716850000000000000e+08,-6.871356384792750305e+01,-9.635401272626253899e+01
9.716900000000000000e+08,-6.866170690370594798e+01,-9.634795002325681423e+01
9.716950000000000000e+08,-6.860953171438360698e+01,-9.634188838562727142e+01
9.717000000000000000e+08,-6.855703482019065120e+01,-9.633582781276295748e+01
9.717050000000000000e+08,-6.850421269971252514e+01,-9.632976830405303303e+01
9.717100000000000000e+08,-6.845106176842861601e+01,-9.632370985888721293e+01
9.717150000000000000e+08,-6.839757837720738110e+01,-9.631765247665541096e+01
9.717200000000000000e+08,-6.834375881075425241e+01,-9.631159615674762620e+01
9.717250000000000000e+08,-6.828959928602307627e+01,-9.630554089855458244e+01
9.717300000000000000e+08,-6.823509595056057719e+01,-9.629948670146688983e+01
9.717350000000000000e+08,-6.818024488080867229e+01,-9.629343356487567007e+01
9.717400000000000000e+08,-6.812504208037556452e+01,-9.628738148817237175e+01
9.717450000000000000e+08,-6.806948347821337109e+01,-9.628133047074861395e+01
9.717500000000000000e+08,-6.801356492677078336e+01,-9.627528051199631420e+01
9.717550000000000000e+08,-6.795728220007516995e+01,-9.626923161130784479e+01
9.717600000000000000e+08,-6.790063099175645789e+01,-9.626318376807569166e+01
9.717650000000000000e+08,-6.784360691300828705e+01,-9.625713698169278132e+01
9.717700000000000000e+08,-6.778620549048203259e+01,-9.625109125155213974e+01
9.717750000000000000e+08,-6.772842216412647076e+01,-9.624504657704736132e+01
9.717800000000000000e+08,-6.767025228492431665e+01,-9.623900295757209733e+01
9.717850000000000000e+08,-6.761169111259758324e+01,-9.623296039252038270e+01
9.717900000000000000e+08,-6.755273381321558190e+01,-9.622691888128656501e+01
9.717950000000000000e+08,-6.749337545671478722e+01,-9.622087842326530449e+01
9.718000000000000000e+08,-6.743361101435733929e+01,-9.621483901785140347e+01
9.718050000000000000e+08,-6.737343535609285539e+01,-9.620880066444016165e+01
9.718100000000000000e+08,-6.731284324783432282e+01,-9.620276336242704929e+01
9.718150000000000000e+08,-6.725182934863930484e+01,-9.619672711120779240e+01
9.718200000000000000e+08,-6.719038820780939147e+01,-9.619069191017857179e+01
9.718250000000000000e+08,-6.712851426185459047e+01,-9.618465775873568191e+01
9.718300000000000000e+08,-6.706620183140081792e+01,-9.617862465627581514e+01
9.718350000000000000e+08,-6.700344511795134395e+01,-9.617259260219582018e+01
9.718400000000000000e+08,-6.694023820056165164e+01,-9.616656159589309993e+01
9.718450000000000000e+08,-6.687657503237277012e+01,-9.616053163676504312e+01
9.718500000000000000e+08,-6.681244943703120498e+01,-9.615450272420949318e+01
9.718550000000000000e+08,-6.674785510500603891e+01,-9.614847485762454937e+01
9.718600000000000000e+08,-6.668278558972590986e+01,-9.614244803640860937e+01
9.718650000000000000e+08,-6.661723430361365672e+01,-9.613642225996034085e+01
9.718700000000000000e+08,-6.655119451396112140e+01,-9.613039752767872415e+01
9.718750000000000000e+08,-6.648465933865463739e+01,-9.612437383896299536e+01
9.718800000000000000e+08,-6.641762174173985045e+01,-9.611835119321264642e+01
9.718850000000000000e+08,-6.635007452883381518e+01,-9.611232958982755292e+01
9.718900000000000000e+08,-6.628201034234116662e+01,-9.610630902820778942e+01
9.718950000000000000e+08,-6.621342165650217737e+01,-9.610028950775375733e+01
9.719000000000000000e+08,-6.614430077226265325e+01,-9.609427102786608543e+01
9.719050000000000000e+08,-6.607463981193576785e+01,-9.608825358794574356e+01
9.719100000000000000e+08,-6.600443071364355774e+01,-9.608223718739407104e+01
9.719150000000000000e+08,-6.593366522556590326e+01,-9.607622182561237878e+01
9.719200000000000000e+08,-6.586233489994941692e+01,-9.607020750200271664e+01
9.719250000000000000e+08,-6.579043108688175323e+01,-9.606419421596700658e+01
9.719300000000000000e+08,-6.571794492781398844e+01,-9.605818196690762534e+01
9.719350000000000000e+08,-6.564486734883929842e+01,-9.605217075422734752e+01
9.719400000000000000e+08,-6.557118905365554440e+01,-9.604616057732894774e+01
9.719450000000000000e+08,-6.549690051629761456e+01,-9.604015143561575485e+01
9.719500000000000000e+08,-6.542199197352326223e+01,-9.603414332849118296e+01
9.719550000000000000e+08,-6.534645341691430076e+01,-9.602813625535902986e+01
9.719600000000000000e+08,-6.527027458461398624e+01,-9.602213021562337758e+01
9.719650000000000000e+08,-6.519344495274452811e+01,-9.601612520868853551e+01
9.719700000000000000e+08,-6.511595372644352153e+01,-9.601012123395911146e+01
9.719750000000000000e+08,-6.503778983051778084e+01,-9.600411829084001170e+01
9.719800000000000000e+08,-6.495894189969159527e+01,-9.599811637873634140e+01
9.719850000000000000e+08,-6.487939826842820423e+01,-9.599211549705364632e+01
9.719900000000000000e+08,-6.479914696030198229e+01,-9.598611564519758588e+01
9.719950000000000000e+08,-6.471817567689410566e+01,-9.598011682257408950e+01
9.720000000000000000e+08,-6.463647178620539080e+01,-9.597411902858958399e+01
9.720050000000000000e+08,-6.455402231051165529e+01,-9.596812226265052459e+01
9.720100000000000000e+08,-6.447081391369943049e+01,-9.596212652416377864e+01
9.720150000000000000e+08,-6.438683288798097237e+01,-9.595613181253634139e+01
9.720200000000000000e+08,-6.430206514004382257e+01,-9.595013812717576229e+01
9.720250000000000000e+08,-6.421649617648236585e+01,-9.594414546748959083e+01
9.720300000000000000e+08,-6.413011108858876241e+01,-9.593815383288571752e+01
9.720350000000000000e+08,-6.404289453639529484e+01,-9.593216322277241659e+01
9.720400000000000000e+08,-6.395483073194857582e+01,-9.592617363655816121e+01
9.720450000000000000e+08,-6.386590342176418034e+01,-9.592018507365159508e+01
9.720500000000000000e+08,-6.377609586843411904e+01,-9.591419753346185928e+01
9.720550000000000000e+08,-6.368539083128727896e+01,-9.590821101539819438e+01
9.720600000000000000e+08,-6.359377054609231550e+01,-9.590222551887012514e+01
9.720650000000000000e+08,-6.350121670376707783e+01,-9.589624104328754584e+01
9.720700000000000000e+08,-6.340771042792695056e+01,-9.589025758806059230e+01
9.720750000000000000e+08,-6.331323225132622667e+01,-9.588427515259952827e+01
9.720800000000000000e+08,-6.321776209104511679e+01,-9.587829373631501539e+01
9.720850000000000000e+08,-6.312127922236886235e+01,-9.587231333861807059e+01
9.720900000000000000e+08,-6.302376225127253662e+01,-9.586633395891982445e+01
9.720950000000000000e+08,-6.292518908541683942e+01,-9.586035559663166339e+01
9.721000000000000000e+08,-6.282553690358617615e+01,-9.585437825116542854e+01
9.721050000000000000e+08,-6.272478212338218384e+01,-9.584840192193300368e+01
9.721100000000000000e+08,-6.262290036719376474e+01,-9.584242660834669891e+01
9.721150000000000000e+08,-6.251986642620956047e+01,-9.583645230981908014e+01
9.721200000000000000e+08,-6.241565422236433847e+01,-9.583047902576289800e+01
9.721250000000000000e+08,-6.231023676813525469e+01,-9.582450675559121578e+01
9.721300000000000000e+08,-6.220358612395018838e+01,-9.581853549871730991e+01
9.721350000000000000e+08,-6.209567335315539793e+01,-9.581256525455486894e+01
9.721400000000000000e+08,-6.198646847421294837e+01,-9.580659602251770934e+01
9.721450000000000000e+08,-6.187594041008205181e+01,-9.580062780201991757e+01
9.721500000000000000e+08,-6.176405693448575107e+01,-9.579466059247596377e+01
9.721550000000000000e+08,-6.165078461486533001e+01,-9.578869439330043178e+01
9.721600000000000000e+08,-6.153608875176614390e+01,-9.578272920390827494e+01
9.721650000000000000e+08,-6.141993331441338455e+01,-9.577676502371465972e+01
9.721700000000000000e+08,-6.130228087212137211e+01,-9.577080185213509367e+01
9.721750000000000000e+08,-6.118309252127541242e+01,-9.576483968858514118e+01
9.721800000000000000e+08,-6.106232780756936762e+01,-9.575887853248092085e+01
9.721850000000000000e+08,-6.093994464298101832e+01,-9.575291838323863658e+01
9.721900000000000000e+08,-6.081589921723065117e+01,-9.574695924027473382e+01
9.721950000000000000e+08,-6.069014590316972146e+01,-9.574100110300592803e+01
9.722000000000000000e+08,-6.056263715563489569e+01,-9.573504397084938944e+01
9.722050000000000000e+08,-6.043332340321705942e+01,-9.572908784322230247e+01
9.722100000000000000e+08,-6.030215293234129348e+01,-9.572313271954214997e+01
9.722150000000000000e+08,-6.016907176303610782e+01,-9.571717859922685534e+01
9.722200000000000000e+08,-6.003402351555662619e+01,-9.571122548169441302e+01
9.722250000000000000e+08,-5.989694926724297375e+01,-9.570527336636314431e+01
9.722300000000000000e+08,-5.975778739858139232e+01,-9.569932225265162629e+01
9.722350000000000000e+08,-5.961647342752370093e+01,-9.569337213997872027e+01
9.722400000000000000e+08,-5.947293983106262516e+01,-9.568742302776345809e+01
9.722450000000000000e+08,-5.932711585279442801e+01,-9.568147491542532634e+01
9.722500000000000000e+08,-5.917892729518072770e+01,-9.567552780238379739e+01
9.722550000000000000e+08,-5.902829629503692388e+01,-9.566958168805881257e+01
9.722600000000000000e+08,-5.887514108061567697e+01,-9.566363657187039848e+01
9.722650000000000000e+08,-5.871937570846861121e+01,-9.565769245323906489e+01
9.722700000000000000e+08,-5.856090977805961018e+01,-9.565174933158539261e+01
9.722750000000000000e+08,-5.839964812185964149e+01,-9.564580720633023248e+01
9.722800000000000000e+08,-5.823549046843031363e+01,-9.563986607689480479e+01
9.722850000000000000e+08,-5.806833107556761320e+01,-9.563392594270052882e+01
9.722900000000000000e+08,-5.789805833040482241e+01,-9.562798680316888067e+01
9.722950000000000000e+08,-5.772455431294129369e+01,-9.562204865772200435e+01
9.723000000000000000e+08,-5.754769431876889030e+01,-9.561611150578195861e+01
9.723050000000000000e+08,-5.736734633668468319e+01,-9.561017534677114327e+01
9.723100000000000000e+08,-5.718337047591514732e+01,-9.560424018011221392e+01
9.723150000000000000e+08,-5.699561833719335624e+01,-9.559830600522816724e+01
9.723200000000000000e+08,-5.680393232110242252e+01,-9.559237282154215620e+01
9.723250000000000000e+08,-5.660814486620773067e+01,-9.558644062847756118e+01
9.723300000000000000e+08,-5.640807760854069386e+01,-9.558050942545810358e+01
9.723350000000000000e+08,-5.620354045259340126e+01,-9.557457921190771799e+01
9.723400000000000000e+08,-5.599433054306246049e+01,-9.556864998725053795e+01
9.723450000000000000e+08,-5.578023112450870968e+01,-9.556272175091106647e+01
9.723500000000000000e+08,-5.556101027455390096e+01,-9.555679450231394867e+01
9.723550000000000000e+08,-5.533641949421085826e+01,-9.555086824088408548e+01
9.723600000000000000e+08,-5.510619213628726243e+01,-9.554494296604671888e+01
9.723650000000000000e+08,-5.487004165017314961e+01,-9.553901867722723296e+01
9.723700000000000000e+08,-5.462765961803557957e+01,-9.553309537385138128e+01
9.723750000000000000e+08,-5.437871355373907534e+01,-9.552717305534491743e+01
9.723800000000000000e+08,-5.412284443155678559e+01,-9.552125172113422025e+01
9.723850000000000000e+08,-5.385966390689056027e+01,-9.551533137064561174e+01
9.723900000000000000e+08,-5.358875118573469365e+01,-9.550941200330569814e+01
9.723950000000000000e+08,-5.330964949359527338e+01,-9.550349361854156882e+01
9.724000000000000000e+08,-5.302186208767309239e+01,-9.549757621578025635e+01
9.724050000000000000e+08,-5.272484774943227137e+01,-9.549165979444916275e+01
9.724100000000000000e+08,-5.241801568716445558e+01,-9.548574435397603111e+01
9.724150000000000000e+08,-5.210071977186186132e+01,-9.547982989378866137e+01
9.724200000000000000e+08,-5.177225202487184674e+01,-9.547391641331527978e+01
9.724250000000000000e+08,-5.143183527480331918e+01,-9.546800391198424052e+01
9.724300000000000000e+08,-5.107861490725392173e+01,-9.546209238922416773e+01
9.724350000000000000e+08,-5.071164964973132783e+01,-9.545618184446398402e+01
9.724400000000000000e+08,-5.032990137493374760e+01,-9.545027227713271145e+01
9.724450000000000000e+08,-4.993222398387173655e+01,-9.544436368665984105e+01
9.724500000000000000e+08,-4.951735157116969788e+01,-9.543845607247493490e+01
9.724550000000000000e+08,-4.908388632198758472e+01,-9.543254943400775403e+01
9.724600000000000000e+08,-4.863028701336808979e+01,-9.542664377068852843e+01
9.724650000000000000e+08,-4.815485971207445459e+01,-9.542073908194750231e+01
9.724700000000000000e+08,-4.765575348099244479e+01,-9.541483536721526093e+01
9.724750000000000000e+08,-4.713096596710801833e+01,-9.540893262592265955e+01
9.724800000000000000e+08,-4.657836723523195843e+01,-9.540303085750073819e+01
9.724850000000000000e+08,-4.599575612655385726e+01,-9.539713006138077844e+01
9.724900000000000000e+08,-4.538097343591406485e+01,-9.539123023699428927e+01
9.724950000000000000e+08,-4.473211306526907549e+01,-9.538533138377310650e+01
9.725000000000000000e+08,-4.404790028139257174e+01,-9.537943350114923646e+01
9.725050000000000000e+08,-4.332835104407199367e+01,-9.537353658855487026e+01
9.725100000000000000e+08,-4.257589301575640661e+01,-9.536764064542261110e+01
9.725150000000000000e+08,-4.179721114226534695e+01,-9.536174567118509060e+01
9.725200000000000000e+08,-4.100612844603595875e+01,-9.535585166527528145e+01
9.725250000000000000e+08,-4.022767021984837754e+01,-9.534995862712648318e+01
9.725300000000000000e+08,-3.950265613754891803e+01,-9.534406655617206638e+01
9.725350000000000000e+08,-3.889009287480266863e+01,-9.533817545184568587e+01
9.725400000000000000e+08,-3.846162527709937962e+01,-9.533228531358132329e+01
9.725450000000000000e+08,-3.828249685948171788e+01,-9.532639614081315926e+01
9.725500000000000000e+08,-3.838385529129471507e+01,-9.532050793297548807e+01
9.725550000000000000e+08,-3.874635824869120171e+01,-9.531462068950290245e+01
9.725600000000000000e+08,-3.931058579108299966e+01,-9.530873440983042144e+01
9.725650000000000000e+08,-4.000415782770576811e+01,-9.530284909339303567e+01
9.725700000000000000e+08,-4.076399388910707700e+01,-9.529696473962600578e+01
9.725750000000000000e+08,-4.154484610677219791e+01,-9.529108134796504714e+01
9.725800000000000000e+08,-4.231822240655014156e+01,-9.528519891784586093e+01
9.725850000000000000e+08,-4.306796898993353295e+01,-9.527931744870446096e+01
9.725900000000000000e+08,-4.378596201557630962e+01,-9.527343693997718788e+01
9.725950000000000000e+08,-4.446893468045779940e+01,-9.526755739110046761e+01
9.726000000000000000e+08,-4.511640584494471540e+01,-9.526167880151101031e+01
9.726050000000000000e+08,-4.572940869609175962e+01,-9.525580117064583874e+01
9.726100000000000000e+08,-4.630973789981315747e+01,-9.524992449794211780e+01
9.726150000000000000e+08,-4.685951510109979523e+01,-9.524404878283729659e+01
9.726200000000000000e+08,-4.738094455923545212e+01,-9.523817402476886684e+01
9.726250000000000000e+08,-4.787618058891843731e+01,-9.523230022317491716e+01
9.726300000000000000e+08,-4.834726001560206043e+01,-9.522642737749345088e+01
9.726350000000000000e+08,-4.879607198245621191e+01,-9.522055548716281237e+01
9.726400000000000000e+08,-4.922434883646016601e+01,-9.521468455162161604e+01
9.726450000000000000e+08,-4.963366855289733337e+01,-9.520881457030861839e+01
9.726500000000000000e+08,-5.002546313040600268e+01,-9.520294554266283171e+01
9.726550000000000000e+08,-5.040102973456139779e+01,-9.519707746812356675e+01
9.726600000000000000e+08,-5.076154275511527914e+01,-9.519121034613029053e+01
9.726650000000000000e+08,-5.110806576052723926e+01,-9.518534417612261223e+01
9.726700000000000000e+08,-5.144156281706663236e+01,-9.517947895754065257e+01
9.726750000000000000e+08,-5.176290892118541365e+01,-9.517361468982446127e+01
9.726800000000000000e+08,-5.207289945605589310e+01,-9.516775137241445748e+01
9.726850000000000000e+08,-5.237225867442955973e+01,-9.516188900475121670e+01
9.726900000000000000e+08,-5.266164725757610654e+01,-9.515602758627565549e+01
9.726950000000000000e+08,-5.294166902403915742e+01,-9.515016711642878988e+01
9.727000000000000000e+08,-5.321287686962166674e+01,-9.514430759465190590e+01
9.727050000000000000e+08,-5.347577802108282441e+01,-9.513844902038654539e+01
9.727100000000000000e+08,-5.373083868160044574e+01,-9.513259139307449175e+01
9.727150000000000000e+08,-5.397848813993906703e+01,-9.512673471215755683e+01
9.727200000000000000e+08,-5.421912240812237371e+01,-9.512087897707814932e+01
9.727250000000000000e+08,-5.445310744548982029e+01,-9.511502418727856423e+01
9.727300000000000000e+08,-5.468078201993036203e+01,-9.510917034220145183e+01
9.727350000000000000e+08,-5.490246025100649518e+01,-9.510331744128963294e+01
9.727400000000000000e+08,-5.511843387411273909e+01,-9.509746548398626942e+01
9.727450000000000000e+08,-5.532897425973778383e+01,-9.509161446973463683e+01
9.727500000000000000e+08,-5.553433421737636166e+01,-9.508576439797815283e+01
9.727550000000000000e+08,-5.573474961005337747e+01,-9.507991526816073247e+01
9.727600000000000000e+08,-5.593044080189464751e+01,-9.507406707972627657e+01
9.727650000000000000e+08,-5.612161395835295252e+01,-9.506821983211892757e+01
9.727700000000000000e+08,-5.630846221611305680e+01,-9.506237352478315472e+01
9.727750000000000000e+08,-5.649116673775016295e+01,-9.505652815716359783e+01
9.727800000000000000e+08,-5.666989766389512084e+01,-9.505068372870499616e+01
9.727850000000000000e+08,-5.684481497453898413e+01,-9.504484023885255795e+01
9.727900000000000000e+08,-5.701606926941126119e+01,-9.503899768705150564e+01
9.727950000000000000e+08,-5.718380247610328126e+01,-9.503315607274730326e+01
9.728000000000000000e+08,-5.734814849375028700e+01,-9.502731539538572747e+01
9.728050000000000000e+08,-5.750923377901341382e+01,-9.502147565441271126e+01
9.728100000000000000e+08,-5.766717788035534653e+01,-9.501563684927441500e+01
9.728150000000000000e+08,-5.782209392589847852e+01,-9.500979897941715535e+01
9.728200000000000000e+08,-5.797408906954588304e+01,-9.500396204428764690e+01
9.728250000000000000e+08,-5.812326489951404085e+01,-9.499812604333263266e+01
9.728300000000000000e+08,-5.826971781296695241e+01,-9.499229097599902616e+01
9.728350000000000000e+08,-5.841353935999066493e+01,-9.498645684173423831e+01
9.728400000000000000e+08,-5.855481655991958689e+01,-9.498062363998570845e+01
9.728450000000000000e+08,-5.869363219249309083e+01,-9.497479137020096118e+01
9.728500000000000000e+08,-5.883006506626307441e+01,-9.496896003182806112e+01
9.728550000000000000e+08,-5.896419026629626359e+01,-9.496312962431500182e+01
9.728600000000000000e+08,-5.909607938304407071e+01,-9.495730014711013212e+01
9.728650000000000000e+08,-5.922580072405452256e+01,-9.495147159966194295e+01
9.728700000000000000e+08,-5.935341951003213978e+01,-9.494564398141920947e+01
9.728750000000000000e+08,-5.947899805660111383e+01,-9.493981729183090579e+01
9.728800000000000000e+08,-5.960259594299866137e+01,-9.493399153034614812e+01
9.728850000000000000e+08,-5.972427016876988404e+01,-9.492816669641436533e+01
9.728900000000000000e+08,-5.984407529953510618e+01,-9.492234278948512838e+01
9.728950000000000000e+08,-5.996206360266163671e+01,-9.491651980900819296e+01
9.729000000000000000e+08,-6.007828517363014953e+01,-9.491069775443365586e+01
9.729050000000000000e+08,-6.019278805398403165e+01,-9.490487662521172751e+01
9.729100000000000000e+08,-6.030561834136249644e+01,-9.489905642079284576e+01
9.729150000000000000e+08,-6.041682029233751905e+01,-9.489323714062751947e+01
9.729200000000000000e+08,-6.052643641857716261e+01,-9.488741878416682596e+01
9.729250000000000000e+08,-6.063450757684931602e+01,-9.488160135086172886e+01
9.729300000000000000e+08,-6.074107305333467366e+01,-9.487578484016340497e+01
9.729350000000000000e+08,-6.084617064264179476e+01,-9.486996925152354265e+01
9.729400000000000000e+08,-6.094983672200772418e+01,-9.486415458439370241e+01
9.729450000000000000e+08,-6.105210632088486733e+01,-9.485834083822574314e+01
9.729500000000000000e+08,-6.115301318637281724e+01,-9.485252801247196430e+01
9.729550000000000000e+08,-6.125258984476445789e+01,-9.484671610658446639e+01
9.729600000000000000e+08,-6.135086765942476461e+01,-9.484090512001587570e+01
9.729650000000000000e+08,-6.144787688531601333e+01,-9.483509505221896063e+01
9.729700000000000000e+08,-6.154364672037551287e+01,-9.482928590264661750e+01
9.729750000000000000e+08,-6.163820535396397560e+01,-9.482347767075199840e+01
9.729800000000000000e+08,-6.173158001258186545e+01,-9.481767035598838333e+01
9.729850000000000000e+08,-6.182379700303556547e+01,-9.481186395780945020e+01
9.729900000000000000e+08,-6.191488175322143661e+01,-9.480605847566893374e+01
9.729950000000000000e+08,-6.200485885068719227e+01,-9.480025390902065396e+01
9.730000000000000000e+08,-6.209375207909059213e+01,-9.479445025731899932e+01
9.730050000000000000e+08,-6.218158445274345070e+01,-9.478864752001824456e+01
9.730100000000000000e+08,-6.226837824931249088e+01,-9.478284569657289182e+01
9.730150000000000000e+08,-6.235415504077067794e+01,-9.477704478643785535e+01
9.730200000000000000e+08,-6.243893572281383797e+01,-9.477124478906807781e+01
9.730250000000000000e+08,-6.252274054271285308e+01,-9.476544570391867239e+01
9.730300000000000000e+08,-6.260558912577230473e+01,-9.475964753044516442e+01
9.730350000000000000e+08,-6.268750050045419897e+01,-9.475385026810307920e+01
9.730400000000000000e+08,-6.276849312225007083e+01,-9.474805391634819784e+01
9.730450000000000000e+08,-6.284858489637847612e+01,-9.474225847463648620e+01
9.730500000000000000e+08,-6.292779319935271332e+01,-9.473646394242422275e+01
9.730550000000000000e+08,-6.300613489955560453e+01,-9.473067031916782810e+01
9.730600000000000000e+08,-6.308362637676339091e+01,-9.472487760432372284e+01
9.730650000000000000e+08,-6.316028354077563023e+01,-9.471908579734892442e+01
9.730700000000000000e+08,-6.323612184918155066e+01,-9.471329489770036503e+01
9.730750000000000000e+08,-6.331115632426809015e+01,-9.470750490483516160e+01
9.730800000000000000e+08,-6.338540156916290869e+01,-9.470171581821078632e+01
9.730850000000000000e+08,-6.345887178323481237e+01,-9.469592763728485352e+01
9.730900000000000000e+08,-6.353158077679510285e+01,-9.469014036151517644e+01
9.730950000000000000e+08,-6.360354198513755364e+01,-9.468435399035959676e+01
9.731000000000000000e+08,-6.367476848195219929e+01,-9.467856852327649619e+01
9.731050000000000000e+08,-6.374527299214619092e+01,-9.467278395972417115e+01
9.731100000000000000e+08,-6.381506790410574581e+01,-9.466700029916120229e+01
9.731150000000000000e+08,-6.388416528141014794e+01,-9.466121754104642605e+01
9.731200000000000000e+08,-6.395257687406817126e+01,-9.465543568483880676e+01
9.731250000000000000e+08,-6.402031412926233145e+01,-9.464965472999749352e+01
9.731300000000000000e+08,-6.408738820160867533e+01,-9.464387467598191961e+01
9.731350000000000000e+08,-6.415380996304099881e+01,-9.463809552225158939e+01
9.731400000000000000e+08,-6.421959001223959262e+01,-9.463231726826626300e+01
9.731450000000000000e+08,-6.428473868368773481e+01,-9.462653991348599902e+01
9.731500000000000000e+08,-6.434926605635385499e+01,-9.462076345737088445e+01
9.731550000000000000e+08,-6.441318196202071533e+01,-9.461498789938126208e+01
9.731600000000000000e+08,-6.447649599328126158e+01,-9.460921323897764523e+01
9.731650000000000000e+08,-6.453921751119801797e+01,-9.460343947562083144e+01
9.731700000000000000e+08,-6.460135565269924030e+01,-9.459766660877177458e+01
9.731750000000000000e+08,-6.466291933763200461e+01,-9.459189463789149954e+01
9.731800000000000000e+08,-6.472391727556663454e+01,-9.458612356244140074e+01
9.731850000000000000e+08,-6.478435797234760685e+01,-9.458035338188301466e+01
9.731900000000000000e+08,-6.484424973636852485e+01,-9.457458409567790625e+01
9.731950000000000000e+08,-6.490360068462037191e+01,-9.456881570328809516e+01
9.732000000000000000e+08,-6.496241874850768738e+01,-9.456304820417564372e+01
9.732050000000000000e+08,-6.502071167944849606e+01,-9.455728159780271369e+01
9.732100000000000000e+08,-6.507848705424954971e+01,-9.455151588363195003e+01
9.732150000000000000e+08,-6.513575228032036080e+01,-9.454575106112592664e+01
9.732200000000000000e+08,-6.519251460064461412e+01,-9.453998712974748742e+01
9.732250000000000000e+08,-6.524878109861012376e+01,-9.453422408895960416e+01
9.732300000000000000e+08,-6.530455870263602947e+01,-9.452846193822560394e+01
9.732350000000000000e+08,-6.535985419066034297e+01,-9.452270067700887068e+01
9.732400000000000000e+08,-6.541467419444256848e+01,-9.451694030477293040e+01
9.732450000000000000e+08,-6.546902520372542256e+01,-9.451118082098170703e+01
9.732500000000000000e+08,-6.552291357024752472e+01,-9.450542222509911028e+01
9.732550000000000000e+08,-6.557634551161523007e+01,-9.449966451658929145e+01
9.732600000000000000e+08,-6.562932711504005567e+01,-9.449390769491664344e+01
9.732650000000000000e+08,-6.568186434094664605e+01,-9.448815175954567280e+01
9.732700000000000000e+08,-6.573396302645710421e+01,-9.448239670994115613e+01
9.732750000000000000e+08,-6.578562888875877945e+01,-9.447664254556792685e+01
9.732800000000000000e+08,-6.583686752834651656e+01,-9.447088926589117364e+01
9.732850000000000000e+08,-6.588768443217642812e+01,-9.446513687037619889e+01
9.732900000000000000e+08,-6.593808497670504210e+01,-9.445938535848830497e+01
9.732950000000000000e+08,-6.598807443080545454e+01,-9.445363472969336271e+01
9.733000000000000000e+08,-6.603765795862935306e+01,-9.444788498345714345e+01
9.733050000000000000e+08,-6.608684062234215162e+01,-9.444213611924554641e+01
9.733100000000000000e+08,-6.613562738478239567e+01,-9.443638813652499664e+01
9.733150000000000000e+08,-6.618402311203288946e+01,-9.443064103476174864e+01
9.733200000000000000e+08,-6.623203257591121940e+01,-9.442489481342241220e+01
9.733250000000000000e+08,-6.627966045637029424e+01,-9.441914947197378183e+01
9.733300000000000000e+08,-6.632691134384172926e+01,-9.441340500988275153e+01
9.733350000000000000e+08,-6.637378974149461897e+01,-9.440766142661652793e+01
9.733400000000000000e+08,-6.642030006741538273e+01,-9.440191872164228926e+01
9.733450000000000000e+08,-6.646644665672792485e+01,-9.439617689442768267e+01
9.733500000000000000e+08,-6.651223376365850015e+01,-9.439043594444027008e+01
9.733550000000000000e+08,-6.655766556351861141e+01,-9.438469587114794024e+01
9.733600000000000000e+08,-6.660274615463747239e+01,-9.437895667401875244e+01
9.733650000000000000e+08,-6.664747956023359166e+01,-9.437321835252095070e+01
9.733700000000000000e+08,-6.669186973023202825e+01,-9.436748090612280748e+01
9.733750000000000000e+08,-6.673592054301492738e+01,-9.436174433429302155e+01
9.733800000000000000e+08,-6.677963580714957459e+01,-9.435600863650032011e+01
9.733850000000000000e+08,-6.682301926302778838e+01,-9.435027381221361509e+01
9.733900000000000000e+08,-6.686607458447649321e+01,-9.434453986090203159e+01
9.733950000000000000e+08,-6.690880538032874369e+01,-9.433880678203492209e+01
9.734000000000000000e+08,-6.695121519592974835e+01,-9.433307457508169591e+01
9.734050000000000000e+08,-6.699330751462024125e+01,-9.432734323951196131e+01
9.734100000000000000e+08,-6.703508575914658252e+01,-9.432161277479566763e+01
9.734150000000000000e+08,-6.707655329306844294e+01,-9.431588318040274999e+01
9.734200000000000000e+08,-6.711771342209792124e+01,-9.431015445580334244e+01
9.734250000000000000e+08,-6.715856939541211545e+01,-9.430442660046792014e+01
9.734300000000000000e+08,-6.719912440692678501e+01,-9.429869961386697241e+01
9.734350000000000000e+08,-6.723938159653604885e+01,-9.429297349547113072e+01
9.734400000000000000e+08,-6.727934405130864093e+01,-9.428724824475142441e+01
9.734450000000000000e+08,-6.731901480666701332e+01,-9.428152386117886863e+01
9.734500000000000000e+08,-6.735839684752521350e+01,-9.427580034422467747e+01
9.734550000000000000e+08,-6.739749310938820770e+01,-9.427007769336020715e+01
9.734600000000000000e+08,-6.743630647942843837e+01,-9.426435590805718334e+01
9.734650000000000000e+08,-6.747483979754198913e+01,-9.425863498778733174e+01
9.734700000000000000e+08,-6.751309585736044028e+01,-9.425291493202246329e+01
9.734750000000000000e+08,-6.755107740724434962e+01,-9.424719574023487212e+01
9.734800000000000000e+08,-6.758878715124838266e+01,-9.424147741189676708e+01
9.734850000000000000e+08,-6.762622775006265385e+01,-9.423575994648052756e+01
9.734900000000000000e+08,-6.766340182191888175e+01,-9.423004334345891664e+01
9.734950000000000000e+08,-6.770031194349817838e+01,-9.422432760230465476e+01
9.735000000000000000e+08,-6.773696065078310369e+01,-9.421861272249073238e+01
9.735050000000000000e+08,-6.777335043990441932e+01,-9.421289870349033890e+01
9.735100000000000000e+08,-6.780948376797232413e+01,-9.420718554477676321e+01
9.735150000000000000e+08,-6.784536305387173627e+01,-9.420147324582346471e+01
9.735200000000000000e+08,-6.788099067904516914e+01,-9.419576180610411598e+01
9.735250000000000000e+08,-6.791636898825419166e+01,-9.419005122509258854e+01
9.735300000000000000e+08,-6.795150029032144801e+01,-9.418434150226283919e+01
9.735350000000000000e+08,-6.798638685885416066e+01,-9.417863263708908050e+01
9.735400000000000000e+08,-6.802103093294920200e+01,-9.417292462904561035e+01
9.735450000000000000e+08,-6.805543471788084275e+01,-9.416721747760702499e+01
9.735500000000000000e+08,-6.808960038577275498e+01,-9.416151118224782124e+01
9.735550000000000000e+08,-6.812353007624571433e+01,-9.415580574244303591e+01
9.735600000000000000e+08,-6.815722589706334134e+01,-9.415010115766763477e+01
9.735650000000000000e+08,-6.819068992475580160e+01,-9.414439742739671146e+01
9.735700000000000000e+08,-6.822392420521288159e+01,-9.413869455110572915e+01
9.735750000000000000e+08,-6.825693075429192902e+01,-9.413299252827019359e+01
9.735800000000000000e+08,-6.828971155838809182e+01,-9.412729135836572425e+01
9.735850000000000000e+08,-6.832226857500006645e+01,-9.412159104086818218e+01
9.735900000000000000e+08,-6.835460373328076855e+01,-9.411589157525367000e+01
9.735950000000000000e+08,-6.838671893457484430e+01,-9.411019296099830456e+01
9.736000000000000000e+08,-6.841861605294515414e+01,-9.410449519757841585e+01
9.736050000000000000e+08,-6.845029693567767026e+01,-9.409879828447057548e+01
9.736100000000000000e+08,-6.848176340379679061e+01,-9.409310222115145450e+01
9.736150000000000000e+08,-6.851301725254080566e+01,-9.408740700709785187e+01
9.736200000000000000e+08,-6.854406025184081841e+01,-9.408171264178685078e+01
9.736250000000000000e+08,-6.857489414679432116e+01,-9.407601912469559124e+01
9.736300000000000000e+08,-6.860552065811505429e+01,-9.407032645530136961e+01
9.736350000000000000e+08,-6.863594148257963923e+01,-9.406463463308179485e+01
9.736400000000000000e+08,-6.866615829346244482e+01,-9.405894365751443331e+01
9.736450000000000000e+08,-6.869617274096081871e+01,-9.405325352807720662e+01
9.736500000000000000e+08,-6.872598645261058437e+01,-9.404756424424796535e+01
9.736550000000000000e+08,-6.875560103369213039e+01,-9.404187580550498637e+01
9.736600000000000000e+08,-6.878501806762747606e+01,-9.403618821132658923e+01
9.736650000000000000e+08,-6.881423911636980506e+01,-9.403050146119110764e+01
9.736700000000000000e+08,-6.884326572077752360e+01,-9.402481555457737272e+01
9.736750000000000000e+08,-6.887209940099367600e+01,-9.401913049096408770e+01
9.736800000000000000e+08,-6.890074165680336193e+01,-9.401344626983015473e+01
9.736850000000000000e+08,-6.892919396799017306e+01,-9.400776289065483127e+01
9.736900000000000000e+08,-6.895745779468339265e+01,-9.400208035291731790e+01
9.736950000000000000e+08,-6.898553457769780550e+01,-9.399639865609707101e+01
9.737000000000000000e+08,-6.901342573886587672e+01,-9.399071779967366069e+01
9.737050000000000000e+08,-6.904113268136313764e+01,-9.398503778312688439e+01
9.737100000000000000e+08,-6.906865679002618208e+01,-9.397935860593668167e+01
9.737150000000000000e+08,-6.909599943166551839e+01,-9.397368026758302051e+01
9.737200000000000000e+08,-6.912316195536507735e+01,-9.396800276754632364e+01
9.737250000000000000e+08,-6.915014569278704926e+01,-9.396232610530685747e+01
9.737300000000000000e+08,-6.917695195846508227e+01,-9.395665028034513000e+01
9.737350000000000000e+08,-6.920358205007863717e+01,-9.395097529214197607e+01
9.737400000000000000e+08,-6.923003724874570253e+01,-9.394530114017818789e+01
9.737450000000000000e+08,-6.925631881929044198e+01,-9.393962782393478506e+01
9.737500000000000000e+08,-6.928242801051283095e+01,-9.393395534289298610e+01
9.737550000000000000e+08,-6.930836605545141538e+01,-9.392828369653412324e+01
9.737600000000000000e+08,-6.933413417164078396e+01,-9.392261288433964239e+01
9.737650000000000000e+08,-6.935973356136480561e+01,-9.391694290579117421e+01
9.737700000000000000e+08,-6.938516541189760289e+01,-9.391127376037063357e+01
9.737750000000000000e+08,-6.941043089575759950e+01,-9.390560544755992112e+01
9.737800000000000000e+08,-6.943553117093360072e+01,-9.389993796684106542e+01
9.737850000000000000e+08,-6.946046738111826357e+01,-9.389427131769643609e+01
9.737900000000000000e+08,-6.948524065594179433e+01,-9.388860549960841695e+01
9.737950000000000000e+08,-6.950985211119002827e+01,-9.388294051205959079e+01
9.738000000000000000e+08,-6.953430284902425740e+01,-9.387727635453266828e+01
9.738050000000000000e+08,-6.955859395819544488e+01,-9.387161302651057326e+01
9.738100000000000000e+08,-6.958272651425536992e+01,-9.386595052747621537e+01
9.738150000000000000e+08,-6.960670157975668815e+01,-9.386028885691291634e+01
9.738200000000000000e+08,-6.963052020446626500e+01,-9.385462801430401214e+01
9.738250000000000000e+08,-6.965418342555152265e+01,-9.384896799913293819e+01
9.738300000000000000e+08,-6.967769226778125358e+01,-9.384330881088325782e+01
9.738350000000000000e+08,-6.970104774371026224e+01,-9.383765044903893227e+01
9.738400000000000000e+08,-6.972425085387148158e+01,-9.383199291308380907e+01
9.738450000000000000e+08,-6.974730258696011731e+01,-9.382633620250190631e+01
9.738500000000000000e+08,-6.977020392000284232e+01,-9.382068031677763997e+01
9.738550000000000000e+08,-6.979295581854518105e+01,-9.381502525539529813e+01
9.738600000000000000e+08,-6.981555923681843012e+01,-9.380937101783936782e+01
9.738650000000000000e+08,-6.983801511791020289e+01,-9.380371760359469135e+01
9.738700000000000000e+08,-6.986032439393058269e+01,-9.379806501214603998e+01
9.738750000000000000e+08,-6.988248798617514979e+01,-9.379241324297838389e+01
9.738800000000000000e+08,-6.990450680528604721e+01,-9.378676229557684962e+01
9.738850000000000000e+08,-6.992638175140353951e+01,-9.378111216942676265e+01
9.738900000000000000e+08,-6.994811371433090130e+01,-9.377546286401354791e+01
9.738950000000000000e+08,-6.996970357367581528e+01,-9.376981437882272985e+01
9.739000000000000000e+08,-6.999115219899991303e+01,-9.376416671334018815e+01
9.739050000000000000e+08,-7.001246044996985063e+01,-9.375851986705163199e+01
9.739100000000000000e+08,-7.003362917649579344e+01,-9.375287383944314001e+01
9.739150000000000000e+08,-7.005465921887309833e+01,-9.374722863000094719e+01
9.739200000000000000e+08,-7.007555140791993153e+01,-9.374158423821134534e+01
9.739250000000000000e+08,-7.009630656511365032e+01,-9.373594066356068311e+01
9.739300000000000000e+08,-7.011692550271854429e+01,-9.373029790553567864e+01
9.739350000000000000e+08,-7.013740902392640919e+01,-9.372465596362309270e+01
9.739400000000000000e+08,-7.015775792297456803e+01,-9.371901483730977134e+01
9.739450000000000000e+08,-7.017797298527761996e+01,-9.371337452608270269e+01
9.739500000000000000e+08,-7.019805498754608664e+01,-9.370773502942921596e+01
9.739550000000000000e+08,-7.021800469791371313e+01,-9.370209634683649824e+01
9.739600000000000000e+08,-7.023782287605264685e+01,-9.369645847779207770e+01
9.739650000000000000e+08,-7.025751027329152976e+01,-9.369082142178359618e+01
9.739700000000000000e+08,-7.027706763273053525e+01,-9.368518517829882342e+01
9.739750000000000000e+08,-7.029649568935434445e+01,-9.367954974682558600e+01
9.739800000000000000e+08,-7.031579517014323244e+01,-9.367391512685196631e+01
9.739850000000000000e+08,-7.033496679418203712e+01,-9.366828131786617462e+01
9.739900000000000000e+08,-7.035401127276841748e+01,-9.366264831935646384e+01
9.739950000000000000e+08,-7.037292930951426229e+01,-9.365701613081141375e+01
9.740000000000000000e+08,-7.039172160045409044e+01,-9.365138475171954724e+01
9.740050000000000000e+08,-7.041038883414661598e+01,-9.364575418156965725e+01
9.740100000000000000e+08,-7.042893169177101242e+01,-9.364012441985055091e+01
9.740150000000000000e+08,-7.044735084722523766e+01,-9.363449546605139062e+01
9.740200000000000000e+08,-7.046564696722727206e+01,-9.362886731966128195e+01
9.740250000000000000e+08,-7.048382071140625271e+01,-9.362323998016945836e+01
9.740300000000000000e+08,-7.050187273239691876e+01,-9.361761344706550858e+01
9.740350000000000000e+08,-7.051980367593120036e+01,-9.361198771983895028e+01
9.740400000000000000e+08,-7.053761418092940971e+01,-9.360636279797945747e+01
9.740450000000000000e+08,-7.055530487958446884e+01,-9.360073868097705940e+01
9.740500000000000000e+08,-7.057287639745810282e+01,-9.359511536832161482e+01
9.740550000000000000e+08,-7.059032935355756422e+01,-9.358949285950330932e+01
9.740600000000000000e+08,-7.060766436042543148e+01,-9.358387115401239953e+01
9.740650000000000000e+08,-7.062488202421806704e+01,-9.357825025133932684e+01
9.740700000000000000e+08,-7.064198294479248830e+01,-9.357263015097466052e+01
9.740750000000000000e+08,-7.065896771578306357e+01,-9.356701085240901250e+01
9.740800000000000000e+08,-7.067583692468132028e+01,-9.356139235513330732e+01
9.740850000000000000e+08,-7.069259115291353623e+01,-9.355577465863848374e+01
9.740900000000000000e+08,-7.070923097591706608e+01,-9.355015776241558001e+01
9.740950000000000000e+08,-7.072575696321553096e+01,-9.354454166595589015e+01
9.741000000000000000e+08,-7.074216967849261550e+01,-9.353892636875079347e+01
9.741050000000000000e+08,-7.075846967966559475e+01,-9.353331187029168348e+01
9.741100000000000000e+08,-7.077465751895361734e+01,-9.352769817007032316e+01
9.741150000000000000e+08,-7.079073374295292354e+01,-9.352208526757847551e+01
9.741200000000000000e+08,-7.080669889270210149e+01,-9.351647316230796037e+01
9.741250000000000000e+08,-7.082255350375497471e+01,-9.351086185375081072e+01
9.741300000000000000e+08,-7.083829810623959133e+01,-9.350525134139934380e+01
9.741350000000000000e+08,-7.085393322493231949e+01,-9.349964162474572049e+01
9.741400000000000000e+08,-7.086945937931869821e+01,-9.349403270328238591e+01
9.741450000000000000e+08,-7.088487708365821049e+01,-9.348842457650204096e+01
9.741500000000000000e+08,-7.090018684704710950e+01,-9.348281724389727287e+01
9.741550000000000000e+08,-7.091538917348115945e+01,-9.347721070496086782e+01
9.741600000000000000e+08,-7.093048456191341700e+01,-9.347160495918593881e+01
9.741650000000000000e+08,-7.094547350631819427e+01,-9.346600000606548519e+01
9.741700000000000000e+08,-7.096035649575080129e+01,-9.346039584509273368e+01
9.741750000000000000e+08,-7.097513401439871927e+01,-9.345479247576110993e+01
9.741800000000000000e+08,-7.098980654164660109e+01,-9.344918989756405381e+01
9.741850000000000000e+08,-7.100437455212873772e+01,-9.344358810999520415e+01
9.741900000000000000e+08,-7.101883851578536166e+01,-9.343798711254819978e+01
9.741950000000000000e+08,-7.103319889791714559e+01,-9.343238690471707741e+01
9.742000000000000000e+08,-7.104745615923913249e+01,-9.342678748599580274e+01
9.742050000000000000e+08,-7.106161075593439591e+01,-9.342118885587838406e+01
9.742100000000000000e+08,-7.107566313970245631e+01,-9.341559101385925601e+01
9.742150000000000000e+08,-7.108961375781809977e+01,-9.340999395943273953e+01
9.742200000000000000e+08,-7.110346305317526117e+01,-9.340439769209328347e+01
9.742250000000000000e+08,-7.111721146433767160e+01,-9.339880221133567773e+01
9.742300000000000000e+08,-7.113085942559146702e+01,-9.339320751665457010e+01
9.742350000000000000e+08,-7.114440736699003764e+01,-9.338761360754496366e+01
9.742400000000000000e+08,-7.115785571440582657e+01,-9.338202048350176199e+01
9.742450000000000000e+08,-7.117120488957004909e+01,-9.337642814402022395e+01
9.742500000000000000e+08,-7.118445531012615390e+01,-9.337083658859560842e+01
9.742550000000000000e+08,-7.119760738967161728e+01,-9.336524581672327372e+01
9.742600000000000000e+08,-7.121066153780358832e+01,-9.335965582789881978e+01
9.742650000000000000e+08,-7.122361816016299940e+01,-9.335406662161787494e+01
9.742700000000000000e+08,-7.123647765847876201e+01,-9.334847819737616703e+01
9.742750000000000000e+08,-7.124924043060789813e+01,-9.334289055466967966e+01
9.742800000000000000e+08,-7.126190687058124240e+01,-9.333730369299442486e+01
9.742850000000000000e+08,-7.127447736864561989e+01,-9.333171761184647153e+01
9.742900000000000000e+08,-7.128695231129887588e+01,-9.332613231072222959e+01
9.742950000000000000e+08,-7.129933208133694222e+01,-9.332054778911805215e+01
9.743000000000000000e+08,-7.131161705789034500e+01,-9.331496404653049126e+01
9.743050000000000000e+08,-7.132380761646410861e+01,-9.330938108245598528e+01
9.743100000000000000e+08,-7.133590412897640931e+01,-9.330379889639161206e+01
9.743150000000000000e+08,-7.134790696379664610e+01,-9.329821748783413682e+01
9.743200000000000000e+08,-7.135981648578373893e+01,-9.329263685628042424e+01
9.743250000000000000e+08,-7.137163305631982269e+01,-9.328705700122787903e+01
9.743300000000000000e+08,-7.138335703335323501e+01,-9.328147792217356482e+01
9.743350000000000000e+08,-7.139498877142865751e+01,-9.327589961861485790e+01
9.743400000000000000e+08,-7.140652862172322557e+01,-9.327032209004941876e+01
9.743450000000000000e+08,-7.141797693208467024e+01,-9.326474533597473737e+01
9.743500000000000000e+08,-7.142933404706315059e+01,-9.325916935588851686e+01
9.743550000000000000e+08,-7.144060030794592819e+01,-9.325359414928870194e+01
9.743600000000000000e+08,-7.145177605279074839e+01,-9.324801971567326575e+01
9.743650000000000000e+08,-7.146286161645890900e+01,-9.324244605454028090e+01
9.743700000000000000e+08,-7.147385733064774627e+01,-9.323687316538787684e+01
9.743750000000000000e+08,-7.148476352392273725e+01,-9.323130104771456672e+01
9.743800000000000000e+08,-7.149558052174900524e+01,-9.322572970101867895e+01
9.743850000000000000e+08,-7.150630864652330843e+01,-9.322015912479878352e+01
9.743900000000000000e+08,-7.151694821760214893e+01,-9.321458931855363517e+01
9.743950000000000000e+08,-7.152749955133583626e+01,-9.320902028178203125e+01
9.744000000000000000e+08,-7.153796296109588582e+01,-9.320345201398281176e+01
9.744050000000000000e+08,-7.154833875730511750e+01,-9.319788451465510093e+01
9.744100000000000000e+08,-7.155862724746671688e+01,-9.319231778329805138e+01
9.744150000000000000e+08,-7.156882873619284169e+01,-9.318675181941087260e+01
9.744200000000000000e+08,-7.157894352523298664e+01,-9.318118662249297302e+01
9.744250000000000000e+08,-7.158897191350168043e+01,-9.317562219204391738e+01
9.744300000000000000e+08,-7.159891419710609739e+01,-9.317005852756325623e+01
9.744350000000000000e+08,-7.160877066937371183e+01,-9.316449562855075328e+01
9.744400000000000000e+08,-7.161854162087610121e+01,-9.315893349450625749e+01
9.744450000000000000e+08,-7.162822733946109111e+01,-9.315337212492971730e+01
9.744500000000000000e+08,-7.163782811027353148e+01,-9.314781151932120906e+01
9.744550000000000000e+08,-7.164734421578164358e+01,-9.314225167718097964e+01
9.744600000000000000e+08,-7.165677593580504379e+01,-9.313669259800926170e+01
9.744650000000000000e+08,-7.166612354753742409e+01,-9.313113428130648686e+01
9.744700000000000000e+08,-7.167538732557174797e+01,-9.312557672657322883e+01
9.744750000000000000e+08,-7.168456754192460778e+01,-9.312001993331011818e+01
9.744800000000000000e+08,-7.169366446605994270e+01,-9.311446390101789916e+01
9.744850000000000000e+08,-7.170267836491292712e+01,-9.310890862919735866e+01
9.744900000000000000e+08,-7.171160950291306335e+01,-9.310335411734966726e+01
9.744950000000000000e+08,-7.172045814200723157e+01,-9.309780036497573974e+01
9.745000000000000000e+08,-7.172922454168295303e+01,-9.309224737157683194e+01
9.745050000000000000e+08,-7.173790895898852682e+01,-9.308669513665432760e+01
9.745100000000000000e+08,-7.174651164855832519e+01,-9.308114365970958204e+01
9.745150000000000000e+08,-7.175503286263247560e+01,-9.307559294024406427e+01
9.745200000000000000e+08,-7.176347285107877383e+01,-9.307004297775959856e+01
9.745250000000000000e+08,-7.177183186141401450e+01,-9.306449377175781024e+01
9.745300000000000000e+08,-7.178011013882471048e+01,-9.305894532174053779e+01
9.745350000000000000e+08,-7.178830792618786916e+01,-9.305339762720987551e+01
9.745400000000000000e+08,-7.179642546409128556e+01,-9.304785068766781819e+01
9.745450000000000000e+08,-7.180446299085357964e+01,-9.304230450261657381e+01
9.745500000000000000e+08,-7.181242074254454621e+01,-9.303675907155842140e+01
9.745550000000000000e+08,-7.182029895300276223e+01,-9.303121439399578207e+01
9.745600000000000000e+08,-7.182809785385724410e+01,-9.302567046943124751e+01
9.745650000000000000e+08,-7.183581767454694500e+01,-9.302012729736725305e+01
9.745700000000000000e+08,-7.184345864233532097e+01,-9.301458487730675984e+01
9.745750000000000000e+08,-7.185102098233349466e+01,-9.300904320875244480e+01
9.745800000000000000e+08,-7.185850491751625668e+01,-9.300350229120722645e+01
9.745850000000000000e+08,-7.186591066874052558e+01,-9.299796212417427910e+01
9.745900000000000000e+08,-7.187323845476315398e+01,-9.299242270715669179e+01
9.745950000000000000e+08,-7.188048849225897641e+01,-9.298688403965770988e+01
9.746000000000000000e+08,-7.188766099583629909e+01,-9.298134612118074926e+01
9.746050000000000000e+08,-7.189475617805629781e+01,-9.297580895122922584e+01
9.746100000000000000e+08,-7.190177424944980089e+01,-9.297027252930674024e+01
9.746150000000000000e+08,-7.190871541853229587e+01,-9.296473685491692152e+01
9.746200000000000000e+08,-7.191557989182021515e+01,-9.295920192756364031e+01
9.746250000000000000e+08,-7.192236787384952379e+01,-9.295366774675072463e+01
9.746300000000000000e+08,-7.192907956718980245e+01,-9.294813431198215881e+01
9.746350000000000000e+08,-7.193571517246060409e+01,-9.294260162276209769e+01
9.746400000000000000e+08,-7.194227488834701489e+01,-9.293706967859469614e+01
9.746450000000000000e+08,-7.194875891161538561e+01,-9.293153847898420850e+01
9.746500000000000000e+08,-7.195516743712650509e+01,-9.292600802343514488e+01
9.746550000000000000e+08,-7.196150065785469963e+01,-9.292047831145188752e+01
9.746600000000000000e+08,-7.196775876489850532e+01,-9.291494934253915972e+01
9.746650000000000000e+08,-7.197394194749769269e+01,-9.290942111620151422e+01
9.746700000000000000e+08,-7.198005039304560171e+01,-9.290389363194395855e+01
9.746750000000000000e+08,-7.198608428710545581e+01,-9.289836688927125863e+01
9.746800000000000000e+08,-7.199204381342480019e+01,-9.289284088768840775e+01
9.746850000000000000e+08,-7.199792915394553461e+01,-9.288731562670065500e+01
9.746900000000000000e+08,-7.200374048882183331e+01,-9.288179110581310738e+01
9.746950000000000000e+08,-7.200947799643142844e+01,-9.287626732453102818e+01
9.747000000000000000e+08,-7.201514185338939456e+01,-9.287074428235996493e+01
9.747050000000000000e+08,-7.202073223456130791e+01,-9.286522197880532303e+01
9.747100000000000000e+08,-7.202624931307644829e+01,-9.285970041337272107e+01
9.747150000000000000e+08,-7.203169326033919617e+01,-9.285417958556791973e+01
9.747200000000000000e+08,-7.203706424604349934e+01,-9.284865949489667969e+01
9.747250000000000000e+08,-7.204236243818530738e+01,-9.284314014086490374e+01
9.747300000000000000e+08,-7.204758800307331512e+01,-9.283762152297853731e+01
9.747350000000000000e+08,-7.205274110534116971e+01,-9.283210364074379584e+01
9.747400000000000000e+08,-7.205782190796124098e+01,-9.282658649366683790e+01
9.747450000000000000e+08,-7.206283057225492428e+01,-9.282107008125382208e+01
9.747500000000000000e+08,-7.206776725790477656e+01,-9.281555440301133331e+01
9.747550000000000000e+08,-7.207263212296582822e+01,-9.281003945844575753e+01
9.747600000000000000e+08,-7.207742532387742074e+01,-9.280452524706362283e+01
9.747650000000000000e+08,-7.208214701547258585e+01,-9.279901176837168464e+01
9.747700000000000000e+08,-7.208679735099264008e+01,-9.279349902187672683e+01
9.747750000000000000e+08,-7.209137648209485860e+01,-9.278798700708551905e+01
9.747800000000000000e+08,-7.209588455886364500e+01,-9.278247572350510097e+01
9.747850000000000000e+08,-7.210032172982286625e+01,-9.277696517064255488e+01
9.747900000000000000e+08,-7.210468814194493348e+01,-9.277145534800494886e+01
9.747950000000000000e+08,-7.210898394066143169e+01,-9.276594625509946468e+01
9.748000000000000000e+08,-7.211320926987342261e+01,-9.276043789143363938e+01
9.748050000000000000e+08,-7.211736427196134969e+01,-9.275493025651473999e+01
9.748100000000000000e+08,-7.212144908779509933e+01,-9.274942334985033199e+01
9.748150000000000000e+08,-7.212546385674370697e+01,-9.274391717094803766e+01
9.748200000000000000e+08,-7.212940871668504883e+01,-9.273841171931559302e+01
9.748250000000000000e+08,-7.213328380401564743e+01,-9.273290699446073404e+01
9.748300000000000000e+08,-7.213708925365885705e+01,-9.272740299589142410e+01
9.748350000000000000e+08,-7.214082519907600499e+01,-9.272189972311556971e+01
9.748400000000000000e+08,-7.214449177227395182e+01,-9.271639717564133321e+01
9.748450000000000000e+08,-7.214808910381596263e+01,-9.271089535297674900e+01
9.748500000000000000e+08,-7.215161732282760454e+01,-9.270539425463016414e+01
9.748550000000000000e+08,-7.215507655700845646e+01,-9.269989388010996834e+01
9.748600000000000000e+08,-7.215846693263939926e+01,-9.269439422892445180e+01
9.748650000000000000e+08,-7.216178857459129858e+01,-9.268889530058231685e+01
9.748700000000000000e+08,-7.216504160633358822e+01,-9.268339709459205267e+01
9.748750000000000000e+08,-7.216822614994269713e+01,-9.267789961046233316e+01
9.748800000000000000e+08,-7.217134232610889910e+01,-9.267240284770211645e+01
9.748850000000000000e+08,-7.217439025414731191e+01,-9.266690680582014750e+01
9.748900000000000000e+08,-7.217737005200308431e+01,-9.266141148432537022e+01
9.748950000000000000e+08,-7.218028183625980887e+01,-9.265591688272699855e+01
9.749000000000000000e+08,-7.218312572214844636e+01,-9.265042300053406166e+01
9.749050000000000000e+08,-7.218590182355393381e+01,-9.264492983725577346e+01
9.749100000000000000e+08,-7.218861025302302892e+01,-9.263943739240150421e+01
9.749150000000000000e+08,-7.219125112177164283e+01,-9.263394566548066678e+01
9.749200000000000000e+08,-7.219382453969218716e+01,-9.262845465600275929e+01
9.749250000000000000e+08,-7.219633061536083574e+01,-9.262296436347727990e+01
9.749300000000000000e+08,-7.219876945604455898e+01,-9.261747478741398254e+01
9.749350000000000000e+08,-7.220114116770814405e+01,-9.261198592732264956e+01
9.749400000000000000e+08,-7.220344585502135715e+01,-9.260649778271293542e+01
9.749450000000000000e+08,-7.220568362136481255e+01,-9.260101035309496353e+01
9.749500000000000000e+08,-7.220785456883804443e+01,-9.259552363797867258e+01
9.749550000000000000e+08,-7.220995879826520536e+01,-9.259003763687408650e+01
9.749600000000000000e+08,-7.221199640920180229e+01,-9.258455234929147082e+01
9.749650000000000000e+08,-7.221396749994110564e+01,-9.257906777474106264e+01
9.749700000000000000e+08,-7.221587216752047311e+01,-9.257358391273317011e+01
9.749750000000000000e+08,-7.221771050772755984e+01,-9.256810076277822930e+01
9.749800000000000000e+08,-7.221948261510644329e+01,-9.256261832438676151e+01
9.749850000000000000e+08,-7.222118858296369126e+01,-9.255713659706938756e+01
9.749900000000000000e+08,-7.222282850337448679e+01,-9.255165558033668560e+01
9.749950000000000000e+08,-7.222440246718763035e+01,-9.254617527369951802e+01
9.750000000000000000e+08,-7.222591056403237531e+01,-9.254069567666869034e+01
9.750050000000000000e+08,-7.222735288232436801e+01,-9.253521678875507916e+01
9.750100000000000000e+08,-7.222872950926917213e+01,-9.252973860946977425e+01
9.750150000000000000e+08,-7.223004053087007037e+01,-9.252426113832376586e+01
9.750200000000000000e+08,-7.223128603193227093e+01,-9.251878437482824324e+01
9.750250000000000000e+08,-7.223246609606852076e+01,-9.251330831849443825e+01
9.750300000000000000e+08,-7.223358080570436357e+01,-9.250783296883371065e+01
9.750350000000000000e+08,-7.223463024208317051e+01,-9.250235832535749125e+01
9.750400000000000000e+08,-7.223561448527158291e+01,-9.249688438757713982e+01
9.750450000000000000e+08,-7.223653361416334917e+01,-9.249141115500435717e+01
9.750500000000000000e+08,-7.223738770648631657e+01,-9.248593862715071623e+01
9.750550000000000000e+08,-7.223817683880540130e+01,-9.248046680352787519e+01
9.750600000000000000e+08,-7.223890108652761910e+01,-9.247499568364776223e+01
9.750650000000000000e+08,-7.223956052390759908e+01,-9.246952526702222031e+01
9.750700000000000000e+08,-7.224015522405153433e+01,-9.246405555316306391e+01
9.750750000000000000e+08,-7.224068525892172943e+01,-9.245858654158253387e+01
9.750800000000000000e+08,-7.224115069934111943e+01,-9.245311823179258681e+01
9.750850000000000000e+08,-7.224155161499759004e+01,-9.244765062330549199e+01
9.750900000000000000e+08,-7.224188807444821236e+01,-9.244218371563340497e+01
9.750950000000000000e+08,-7.224216014512352046e+01,-9.243671750828880818e+01
9.751000000000000000e+08,-7.224236789333149034e+01,-9.243125200078402770e+01
9.751050000000000000e+08,-7.224251138426188845e+01,-9.242578719263150333e+01
9.751100000000000000e+08,-7.224259068198945499e+01,-9.242032308334393065e+01
9.751150000000000000e+08,-7.224260584947872132e+01,-9.241485967243390576e+01
9.751200000000000000e+08,-7.224255694858786114e+01,-9.240939695941401055e+01
9.751250000000000000e+08,-7.224244404007110631e+01,-9.240393494379723904e+01
9.751300000000000000e+08,-7.224226718358396226e+01,-9.239847362509632944e+01
9.751350000000000000e+08,-7.224202643768592225e+01,-9.239301300282423313e+01
9.751400000000000000e+08,-7.224172185984430428e+01,-9.238755307649398674e+01
9.751450000000000000e+08,-7.224135350643763331e+01,-9.238209384561869797e+01
9.751500000000000000e+08,-7.224092143275895239e+01,-9.237663530971150294e+01
9.751550000000000000e+08,-7.224042569301938954e+01,-9.237117746828556619e+01
9.751600000000000000e+08,-7.223986634035063048e+01,-9.236572032085427963e+01
9.751650000000000000e+08,-7.223924342680948030e+01,-9.236026386693100676e+01
9.751700000000000000e+08,-7.223855700337975350e+01,-9.235480810602911106e+01
9.751750000000000000e+08,-7.223780711997538617e+01,-9.234935303766224024e+01
9.751800000000000000e+08,-7.223699382544417347e+01,-9.234389866134389990e+01
9.751850000000000000e+08,-7.223611716757000067e+01,-9.233844497658776618e+01
9.751900000000000000e+08,-7.223517719307588436e+01,-9.233299198290754362e+01
9.751950000000000000e+08,-7.223417394762675769e+01,-9.232753967981714993e+01
9.752000000000000000e+08,-7.223310747583204261e+01,-9.232208806683034652e+01
9.752050000000000000e+08,-7.223197782124840671e+01,-9.231663714346105110e+01
9.752100000000000000e+08,-7.223078502638222176e+01,-9.231118690922340875e+01
9.752150000000000000e+08,-7.222952913269216424e+01,-9.230573736363139403e+01
9.752200000000000000e+08,-7.222821018059161702e+01,-9.230028850619910941e+01
9.752250000000000000e+08,-7.222682820945072990e+01,-9.229484033644096996e+01
9.752300000000000000e+08,-7.222538325759921918e+01,-9.228939285387110658e+01
9.752350000000000000e+08,-7.222387536232835714e+01,-9.228394605800387751e+01
9.752400000000000000e+08,-7.222230455989306108e+01,-9.227849994835378311e+01
9.752450000000000000e+08,-7.222067088551409597e+01,-9.227305452443528111e+01
9.752500000000000000e+08,-7.221897437338009240e+01,-9.226760978576285765e+01
9.752550000000000000e+08,-7.221721505664953611e+01,-9.226216573185126890e+01
9.752600000000000000e+08,-7.221539296745265801e+01,-9.225672236221514311e+01
9.752650000000000000e+08,-7.221350813689329584e+01,-9.225127967636922222e+01
9.752700000000000000e+08,-7.221156059505074154e+01,-9.224583767382831923e+01
9.752750000000000000e+08,-7.220955037098119078e+01,-9.224039635410738924e+01
9.752800000000000000e+08,-7.220747749271974669e+01,-9.223495571672133053e+01
9.752850000000000000e+08,-7.220534198728209674e+01,-9.222951576118519768e+01
9.752900000000000000e+08,-7.220314388066545064e+01,-9.222407648701405947e+01
9.752950000000000000e+08,-7.220088319785062936e+01,-9.221863789372306996e+01
9.753000000000000000e+08,-7.219855996280320198e+01,-9.221319998082742586e+01
9.753050000000000000e+08,-7.219617419847492101e+01,-9.220776274784245174e+01
9.753100000000000000e+08,-7.219372592680490186e+01,-9.220232619428351484e+01
9.753150000000000000e+08,-7.219121516872104394e+01,-9.219689031966584025e+01
9.753200000000000000e+08,-7.218864194414092594e+01,-9.219145512350513627e+01
9.753250000000000000e+08,-7.218600627197315589e+01,-9.218602060531682696e+01
9.753300000000000000e+08,-7.218330817011840850e+01,-9.218058676461646428e+01
9.753350000000000000e+08,-7.218054765547027785e+01,-9.217515360091972809e+01
9.753400000000000000e+08,-7.217772474391617266e+01,-9.216972111374241194e+01
9.753450000000000000e+08,-7.217483945033836790e+01,-9.216428930260023833e+01
9.753500000000000000e+08,-7.217189178861472953e+01,-9.215885816700902922e+01
9.753550000000000000e+08,-7.216888177161939666e+01,-9.215342770648473447e+01
9.753600000000000000e+08,-7.216580941122356307e+01,-9.214799792054328975e+01
9.753650000000000000e+08,-7.216267471829597469e+01,-9.214256880870068755e+01
9.753700000000000000e+08,-7.215947770270366846e+01,-9.213714037047310512e+01
9.753750000000000000e+08,-7.215621837331234190e+01,-9.213171260537663443e+01
9.753800000000000000e+08,-7.215289673798687886e+01,-9.212628551292743850e+01
9.753850000000000000e+08,-7.214951280359163377e+01,-9.212085909264187933e+01
9.753900000000000000e+08,-7.214606657599091477e+01,-9.211543334403617678e+01
9.753950000000000000e+08,-7.214255806004912586e+01,-9.211000826662683494e+01
9.754000000000000000e+08,-7.213898725963102265e+01,-9.210458385993013053e+01
9.754050000000000000e+08,-7.213535417760185453e+01,-9.209916012346268133e+01
9.754100000000000000e+08,-7.213165881582746408e+01,-9.209373705674104826e+01
9.754150000000000000e+08,-7.212790117517431554e+01,-9.208831465928173543e+01
9.754200000000000000e+08,-7.212408125550943794e+01,-9.208289293060158798e+01
9.754250000000000000e+08,-7.212019905570036826e+01,-9.207747187021718105e+01
9.754300000000000000e+08,-7.211625457361503777e+01,-9.207205147764528874e+01
9.754350000000000000e+08,-7.211224780612145935e+01,-9.206663175240292674e+01
9.754400000000000000e+08,-7.210817874908759961e+01,-9.206121269400685492e+01
9.754450000000000000e+08,-7.210404739738089575e+01,-9.205579430197404633e+01
9.754500000000000000e+08,-7.209985374486799969e+01,-9.205037657582150246e+01
9.754550000000000000e+08,-7.209559778441432343e+01,-9.204495951506632423e+01
9.754600000000000000e+08,-7.209127950788341366e+01,-9.203954311922561260e+01
9.754650000000000000e+08,-7.208689890613656814e+01,-9.203412738781651115e+01
9.754700000000000000e+08,-7.208245596903205410e+01,-9.202871232035631976e+01
9.754750000000000000e+08,-7.207795068542451133e+01,-9.202329791636228151e+01
9.754800000000000000e+08,-7.207338304316412803e+01,-9.201788417535168207e+01
9.754850000000000000e+08,-7.206875302909608649e+01,-9.201247109684197767e+01
9.754900000000000000e+08,-7.206406062905924159e+01,-9.200705868035065293e+01
9.754950000000000000e+08,-7.205930582788559491e+01,-9.200164692539502198e+01
9.755000000000000000e+08,-7.205448860939927158e+01,-9.199623583149283945e+01
9.755050000000000000e+08,-7.204960895641525553e+01,-9.199082539816163262e+01
9.755100000000000000e+08,-7.204466685073850840e+01,-9.198541562491902823e+01
9.755150000000000000e+08,-7.203966227316247739e+01,-9.198000651128268146e+01
9.755200000000000000e+08,-7.203459520346845579e+01,-9.197459805677048905e+01
9.755250000000000000e+08,-7.202946562042370715e+01,-9.196919026090016303e+01
9.755300000000000000e+08,-7.202427350178038523e+01,-9.196378312318955750e+01
9.755350000000000000e+08,-7.201901882427412716e+01,-9.195837664315661186e+01
9.755400000000000000e+08,-7.201370156362253283e+01,-9.195297082031929392e+01
9.755450000000000000e+08,-7.200832169452353071e+01,-9.194756565419554306e+01
9.755500000000000000e+08,-7.200287919065418407e+01,-9.194216114430354025e+01
9.755550000000000000e+08,-7.199737402466853098e+01,-9.193675729016128173e+01
9.755600000000000000e+08,-7.199180616819589318e+01,-9.193135409128697688e+01
9.755650000000000000e+08,-7.198617559183971082e+01,-9.192595154719880668e+01
9.755700000000000000e+08,-7.198048226517498449e+01,-9.192054965741505157e+01
9.755750000000000000e+08,-7.197472615674668361e+01,-9.191514842145403463e+01
9.755800000000000000e+08,-7.196890723406775692e+01,-9.190974783883397947e+01
9.755850000000000000e+08,-7.196302546361712871e+01,-9.190434790907346496e+01
9.755900000000000000e+08,-7.195708081083746777e+01,-9.189894863169085681e+01
9.755950000000000000e+08,-7.195107324013305572e+01,-9.189355000620453495e+01
9.756000000000000000e+08,-7.194500271486802490e+01,-9.188815203213322036e+01
9.756050000000000000e+08,-7.193886919736301877e+01,-9.188275470899542086e+01
9.756100000000000000e+08,-7.193267264889377088e+01,-9.187735803630972953e+01
9.756150000000000000e+08,-7.192641302968863215e+01,-9.187196201359489578e+01
9.756200000000000000e+08,-7.192009029892548710e+01,-9.186656664036962638e+01
9.756250000000000000e+08,-7.191370441472966490e+01,-9.186117191615267075e+01
9.756300000000000000e+08,-7.190725533417121085e+01,-9.185577784046279248e+01
9.756350000000000000e+08,-7.190074301326215789e+01,-9.185038441281891153e+01
9.756400000000000000e+08,-7.189416740695385499e+01,-9.184499163273997624e+01
9.756450000000000000e+08,-7.188752846913405392e+01,-9.183959949974482129e+01
9.756500000000000000e+08,-7.188082615262412389e+01,-9.183420801335252293e+01
9.756550000000000000e+08,-7.187406040917599626e+01,-9.182881717308207215e+01
9.756600000000000000e+08,-7.186723118946903810e+01,-9.182342697845254520e+01
9.756650000000000000e+08,-7.186033844310757956e+01,-9.181803742898310361e+01
9.756700000000000000e+08,-7.185338211861677848e+01,-9.181264852419288047e+01
9.756750000000000000e+08,-7.184636216344009085e+01,-9.180726026360105152e+01
9.756800000000000000e+08,-7.183927852393573232e+01,-9.180187264672690617e+01
9.756850000000000000e+08,-7.183213114537335287e+01,-9.179648567308976226e+01
9.756900000000000000e+08,-7.182491997193059774e+01,-9.179109934220892342e+01
9.756950000000000000e+08,-7.181764494668951215e+01,-9.178571365360363643e+01
9.757000000000000000e+08,-7.181030601163307381e+01,-9.178032860679351757e+01
9.757050000000000000e+08,-7.180290310764146966e+01,-9.177494420129788466e+01
9.757100000000000000e+08,-7.179543617448815951e+01,-9.176956043663622609e+01
9.757150000000000000e+08,-7.178790515083682067e+01,-9.176417731232820074e+01
9.757200000000000000e+08,-7.178030997423660153e+01,-9.175879482789328279e+01
9.757250000000000000e+08,-7.177265058111800045e+01,-9.175341298285106006e+01
9.757300000000000000e+08,-7.176492690679027930e+01,-9.174803177672126253e+01
9.757350000000000000e+08,-7.175713888543579344e+01,-9.174265120902353488e+01
9.757400000000000000e+08,-7.174928645010662365e+01,-9.173727127927755021e+01
9.757450000000000000e+08,-7.174136953272005712e+01,-9.173189198700322322e+01
9.757500000000000000e+08,-7.173338806405438106e+01,-9.172651333172025545e+01
9.757550000000000000e+08,-7.172534197374437781e+01,-9.172113531294849054e+01
9.757600000000000000e+08,-7.171723119027672055e+01,-9.171575793020777212e+01
9.757650000000000000e+08,-7.170905564098629270e+01,-9.171038118301810016e+01
9.757700000000000000e+08,-7.170081525204963668e+01,-9.170500507089941777e+01
9.757750000000000000e+08,-7.169250994848201231e+01,-9.169962959337162545e+01
9.757800000000000000e+08,-7.168413965413235189e+01,-9.169425474995486525e+01
9.757850000000000000e+08,-7.167570429167733437e+01,-9.168888054016916556e+01
9.757900000000000000e+08,-7.166720378261733515e+01,-9.168350696353449791e+01
9.757950000000000000e+08,-7.165863804727106867e+01,-9.167813401957117492e+01
9.758000000000000000e+08,-7.165000700477044404e+01,-9.167276170779929600e+01
9.758050000000000000e+08,-7.164131057305542072e+01,-9.166739002773903167e+01
9.758100000000000000e+08,-7.163254866886860839e+01,-9.166201897891059502e+01
9.758150000000000000e+08,-7.162372120774998052e+01,-9.165664856083435552e+01
9.758200000000000000e+08,-7.161482810403123267e+01,-9.165127877303055470e+01
9.758250000000000000e+08,-7.160586927083015496e+01,-9.164590961501946254e+01
9.758300000000000000e+08,-7.159684462004580041e+01,-9.164054108632157636e+01
9.758350000000000000e+08,-7.158775406235153582e+01,-9.163517318645723719e+01
9.758400000000000000e+08,-7.157859750718920111e+01,-9.162980591494685711e+01
9.758450000000000000e+08,-7.156937486276491711e+01,-9.162443927131096189e+01
9.758500000000000000e+08,-7.156008603604108487e+01,-9.161907325507003463e+01
9.758550000000000000e+08,-7.155073093273121287e+01,-9.161370786574453007e+01
9.758600000000000000e+08,-7.154130945729360747e+01,-9.160834310285511606e+01
9.758650000000000000e+08,-7.153182151292499213e+01,-9.160297896592238942e+01
9.758700000000000000e+08,-7.152226700155415529e+01,-9.159761545446687592e+01
9.758750000000000000e+08,-7.151264582383524271e+01,-9.159225256800921500e+01
9.758800000000000000e+08,-7.150295787914237167e+01,-9.158689030607027348e+01
9.758850000000000000e+08,-7.149320306556043647e+01,-9.158152866817060556e+01
9.758900000000000000e+08,-7.148338127988063206e+01,-9.157616765383093593e+01
9.758950000000000000e+08,-7.147349241759327754e+01,-9.157080726257217407e+01
9.759000000000000000e+08,-7.146353637287967331e+01,-9.156544749391507310e+01
9.759050000000000000e+08,-7.145351303860581993e+01,-9.156008834738032931e+01
9.759100000000000000e+08,-7.144342230631524160e+01,-9.155472982248902269e+01
9.759150000000000000e+08,-7.143326406622148284e+01,-9.154937191876192060e+01
9.759200000000000000e+08,-7.142303820720050567e+01,-9.154401463571987563e+01
9.759250000000000000e+08,-7.141274461678467844e+01,-9.153865797288396777e+01
9.759300000000000000e+08,-7.140238318115221716e+01,-9.153330192977507807e+01
9.759350000000000000e+08,-7.139195378512232537e+01,-9.152794650591428649e+01
9.759400000000000000e+08,-7.138145631214577236e+01,-9.152259170082245987e+01
9.759450000000000000e+08,-7.137089064429822827e+01,-9.151723751402079188e+01
9.759500000000000000e+08,-7.136025666227091335e+01,-9.151188394503036250e+01
9.759550000000000000e+08,-7.134955424536202884e+01,-9.150653099337212382e+01
9.759600000000000000e+08,-7.133878327147122889e+01,-9.150117865856735477e+01
9.759650000000000000e+08,-7.132794361708819508e+01,-9.149582694013719220e+01
9.759700000000000000e+08,-7.131703515728560205e+01,-9.149047583760267344e+01
9.759750000000000000e+08,-7.130605776571032095e+01,-9.148512535048519112e+01
9.759800000000000000e+08,-7.129501131457450924e+01,-9.147977547830585365e+01
9.759850000000000000e+08,-7.128389567464687104e+01,-9.147442622058593997e+01
9.759900000000000000e+08,-7.127271071524327795e+01,-9.146907757684667217e+01
9.759950000000000000e+08,-7.126145630421925148e+01,-9.146372954660944288e+01
9.760000000000000000e+08,-7.125013230795761388e+01,-9.145838212939551681e+01
9.760050000000000000e+08,-7.123873859136190845e+01,-9.145303532472618713e+01
9.760100000000000000e+08,-7.122727501784663673e+01,-9.144768913212291750e+01
9.760150000000000000e+08,-7.121574144932600348e+01,-9.144234355110705792e+01
9.760200000000000000e+08,-7.120413774620553227e+01,-9.143699858119994417e+01
9.760250000000000000e+08,-7.119246376737173421e+01,-9.143165422192311098e+01
9.760300000000000000e+08,-7.118071937018218875e+01,-9.142631047279795098e+01
9.760350000000000000e+08,-7.116890441045501348e+01,-9.142096733334591363e+01
9.760400000000000000e+08,-7.115701874246032332e+01,-9.141562480308856209e+01
9.760450000000000000e+08,-7.114506221890627558e+01,-9.141028288154737425e+01
9.760500000000000000e+08,-7.113303469093207809e+01,-9.140494156824389904e+01
9.760550000000000000e+08,-7.112093600809502902e+01,-9.139960086269957173e+01
9.760600000000000000e+08,-7.110876601836164923e+01,-9.139426076443614022e+01
9.760650000000000000e+08,-7.109652456809433829e+01,-9.138892127297511081e+01
9.760700000000000000e+08,-7.108421150204175376e+01,-9.138358238783801824e+01
9.760750000000000000e+08,-7.107182666332717247e+01,-9.137824410854665302e+01
9.760800000000000000e+08,-7.105936989343697974e+01,-9.137290643462252149e+01
9.760850000000000000e+08,-7.104684103220910174e+01,-9.136756936558732889e+01
9.760900000000000000e+08,-7.103423991782128155e+01,-9.136223290096280891e+01
9.760950000000000000e+08,-7.102156638677912781e+01,-9.135689704027058156e+01
9.761000000000000000e+08,-7.100882027390360918e+01,-9.135156178303240893e+01
9.761050000000000000e+08,-7.099600141232048145e+01,-9.134622712877001049e+01
9.761100000000000000e+08,-7.098310963344552249e+01,-9.134089307700514837e+01
9.761150000000000000e+08,-7.097014476697383145e+01,-9.133555962725957045e+01
9.761200000000000000e+08,-7.095710664086490738e+01,-9.133022677905499620e+01
9.761250000000000000e+08,-7.094399508133355425e+01,-9.132489453191334405e+01
9.761300000000000000e+08,-7.093080991283291326e+01,-9.131956288535636190e+01
9.761350000000000000e+08,-7.091755095804325038e+01,-9.131423183890581186e+01
9.761400000000000000e+08,-7.090421803785804400e+01,-9.130890139208364076e+01
9.761450000000000000e+08,-7.089081097137048459e+01,-9.130357154441169598e+01
9.761500000000000000e+08,-7.087732957585920701e+01,-9.129824229541173963e+01
9.761550000000000000e+08,-7.086377366677604073e+01,-9.129291364460573277e+01
9.761600000000000000e+08,-7.085014305772980947e+01,-9.128758559151563645e+01
9.761650000000000000e+08,-7.083643756047189299e+01,-9.128225813566322699e+01
9.761700000000000000e+08,-7.082265698488349415e+01,-9.127693127657045125e+01
9.761750000000000000e+08,-7.080880113896087380e+01,-9.127160501375931290e+01
9.761800000000000000e+08,-7.079486982879831203e+01,-9.126627934675168774e+01
9.761850000000000000e+08,-7.078086285857472149e+01,-9.126095427506952262e+01
9.761900000000000000e+08,-7.076678003053795862e+01,-9.125562979823486387e+01
9.761950000000000000e+08,-7.075262114498917754e+01,-9.125030591576965833e+01
9.762000000000000000e+08,-7.073838600026680012e+01,-9.124498262719585284e+01
9.762050000000000000e+08,-7.072407439273274576e+01,-9.123965993203549374e+01
9.762100000000000000e+08,-7.070968611675183979e+01,-9.123433782981061313e+01
9.762150000000000000e+08,-7.069522096467947847e+01,-9.122901632004312944e+01
9.762200000000000000e+08,-7.068067872684463282e+01,-9.122369540225520268e+01
9.762250000000000000e+08,-7.066605919153077764e+01,-9.121837507596880812e+01
9.762300000000000000e+08,-7.065136214496114064e+01,-9.121305534070600629e+01
9.762350000000000000e+08,-7.063658737127867937e+01,-9.120773619598878668e+01
9.762400000000000000e+08,-7.062173465253331983e+01,-9.120241764133935192e+01
9.762450000000000000e+08,-7.060680376865946073e+01,-9.119709967627967728e+01
9.762500000000000000e+08,-7.059179449746045520e+01,-9.119178230033182331e+01
9.762550000000000000e+08,-7.057670661458996619e+01,-9.118646551301799263e+01
9.762600000000000000e+08,-7.056153989353344969e+01,-9.118114931386017474e+01
9.762650000000000000e+08,-7.054629410558904112e+01,-9.117583370238050122e+01
9.762700000000000000e+08,-7.053096901985060185e+01,-9.117051867810113208e+01
9.762750000000000000e+08,-7.051556440318603336e+01,-9.116520424054417049e+01
9.762800000000000000e+08,-7.050008002021736786e+01,-9.115989038923162013e+01
9.762850000000000000e+08,-7.048451563330547742e+01,-9.115457712368579735e+01
9.762900000000000000e+08,-7.046887100252524760e+01,-9.114926444342872003e+01
9.762950000000000000e+08,-7.045314588564765756e+01,-9.114395234798257661e+01
9.763000000000000000e+08,-7.043734003811889011e+01,-9.113864083686941342e+01
9.763050000000000000e+08,-7.042145321303951278e+01,-9.113332990961148994e+01
9.763100000000000000e+08,-7.040548516114340316e+01,-9.112801956573096618e+01
9.763150000000000000e+08,-7.038943563077580734e+01,-9.112270980474986004e+01
9.763200000000000000e+08,-7.037330436787441101e+01,-9.111740062619048786e+01
9.763250000000000000e+08,-7.035709111594205467e+01,-9.111209202957498121e+01
9.763300000000000000e+08,-7.034079561602931108e+01,-9.110678401442535801e+01
9.763350000000000000e+08,-7.032441760671127895e+01,-9.110147658026397721e+01
9.763400000000000000e+08,-7.030795682406224500e+01,-9.109616972661297041e+01
9.763450000000000000e+08,-7.029141300163448136e+01,-9.109086345299436971e+01
9.763500000000000000e+08,-7.027478587043438552e+01,-9.108555775893051987e+01
9.763550000000000000e+08,-7.025807515889850663e+01,-9.108025264394353826e+01
9.763600000000000000e+08,-7.024128059286952919e+01,-9.107494810755557069e+01
9.763650000000000000e+08,-7.022440189557174506e+01,-9.106964414928880558e+01
9.763700000000000000e+08,-7.020743878758625556e+01,-9.106434076866547400e+01
9.763750000000000000e+08,-7.019039098682588929e+01,-9.105903796520766491e+01
9.763800000000000000e+08,-7.017325820850902574e+01,-9.105373573843762358e+01
9.763850000000000000e+08,-7.015604016513609054e+01,-9.104843408787752423e+01
9.763900000000000000e+08,-7.013873656646046584e+01,-9.104313301304952688e+01
9.763950000000000000e+08,-7.012134711946143284e+01,-9.103783251347576311e+01
9.764000000000000000e+08,-7.010387152832217339e+01,-9.103253258867849240e+01
9.764050000000000000e+08,-7.008630949439702817e+01,-9.102723323817984635e+01
9.764100000000000000e+08,-7.006866071618631508e+01,-9.102193446150204181e+01
9.764150000000000000e+08,-7.005092488930796435e+01,-9.101663625816709668e+01
9.764200000000000000e+08,-7.003310170646882682e+01,-9.101133862769735572e+01
9.764250000000000000e+08,-7.001519085743592541e+01,-9.100604156961493629e+01
9.764300000000000000e+08,-6.999719202900648440e+01,-9.100074508344184210e+01
9.764350000000000000e+08,-6.997910490498126990e+01,-9.099544916870047473e+01
9.764400000000000000e+08,-6.996092916612839474e+01,-9.099015382491285209e+01
9.764450000000000000e+08,-6.994266449015827902e+01,-9.098485905160104892e+01
9.764500000000000000e+08,-6.992431055169198828e+01,-9.097956484828739576e+01
9.764550000000000000e+08,-6.990586702222678639e+01,-9.097427121449388210e+01
9.764600000000000000e+08,-6.988733357010671909e+01,-9.096897814974269636e+01
9.764650000000000000e+08,-6.986870986048968746e+01,-9.096368565355598435e+01
9.764700000000000000e+08,-6.984999555531460658e+01,-9.095839372545582080e+01
9.764750000000000000e+08,-6.983119031326815218e+01,-9.095310236496439416e+01
9.764800000000000000e+08,-6.981229378975103828e+01,-9.094781157160367968e+01
9.764850000000000000e+08,-6.979330563684384003e+01,-9.094252134489593686e+01
9.764900000000000000e+08,-6.977422550327213457e+01,-9.093723168436318360e+01
9.764950000000000000e+08,-6.975505303437077487e+01,-9.093194258952746623e+01
9.765000000000000000e+08,-6.973578787205067897e+01,-9.092665405991097316e+01
9.765050000000000000e+08,-6.971642965475868436e+01,-9.092136609503572231e+01
9.765100000000000000e+08,-6.969697801744337085e+01,-9.091607869442368894e+01
9.765150000000000000e+08,-6.967743259151711754e+01,-9.091079185759708992e+01
9.765200000000000000e+08,-6.965779300481815994e+01,-9.090550558407792892e+01
9.765250000000000000e+08,-6.963805888157230584e+01,-9.090021987338812437e+01
9.765300000000000000e+08,-6.961822984235381284e+01,-9.089493472504983629e+01
9.765350000000000000e+08,-6.959830550404588223e+01,-9.088965013858509678e+01
9.765400000000000000e+08,-6.957828547980058431e+01,-9.088436611351582428e+01
9.765450000000000000e+08,-6.955816937899727748e+01,-9.087908264936400826e+01
9.765500000000000000e+08,-6.953795680720419625e+01,-9.087379974565169505e+01
9.765550000000000000e+08,-6.951764736613291973e+01,-9.086851740190087412e+01
9.765600000000000000e+08,-6.949724065359512792e+01,-9.086323561763344969e+01
9.765650000000000000e+08,-6.947673626346569620e+01,-9.085795439237143967e+01
9.765700000000000000e+08,-6.945613378563173512e+01,-9.085267372563674826e+01
9.765750000000000000e+08,-6.943543280595167744e+01,-9.084739361695126547e+01
9.765800000000000000e+08,-6.941463290620932014e+01,-9.084211406583698079e+01
9.765850000000000000e+08,-6.939373366406793764e+01,-9.083683507181582684e+01
9.765900000000000000e+08,-6.937273465302375541e+01,-9.083155663440960836e+01
9.765950000000000000e+08,-6.935163544235790312e+01,-9.082627875314014432e+01
9.766000000000000000e+08,-6.933043559709210513e+01,-9.082100142752946681e+01
9.766050000000000000e+08,-6.930913467793254767e+01,-9.081572465709932374e+01
9.766100000000000000e+08,-6.928773224122710417e+01,-9.081044844137153405e+01
9.766150000000000000e+08,-6.926622783891428980e+01,-9.080517277986797353e+01
9.766200000000000000e+08,-6.924462101846859241e+01,-9.079989767211043272e+01
9.766250000000000000e+08,-6.922291132285170079e+01,-9.079462311762063109e+01
9.766300000000000000e+08,-6.920109829045897243e+01,-9.078934911592044443e+01
9.766350000000000000e+08,-6.917918145506629912e+01,-9.078407566653160643e+01
9.766400000000000000e+08,-6.915716034577484095e+01,-9.077880276897573708e+01
9.766450000000000000e+08,-6.913503448695990983e+01,-9.077353042277474060e+01
9.766500000000000000e+08,-6.911280339820737595e+01,-9.076825862745023699e+01
9.766550000000000000e+08,-6.909046659426442716e+01,-9.076298738252387466e+01
9.766600000000000000e+08,-6.906802358497725436e+01,-9.075771668751734467e+01
9.766650000000000000e+08,-6.904547387523636814e+01,-9.075244654195233807e+01
9.766700000000000000e+08,-6.902281696491313312e+01,-9.074717694535051749e+01
9.766750000000000000e+08,-6.900005234879833438e+01,-9.074190789723337502e+01
9.766800000000000000e+08,-6.897717951654804835e+01,-9.073663939712264437e+01
9.766850000000000000e+08,-6.895419795261312856e+01,-9.073137144453986025e+01
9.766900000000000000e+08,-6.893110713617974739e+01,-9.072610403900645792e+01
9.766950000000000000e+08,-6.890790654110426772e+01,-9.072083718004415687e+01
9.767000000000000000e+08,-6.888459563584758882e+01,-9.071557086717442075e+01
9.767050000000000000e+08,-6.886117388340787215e+01,-9.071030509991865642e+01
9.767100000000000000e+08,-6.883764074125622301e+01,-9.070503987779846966e+01
9.767150000000000000e+08,-6.881399566126384570e+01,-9.069977520033525309e+01
9.767200000000000000e+08,-6.879023808963212616e+01,-9.069451106705042776e+01
9.767250000000000000e+08,-6.876636746682504508e+01,-9.068924747746537207e+01
9.767300000000000000e+08,-6.874238322749705787e+01,-9.068398443110154972e+01
9.767350000000000000e+08,-6.871828480041551757e+01,-9.067872192748033910e+01
9.767400000000000000e+08,-6.869407160838962056e+01,-9.067345996612296233e+01
9.767450000000000000e+08,-6.866974306819365381e+01,-9.066819854655091149e+01
9.767500000000000000e+08,-6.864529859049012828e+01,-9.066293766828536604e+01
9.767550000000000000e+08,-6.862073757975045396e+01,-9.065767733084756230e+01
9.767600000000000000e+08,-6.859605943417989238e+01,-9.065241753375889289e+01
9.767650000000000000e+08,-6.857126354562771553e+01,-9.064715827654049463e+01
9.767700000000000000e+08,-6.854634929951376421e+01,-9.064189955871357540e+01
9.767750000000000000e+08,-6.852131607473947383e+01,-9.063664137979928626e+01
9.767800000000000000e+08,-6.849616324360722786e+01,-9.063138373931883507e+01
9.767850000000000000e+08,-6.847089017172945091e+01,-9.062612663679334446e+01
9.767900000000000000e+08,-6.844549621793950678e+01,-9.062087007174376652e+01
9.767950000000000000e+08,-6.841998073421054016e+01,-9.061561404369143702e+01
9.768000000000000000e+08,-6.839434306555529020e+01,-9.061035855215719437e+01
9.768050000000000000e+08,-6.836858254993801154e+01,-9.060510359666203328e+01
9.768100000000000000e+08,-6.834269851817951746e+01,-9.059984917672714744e+01
9.768150000000000000e+08,-6.831669029386122816e+01,-9.059459529187337523e+01
9.768200000000000000e+08,-6.829055719322687423e+01,-9.058934194162154085e+01
9.768250000000000000e+08,-6.826429852508704244e+01,-9.058408912549279535e+01
9.768300000000000000e+08,-6.823791359071361740e+01,-9.057883684300782079e+01
9.768350000000000000e+08,-6.821140168373707979e+01,-9.057358509368756927e+01
9.768400000000000000e+08,-6.818476209004586508e+01,-9.056833387705276550e+01
9.768450000000000000e+08,-6.815799408768012313e+01,-9.056308319262429052e+01
9.768500000000000000e+08,-6.813109694671871353e+01,-9.055783303992291167e+01
9.768550000000000000e+08,-6.810406992917299362e+01,-9.055258341846925418e+01
9.768600000000000000e+08,-6.807691228887375701e+01,-9.054733432778412805e+01
9.768650000000000000e+08,-6.804962327135724820e+01,-9.054208576738815850e+01
9.768700000000000000e+08,-6.802220211374802261e+01,-9.053683773680191393e+01
9.768750000000000000e+08,-6.799464804464582812e+01,-9.053159023554616169e+01
9.768800000000000000e+08,-6.796696028399526313e+01,-9.052634326314135649e+01
9.768850000000000000e+08,-6.793913804297226022e+01,-9.052109681910800987e+01
9.768900000000000000e+08,-6.791118052385851911e+01,-9.051585090296671865e+01
9.768950000000000000e+08,-6.788308691990933141e+01,-9.051060551423799438e+01
9.769000000000000000e+08,-6.785485641522841149e+01,-9.050536065244214967e+01
9.769050000000000000e+08,-6.782648818463518126e+01,-9.050011631709958237e+01
9.769100000000000000e+08,-6.779798139353073338e+01,-9.049487250773086089e+01
9.769150000000000000e+08,-6.776933519776110870e+01,-9.048962922385618413e+01
9.769200000000000000e+08,-6.774054874347831401e+01,-9.048438646499583626e+01
9.769250000000000000e+08,-6.771162116699859723e+01,-9.047914423067015832e+01
9.769300000000000000e+08,-6.768255159465806514e+01,-9.047390252039937764e+01
9.769350000000000000e+08,-6.765333914266452098e+01,-9.046866133370365048e+01
9.769400000000000000e+08,-6.762398291695207320e+01,-9.046342067010320420e+01
9.769450000000000000e+08,-6.759448201302188863e+01,-9.045818052911812401e+01
9.769500000000000000e+08,-6.756483551579209745e+01,-9.045294091026855199e+01
9.769550000000000000e+08,-6.753504249943276250e+01,-9.044770181307443124e+01
9.769600000000000000e+08,-6.750510202721523001e+01,-9.044246323705593227e+01
9.769650000000000000e+08,-6.747501315133659716e+01,-9.043722518173298397e+01
9.769700000000000000e+08,-6.744477491275739567e+01,-9.043198764662540157e+01
9.769750000000000000e+08,-6.741438634102937044e+01,-9.042675063125328450e+01
9.769800000000000000e+08,-6.738384645412124030e+01,-9.042151413513641955e+01
9.769850000000000000e+08,-6.735315425823971225e+01,-9.041627815779455091e+01
9.769900000000000000e+08,-6.732230874765286899e+01,-9.041104269874762167e+01
9.769950000000000000e+08,-6.729130890449967239e+01,-9.040580775751529075e+01
9.770000000000000000e+08,-6.726015369860040494e+01,-9.040057333361724545e+01
9.770050000000000000e+08,-6.722884208727479916e+01,-9.039533942657325838e+01
9.770100000000000000e+08,-6.719737301513467287e+01,-9.039010603590286053e+01
9.770150000000000000e+08,-6.716574541388980890e+01,-9.038487316112571079e+01
9.770200000000000000e+08,-6.713395820214289245e+01,-9.037964080176125492e+01
9.770250000000000000e+08,-6.710201028518167732e+01,-9.037440895732910917e+01
9.770300000000000000e+08,-6.706990055476674684e+01,-9.036917762734867665e+01
9.770350000000000000e+08,-6.703762788891391722e+01,-9.036394681133938889e+01
9.770400000000000000e+08,-6.700519115167951156e+01,-9.035871650882064898e+01
9.770450000000000000e+08,-6.697258919292286805e+01,-9.035348671931180320e+01
9.770500000000000000e+08,-6.693982084808729383e+01,-9.034825744233205569e+01
9.770550000000000000e+08,-6.690688493796427849e+01,-9.034302867740075271e+01
9.770600000000000000e+08,-6.687378026844784529e+01,-9.033780042403714106e+01
9.770650000000000000e+08,-6.684050563029485659e+01,-9.033257268176016908e+01
9.770700000000000000e+08,-6.680705979887444812e+01,-9.032734545008921145e+01
9.770750000000000000e+08,-6.677344153391302939e+01,-9.032211872854321655e+01
9.770800000000000000e+08,-6.673964957923429608e+01,-9.031689251664120377e+01
9.770850000000000000e+08,-6.670568266249355815e+01,-9.031166681390216411e+01
9.770900000000000000e+08,-6.667153949490656828e+01,-9.030644161984506013e+01
9.770950000000000000e+08,-6.663721877097248125e+01,-9.030121693398879756e+01
9.771000000000000000e+08,-6.660271916818965110e+01,-9.029599275585214002e+01
9.771050000000000000e+08,-6.656803934677195400e+01,-9.029076908495397902e+01
9.771100000000000000e+08,-6.653317794934699236e+01,-9.028554592081299290e+01
9.771150000000000000e+08,-6.649813360065333256e+01,-9.028032326294790266e+01
9.771200000000000000e+08,-6.646290490724408073e+01,-9.027510111087738665e+01
9.771250000000000000e+08,-6.642749045715903833e+01,-9.026987946412012320e+01
9.771300000000000000e+08,-6.639188881960950539e+01,-9.026465832219450647e+01
9.771350000000000000e+08,-6.635609854464820501e+01,-9.025943768461911532e+01
9.771400000000000000e+08,-6.632011816283326766e+01,-9.025421755091247178e+01
9.771450000000000000e+08,-6.628394618488469803e+01,-9.024899792059294157e+01
9.771500000000000000e+08,-6.624758110133191735e+01,-9.024377879317881934e+01
9.771550000000000000e+08,-6.621102138216156163e+01,-9.023856016818852765e+01
9.771600000000000000e+08,-6.617426547643667334e+01,-9.023334204514031853e+01
9.771650000000000000e+08,-6.613731181193381303e+01,-9.022812442355225926e+01
9.771700000000000000e+08,-6.610015879475777467e+01,-9.022290730294267291e+01
9.771750000000000000e+08,-6.606280480894206164e+01,-9.021769068282964099e+01
9.771800000000000000e+08,-6.602524821605281602e+01,-9.021247456273108867e+01
9.771850000000000000e+08,-6.598748735477666116e+01,-9.020725894216522533e+01
9.771900000000000000e+08,-6.594952054050038726e+01,-9.020204382064986248e+01
9.771950000000000000e+08,-6.591134606488088821e+01,-9.019682919770286844e+01
9.772000000000000000e+08,-6.587296219540507991e+01,-9.019161507284212576e+01
9.772050000000000000e+08,-6.583436717493954404e+01,-9.018640144558551697e+01
9.772100000000000000e+08,-6.579555922126954215e+01,-9.018118831545068304e+01
9.772150000000000000e+08,-6.575653652662573734e+01,-9.017597568195525071e+01
9.772200000000000000e+08,-6.571729725720695114e+01,-9.017076354461700305e+01
9.772250000000000000e+08,-6.567783955267834983e+01,-9.016555190295343891e+01
9.772300000000000000e+08,-6.563816152566325002e+01,-9.016034075648204293e+01
9.772350000000000000e+08,-6.559826126123817858e+01,-9.015513010472032818e+01
9.772400000000000000e+08,-6.555813681638657897e+01,-9.014991994718567980e+01
9.772450000000000000e+08,-6.551778621946230885e+01,-9.014471028339536929e+01
9.772500000000000000e+08,-6.547720746963071292e+01,-9.013950111286686706e+01
9.772550000000000000e+08,-6.543639853629754555e+01,-9.013429243511725986e+01
9.772600000000000000e+08,-6.539535735852386722e+01,-9.012908424966381915e+01
9.772650000000000000e+08,-6.535408184442481172e+01,-9.012387655602351799e+01
9.772700000000000000e+08,-6.531256987056283947e+01,-9.011866935371359943e+01
9.772750000000000000e+08,-6.527081928130202471e+01,-9.011346264225102232e+01
9.772800000000000000e+08,-6.522882788817636879e+01,-9.010825642115257494e+01
9.772850000000000000e+08,-6.518659346922618170e+01,-9.010305068993538669e+01
9.772900000000000000e+08,-6.514411376831111511e+01,-9.009784544811616058e+01
9.772950000000000000e+08,-6.510138649442014014e+01,-9.009264069521159968e+01
9.773000000000000000e+08,-6.505840932095580342e+01,-9.008743643073854912e+01
9.773050000000000000e+08,-6.501517988500160072e+01,-9.008223265421358406e+01
9.773100000000000000e+08,-6.497169578656864530e+01,-9.007702936515326542e+01
9.773150000000000000e+08,-6.492795458783278661e+01,-9.007182656307415414e+01
9.773200000000000000e+08,-6.488395381232652426e+01,-9.006662424749274010e+01
9.773250000000000000e+08,-6.483969094414334222e+01,-9.006142241792544212e+01
9.773300000000000000e+08,-6.479516342709391097e+01,-9.005622107388842323e+01
9.773350000000000000e+08,-6.475036866385859469e+01,-9.005102021489815911e+01
9.773400000000000000e+08,-6.470530401509824969e+01,-9.004581984047081278e+01
9.773450000000000000e+08,-6.465996679855855689e+01,-9.004061995012244779e+01
9.773500000000000000e+08,-6.461435428814134241e+01,-9.003542054336929823e+01
9.773550000000000000e+08,-6.456846371295239351e+01,-9.003022161972728554e+01
9.773600000000000000e+08,-6.452229225632322596e+01,-9.002502317871233117e+01
9.773650000000000000e+08,-6.447583705480607819e+01,-9.001982521984048446e+01
9.773700000000000000e+08,-6.442909519714091005e+01,-9.001462774262746791e+01
9.773750000000000000e+08,-6.438206372319390880e+01,-9.000943074658904663e+01
9.773800000000000000e+08,-6.433473962286430492e+01,-9.000423423124087208e+01
9.773850000000000000e+08,-6.428711983496984317e+01,-8.999903819609868094e+01
9.773900000000000000e+08,-6.423920124608397941e+01,-8.999384264067801098e+01
9.773950000000000000e+08,-6.419098068934746948e+01,-8.998864756449432889e+01
9.774000000000000000e+08,-6.414245494326482344e+01,-8.998345296706305874e+01
9.774050000000000000e+08,-6.409362073043024566e+01,-8.997825884789961037e+01
9.774100000000000000e+08,-6.404447471624523303e+01,-8.997306520651925155e+01
9.774150000000000000e+08,-6.399501350758744422e+01,-8.996787204243722158e+01
9.774200000000000000e+08,-6.394523365144252125e+01,-8.996267935516871717e+01
9.774250000000000000e+08,-6.389513163349377578e+01,-8.995748714422872183e+01
9.774300000000000000e+08,-6.384470387667984426e+01,-8.995229540913236121e+01
9.774350000000000000e+08,-6.379394673969181895e+01,-8.994710414939459042e+01
9.774400000000000000e+08,-6.374285651543515030e+01,-8.994191336453025087e+01
9.774450000000000000e+08,-6.369142942945320129e+01,-8.993672305405402767e+01
9.774500000000000000e+08,-6.363966163829523026e+01,-8.993153321748094697e+01
9.774550000000000000e+08,-6.358754922782417651e+01,-8.992634385432546651e+01
9.774600000000000000e+08,-6.353508821149115704e+01,-8.992115496410221454e+01
9.774650000000000000e+08,-6.348227452854626307e+01,-8.991596654632579089e+01
9.774700000000000000e+08,-6.342910404219600906e+01,-8.991077860051062487e+01
9.774750000000000000e+08,-6.337557253770104637e+01,-8.990559112617103210e+01
9.774800000000000000e+08,-6.332167572042672532e+01,-8.990040412282141347e+01
9.774850000000000000e+08,-6.326740921380032034e+01,-8.989521758997595668e+01
9.774900000000000000e+08,-6.321276855724352117e+01,-8.989003152714883527e+01
9.774950000000000000e+08,-6.315774920401743486e+01,-8.988484593385413746e+01
9.775000000000000000e+08,-6.310234651898944946e+01,-8.987966080960592308e+01
9.775050000000000000e+08,-6.304655577634927965e+01,-8.987447615391809563e+01
9.775100000000000000e+08,-6.299037215722638905e+01,-8.986929196630444494e+01
9.775150000000000000e+08,-6.293379074726448152e+01,-8.986410824627887450e+01
9.775200000000000000e+08,-6.287680653407122833e+01,-8.985892499335511729e+01
9.775250000000000000e+08,-6.281941440461663717e+01,-8.985374220704665049e+01
9.775300000000000000e+08,-6.276160914253067347e+01,-8.984855988686720707e+01
9.775350000000000000e+08,-6.270338542531205661e+01,-8.984337803233024999e+01
9.775400000000000000e+08,-6.264473782143980429e+01,-8.983819664294901486e+01
9.775450000000000000e+08,-6.258566078739758609e+01,-8.983301571823714937e+01
9.775500000000000000e+08,-6.252614866457473397e+01,-8.982783525770763333e+01
9.775550000000000000e+08,-6.246619567607135082e+01,-8.982265526087374496e+01
9.775600000000000000e+08,-6.240579592340147741e+01,-8.981747572724854933e+01
9.775650000000000000e+08,-6.234494338307079886e+01,-8.981229665634512571e+01
9.775700000000000000e+08,-6.228363190302117403e+01,-8.980711804767635442e+01
9.775750000000000000e+08,-6.222185519897016093e+01,-8.980193990075508736e+01
9.775800000000000000e+08,-6.215960685060696278e+01,-8.979676221509420486e+01
9.775850000000000000e+08,-6.209688029765323591e+01,-8.979158499020630302e+01
9.775900000000000000e+08,-6.203366883577795932e+01,-8.978640822560400636e+01
9.775950000000000000e+08,-6.196996561237743606e+01,-8.978123192079992521e+01
9.776000000000000000e+08,-6.190576362216155815e+01,-8.977605607530649934e+01
9.776050000000000000e+08,-6.184105570262392604e+01,-8.977088068863595538e+01
9.776100000000000000e+08,-6.177583452931665420e+01,-8.976570576030084680e+01
9.776150000000000000e+08,-6.171009261093622200e+01,-8.976053128981320128e+01
9.776200000000000000e+08,-6.164382228424824461e+01,-8.975535727668516017e+01
9.776250000000000000e+08,-6.157701570878872133e+01,-8.975018372042879378e+01
9.776300000000000000e+08,-6.150966486140297462e+01,-8.974501062055607292e+01
9.776350000000000000e+08,-6.144176153051838440e+01,-8.973983797657888317e+01
9.776400000000000000e+08,-6.137329731023277191e+01,-8.973466578800892535e+01
9.776450000000000000e+08,-6.130426359415265836e+01,-8.972949405435805659e+01
9.776500000000000000e+08,-6.123465156898860329e+01,-8.972432277513783561e+01
9.776550000000000000e+08,-6.116445220789050552e+01,-8.971915194985967901e+01
9.776600000000000000e+08,-6.109365626352686718e+01,-8.971398157803525919e+01
9.776650000000000000e+08,-6.102225426085617954e+01,-8.970881165917580802e+01
9.776700000000000000e+08,-6.095023648961205964e+01,-8.970364219279254314e+01
9.776750000000000000e+08,-6.087759299650541323e+01,-8.969847317839679590e+01
9.776800000000000000e+08,-6.080431357704515705e+01,-8.969330461549961342e+01
9.776850000000000000e+08,-6.073038776705787711e+01,-8.968813650361201439e+01
9.776900000000000000e+08,-6.065580483382893817e+01,-8.968296884224486121e+01
9.776950000000000000e+08,-6.058055376686655791e+01,-8.967780163090908729e+01
9.777000000000000000e+08,-6.050462326826632875e+01,-8.967263486911545556e+01
9.777050000000000000e+08,-6.042800174265218516e+01,-8.966746855637450153e+01
9.777100000000000000e+08,-6.035067728669319109e+01,-8.966230269219691706e+01
9.777150000000000000e+08,-6.027263767810825357e+01,-8.965713727609318084e+01
9.777200000000000000e+08,-6.019387036423778881e+01,-8.965197230757354419e+01
9.777250000000000000e+08,-6.011436245006764523e+01,-8.964680778614849999e+01
9.777300000000000000e+08,-6.003410068569404245e+01,-8.964164371132818587e+01
9.777350000000000000e+08,-5.995307145324080977e+01,-8.963648008262271105e+01
9.777400000000000000e+08,-5.987126075315322282e+01,-8.963131689954201420e+01
9.777450000000000000e+08,-5.978865418985278524e+01,-8.962615416159621873e+01
9.777500000000000000e+08,-5.970523695671385411e+01,-8.962099186829503594e+01
9.777550000000000000e+08,-5.962099382032317152e+01,-8.961583001914820557e+01
9.777600000000000000e+08,-5.953590910398111902e+01,-8.961066861366548153e+01
9.777650000000000000e+08,-5.944996667040039995e+01,-8.960550765135637619e+01
9.777700000000000000e+08,-5.936314990355181465e+01,-8.960034713173028820e+01
9.777750000000000000e+08,-5.927544168962741367e+01,-8.959518705429672991e+01
9.777800000000000000e+08,-5.918682439701511555e+01,-8.959002741856485841e+01
9.777850000000000000e+08,-5.909727985529643490e+01,-8.958486822404393024e+01
9.777900000000000000e+08,-5.900678933315391106e+01,-8.957970947024304564e+01
9.777950000000000000e+08,-5.891533351514232209e+01,-8.957455115667116274e+01
9.778000000000000000e+08,-5.882289247724962422e+01,-8.956939328283721125e+01
9.778050000000000000e+08,-5.872944566117156029e+01,-8.956423584824983664e+01
9.778100000000000000e+08,-5.863497184721762068e+01,-8.955907885241801125e+01
9.778150000000000000e+08,-5.853944912576117332e+01,-8.955392229485019584e+01
9.778200000000000000e+08,-5.844285486713482669e+01,-8.954876617505476588e+01
9.778250000000000000e+08,-5.834516568989294427e+01,-8.954361049254043792e+01
9.778300000000000000e+08,-5.824635742727748777e+01,-8.953845524681531742e+01
9.778350000000000000e+08,-5.814640509181867145e+01,-8.953330043738756672e+01
9.778400000000000000e+08,-5.804528283796892651e+01,-8.952814606376549023e+01
9.778450000000000000e+08,-5.794296392251631289e+01,-8.952299212545698026e+01
9.778500000000000000e+08,-5.783942066276444649e+01,-8.951783862196992914e+01
9.778550000000000000e+08,-5.773462439223499132e+01,-8.951268555281228601e+01
9.778600000000000000e+08,-5.762854541374652229e+01,-8.950753291749160212e+01
9.778650000000000000e+08,-5.752115294967798320e+01,-8.950238071551559926e+01
9.778700000000000000e+08,-5.741241508920794701e+01,-8.949722894639168658e+01
9.778750000000000000e+08,-5.730229873233957960e+01,-8.949207760962742952e+01
9.778800000000000000e+08,-5.719076953037835409e+01,-8.948692670473002408e+01
9.778850000000000000e+08,-5.707779182275072571e+01,-8.948177623120658097e+01
9.778900000000000000e+08,-5.696332856975296011e+01,-8.947662618856439565e+01
9.778950000000000000e+08,-5.684734128094463301e+01,-8.947147657631042250e+01
9.779000000000000000e+08,-5.672978993890951216e+01,-8.946632739395140277e+01
9.779050000000000000e+08,-5.661063291795187524e+01,-8.946117864099427663e+01
9.779100000000000000e+08,-5.648982689735321117e+01,-8.945603031694572849e+01
9.779150000000000000e+08,-5.636732676874501635e+01,-8.945088242131225797e+01
9.779200000000000000e+08,-5.624308553711594527e+01,-8.944573495360033633e+01
9.779250000000000000e+08,-5.611705421492601431e+01,-8.944058791331640634e+01
9.779300000000000000e+08,-5.598918170874847533e+01,-8.943544129996665504e+01
9.779350000000000000e+08,-5.585941469779866964e+01,-8.943029511305726942e+01
9.779400000000000000e+08,-5.572769750368181008e+01,-8.942514935209432281e+01
9.779450000000000000e+08,-5.559397195051693075e+01,-8.942000401658374642e+01
9.779500000000000000e+08,-5.545817721465458305e+01,-8.941485910603132936e+01
9.779550000000000000e+08,-5.532024966308828340e+01,-8.940971461994281810e+01
9.779600000000000000e+08,-5.518012267936483539e+01,-8.940457055782387386e+01
9.779650000000000000e+08,-5.503772647603418022e+01,-8.939942691917991624e+01
9.779700000000000000e+08,-5.489298789225535558e+01,-8.939428370351640751e+01
9.779750000000000000e+08,-5.474583017518904171e+01,-8.938914091033865361e+01
9.779800000000000000e+08,-5.459617274360748951e+01,-8.938399853915180415e+01
9.779850000000000000e+08,-5.444393093197536615e+01,-8.937885658946083822e+01
9.779900000000000000e+08,-5.428901571310719021e+01,-8.937371506077087702e+01
9.779950000000000000e+08,-5.413133339710751102e+01,-8.936857395258664383e+01
9.780000000000000000e+08,-5.397078530438892585e+01,-8.936343326441290458e+01
9.780050000000000000e+08,-5.380726740988517065e+01,-8.935829299575431151e+01
9.780100000000000000e+08,-5.364066995546161110e+01,-8.935315314611536053e+01
9.780150000000000000e+08,-5.347087702720851610e+01,-8.934801371500034861e+01
9.780200000000000000e+08,-5.329776609370193086e+01,-8.934287470191377167e+01
9.780250000000000000e+08,-5.312120750096645594e+01,-8.933773610635964246e+01
9.780300000000000000e+08,-5.294106391927119404e+01,-8.933259792784195952e+01
9.780350000000000000e+08,-5.275718973632821474e+01,-8.932746016586483506e+01
9.780400000000000000e+08,-5.256943039053656719e+01,-8.932232281993201184e+01
9.780450000000000000e+08,-5.237762163750515754e+01,-8.931718588954717575e+01
9.780500000000000000e+08,-5.218158874161673566e+01,-8.931204937421391321e+01
9.780550000000000000e+08,-5.198114558377972116e+01,-8.930691327343581065e+01
9.780600000000000000e+08,-5.177609367490017434e+01,-8.930177758671617028e+01
9.780650000000000000e+08,-5.156622106344230616e+01,-8.929664231355812376e+01
9.780700000000000000e+08,-5.135130112374617539e+01,-8.929150745346495910e+01
9.780750000000000000e+08,-5.113109120956646336e+01,-8.928637300593968007e+01
9.780800000000000000e+08,-5.090533115565207822e+01,-8.928123897048500623e+01
9.780850000000000000e+08,-5.067374160721846010e+01,-8.927610534660394137e+01
9.780900000000000000e+08,-5.043602215453709903e+01,-8.927097213379902030e+01
9.780950000000000000e+08,-5.019184924652335411e+01,-8.926583933157273520e+01
9.781000000000000000e+08,-4.994087385357906328e+01,-8.926070693942762091e+01
9.781050000000000000e+08,-4.968271884558060236e+01,-8.925557495686591380e+01
9.781100000000000000e+08,-4.941697604654790865e+01,-8.925044338338980765e+01
9.781150000000000000e+08,-4.914320292233738741e+01,-8.924531221850125462e+01
9.781200000000000000e+08,-4.886091885224598030e+01,-8.924018146170237742e+01
9.781250000000000000e+08,-4.856960093001661960e+01,-8.923505111249484401e+01
9.781300000000000000e+08,-4.826867923479269251e+01,-8.922992117038036497e+01
9.781350000000000000e+08,-4.795753150820566901e+01,-8.922479163486057985e+01
9.781400000000000000e+08,-4.763547717229378264e+01,-8.921966250543691501e+01
9.781450000000000000e+08,-4.730177062557798706e+01,-8.921453378161058367e+01
9.781500000000000000e+08,-4.695559376532811768e+01,-8.920940546288292694e+01
9.781550000000000000e+08,-4.659604770772421034e+01,-8.920427754875495907e+01
9.781600000000000000e+08,-4.622214372508828717e+01,-8.919915003872762327e+01
9.781650000000000000e+08,-4.583279350260206542e+01,-8.919402293230170642e+01
9.781700000000000000e+08,-4.542679896397749673e+01,-8.918889622897800962e+01
9.781750000000000000e+08,-4.500284216290661732e+01,-8.918376992825707816e+01
9.781800000000000000e+08,-4.455947615376351933e+01,-8.917864402963925841e+01
9.781850000000000000e+08,-4.409511844762008792e+01,-8.917351853262503880e+01
9.781900000000000000e+08,-4.360804981231738253e+01,-8.916839343671449569e+01
9.781950000000000000e+08,-4.309642309093513290e+01,-8.916326874140763437e+01
9.782000000000000000e+08,-4.255828990097924702e+01,-8.915814444620460222e+01
9.782050000000000000e+08,-4.199165838495299852e+01,-8.915302055060506348e+01
9.782100000000000000e+08,-4.139460400732926360e+01,-8.914789705410866816e+01
9.782150000000000000e+08,-4.076546996303231651e+01,-8.914277395621510891e+01
9.782200000000000000e+08,-4.010321741485369529e+01,-8.913765125642373732e+01
9.782250000000000000e+08,-3.940802278714119211e+01,-8.913252895423384814e+01
9.782300000000000000e+08,-3.868227281175358456e+01,-8.912740704914456558e+01
9.782350000000000000e+08,-3.793217155411503683e+01,-8.912228554065499964e+01
9.782400000000000000e+08,-3.717020639073643906e+01,-8.911716442826401874e+01
9.782450000000000000e+08,-3.641858758388002570e+01,-8.911204371147033498e+01
9.782500000000000000e+08,-3.571316038607796628e+01,-8.910692338977270310e+01
9.782550000000000000e+08,-3.510572465992157731e+01,-8.910180346266957940e+01
9.782600000000000000e+08,-3.466033250108130659e+01,-8.909668392965927808e+01
9.782650000000000000e+08,-3.443873282174935468e+01,-8.909156479024012754e+01
9.782700000000000000e+08,-3.447706534805963940e+01,-8.908644604391027144e+01
9.782750000000000000e+08,-3.476836843389420295e+01,-8.908132769016751240e+01
9.782800000000000000e+08,-3.526615937446521087e+01,-8.907620972850985197e+01
9.782850000000000000e+08,-3.590573898744617054e+01,-8.907109215843499328e+01
9.782900000000000000e+08,-3.662581981938055264e+01,-8.906597497944041208e+01
9.782950000000000000e+08,-3.737947612058139413e+01,-8.906085819102351309e+01
9.783000000000000000e+08,-3.813541656316375139e+01,-8.905574179268174362e+01
9.783050000000000000e+08,-3.887481910685231412e+01,-8.905062578391218153e+01
9.783100000000000000e+08,-3.958743923888938809e+01,-8.904551016421181941e+01
9.783150000000000000e+08,-4.026845771374202343e+01,-8.904039493307763564e+01
9.783200000000000000e+08,-4.091630117892447061e+01,-8.903528009000631016e+01
9.783250000000000000e+08,-4.153124845219301164e+01,-8.903016563449443765e+01
9.783300000000000000e+08,-4.211457692021879495e+01,-8.902505156603857017e+01
9.783350000000000000e+08,-4.266805399595377679e+01,-8.901993788413498976e+01
9.783400000000000000e+08,-4.319364100132413853e+01,-8.901482458827996425e+01
9.783450000000000000e+08,-4.369332524072238044e+01,-8.900971167796936356e+01
9.783500000000000000e+08,-4.416902849080265980e+01,-8.900459915269928501e+01
9.783550000000000000e+08,-4.462256058442282125e+01,-8.899948701196549905e+01
9.783600000000000000e+08,-4.505559927862222480e+01,-8.899437525526349191e+01
9.783650000000000000e+08,-4.546968515498505070e+01,-8.898926388208893457e+01
9.783700000000000000e+08,-4.586622484219571305e+01,-8.898415289193705746e+01
9.783750000000000000e+08,-4.624649857865944114e+01,-8.897904228430303419e+01
9.783800000000000000e+08,-4.661166977271878409e+01,-8.897393205868209520e+01
9.783850000000000000e+08,-4.696279520485053638e+01,-8.896882221456904460e+01
9.783900000000000000e+08,-4.730083510896908194e+01,-8.896371275145858704e+01
9.783950000000000000e+08,-4.762666272559326330e+01,-8.895860366884556925e+01
9.784000000000000000e+08,-4.794107313148023763e+01,-8.895349496622431218e+01
9.784050000000000000e+08,-4.824479127328678629e+01,-8.894838664308920784e+01
9.784100000000000000e+08,-4.853847920430240492e+01,-8.894327869893444927e+01
9.784150000000000000e+08,-4.882274256140486557e+01,-8.893817113325413004e+01
9.784200000000000000e+08,-4.909813633867089777e+01,-8.893306394554210215e+01
9.784250000000000000e+08,-4.936517002177644997e+01,-8.892795713529210389e+01
9.784300000000000000e+08,-4.962431214830763793e+01,-8.892285070199783092e+01
9.784350000000000000e+08,-4.987599435681305238e+01,-8.891774464515273735e+01
9.784400000000000000e+08,-5.012061498234057666e+01,-8.891263896425002144e+01
9.784450000000000000e+08,-5.035854225161334341e+01,-8.890753365878303782e+01
9.784500000000000000e+08,-5.059011712512973702e+01,-8.890242872824471476e+01
9.784550000000000000e+08,-5.081565582812849158e+01,-8.889732417212782423e+01
9.784600000000000000e+08,-5.103545210769883056e+01,-8.889221998992526608e+01
9.784650000000000000e+08,-5.124977924861912015e+01,-8.888711618112955648e+01
9.784700000000000000e+08,-5.145889187655794217e+01,-8.888201274523305528e+01
9.784750000000000000e+08,-5.166302757369406606e+01,-8.887690968172802286e+01
9.784800000000000000e+08,-5.186240832867334660e+01,-8.887180699010669116e+01
9.784850000000000000e+08,-5.205724184007156907e+01,-8.886670466986095107e+01
9.784900000000000000e+08,-5.224772269014013659e+01,-8.886160272048257980e+01
9.784950000000000000e+08,-5.243403340346589658e+01,-8.885650114146332612e+01
9.785000000000000000e+08,-5.261634540351753486e+01,-8.885139993229464039e+01
9.785050000000000000e+08,-5.279481987825054290e+01,-8.884629909246785928e+01
9.785100000000000000e+08,-5.296960856463594780e+01,-8.884119862147429103e+01
9.785150000000000000e+08,-5.314085446103891286e+01,-8.883609851880490282e+01
9.785200000000000000e+08,-5.330869247485701123e+01,-8.883099878395059079e+01
9.785250000000000000e+08,-5.347325001233944164e+01,-8.882589941640199527e+01
9.785300000000000000e+08,-5.363464751650529649e+01,-8.882080041564987027e+01
9.785350000000000000e+08,-5.379299895844964396e+01,-8.881570178118458614e+01
9.785400000000000000e+08,-5.394841228672299849e+01,-8.881060351249630003e+01
9.785450000000000000e+08,-5.410098983888940438e+01,-8.880550560907528279e+01
9.785500000000000000e+08,-5.425082871908836069e+01,-8.880040807041140738e+01
9.785550000000000000e+08,-5.439802114466216665e+01,-8.879531089599440463e+01
9.785600000000000000e+08,-5.454265476496519938e+01,-8.879021408531407644e+01
9.785650000000000000e+08,-5.468481295492399141e+01,-8.878511763785978417e+01
9.785700000000000000e+08,-5.482457508560464277e+01,-8.878002155312076127e+01
9.785750000000000000e+08,-5.496201677396568641e+01,-8.877492583058638331e+01
9.785800000000000000e+08,-5.509721011363429000e+01,-8.876983046974547165e+01
9.785850000000000000e+08,-5.523022388839547148e+01,-8.876473547008694709e+01
9.785900000000000000e+08,-5.536112376990882211e+01,-8.875964083109940361e+01
9.785950000000000000e+08,-5.548997250101605516e+01,-8.875454655227146361e+01
9.786000000000000000e+08,-5.561683006586878975e+01,-8.874945263309143684e+01
9.786050000000000000e+08,-5.574175384799229249e+01,-8.874435907304743409e+01
9.786100000000000000e+08,-5.586479877725680865e+01,-8.873926587162763724e+01
9.786150000000000000e+08,-5.598601746674469126e+01,-8.873417302831980180e+01
9.786200000000000000e+08,-5.610546034023076345e+01,-8.872908054261158384e+01
9.786250000000000000e+08,-5.622317575110312760e+01,-8.872398841399062519e+01
9.786300000000000000e+08,-5.633921009337149854e+01,-8.871889664194425507e+01
9.786350000000000000e+08,-5.645360790538625650e+01,-8.871380522595964635e+01
9.786400000000000000e+08,-5.656641196683091266e+01,-8.870871416552387245e+01
9.786450000000000000e+08,-5.667766338950096383e+01,-8.870362346012383625e+01
9.786500000000000000e+08,-5.678740170233759699e+01,-8.869853310924619905e+01
9.786550000000000000e+08,-5.689566493114854495e+01,-8.869344311237742318e+01
9.786600000000000000e+08,-5.700248967338028194e+01,-8.868835346900405625e+01
9.786650000000000000e+08,-5.710791116836433190e+01,-8.868326417861220534e+01
9.786700000000000000e+08,-5.721196336330564236e+01,-8.867817524068782120e+01
9.786750000000000000e+08,-5.731467897528980160e+01,-8.867308665471695406e+01
9.786800000000000000e+08,-5.741608954971481893e+01,-8.866799842018515676e+01
9.786850000000000000e+08,-5.751622551525025528e+01,-8.866291053657801058e+01
9.786900000000000000e+08,-5.761511623565196771e+01,-8.865782300338084099e+01
9.786950000000000000e+08,-5.771279005861687494e+01,-8.865273582007893083e+01
9.787000000000000000e+08,-5.780927436188135005e+01,-8.864764898615720767e+01
9.787050000000000000e+08,-5.790459559675078083e+01,-8.864256250110045698e+01
9.787100000000000000e+08,-5.799877932920161072e+01,-8.863747636439347843e+01
9.787150000000000000e+08,-5.809185027879755836e+01,-8.863239057552075906e+01
9.787200000000000000e+08,-5.818383235542725629e+01,-8.862730513396647325e+01
9.787250000000000000e+08,-5.827474869411574332e+01,-8.862222003921490909e+01
9.787300000000000000e+08,-5.836462168800811412e+01,-8.861713529075009887e+01
9.787350000000000000e+08,-5.845347301959030517e+01,-8.861205088805563435e+01
9.787400000000000000e+08,-5.854132369030907057e+01,-8.860696683061536305e+01
9.787450000000000000e+08,-5.862819404866714024e+01,-8.860188311791264937e+01
9.787500000000000000e+08,-5.871410381689332780e+01,-8.859679974943070135e+01
9.787550000000000000e+08,-5.879907211624792751e+01,-8.859171672465276970e+01
9.787600000000000000e+08,-5.888311749112052951e+01,-8.858663404306167877e+01
9.787650000000000000e+08,-5.896625793186640863e+01,-8.858155170414019608e+01
9.787700000000000000e+08,-5.904851089658266261e+01,-8.857646970737081915e+01
9.787750000000000000e+08,-5.912989333179088192e+01,-8.857138805223605971e+01
9.787800000000000000e+08,-5.921042169216192264e+01,-8.856630673821808841e+01
9.787850000000000000e+08,-5.929011195928901401e+01,-8.856122576479890540e+01
9.787900000000000000e+08,-5.936897965954279499e+01,-8.855614513146043976e+01
9.787950000000000000e+08,-5.944703988115673354e+01,-8.855106483768429371e+01
9.788000000000000000e+08,-5.952430729047240021e+01,-8.854598488295194159e+01
9.788050000000000000e+08,-5.960079614745978915e+01,-8.854090526674474404e+01
9.788100000000000000e+08,-5.967652032052951938e+01,-8.853582598854389119e+01
9.788150000000000000e+08,-5.975149330068106934e+01,-8.853074704783017523e+01
9.788200000000000000e+08,-5.982572821500372839e+01,-8.852566844408450208e+01
9.788250000000000000e+08,-5.989923783960867354e+01,-8.852059017678746500e+01
9.788300000000000000e+08,-5.997203461197798191e+01,-8.851551224541933038e+01
9.788350000000000000e+08,-6.004413064276423029e+01,-8.851043464946033623e+01
9.788400000000000000e+08,-6.011553772709368815e+01,-8.850535738839069211e+01
9.788450000000000000e+08,-6.018626735540141937e+01,-8.850028046169006757e+01
9.788500000000000000e+08,-6.025633072377958399e+01,-8.849520386883816059e+01
9.788550000000000000e+08,-6.032573874390583057e+01,-8.849012760931445598e+01
9.788600000000000000e+08,-6.039450205255438675e+01,-8.848505168259831066e+01
9.788650000000000000e+08,-6.046263102071687712e+01,-8.847997608816868365e+01
9.788700000000000000e+08,-6.053013576233123416e+01,-8.847490082550464763e+01
9.788750000000000000e+08,-6.059702614269876619e+01,-8.846982589408484898e+01
9.788800000000000000e+08,-6.066331178650398215e+01,-8.846475129338787724e+01
9.788850000000000000e+08,-6.072900208555860502e+01,-8.845967702289192403e+01
9.788900000000000000e+08,-6.079410620620681271e+01,-8.845460308207537992e+01
9.788950000000000000e+08,-6.085863309646644126e+01,-8.844952947041612390e+01
9.789000000000000000e+08,-6.092259149287944808e+01,-8.844445618739183601e+01
9.789050000000000000e+08,-6.098598992706901356e+01,-8.843938323248019628e+01
9.789100000000000000e+08,-6.104883673209577921e+01,-8.843431060515874265e+01
9.789150000000000000e+08,-6.111114004853025250e+01,-8.842923830490435932e+01
9.789200000000000000e+08,-6.117290783031091195e+01,-8.842416633119439950e+01
9.789250000000000000e+08,-6.123414785037893182e+01,-8.841909468350553425e+01
9.789300000000000000e+08,-6.129486770610466806e+01,-8.841402336131426409e+01
9.789350000000000000e+08,-6.135507482449978056e+01,-8.840895236409735958e+01
9.789400000000000000e+08,-6.141477646726053763e+01,-8.840388169133076701e+01
9.789450000000000000e+08,-6.147397973561366769e+01,-8.839881134249066008e+01
9.789500000000000000e+08,-6.153269157497592801e+01,-8.839374131705285720e+01
9.789550000000000000e+08,-6.159091877945599691e+01,-8.838867161449302046e+01
9.789600000000000000e+08,-6.164866799620742910e+01,-8.838360223428666984e+01
9.789650000000000000e+08,-6.170594572960447977e+01,-8.837853317590897007e+01
9.789700000000000000e+08,-6.176275834528286879e+01,-8.837346443883511427e+01
9.789750000000000000e+08,-6.181911207403636155e+01,-8.836839602253989767e+01
9.789800000000000000e+08,-6.187501301558007327e+01,-8.836332792649793078e+01
9.789850000000000000e+08,-6.193046714216912108e+01,-8.835826015018385249e+01
9.789900000000000000e+08,-6.198548030212900528e+01,-8.835319269307184697e+01
9.789950000000000000e+08,-6.204005822322014296e+01,-8.834812555463592787e+01
9.790000000000000000e+08,-6.209420651591215545e+01,-8.834305873435010881e+01
9.790050000000000000e+08,-6.214793067655730141e+01,-8.833799223168799131e+01
9.790100000000000000e+08,-6.220123609043668722e+01,-8.833292604612307741e+01
9.790150000000000000e+08,-6.225412803471697742e+01,-8.832786017712849969e+01
9.790200000000000000e+08,-6.230661168130716021e+01,-8.832279462417760385e+01
9.790250000000000000e+08,-6.235869209962159943e+01,-8.831772938674306772e+01
9.790300000000000000e+08,-6.241037425925319582e+01,-8.831266446429752648e+01
9.790350000000000000e+08,-6.246166303255984076e+01,-8.830759985631362952e+01
9.790400000000000000e+08,-6.251256319716783594e+01,-8.830253556226351463e+01
9.790450000000000000e+08,-6.256307943839735941e+01,-8.829747158161916332e+01
9.790500000000000000e+08,-6.261321635160011567e+01,-8.829240791385257126e+01
9.790550000000000000e+08,-6.266297844444484610e+01,-8.828734455843530782e+01
9.790600000000000000e+08,-6.271237013910955227e+01,-8.828228151483881447e+01
9.790650000000000000e+08,-6.276139577441614392e+01,-8.827721878253434795e+01
9.790700000000000000e+08,-6.281005960789683229e+01,-8.827215636099295182e+01
9.790750000000000000e+08,-6.285836581779687293e+01,-8.826709424968542805e+01
9.790800000000000000e+08,-6.290631850501605982e+01,-8.826203244808228021e+01
9.790850000000000000e+08,-6.295392169499109514e+01,-8.825697095565405448e+01
9.790900000000000000e+08,-6.300117933952108729e+01,-8.825190977187094177e+01
9.790950000000000000e+08,-6.304809531854023419e+01,-8.824684889620274930e+01
9.791000000000000000e+08,-6.309467344182733939e+01,-8.824178832811949746e+01
9.791050000000000000e+08,-6.314091745068276396e+01,-8.823672806709058136e+01
9.791100000000000000e+08,-6.318683101954789549e+01,-8.823166811258532505e+01
9.791150000000000000e+08,-6.323241775755684557e+01,-8.822660846407305257e+01
9.791200000000000000e+08,-6.327768121008099200e+01,-8.822154912102254798e+01
9.791250000000000000e+08,-6.332262486019871517e+01,-8.821649008290256688e+01
9.791300000000000000e+08,-6.336725213013469471e+01,-8.821143134918152384e+01
9.791350000000000000e+08,-6.341156638265595546e+01,-8.820637291932783342e+01
9.791400000000000000e+08,-6.345557092242800934e+01,-8.820131479280952647e+01
9.791450000000000000e+08,-6.349926899733456764e+01,-8.819625696909439228e+01
9.791500000000000000e+08,-6.354266379974839651e+01,-8.819119944765019170e+01
9.791550000000000000e+08,-6.358575846779530849e+01,-8.818614222794430191e+01
9.791600000000000000e+08,-6.362855608654659534e+01,-8.818108530944387269e+01
9.791650000000000000e+08,-6.367105968919755554e+01,-8.817602869161601120e+01
9.791700000000000000e+08,-6.371327225822077622e+01,-8.817097237392742670e+01
9.791750000000000000e+08,-6.375519672647106972e+01,-8.816591635584465791e+01
9.791800000000000000e+08,-6.379683597826952735e+01,-8.816086063683412988e+01
9.791850000000000000e+08,-6.383819285045632341e+01,-8.815580521636192657e+01
9.791900000000000000e+08,-6.387927013341506921e+01,-8.815075009389391880e+01
9.791950000000000000e+08,-6.392007057206961917e+01,-8.814569526889573581e+01
9.792000000000000000e+08,-6.396059686685436674e+01,-8.814064074083302103e+01
9.792050000000000000e+08,-6.400085167465863378e+01,-8.813558650917087789e+01
9.792100000000000000e+08,-6.404083760974796746e+01,-8.813053257337429613e+01
9.792150000000000000e+08,-6.408055724465231151e+01,-8.812547893290823708e+01
9.792200000000000000e+08,-6.412001311104683055e+01,-8.812042558723710783e+01
9.792250000000000000e+08,-6.415920770060279210e+01,-8.811537253582531548e+01
9.792300000000000000e+08,-6.419814346579894959e+01,-8.811031977813705396e+01
9.792350000000000000e+08,-6.423682282074504712e+01,-8.810526731363616193e+01
9.792400000000000000e+08,-6.427524814195830061e+01,-8.810021514178629332e+01
9.792450000000000000e+08,-6.431342176913042863e+01,-8.809516326205100256e+01
9.792500000000000000e+08,-6.435134600587343812e+01,-8.809011167389346042e+01
9.792550000000000000e+08,-6.438902312044659482e+01,-8.808506037677668132e+01
9.792600000000000000e+08,-6.442645534646692340e+01,-8.808000937016333864e+01
9.792650000000000000e+08,-6.446364488359195377e+01,-8.807495865351617681e+01
9.792700000000000000e+08,-6.450059389821001332e+01,-8.806990822629737181e+01
9.792750000000000000e+08,-6.453730452408265705e+01,-8.806485808796900017e+01
9.792800000000000000e+08,-6.457377886298726821e+01,-8.805980823799302470e+01
9.792850000000000000e+08,-6.461001898535057819e+01,-8.805475867583110983e+01
9.792900000000000000e+08,-6.464602693085217311e+01,-8.804970940094442255e+01
9.792950000000000000e+08,-6.468180470902134971e+01,-8.804466041279442834e+01
9.793000000000000000e+08,-6.471735429981794141e+01,-8.803961171084195314e+01
9.793050000000000000e+08,-6.475267765419933141e+01,-8.803456329454762397e+01
9.793100000000000000e+08,-6.478777669467370970e+01,-8.802951516337199678e+01
9.793150000000000000e+08,-6.482265331584022761e+01,-8.802446731677531488e+01
9.793200000000000000e+08,-6.485730938491649056e+01,-8.801941975421760844e+01
9.793250000000000000e+08,-6.489174674225488104e+01,-8.801437247515856654e+01
9.793300000000000000e+08,-6.492596720183929904e+01,-8.800932547905786407e+01
9.793350000000000000e+08,-6.495997255178556884e+01,-8.800427876537470695e+01
9.793400000000000000e+08,-6.499376455481481685e+01,-8.799923233356818741e+01
9.793450000000000000e+08,-6.502734494872365190e+01,-8.799418618309718454e+01
9.793500000000000000e+08,-6.506071544684198216e+01,-8.798914031342029318e+01
9.793550000000000000e+08,-6.509387773848013126e+01,-8.798409472399582398e+01
9.793600000000000000e+08,-6.512683348936602101e+01,-8.797904941428194547e+01
9.793650000000000000e+08,-6.515958434207220762e+01,-8.797400438373655618e+01
9.793700000000000000e+08,-6.519213191643339655e+01,-8.796895963181731304e+01
9.793750000000000000e+08,-6.522447780995582889e+01,-8.796391515798150351e+01
9.793800000000000000e+08,-6.525662359820904612e+01,-8.795887096168644348e+01
9.793850000000000000e+08,-6.528857083523021743e+01,-8.795382704238903671e+01
9.793900000000000000e+08,-6.532032105389251342e+01,-8.794878339954581747e+01
9.793950000000000000e+08,-6.535187576627944850e+01,-8.794374003261351902e+01
9.794000000000000000e+08,-6.538323646405660838e+01,-8.793869694104812140e+01
9.794050000000000000e+08,-6.541440461882264401e+01,-8.793365412430554784e+01
9.794100000000000000e+08,-6.544538168245952647e+01,-8.792861158184180681e+01
9.794150000000000000e+08,-6.547616908747384912e+01,-8.792356931311209678e+01
9.794200000000000000e+08,-6.550676824733196213e+01,-8.791852731757167305e+01
9.794250000000000000e+08,-6.553718055677987309e+01,-8.791348559467564883e+01
9.794300000000000000e+08,-6.556740739217661940e+01,-8.790844414387868255e+01
9.794350000000000000e+08,-6.559745011179332153e+01,-8.790340296463531899e+01
9.794400000000000000e+08,-6.562731005612756974e+01,-8.789836205639966238e+01
9.794450000000000000e+08,-6.565698854819626717e+01,-8.789332141862590220e+01
9.794500000000000000e+08,-6.568648689383711314e+01,-8.788828105076774477e+01
9.794550000000000000e+08,-6.571580638199039015e+01,-8.788324095227852695e+01
9.794600000000000000e+08,-6.574494828498134780e+01,-8.787820112261172767e+01
9.794650000000000000e+08,-6.577391385879559493e+01,-8.787316156122028588e+01
9.794700000000000000e+08,-6.580270434334860852e+01,-8.786812226755678523e+01
9.794750000000000000e+08,-6.583132096274970024e+01,-8.786308324107397993e+01
9.794800000000000000e+08,-6.585976492556065409e+01,-8.785804448122404153e+01
9.794850000000000000e+08,-6.588803742504882166e+01,-8.785300598745889999e+01
9.794900000000000000e+08,-6.591613963943663634e+01,-8.784796775923032897e+01
9.794950000000000000e+08,-6.594407273213934673e+01,-8.784292979598988893e+01
9.795000000000000000e+08,-6.597183785200967066e+01,-8.783789209718877089e+01
9.795050000000000000e+08,-6.599943613357208960e+01,-8.783285466227792426e+01
9.795100000000000000e+08,-6.602686869724027474e+01,-8.782781749070815636e+01
9.795150000000000000e+08,-6.605413664955362663e+01,-8.782278058192999026e+01
9.795200000000000000e+08,-6.608124108339049485e+01,-8.781774393539348011e+01
9.795250000000000000e+08,-6.610818307818460937e+01,-8.781270755054873689e+01
9.795300000000000000e+08,-6.613496370013604064e+01,-8.780767142684541682e+01
9.795350000000000000e+08,-6.616158400241911863e+01,-8.780263556373299139e+01
9.795400000000000000e+08,-6.618804502538024792e+01,-8.779759996066064787e+01
9.795450000000000000e+08,-6.621434779674281401e+01,-8.779256461707733195e+01
9.795500000000000000e+08,-6.624049333180184362e+01,-8.778752953243176194e+01
9.795550000000000000e+08,-6.626648263361036584e+01,-8.778249470617217298e+01
9.795600000000000000e+08,-6.629231669316679643e+01,-8.777746013774695655e+01
9.795650000000000000e+08,-6.631799648960453908e+01,-8.777242582660386461e+01
9.795700000000000000e+08,-6.634352299036763156e+01,-8.776739177219053545e+01
9.795750000000000000e+08,-6.636889715138852353e+01,-8.776235797395442262e+01
9.795800000000000000e+08,-6.639411991726161943e+01,-8.775732443134258176e+01
9.795850000000000000e+08,-6.641919222141446255e+01,-8.775229114380178430e+01
9.795900000000000000e+08,-6.644411498626892865e+01,-8.774725811077878745e+01
9.795950000000000000e+08,-6.646888912341640321e+01,-8.774222533171976579e+01
9.796000000000000000e+08,-6.649351553376820334e+01,-8.773719280607082283e+01
9.796050000000000000e+08,-6.651799510771431301e+01,-8.773216053327772102e+01
9.796100000000000000e+08,-6.654232872528392306e+01,-8.772712851278600965e+01
9.796150000000000000e+08,-6.656651725629149041e+01,-8.772209674404093960e+01
9.796200000000000000e+08,-6.659056156049256003e+01,-8.771706522648742066e+01
9.796250000000000000e+08,-6.661446248771891021e+01,-8.771203395957030580e+01
9.796300000000000000e+08,-6.663822087803328031e+01,-8.770700294273395059e+01
9.796350000000000000e+08,-6.666183756186481446e+01,-8.770197217542249746e+01
9.796400000000000000e+08,-6.668531336014844157e+01,-8.769694165708001776e+01
9.796450000000000000e+08,-6.670864908446098696e+01,-8.769191138715000022e+01
9.796500000000000000e+08,-6.673184553715546485e+01,-8.768688136507576303e+01
9.796550000000000000e+08,-6.675490351148789614e+01,-8.768185159030059594e+01
9.796600000000000000e+08,-6.677782379175133087e+01,-8.767682206226723451e+01
9.796650000000000000e+08,-6.680060715340216859e+01,-8.767179278041820112e+01
9.796700000000000000e+08,-6.682325436317988476e+01,-8.766676374419571971e+01
9.796750000000000000e+08,-6.684576617922915887e+01,-8.766173495304192897e+01
9.796800000000000000e+08,-6.686814335122465991e+01,-8.765670640639845601e+01
9.796850000000000000e+08,-6.689038662048454853e+01,-8.765167810370677159e+01
9.796900000000000000e+08,-6.691249672008697758e+01,-8.764665004440811913e+01
9.796950000000000000e+08,-6.693447437498366526e+01,-8.764162222794331569e+01
9.797000000000000000e+08,-6.695632030211237407e+01,-8.763659465375297941e+01
9.797050000000000000e+08,-6.697803521050144582e+01,-8.763156732127754367e+01
9.797100000000000000e+08,-6.699961980138755280e+01,-8.762654022995704395e+01
9.797150000000000000e+08,-6.702107476831235999e+01,-8.762151337923117467e+01
9.797200000000000000e+08,-6.704240079722761436e+01,-8.761648676853958762e+01
9.797250000000000000e+08,-6.706359856660226626e+01,-8.761146039732142299e+01
9.797300000000000000e+08,-6.708466874751889009e+01,-8.760643426501567887e+01
9.797350000000000000e+08,-6.710561200377341606e+01,-8.760140837106091283e+01
9.797400000000000000e+08,-6.712642899197211932e+01,-8.759638271489562555e+01
9.797450000000000000e+08,-6.714712036162700315e+01,-8.759135729595790565e+01
9.797500000000000000e+08,-6.716768675524960486e+01,-8.758633211368547222e+01
9.797550000000000000e+08,-6.718812880844309632e+01,-8.758130716751595912e+01
9.797600000000000000e+08,-6.720844714999292080e+01,-8.757628245688663071e+01
9.797650000000000000e+08,-6.722864240195691821e+01,-8.757125798123428240e+01
9.797700000000000000e+08,-6.724871517974905544e+01,-8.756623373999586590e+01
9.797750000000000000e+08,-6.726866609223131377e+01,-8.756120973260756557e+01
9.797800000000000000e+08,-6.728849574179457704e+01,-8.755618595850543784e+01
9.797850000000000000e+08,-6.730820472444298730e+01,-8.755116241712555336e+01
9.797900000000000000e+08,-6.732779362987575666e+01,-8.754613910790325804e+01
9.797950000000000000e+08,-6.734726304156785659e+01,-8.754111603027379829e+01
9.798000000000000000e+08,-6.736661353684924336e+01,-8.753609318367212211e+01
9.798050000000000000e+08,-6.738584568698277621e+01,-8.753107056753296433e+01
9.798100000000000000e+08,-6.740496005724108386e+01,-8.752604818129064768e+01
9.798150000000000000e+08,-6.742395720698272044e+01,-8.752102602437918222e+01
9.798200000000000000e+08,-6.744283768972202608e+01,-8.751600409623247856e+01
9.798250000000000000e+08,-6.746160205321103831e+01,-8.751098239628402098e+01
9.798300000000000000e+08,-6.748025083950336978e+01,-8.750596092396683900e+01
9.798350000000000000e+08,-6.749878458502573153e+01,-8.750093967871401901e+01
9.798400000000000000e+08,-6.751720382065198578e+01,-8.749591865995816420e+01
9.798450000000000000e+08,-6.753550907176800422e+01,-8.749089786713147987e+01
9.798500000000000000e+08,-6.755370085833996541e+01,-8.748587729966600079e+01
9.798550000000000000e+08,-6.757177969498059156e+01,-8.748085695699353437e+01
9.798600000000000000e+08,-6.758974609101441899e+01,-8.747583683854549008e+01
9.798650000000000000e+08,-6.760760055054201700e+01,-8.747081694375289374e+01
9.798700000000000000e+08,-6.762534357250312667e+01,-8.746579727204670007e+01
9.798750000000000000e+08,-6.764297565073896124e+01,-8.746077782285740909e+01
9.798800000000000000e+08,-6.766049727405419389e+01,-8.745575859561515131e+01
9.798850000000000000e+08,-6.767790892627390065e+01,-8.745073958975000039e+01
9.798900000000000000e+08,-6.769521108630797812e+01,-8.744572080469149000e+01
9.798950000000000000e+08,-6.771240422820612537e+01,-8.744070223986895485e+01
9.799000000000000000e+08,-6.772948882121626468e+01,-8.743568389471147384e+01
9.799050000000000000e+08,-6.774646532984108660e+01,-8.743066576864771378e+01
9.799100000000000000e+08,-6.776333421389391276e+01,-8.742564786110618513e+01
9.799150000000000000e+08,-6.778009592855345034e+01,-8.742063017151477311e+01
9.799200000000000000e+08,-6.779675092441800643e+01,-8.741561269930156186e+01
9.799250000000000000e+08,-6.781329964755853723e+01,-8.741059544389393920e+01
9.799300000000000000e+08,-6.782974253957205235e+01,-8.740557840471900874e+01
9.799350000000000000e+08,-6.784608003762986073e+01,-8.740056158120383145e+01
9.799400000000000000e+08,-6.786231257453260923e+01,-8.739554497277488565e+01
9.799450000000000000e+08,-6.787844057876085913e+01,-8.739052857885839387e+01
9.799500000000000000e+08,-6.789446447451757649e+01,-8.738551239888050759e+01
9.799550000000000000e+08,-6.791038468178437881e+01,-8.738049643226668195e+01
9.799600000000000000e+08,-6.792620161636557441e+01,-8.737548067844231525e+01
9.799650000000000000e+08,-6.794191568993602459e+01,-8.737046513683256421e+01
9.799700000000000000e+08,-6.795752731008757053e+01,-8.736544980686203132e+01
9.799750000000000000e+08,-6.797303688037477798e+01,-8.736043468795513434e+01
9.799800000000000000e+08,-6.798844480036078153e+01,-8.735541977953593573e+01
9.799850000000000000e+08,-6.800375146565782813e+01,-8.735040508102834167e+01
9.799900000000000000e+08,-6.801895726797863517e+01,-8.734539059185576093e+01
9.799950000000000000e+08,-6.803406259517265653e+01,-8.734037631144121860e+01
9.800000000000000000e+08,-6.804906783126929781e+01,-8.733536223920779662e+01
9.800050000000000000e+08,-6.806397335652353320e+01,-8.733034837457788058e+01
9.800100000000000000e+08,-6.807877954745408999e+01,-8.732533471697360028e+01
9.800150000000000000e+08,-6.809348677688481644e+01,-8.732032126581700027e+01
9.800200000000000000e+08,-6.810809541398478473e+01,-8.731530802052958506e+01
9.800250000000000000e+08,-6.812260582430835143e+01,-8.731029498053247551e+01
9.800300000000000000e+08,-6.813701836983054250e+01,-8.730528214524683506e+01
9.800350000000000000e+08,-6.815133340899249959e+01,-8.730026951409317348e+01
9.800400000000000000e+08,-6.816555129673207603e+01,-8.729525708649175897e+01
9.800450000000000000e+08,-6.817967238452530410e+01,-8.729024486186249021e+01
9.800500000000000000e+08,-6.819369702041964842e+01,-8.728523283962516643e+01
9.800550000000000000e+08,-6.820762554907364006e+01,-8.728022101919901843e+01
9.800600000000000000e+08,-6.822145831179309994e+01,-8.727520940000303540e+01
9.800650000000000000e+08,-6.823519564656017167e+01,-8.727019798145590812e+01
9.800700000000000000e+08,-6.824883788807484564e+01,-8.726518676297602894e+01
9.800750000000000000e+08,-6.826238536778559762e+01,-8.726017574398133547e+01
9.800800000000000000e+08,-6.827583841392373643e+01,-8.725516492388956635e+01
9.800850000000000000e+08,-6.828919735153671411e+01,-8.725015430211814760e+01
9.800900000000000000e+08,-6.830246250252065465e+01,-8.724514387808406468e+01
9.800950000000000000e+08,-6.831563418565339418e+01,-8.724013365120393360e+01
9.801000000000000000e+08,-6.832871271662301638e+01,-8.723512362089431349e+01
9.801050000000000000e+08,-6.834169840806563911e+01,-8.723011378657120929e+01
9.801100000000000000e+08,-6.835459156959055349e+01,-8.722510414765019959e+01
9.801150000000000000e+08,-6.836739250781135979e+01,-8.722009470354690563e+01
9.801200000000000000e+08,-6.838010152637920669e+01,-8.721508545367620968e+01
9.801250000000000000e+08,-6.839271892600993397e+01,-8.721007639745283768e+01
9.801300000000000000e+08,-6.840524500451388690e+01,-8.720506753429134505e+01
9.801350000000000000e+08,-6.841768005682470744e+01,-8.720005886360564773e+01
9.801400000000000000e+08,-6.843002437502850910e+01,-8.719505038480943426e+01
9.801450000000000000e+08,-6.844227824838871754e+01,-8.719004209731625110e+01
9.801500000000000000e+08,-6.845444196337994924e+01,-8.718503400053907626e+01
9.801550000000000000e+08,-6.846651580370905776e+01,-8.718002609389057511e+01
9.801600000000000000e+08,-6.847850005034574394e+01,-8.717501837678310039e+01
9.801650000000000000e+08,-6.849039498154604644e+01,-8.717001084862884852e+01
9.801700000000000000e+08,-6.850220087288218451e+01,-8.716500350883933379e+01
9.801750000000000000e+08,-6.851391799726586385e+01,-8.715999635682601365e+01
9.801800000000000000e+08,-6.852554662497433924e+01,-8.715498939199991923e+01
9.801850000000000000e+08,-6.853708702367561045e+01,-8.714998261377172639e+01
9.801900000000000000e+08,-6.854853945845312069e+01,-8.714497602155168465e+01
9.801950000000000000e+08,-6.855990419183017082e+01,-8.713996961474990144e+01
9.802000000000000000e+08,-6.857118148379404943e+01,-8.713496339277597258e+01
9.802050000000000000e+08,-6.858237159182043285e+01,-8.712995735503911021e+01
9.802100000000000000e+08,-6.859347477089443146e+01,-8.712495150094844121e+01
9.802150000000000000e+08,-6.860449127353723497e+01,-8.711994582991252400e+01
9.802200000000000000e+08,-6.861542134982612140e+01,-8.711494034133957598e+01
9.802250000000000000e+08,-6.862626524742026390e+01,-8.710993503463748766e+01
9.802300000000000000e+08,-6.863702321157738595e+01,-8.710492990921402168e+01
9.802350000000000000e+08,-6.864769548518131614e+01,-8.709992496447620169e+01
9.802400000000000000e+08,-6.865828230876074656e+01,-8.709492019983093769e+01
9.802450000000000000e+08,-6.866878392051116009e+01,-8.708991561468486964e+01
9.802500000000000000e+08,-6.867920055631591936e+01,-8.708491120844411171e+01
9.802550000000000000e+08,-6.868953244976749772e+01,-8.707990698051433753e+01
9.802600000000000000e+08,-6.869977983218538498e+01,-8.707490293030127759e+01
9.802650000000000000e+08,-6.870994293264155317e+01,-8.706989905720989498e+01
9.802700000000000000e+08,-6.872002197797515066e+01,-8.706489536064501067e+01
9.802750000000000000e+08,-6.873001719281535316e+01,-8.705989184001090564e+01
9.802800000000000000e+08,-6.873992879959816094e+01,-8.705488849471183244e+01
9.802850000000000000e+08,-6.874975701858870991e+01,-8.704988532415143254e+01
9.802900000000000000e+08,-6.875950206789811148e+01,-8.704488232773286427e+01
9.802950000000000000e+08,-6.876916416350262296e+01,-8.703987950485937120e+01
9.803000000000000000e+08,-6.877874351926203644e+01,-8.703487685493350057e+01
9.803050000000000000e+08,-6.878824034693795397e+01,-8.702987437735735909e+01
9.803100000000000000e+08,-6.879765485621160792e+01,-8.702487207153311033e+01
9.803150000000000000e+08,-6.880698725470166721e+01,-8.701986993686216465e+01
9.803200000000000000e+08,-6.881623774798207194e+01,-8.701486797274563401e+01
9.803250000000000000e+08,-6.882540653959743793e+01,-8.700986617858455929e+01
9.803300000000000000e+08,-6.883449383108296615e+01,-8.700486455377925665e+01
9.803350000000000000e+08,-6.884349982197876727e+01,-8.699986309772980064e+01
9.803400000000000000e+08,-6.885242470984930208e+01,-8.699486180983595318e+01
9.803450000000000000e+08,-6.886126869029499176e+01,-8.698986068949719197e+01
9.803500000000000000e+08,-6.887003195697315050e+01,-8.698485973611241207e+01
9.803550000000000000e+08,-6.887871470161142895e+01,-8.697985894908021010e+01
9.803600000000000000e+08,-6.888731711402415669e+01,-8.697485832779898374e+01
9.803650000000000000e+08,-6.889583938212767578e+01,-8.696985787166661908e+01
9.803700000000000000e+08,-6.890428169195624264e+01,-8.696485758008053324e+01
9.803750000000000000e+08,-6.891264422767530107e+01,-8.695985745243804388e+01
9.803800000000000000e+08,-6.892092717159859205e+01,-8.695485748813588600e+01
9.803850000000000000e+08,-6.892913070420335941e+01,-8.694985768657035408e+01
9.803900000000000000e+08,-6.893725500414086582e+01,-8.694485804713771415e+01
9.803950000000000000e+08,-6.894530024825512271e+01,-8.693985856923362121e+01
9.804000000000000000e+08,-6.895326661159488424e+01,-8.693485925225324706e+01
9.804050000000000000e+08,-6.896115426742804289e+01,-8.692986009559152194e+01
9.804100000000000000e+08,-6.896896338725531450e+01,-8.692486109864321975e+01
9.804150000000000000e+08,-6.897669414082398021e+01,-8.691986226080234701e+01
9.804200000000000000e+08,-6.898434669614164250e+01,-8.691486358146266866e+01
9.804250000000000000e+08,-6.899192121948740919e+01,-8.690986506001777911e+01
9.804300000000000000e+08,-6.899941787542908855e+01,-8.690486669586061907e+01
9.804350000000000000e+08,-6.900683682683245479e+01,-8.689986848838385924e+01
9.804400000000000000e+08,-6.901417823487425096e+01,-8.689487043697987190e+01
9.804450000000000000e+08,-6.902144225905699670e+01,-8.688987254104048930e+01
9.804500000000000000e+08,-6.902862905721917741e+01,-8.688487479995734475e+01
9.804550000000000000e+08,-6.903573878555002352e+01,-8.687987721312141787e+01
9.804600000000000000e+08,-6.904277159859749702e+01,-8.687487977992363142e+01
9.804650000000000000e+08,-6.904972764928429285e+01,-8.686988249975439658e+01
9.804700000000000000e+08,-6.905660708891751653e+01,-8.686488537200347082e+01
9.804750000000000000e+08,-6.906341006720080600e+01,-8.685988839606081058e+01
9.804800000000000000e+08,-6.907013673224567185e+01,-8.685489157131540594e+01
9.804850000000000000e+08,-6.907678723058332082e+01,-8.684989489715611910e+01
9.804900000000000000e+08,-6.908336170717413438e+01,-8.684489837297157067e+01
9.804950000000000000e+08,-6.908986030542072854e+01,-8.683990199814965649e+01
9.805000000000000000e+08,-6.909628316717912355e+01,-8.683490577207807348e+01
9.805050000000000000e+08,-6.910263043276603412e+01,-8.682990969414424853e+01
9.805100000000000000e+08,-6.910890224097335022e+01,-8.682491376373496905e+01
9.805150000000000000e+08,-6.911509872907653573e+01,-8.681991798023676665e+01
9.805200000000000000e+08,-6.912122003284542870e+01,-8.681492234303568978e+01
9.805250000000000000e+08,-6.912726628655437366e+01,-8.680992685151758792e+01
9.805300000000000000e+08,-6.913323762299221187e+01,-8.680493150506774214e+01
9.805350000000000000e+08,-6.913913417347258417e+01,-8.679993630307102137e+01
9.805400000000000000e+08,-6.914495606784194592e+01,-8.679494124491205298e+01
9.805450000000000000e+08,-6.915070343449262680e+01,-8.678994632997495273e+01
9.805500000000000000e+08,-6.915637640036931089e+01,-8.678495155764343849e+01
9.805550000000000000e+08,-6.916197509097868590e+01,-8.677995692730090127e+01
9.805600000000000000e+08,-6.916749963040041393e+01,-8.677496243833033418e+01
9.805650000000000000e+08,-6.917295014129497588e+01,-8.676996809011404821e+01
9.805700000000000000e+08,-6.917832674491289424e+01,-8.676497388203455330e+01
9.805750000000000000e+08,-6.918362956110371442e+01,-8.675997981347342147e+01
9.805800000000000000e+08,-6.918885870832471596e+01,-8.675498588381191212e+01
9.805850000000000000e+08,-6.919401430364960959e+01,-8.674999209243104303e+01
9.805900000000000000e+08,-6.919909646277697846e+01,-8.674499843871146254e+01
9.805950000000000000e+08,-6.920410530003876204e+01,-8.674000492203316526e+01
9.806000000000000000e+08,-6.920904092840882527e+01,-8.673501154177593264e+01
9.806050000000000000e+08,-6.921390345950990763e+01,-8.673001829731910561e+01
9.806100000000000000e+08,-6.921869300362358501e+01,-8.672502518804162719e+01
9.806150000000000000e+08,-6.922340966969689191e+01,-8.672003221332188616e+01
9.806200000000000000e+08,-6.922805356535057797e+01,-8.671503937253815764e+01
9.806250000000000000e+08,-6.923262479688678184e+01,-8.671004666506804881e+01
9.806300000000000000e+08,-6.923712346929670503e+01,-8.670505409028879740e+01
9.806350000000000000e+08,-6.924154968626807261e+01,-8.670006164757734268e+01
9.806400000000000000e+08,-6.924590355019262233e+01,-8.669506933631019763e+01
9.806450000000000000e+08,-6.925018516217332376e+01,-8.669007715586329255e+01
9.806500000000000000e+08,-6.925439462203196683e+01,-8.668508510561227354e+01
9.806550000000000000e+08,-6.925853202831505939e+01,-8.668009318493244564e+01
9.806600000000000000e+08,-6.926259747830231106e+01,-8.667510139319860230e+01
9.806650000000000000e+08,-6.926659106801369603e+01,-8.667010972978502537e+01
9.806700000000000000e+08,-6.927051289221390107e+01,-8.666511819406581196e+01
9.806750000000000000e+08,-6.927436304442166204e+01,-8.666012678541451919e+01
9.806800000000000000e+08,-6.927814161691507877e+01,-8.665513550320412151e+01
9.806850000000000000e+08,-6.928184870073836521e+01,-8.665014434680756494e+01
9.806900000000000000e+08,-6.928548438570825851e+01,-8.664515331559698552e+01
9.806950000000000000e+08,-6.928904876042037131e+01,-8.664016240894432030e+01
9.807000000000000000e+08,-6.929254191225538762e+01,-8.663517162622096635e+01
9.807050000000000000e+08,-6.929596392738515931e+01,-8.663018096679803648e+01
9.807100000000000000e+08,-6.929931489077881679e+01,-8.662519043004607511e+01
9.807150000000000000e+08,-6.930259488620893649e+01,-8.662020001533522873e+01
9.807200000000000000e+08,-6.930580399625641519e+01,-8.661520972203541646e+01
9.807250000000000000e+08,-6.930894230231766073e+01,-8.661021954951586110e+01
9.807300000000000000e+08,-6.931200988460940948e+01,-8.660522949714538754e+01
9.807350000000000000e+08,-6.931500682217438225e+01,-8.660023956429259329e+01
9.807400000000000000e+08,-6.931793319288701127e+01,-8.659524975032553584e+01
9.807450000000000000e+08,-6.932078907345865559e+01,-8.659026005461171849e+01
9.807500000000000000e+08,-6.932357453944304382e+01,-8.658527047651844555e+01
9.807550000000000000e+08,-6.932628966524147529e+01,-8.658028101541239607e+01
9.807600000000000000e+08,-6.932893452410800705e+01,-8.657529167065995068e+01
9.807650000000000000e+08,-6.933150918815476871e+01,-8.657030244162685051e+01
9.807700000000000000e+08,-6.933401372835601251e+01,-8.656531332767880826e+01
9.807750000000000000e+08,-6.933644821455419560e+01,-8.656032432818065558e+01
9.807800000000000000e+08,-6.933881271546495384e+01,-8.655533544249692568e+01
9.807850000000000000e+08,-6.934110729867997236e+01,-8.655034666999198123e+01
9.807900000000000000e+08,-6.934333203067377838e+01,-8.654535801002941753e+01
9.807950000000000000e+08,-6.934548697680726548e+01,-8.654036946197237512e+01
9.808000000000000000e+08,-6.934757220133239741e+01,-8.653538102518389508e+01
9.808050000000000000e+08,-6.934958776739665609e+01,-8.653039269902627950e+01
9.808100000000000000e+08,-6.935153373704763169e+01,-8.652540448286146102e+01
9.808150000000000000e+08,-6.935341017123646168e+01,-8.652041637605101698e+01
9.808200000000000000e+08,-6.935521712982301779e+01,-8.651542837795594210e+01
9.808250000000000000e+08,-6.935695467158004135e+01,-8.651044048793691843e+01
9.808300000000000000e+08,-6.935862285419642603e+01,-8.650545270535400277e+01
9.808350000000000000e+08,-6.936022173428121107e+01,-8.650046502956703875e+01
9.808400000000000000e+08,-6.936175136736837032e+01,-8.649547745993532999e+01
9.808450000000000000e+08,-6.936321180791995289e+01,-8.649048999581756902e+01
9.808500000000000000e+08,-6.936460310932997686e+01,-8.648550263657229209e+01
9.808550000000000000e+08,-6.936592532392813837e+01,-8.648051538155738172e+01
9.808600000000000000e+08,-6.936717850298353483e+01,-8.647552823013027989e+01
9.808650000000000000e+08,-6.936836269670749289e+01,-8.647054118164814440e+01
9.808700000000000000e+08,-6.936947795425849961e+01,-8.646555423546746511e+01
9.808750000000000000e+08,-6.937052432374413513e+01,-8.646056739094436239e+01
9.808800000000000000e+08,-6.937150185222522225e+01,-8.645558064743454452e+01
9.808850000000000000e+08,-6.937241058571839858e+01,-8.645059400429325080e+01
9.808900000000000000e+08,-6.937325056920003874e+01,-8.644560746087528003e+01
9.808950000000000000e+08,-6.937402184660948024e+01,-8.644062101653477725e+01
9.809000000000000000e+08,-6.937472446085074296e+01,-8.643563467062580230e+01
9.809050000000000000e+08,-6.937535845379700561e+01,-8.643064842250163338e+01
9.809100000000000000e+08,-6.937592386629279417e+01,-8.642566227151525027e+01
9.809150000000000000e+08,-6.937642073815688093e+01,-8.642067621701909275e+01
9.809200000000000000e+08,-6.937684910818515505e+01,-8.641569025836520268e+01
9.809250000000000000e+08,-6.937720901415333685e+01,-8.641070439490511035e+01
9.809300000000000000e+08,-6.937750049281933684e+01,-8.640571862598990549e+01
9.809350000000000000e+08,-6.937772357992619732e+01,-8.640073295097030837e+01
9.809400000000000000e+08,-6.937787831020469298e+01,-8.639574736919634290e+01
9.809450000000000000e+08,-6.937796471737534887e+01,-8.639076188001764933e+01
9.809500000000000000e+08,-6.937798283415074252e+01,-8.638577648278369736e+01
9.809550000000000000e+08,-6.937793269223843140e+01,-8.638079117684301877e+01
9.809600000000000000e+08,-6.937781432234272927e+01,-8.637580596154394641e+01
9.809650000000000000e+08,-6.937762775416697991e+01,-8.637082083623442941e+01
9.809700000000000000e+08,-6.937737301641571719e+01,-8.636583580026169216e+01
9.809750000000000000e+08,-6.937705013679676824e+01,-8.636085085297260378e+01
9.809800000000000000e+08,-6.937665914202281670e+01,-8.635586599371366390e+01
9.809850000000000000e+08,-6.937620005781420218e+01,-8.635088122183071846e+01
9.809900000000000000e+08,-6.937567290890000038e+01,-8.634589653666924391e+01
9.809950000000000000e+08,-6.937507771901992726e+01,-8.634091193757429039e+01
9.810000000000000000e+08,-6.937441451092642808e+01,-8.633592742389025432e+01
9.810050000000000000e+08,-6.937368330638614111e+01,-8.633094299496124790e+01
9.810100000000000000e+08,-6.937288412618147504e+01,-8.632595865013072967e+01
9.810150000000000000e+08,-6.937201699011218636e+01,-8.632097438874184547e+01
9.810200000000000000e+08,-6.937108191699694260e+01,-8.631599021013718698e+01
9.810250000000000000e+08,-6.937007892467461545e+01,-8.631100611365877739e+01
9.810300000000000000e+08,-6.936900803000578719e+01,-8.630602209864832730e+01
9.810350000000000000e+08,-6.936786924887393013e+01,-8.630103816444702147e+01
9.810400000000000000e+08,-6.936666259618678509e+01,-8.629605431039529151e+01
9.810450000000000000e+08,-6.936538808587728511e+01,-8.629107053583361164e+01
9.810500000000000000e+08,-6.936404573090501913e+01,-8.628608684010148977e+01
9.810550000000000000e+08,-6.936263554325699943e+01,-8.628110322253816378e+01
9.810600000000000000e+08,-6.936115753394899741e+01,-8.627611968248230312e+01
9.810650000000000000e+08,-6.935961171302594153e+01,-8.627113621927220777e+01
9.810700000000000000e+08,-6.935799808956333834e+01,-8.626615283224553821e+01
9.810750000000000000e+08,-6.935631667166778414e+01,-8.626116952073955702e+01
9.810800000000000000e+08,-6.935456746647784598e+01,-8.625618628409105781e+01
9.810850000000000000e+08,-6.935275048016467281e+01,-8.625120312163628000e+01
9.810900000000000000e+08,-6.935086571793272014e+01,-8.624622003271088033e+01
9.810950000000000000e+08,-6.934891318402020488e+01,-8.624123701665033082e+01
9.811000000000000000e+08,-6.934689288169971633e+01,-8.623625407278925081e+01
9.811050000000000000e+08,-6.934480481327877044e+01,-8.623127120046186178e+01
9.811100000000000000e+08,-6.934264898009990929e+01,-8.622628839900214359e+01
9.811150000000000000e+08,-6.934042538254129795e+01,-8.622130566774323768e+01
9.811200000000000000e+08,-6.933813402001695181e+01,-8.621632300601794441e+01
9.811250000000000000e+08,-6.933577489097685032e+01,-8.621134041315846730e+01
9.811300000000000000e+08,-6.933334799290720696e+01,-8.620635788849671144e+01
9.811350000000000000e+08,-6.933085332233051190e+01,-8.620137543136388558e+01
9.811400000000000000e+08,-6.932829087480558883e+01,-8.619639304109068689e+01
9.811450000000000000e+08,-6.932566064492756652e+01,-8.619141071700754253e+01
9.811500000000000000e+08,-6.932296262632775097e+01,-8.618642845844412648e+01
9.811550000000000000e+08,-6.932019681167361114e+01,-8.618144626472953007e+01
9.811600000000000000e+08,-6.931736319266843793e+01,-8.617646413519280202e+01
9.811650000000000000e+08,-6.931446176005117366e+01,-8.617148206916195363e+01
9.811700000000000000e+08,-6.931149250359605674e+01,-8.616650006596469780e+01
9.811750000000000000e+08,-6.930845541211220961e+01,-8.616151812492839213e+01
9.811800000000000000e+08,-6.930535047344326927e+01,-8.615653624537964106e+01
9.811850000000000000e+08,-6.930217767446686139e+01,-8.615155442664465113e+01
9.811900000000000000e+08,-6.929893700109401777e+01,-8.614657266804897517e+01
9.811950000000000000e+08,-6.929562843826856522e+01,-8.614159096891795286e+01
9.812000000000000000e+08,-6.929225196996642921e+01,-8.613660932857618491e+01
9.812050000000000000e+08,-6.928880757919492339e+01,-8.613162774634764673e+01
9.812100000000000000e+08,-6.928529524799205319e+01,-8.612664622155612903e+01
9.812150000000000000e+08,-6.928171495742539321e+01,-8.612166475352464090e+01
9.812200000000000000e+08,-6.927806668759123454e+01,-8.611668334157562299e+01
9.812250000000000000e+08,-6.927435041761395951e+01,-8.611170198503131701e+01
9.812300000000000000e+08,-6.927056612564450688e+01,-8.610672068321314043e+01
9.812350000000000000e+08,-6.926671378885949082e+01,-8.610173943544212705e+01
9.812400000000000000e+08,-6.926279338346010661e+01,-8.609675824103862851e+01
9.812450000000000000e+08,-6.925880488467073803e+01,-8.609177709932281175e+01
9.812500000000000000e+08,-6.925474826673777784e+01,-8.608679600961389156e+01
9.812550000000000000e+08,-6.925062350292817825e+01,-8.608181497123077008e+01
9.812600000000000000e+08,-6.924643056552839937e+01,-8.607683398349195159e+01
9.812650000000000000e+08,-6.924216942584217804e+01,-8.607185304571515871e+01
9.812700000000000000e+08,-6.923784005418971788e+01,-8.606687215721764517e+01
9.812750000000000000e+08,-6.923344241990594128e+01,-8.606189131731632358e+01
9.812800000000000000e+08,-6.922897649133851417e+01,-8.605691052532732499e+01
9.812850000000000000e+08,-6.922444223584636802e+01,-8.605192978056635411e+01
9.812900000000000000e+08,-6.921983961979789512e+01,-8.604694908234861828e+01
9.812950000000000000e+08,-6.921516860856907272e+01,-8.604196842998872796e+01
9.813000000000000000e+08,-6.921042916654148769e+01,-8.603698782280079627e+01
9.813050000000000000e+08,-6.920562125710050339e+01,-8.603200726009819732e+01
9.813100000000000000e+08,-6.920074484263302850e+01,-8.602702674119426263e+01
9.813150000000000000e+08,-6.919579988452559860e+01,-8.602204626540122945e+01
9.813200000000000000e+08,-6.919078634316194609e+01,-8.601706583203097978e+01
9.813250000000000000e+08,-6.918570417792128069e+01,-8.601208544039521087e+01
9.813300000000000000e+08,-6.918055334717544724e+01,-8.600710508980444047e+01
9.813350000000000000e+08,-6.917533380828635359e+01,-8.600212477956901580e+01
9.813400000000000000e+08,-6.917004551760467734e+01,-8.599714450899894302e+01
9.813450000000000000e+08,-6.916468843046614268e+01,-8.599216427740313407e+01
9.813500000000000000e+08,-6.915926250118955920e+01,-8.598718408409028768e+01
9.813550000000000000e+08,-6.915376768307400823e+01,-8.598220392836866210e+01
9.813600000000000000e+08,-6.914820392839628482e+01,-8.597722380954573396e+01
9.813650000000000000e+08,-6.914257118840799876e+01,-8.597224372692849670e+01
9.813700000000000000e+08,-6.913686941333268976e+01,-8.596726367982330430e+01
9.813750000000000000e+08,-6.913109855236352530e+01,-8.596228366753621231e+01
9.813800000000000000e+08,-6.912525855365899474e+01,-8.595730368937253729e+01
9.813850000000000000e+08,-6.911934936434116139e+01,-8.595232374463694214e+01
9.813900000000000000e+08,-6.911337093049232294e+01,-8.594734383263374866e+01
9.813950000000000000e+08,-6.910732319715118877e+01,-8.594236395266668183e+01
9.814000000000000000e+08,-6.910120610831017984e+01,-8.593738410403865657e+01
9.814050000000000000e+08,-6.909501960691196132e+01,-8.593240428605244574e+01
9.814100000000000000e+08,-6.908876363484603189e+01,-8.592742449800996951e+01
9.814150000000000000e+08,-6.908243813294528479e+01,-8.592244473921257963e+01
9.814200000000000000e+08,-6.907604304098246928e+01,-8.591746500896105943e+01
9.814250000000000000e+08,-6.906957829766656687e+01,-8.591248530655597904e+01
9.814300000000000000e+08,-6.906304384063913915e+01,-8.590750563129685702e+01
9.814350000000000000e+08,-6.905643960647032031e+01,-8.590252598248284244e+01
9.814400000000000000e+08,-6.904976553065577605e+01,-8.589754635941264382e+01
9.814450000000000000e+08,-6.904302154761168708e+01,-8.589256676138424496e+01
9.814500000000000000e+08,-6.903620759067150914e+01,-8.588758718769503275e+01
9.814550000000000000e+08,-6.902932359208169544e+01,-8.588260763764195360e+01
9.814600000000000000e+08,-6.902236948299764663e+01,-8.587762811052131440e+01
9.814650000000000000e+08,-6.901534519347936225e+01,-8.587264860562876834e+01
9.814700000000000000e+08,-6.900825065248733381e+01,-8.586766912225959913e+01
9.814750000000000000e+08,-6.900108578787799729e+01,-8.586268965970830891e+01
9.814800000000000000e+08,-6.899385052639939886e+01,-8.585771021726891661e+01
9.814850000000000000e+08,-6.898654479368649106e+01,-8.585273079423475906e+01
9.814900000000000000e+08,-6.897916851425721063e+01,-8.584775138989884624e+01
9.814950000000000000e+08,-6.897172161150695047e+01,-8.584277200355332127e+01
9.815000000000000000e+08,-6.896420400770344372e+01,-8.583779263448981567e+01
9.815050000000000000e+08,-6.895661562398382216e+01,-8.583281328199959148e+01
9.815100000000000000e+08,-6.894895638034765284e+01,-8.582783394537307231e+01
9.815150000000000000e+08,-6.894122619565290222e+01,-8.582285462390007069e+01
9.815200000000000000e+08,-6.893342498761069237e+01,-8.581787531687012915e+01
9.815250000000000000e+08,-6.892555267278009978e+01,-8.581289602357189494e+01
9.815300000000000000e+08,-6.891760916656258473e+01,-8.580791674329344687e+01
9.815350000000000000e+08,-6.890959438319767116e+01,-8.580293747532250848e+01
9.815400000000000000e+08,-6.890150823575635286e+01,-8.579795821894595065e+01
9.815450000000000000e+08,-6.889335063613540910e+01,-8.579297897345020374e+01
9.815500000000000000e+08,-6.888512149505291404e+01,-8.578799973812098756e+01
9.815550000000000000e+08,-6.887682072204241024e+01,-8.578302051224360980e+01
9.815600000000000000e+08,-6.886844822544604483e+01,-8.577804129510256814e+01
9.815650000000000000e+08,-6.886000391240943941e+01,-8.577306208598184867e+01
9.815700000000000000e+08,-6.885148768887573567e+01,-8.576808288416499693e+01
9.815750000000000000e+08,-6.884289945957928580e+01,-8.576310368893470581e+01
9.815800000000000000e+08,-6.883423912803961286e+01,-8.575812449957305716e+01
9.815850000000000000e+08,-6.882550659655518643e+01,-8.575314531536186280e+01
9.815900000000000000e+08,-6.881670176619694246e+01,-8.574816613558203926e+01
9.815950000000000000e+08,-6.880782453680195943e+01,-8.574318695951393465e+01
9.816000000000000000e+08,-6.879887480696656610e+01,-8.573820778643727181e+01
9.816050000000000000e+08,-6.878985247404079928e+01,-8.573322861563134722e+01
9.816100000000000000e+08,-6.878075743412031784e+01,-8.572824944637469002e+01
9.816150000000000000e+08,-6.877158958203929728e+01,-8.572327027794514720e+01
9.816200000000000000e+08,-6.876234881136589649e+01,-8.571829110962022469e+01
9.816250000000000000e+08,-6.875303501439250908e+01,-8.571331194067658998e+01
9.816300000000000000e+08,-6.874364808212999378e+01,-8.570833277039022846e+01
9.816350000000000000e+08,-6.873418790430010006e+01,-8.570335359803681285e+01
9.816400000000000000e+08,-6.872465436932816374e+01,-8.569837442289122009e+01
9.816450000000000000e+08,-6.871504736433533367e+01,-8.569339524422753129e+01
9.816500000000000000e+08,-6.870536677513214840e+01,-8.568841606131961441e+01
9.816550000000000000e+08,-6.869561248620942706e+01,-8.568343687344038528e+01
9.816600000000000000e+08,-6.868578438073042491e+01,-8.567845767986229077e+01
9.816650000000000000e+08,-6.867588234052416851e+01,-8.567347847985699616e+01
9.816700000000000000e+08,-6.866590624607739812e+01,-8.566849927269581144e+01
9.816750000000000000e+08,-6.865585597652500383e+01,-8.566352005764926503e+01
9.816800000000000000e+08,-6.864573140964293430e+01,-8.565854083398710372e+01
9.816850000000000000e+08,-6.863553242183955660e+01,-8.565356160097879012e+01
9.816900000000000000e+08,-6.862525888814718655e+01,-8.564858235789294838e+01
9.816950000000000000e+08,-6.861491068221315004e+01,-8.564360310399742104e+01
9.817000000000000000e+08,-6.860448767629273448e+01,-8.563862383855983751e+01
9.817050000000000000e+08,-6.859398974123708115e+01,-8.563364456084684662e+01
9.817100000000000000e+08,-6.858341674648713138e+01,-8.562866527012448614e+01
9.817150000000000000e+08,-6.857276856006430421e+01,-8.562368596565845280e+01
9.817200000000000000e+08,-6.856204504855955406e+01,-8.561870664671344855e+01
9.817250000000000000e+08,-6.855124607712581053e+01,-8.561372731255372059e+01
9.817300000000000000e+08,-6.854037150946633972e+01,-8.560874796244277718e+01
9.817350000000000000e+08,-6.852942120782869040e+01,-8.560376859564370022e+01
9.817400000000000000e+08,-6.851839503299153478e+01,-8.559878921141870478e+01
9.817450000000000000e+08,-6.850729284425648302e+01,-8.559380980902936642e+01
9.817500000000000000e+08,-6.849611449943778041e+01,-8.558883038773680596e+01
9.817550000000000000e+08,-6.848485985485220340e+01,-8.558385094680139105e+01
9.817600000000000000e+08,-6.847352876530837307e+01,-8.557887148548269352e+01
9.817650000000000000e+08,-6.846212108409797281e+01,-8.557389200303990151e+01
9.817700000000000000e+08,-6.845063666298315752e+01,-8.556891249873147842e+01
9.817750000000000000e+08,-6.843907535218563964e+01,-8.556393297181502078e+01
9.817800000000000000e+08,-6.842743700037921428e+01,-8.555895342154778405e+01
9.817850000000000000e+08,-6.841572145467496568e+01,-8.555397384718622789e+01
9.817900000000000000e+08,-6.840392856061215809e+01,-8.554899424798608720e+01
9.817950000000000000e+08,-6.839205816214641231e+01,-8.554401462320244320e+01
9.818000000000000000e+08,-6.838011010163845071e+01,-8.553903497209000761e+01
9.818050000000000000e+08,-6.836808421984245854e+01,-8.553405529390244055e+01
9.818100000000000000e+08,-6.835598035589390520e+01,-8.552907558789289055e+01
9.818150000000000000e+08,-6.834379834729979564e+01,-8.552409585331405140e+01
9.818200000000000000e+08,-6.833153802992245573e+01,-8.551911608941762211e+01
9.818250000000000000e+08,-6.831919923797104843e+01,-8.551413629545479012e+01
9.818300000000000000e+08,-6.830678180398881238e+01,-8.550915647067614600e+01
9.818350000000000000e+08,-6.829428555883842478e+01,-8.550417661433155558e+01
9.818400000000000000e+08,-6.828171033169100212e+01,-8.549919672567015994e+01
9.818450000000000000e+08,-6.826905595001281313e+01,-8.549421680394036116e+01
9.818500000000000000e+08,-6.825632223955213362e+01,-8.548923684839023451e+01
9.818550000000000000e+08,-6.824350902432620103e+01,-8.548425685826686049e+01
9.818600000000000000e+08,-6.823061612660772823e+01,-8.547927683281659483e+01
9.818650000000000000e+08,-6.821764336691128960e+01,-8.547429677128546643e+01
9.818700000000000000e+08,-6.820459056397969277e+01,-8.546931667291858048e+01
9.818750000000000000e+08,-6.819145753476949778e+01,-8.546433653696024635e+01
9.818800000000000000e+08,-6.817824409443869627e+01,-8.545935636265448920e+01
9.818850000000000000e+08,-6.816495005632978632e+01,-8.545437614924429681e+01
9.818900000000000000e+08,-6.815157523195701117e+01,-8.544939589597203167e+01
9.818950000000000000e+08,-6.813811943099122459e+01,-8.544441560207960151e+01
9.819000000000000000e+08,-6.812458246124498373e+01,-8.543943526680803302e+01
9.819050000000000000e+08,-6.811096412865758509e+01,-8.543445488939759969e+01
9.819100000000000000e+08,-6.809726423727957467e+01,-8.542947446908803499e+01
9.819150000000000000e+08,-6.808348258925744290e+01,-8.542449400511836188e+01
9.819200000000000000e+08,-6.806961898481780793e+01,-8.541951349672693539e+01
9.819250000000000000e+08,-6.805567322225114424e+01,-8.541453294315124367e+01
9.819300000000000000e+08,-6.804164509789744386e+01,-8.540955234362839121e+01
9.819350000000000000e+08,-6.802753440612764280e+01,-8.540457169739447352e+01
9.819400000000000000e+08,-6.801334093932639746e+01,-8.539959100368500344e+01
9.819450000000000000e+08,-6.799906448787983493e+01,-8.539461026173496805e+01
9.819500000000000000e+08,-6.798470484015362558e+01,-8.538962947077847332e+01
9.819550000000000000e+08,-6.797026178247820383e+01,-8.538464863004875838e+01
9.819600000000000000e+08,-6.795573509913080557e+01,-8.537966773877883497e+01
9.819650000000000000e+08,-6.794112457231783253e+01,-8.537468679620063483e+01
9.819700000000000000e+08,-6.792642998215686134e+01,-8.536970580154546440e+01
9.819750000000000000e+08,-6.791165110665802729e+01,-8.536472475404386273e+01
9.819800000000000000e+08,-6.789678772170810817e+01,-8.535974365292595678e+01
9.819850000000000000e+08,-6.788183960104682058e+01,-8.535476249742087873e+01
9.819900000000000000e+08,-6.786680651625243854e+01,-8.534978128675702180e+01
9.819950000000000000e+08,-6.785168823672219673e+01,-8.534480002016229605e+01
9.820000000000000000e+08,-6.783648452965026365e+01,-8.533981869686377308e+01
9.820050000000000000e+08,-6.782119516001009174e+01,-8.533483731608771450e+01
9.820100000000000000e+08,-6.780581989053401060e+01,-8.532985587705992714e+01
9.820150000000000000e+08,-6.779035848169291967e+01,-8.532487437900525151e+01
9.820200000000000000e+08,-6.777481069167590988e+01,-8.531989282114790285e+01
9.820250000000000000e+08,-6.775917627636937368e+01,-8.531491120271128636e+01
9.820300000000000000e+08,-6.774345498933602983e+01,-8.530992952291833831e+01
9.820350000000000000e+08,-6.772764658179357866e+01,-8.530494778099105702e+01
9.820400000000000000e+08,-6.771175080259244794e+01,-8.529996597615061660e+01
9.820450000000000000e+08,-6.769576739819621025e+01,-8.529498410761783589e+01
9.820500000000000000e+08,-6.767969611265645824e+01,-8.529000217461253897e+01
9.820550000000000000e+08,-6.766353668758975459e+01,-8.528502017635366883e+01
9.820600000000000000e+08,-6.764728886215988268e+01,-8.528003811205989848e+01
9.820650000000000000e+08,-6.763095237304901275e+01,-8.527505598094876405e+01
9.820700000000000000e+08,-6.761452695443712457e+01,-8.527007378223716216e+01
9.820750000000000000e+08,-6.759801233797759323e+01,-8.526509151514147788e+01
9.820800000000000000e+08,-6.758140825277307329e+01,-8.526010917887701623e+01
9.820850000000000000e+08,-6.756471442535108451e+01,-8.525512677265864170e+01
9.820900000000000000e+08,-6.754793057963863134e+01,-8.525014429570019558e+01
9.820950000000000000e+08,-6.753105643694001969e+01,-8.524516174721512130e+01
9.821000000000000000e+08,-6.751409171590546521e+01,-8.524017912641581063e+01
9.821050000000000000e+08,-6.749703613251054435e+01,-8.523519643251397326e+01
9.821100000000000000e+08,-6.747988940002950642e+01,-8.523021366472084992e+01
9.821150000000000000e+08,-6.746265122900570077e+01,-8.522523082224653024e+01
9.821200000000000000e+08,-6.744532132722704887e+01,-8.522024790430054964e+01
9.821250000000000000e+08,-6.742789939969811996e+01,-8.521526491009181825e+01
9.821300000000000000e+08,-6.741038514861241993e+01,-8.521028183882827989e+01
9.821350000000000000e+08,-6.739277827332379900e+01,-8.520529868971715359e+01
9.821400000000000000e+08,-6.737507847032105701e+01,-8.520031546196507577e+01
9.821450000000000000e+08,-6.735728543319279993e+01,-8.519533215477773069e+01
9.821500000000000000e+08,-6.733939885260443248e+01,-8.519034876736020578e+01
9.821550000000000000e+08,-6.732141841626474843e+01,-8.518536529891655107e+01
9.821600000000000000e+08,-6.730334380889901524e+01,-8.518038174865048973e+01
9.821650000000000000e+08,-6.728517471221516644e+01,-8.517539811576463649e+01
9.821700000000000000e+08,-6.726691080487219665e+01,-8.517041439946089554e+01
9.821750000000000000e+08,-6.724855176245468158e+01,-8.516543059894061685e+01
9.821800000000000000e+08,-6.723009725743430920e+01,-8.516044671340408456e+01
9.821850000000000000e+08,-6.721154695914093224e+01,-8.515546274205095756e+01
9.821900000000000000e+08,-6.719290053372903060e+01,-8.515047868408025522e+01
9.821950000000000000e+08,-6.717415764414455737e+01,-8.514549453868995954e+01
9.822000000000000000e+08,-6.715531795009118810e+01,-8.514051030507752671e+01
9.822050000000000000e+08,-6.713638110799546155e+01,-8.513552598243934710e+01
9.822100000000000000e+08,-6.711734677097544477e+01,-8.513054156997145583e+01
9.822150000000000000e+08,-6.709821458879869738e+01,-8.512555706686870849e+01
9.822200000000000000e+08,-6.707898420785275562e+01,-8.512057247232532120e+01
9.822250000000000000e+08,-6.705965527110828361e+01,-8.511558778553481375e+01
9.822300000000000000e+08,-6.704022741807867192e+01,-8.511060300568988168e+01
9.822350000000000000e+08,-6.702070028478570407e+01,-8.510561813198228265e+01
9.822400000000000000e+08,-6.700107350372090309e+01,-8.510063316360329111e+01
9.822450000000000000e+08,-6.698134670380717637e+01,-8.509564809974310151e+01
9.822500000000000000e+08,-6.696151951035915317e+01,-8.509066293959121197e+01
9.822550000000000000e+08,-6.694159154504723119e+01,-8.508567768233646689e+01
9.822600000000000000e+08,-6.692156242585019754e+01,-8.508069232716673014e+01
9.822650000000000000e+08,-6.690143176702181904e+01,-8.507570687326918346e+01
9.822700000000000000e+08,-6.688119917904511169e+01,-8.507072131983007068e+01
9.822750000000000000e+08,-6.686086426859411347e+01,-8.506573566603508141e+01
9.822800000000000000e+08,-6.684042663848690324e+01,-8.506074991106892469e+01
9.822850000000000000e+08,-6.681988588764531301e+01,-8.505576405411547114e+01
9.822900000000000000e+08,-6.679924161105040525e+01,-8.505077809435800873e+01
9.822950000000000000e+08,-6.677849339969793618e+01,-8.504579203097874540e+01
9.823000000000000000e+08,-6.675764084055317937e+01,-8.504080586315929224e+01
9.823050000000000000e+08,-6.673668351650512420e+01,-8.503581959008042190e+01
9.823100000000000000e+08,-6.671562100631985004e+01,-8.503083321092196911e+01
9.823150000000000000e+08,-6.669445288459255039e+01,-8.502584672486307227e+01
9.823200000000000000e+08,-6.667317872170269766e+01,-8.502086013108208817e+01
9.823250000000000000e+08,-6.665179808376056769e+01,-8.501587342875652098e+01
9.823300000000000000e+08,-6.663031053256182190e+01,-8.501088661706290850e+01
9.823350000000000000e+08,-6.660871562553245440e+01,-8.500589969517707800e+01
9.823400000000000000e+08,-6.658701291568580416e+01,-8.500091266227430253e+01
9.823450000000000000e+08,-6.656520195156281261e+01,-8.499592551752863301e+01
9.823500000000000000e+08,-6.654328227718350774e+01,-8.499093826011338138e+01
9.823550000000000000e+08,-6.652125343199266183e+01,-8.498595088920133378e+01
9.823600000000000000e+08,-6.649911495080581858e+01,-8.498096340396408266e+01
9.823650000000000000e+08,-6.647686636375317448e+01,-8.497597580357250990e+01
9.823700000000000000e+08,-6.645450719622716917e+01,-8.497098808719682950e+01
9.823750000000000000e+08,-6.643203696882142140e+01,-8.496600025400618961e+01
9.823800000000000000e+08,-6.640945519727308977e+01,-8.496101230316907049e+01
9.823850000000000000e+08,-6.638676139240759255e+01,-8.495602423385298607e+01
9.823900000000000000e+08,-6.636395506007912104e+01,-8.495103604522478236e+01
9.823950000000000000e+08,-6.634103570110599435e+01,-8.494604773645035323e+01
9.824000000000000000e+08,-6.631800281121256546e+01,-8.494105930669462623e+01
9.824050000000000000e+08,-6.629485588096596871e+01,-8.493607075512201732e+01
9.824100000000000000e+08,-6.627159439571271093e+01,-8.493108208089594768e+01
9.824150000000000000e+08,-6.624821783551352894e+01,-8.492609328317865902e+01
9.824200000000000000e+08,-6.622472567508204122e+01,-8.492110436113216565e+01
9.824250000000000000e+08,-6.620111738370977150e+01,-8.491611531391727397e+01
9.824300000000000000e+08,-6.617739242520624998e+01,-8.491112614069372455e+01
9.824350000000000000e+08,-6.615355025782955067e+01,-8.490613684062098798e+01
9.824400000000000000e+08,-6.612959033421211075e+01,-8.490114741285722744e+01
9.824450000000000000e+08,-6.610551210129416688e+01,-8.489615785655982449e+01
9.824500000000000000e+08,-6.608131500024632032e+01,-8.489116817088540756e+01
9.824550000000000000e+08,-6.605699846640526118e+01,-8.488617835498969555e+01
9.824600000000000000e+08,-6.603256192919023704e+01,-8.488118840802756893e+01
9.824650000000000000e+08,-6.600800481203189918e+01,-8.487619832915299867e+01
9.824700000000000000e+08,-6.598332653229442712e+01,-8.487120811751918836e+01
9.824750000000000000e+08,-6.595852650119722682e+01,-8.486621777227833263e+01
9.824800000000000000e+08,-6.593360412373451140e+01,-8.486122729258177344e+01
9.824850000000000000e+08,-6.590855879859816469e+01,-8.485623667758022748e+01
9.824900000000000000e+08,-6.588338991809077072e+01,-8.485124592642327457e+01
9.824950000000000000e+08,-6.585809686804105922e+01,-8.484625503825954240e+01
9.825000000000000000e+08,-6.583267902772743696e+01,-8.484126401223720393e+01
9.825050000000000000e+08,-6.580713576978193657e+01,-8.483627284750319575e+01
9.825100000000000000e+08,-6.578146646010713994e+01,-8.483128154320357339e+01
9.825150000000000000e+08,-6.575567045778575448e+01,-8.482629009848366763e+01
9.825200000000000000e+08,-6.572974711498955003e+01,-8.482129851248798502e+01
9.825250000000000000e+08,-6.570369577688704510e+01,-8.481630678435990944e+01
9.825300000000000000e+08,-6.567751578154816627e+01,-8.481131491324204319e+01
9.825350000000000000e+08,-6.565120645985365400e+01,-8.480632289827630643e+01
9.825400000000000000e+08,-6.562476713538758588e+01,-8.480133073860332615e+01
9.825450000000000000e+08,-6.559819712434736516e+01,-8.479633843336314669e+01
9.825500000000000000e+08,-6.557149573544182886e+01,-8.479134598169491710e+01
9.825550000000000000e+08,-6.554466226978374266e+01,-8.478635338273667799e+01
9.825600000000000000e+08,-6.551769602079033916e+01,-8.478136063562574520e+01
9.825650000000000000e+08,-6.549059627407106632e+01,-8.477636773949845406e+01
9.825700000000000000e+08,-6.546336230732974570e+01,-8.477137469349034404e+01
9.825750000000000000e+08,-6.543599339024423500e+01,-8.476638149673603095e+01
9.825800000000000000e+08,-6.540848878435967606e+01,-8.476138814836888002e+01
9.825850000000000000e+08,-6.538084774297345803e+01,-8.475639464752205754e+01
9.825900000000000000e+08,-6.535306951101919992e+01,-8.475140099332719501e+01
9.825950000000000000e+08,-6.532515332494766369e+01,-8.474640718491515656e+01
9.826000000000000000e+08,-6.529709841261070835e+01,-8.474141322141610999e+01
9.826050000000000000e+08,-6.526890399313367652e+01,-8.473641910195915727e+01
9.826100000000000000e+08,-6.524056927678955731e+01,-8.473142482567234879e+01
9.826150000000000000e+08,-6.521209346488193148e+01,-8.472643039168318069e+01
9.826200000000000000e+08,-6.518347574960480983e+01,-8.472143579911787015e+01
9.826250000000000000e+08,-6.515471531391668236e+01,-8.471644104710190959e+01
9.826300000000000000e+08,-6.512581133140523093e+01,-8.471144613475965457e+01
9.826350000000000000e+08,-6.509676296615096192e+01,-8.470645106121493484e+01
9.826400000000000000e+08,-6.506756937258819562e+01,-8.470145582559032960e+01
9.826450000000000000e+08,-6.503822969536231824e+01,-8.469646042700739486e+01
9.826500000000000000e+08,-6.500874306919118339e+01,-8.469146486458718925e+01
9.826550000000000000e+08,-6.497910861870693111e+01,-8.468646913744940719e+01
9.826600000000000000e+08,-6.494932545831636617e+01,-8.468147324471300408e+01
9.826650000000000000e+08,-6.491939269204736718e+01,-8.467647718549605429e+01
9.826700000000000000e+08,-6.488930941338777814e+01,-8.467148095891552373e+01
9.826750000000000000e+08,-6.485907470513156170e+01,-8.466648456408753987e+01
9.826800000000000000e+08,-6.482868763921621280e+01,-8.466148800012732067e+01
9.826850000000000000e+08,-6.479814727655836748e+01,-8.465649126614906095e+01
9.826900000000000000e+08,-6.476745266688600111e+01,-8.465149436126607441e+01
9.826950000000000000e+08,-6.473660284856762814e+01,-8.464649728459050948e+01
9.827000000000000000e+08,-6.470559684843804860e+01,-8.464150003523401722e+01
9.827050000000000000e+08,-6.467443368162076922e+01,-8.463650261230685601e+01
9.827100000000000000e+08,-6.464311235134562139e+01,-8.463150501491846001e+01
9.827150000000000000e+08,-6.461163184876915011e+01,-8.462650724217749598e+01
9.827200000000000000e+08,-6.457999115277891633e+01,-8.462150929319138015e+01
9.827250000000000000e+08,-6.454818922980651053e+01,-8.461651116706669029e+01
9.827300000000000000e+08,-6.451622503363043393e+01,-8.461151286290920837e+01
9.827350000000000000e+08,-6.448409750517649286e+01,-8.460651437982349421e+01
9.827400000000000000e+08,-6.445180557231408613e+01,-8.460151571691318395e+01
9.827450000000000000e+08,-6.441934814964842815e+01,-8.459651687328116054e+01
9.827500000000000000e+08,-6.438672413830866503e+01,-8.459151784802907059e+01
9.827550000000000000e+08,-6.435393242573157124e+01,-8.458651864025767964e+01
9.827600000000000000e+08,-6.432097188543966126e+01,-8.458151924906685792e+01
9.827650000000000000e+08,-6.428784137682116295e+01,-8.457651967355539568e+01
9.827700000000000000e+08,-6.425453974489394682e+01,-8.457151991282118786e+01
9.827750000000000000e+08,-6.422106582006966846e+01,-8.456651996596099252e+01
9.827800000000000000e+08,-6.418741841792611069e+01,-8.456151983207080036e+01
9.827850000000000000e+08,-6.415359633895008074e+01,-8.455651951024560731e+01
9.827900000000000000e+08,-6.411959836829443304e+01,-8.455151899957900241e+01
9.827950000000000000e+08,-6.408542327552228812e+01,-8.454651829916423367e+01
9.828000000000000000e+08,-6.405106981434711599e+01,-8.454151740809314219e+01
9.828050000000000000e+08,-6.401653672236737691e+01,-8.453651632545654593e+01
9.828100000000000000e+08,-6.398182272079421296e+01,-8.453151505034442437e+01
9.828150000000000000e+08,-6.394692651418142759e+01,-8.452651358184583330e+01
9.828200000000000000e+08,-6.391184679012935987e+01,-8.452151191904860639e+01
9.828250000000000000e+08,-6.387658221900834832e+01,-8.451651006103971042e+01
9.828300000000000000e+08,-6.384113145366249142e+01,-8.451150800690506060e+01
9.828350000000000000e+08,-6.380549312910158477e+01,-8.450650575572966261e+01
9.828400000000000000e+08,-6.376966586219872113e+01,-8.450150330659730002e+01
9.828450000000000000e+08,-6.373364825137443290e+01,-8.449650065859101744e+01
9.828500000000000000e+08,-6.369743887627525680e+01,-8.449149781079262311e+01
9.828550000000000000e+08,-6.366103629744388570e+01,-8.448649476228300159e+01
9.828600000000000000e+08,-6.362443905599049998e+01,-8.448149151214208530e+01
9.828650000000000000e+08,-6.358764567323545691e+01,-8.447648805944866979e+01
9.828700000000000000e+08,-6.355065465037259997e+01,-8.447148440328058427e+01
9.828750000000000000e+08,-6.351346446810217827e+01,-8.446648054271449269e+01
9.828800000000000000e+08,-6.347607358627121243e+01,-8.446147647682641946e+01
9.828850000000000000e+08,-6.343848044349138604e+01,-8.445647220469095373e+01
9.828900000000000000e+08,-6.340068345675393857e+01,-8.445146772538167568e+01
9.828950000000000000e+08,-6.336268102105070454e+01,-8.444646303797162545e+01
9.829000000000000000e+08,-6.332447150895822574e+01,-8.444145814153216634e+01
9.829050000000000000e+08,-6.328605327023467453e+01,-8.443645303513385159e+01
9.829100000000000000e+08,-6.324742463139850202e+01,-8.443144771784658076e+01
9.829150000000000000e+08,-6.320858389529880839e+01,-8.442644218873857653e+01
9.829200000000000000e+08,-6.316952934067411718e+01,-8.442143644687737947e+01
9.829250000000000000e+08,-6.313025922170866977e+01,-8.441643049132950694e+01
9.829300000000000000e+08,-6.309077176756419192e+01,-8.441142432116032523e+01
9.829350000000000000e+08,-6.305106518190851261e+01,-8.440641793543417748e+01
9.829400000000000000e+08,-6.301113764243908122e+01,-8.440141133321421307e+01
9.829450000000000000e+08,-6.297098730038897685e+01,-8.439640451356291351e+01
9.829500000000000000e+08,-6.293061228001323570e+01,-8.439139747554135340e+01
9.829550000000000000e+08,-6.289001067807687662e+01,-8.438639021820944208e+01
9.829600000000000000e+08,-6.284918056332274006e+01,-8.438138274062653466e+01
9.829650000000000000e+08,-6.280811997592795848e+01,-8.437637504185049409e+01
9.829700000000000000e+08,-6.276682692694551235e+01,-8.437136712093811752e+01
9.829750000000000000e+08,-6.272529939774183561e+01,-8.436635897694552000e+01
9.829800000000000000e+08,-6.268353533939603750e+01,-8.436135060892732440e+01
9.829850000000000000e+08,-6.264153267211709419e+01,-8.435634201593730097e+01
9.829900000000000000e+08,-6.259928928462010589e+01,-8.435133319702799781e+01
9.829950000000000000e+08,-6.255680303350521854e+01,-8.434632415125105354e+01
9.830000000000000000e+08,-6.251407174260415900e+01,-8.434131487765695567e+01
9.830050000000000000e+08,-6.247109320231701446e+01,-8.433630537529498383e+01
9.830100000000000000e+08,-6.242786516894906867e+01,-8.433129564321367866e+01
9.830150000000000000e+08,-6.238438536399836210e+01,-8.432628568046010287e+01
9.830200000000000000e+08,-6.234065147345066293e+01,-8.432127548608031020e+01
9.830250000000000000e+08,-6.229666114704585311e+01,-8.431626505911955860e+01
9.830300000000000000e+08,-6.225241199752709065e+01,-8.431125439862168491e+01
9.830350000000000000e+08,-6.220790159986864865e+01,-8.430624350362953123e+01
9.830400000000000000e+08,-6.216312749049222930e+01,-8.430123237318490226e+01
9.830450000000000000e+08,-6.211808716644679151e+01,-8.429622100632843740e+01
9.830500000000000000e+08,-6.207277808457557455e+01,-8.429120940209975288e+01
9.830550000000000000e+08,-6.202719766066798002e+01,-8.428619755953711490e+01
9.830600000000000000e+08,-6.198134326858173182e+01,-8.428118547767806490e+01
9.830650000000000000e+08,-6.193521223933223752e+01,-8.427617315555878008e+01
9.830700000000000000e+08,-6.188880186017374285e+01,-8.427116059221420130e+01
9.830750000000000000e+08,-6.184210937364633764e+01,-8.426614778667861572e+01
9.830800000000000000e+08,-6.179513197659879609e+01,-8.426113473798473308e+01
9.830850000000000000e+08,-6.174786681918256193e+01,-8.425612144516429680e+01
9.830900000000000000e+08,-6.170031100382932010e+01,-8.425110790724809817e+01
9.830950000000000000e+08,-6.165246158417181732e+01,-8.424609412326553581e+01
9.831000000000000000e+08,-6.160431556397043096e+01,-8.424108009224498517e+01
9.831050000000000000e+08,-6.155586989599072467e+01,-8.423606581321382691e+01
9.831100000000000000e+08,-6.150712148084138420e+01,-8.423105128519810592e+01
9.831150000000000000e+08,-6.145806716579664908e+01,-8.422603650722285806e+01
9.831200000000000000e+08,-6.140870374357526629e+01,-8.422102147831176921e+01
9.831250000000000000e+08,-6.135902795108633967e+01,-8.421600619748781469e+01
9.831300000000000000e+08,-6.130903646813898433e+01,-8.421099066377246345e+01
9.831350000000000000e+08,-6.125872591611432938e+01,-8.420597487618607602e+01
9.831400000000000000e+08,-6.120809285659874632e+01,-8.420095883374806078e+01
9.831450000000000000e+08,-6.115713378997692473e+01,-8.419594253547650453e+01
9.831500000000000000e+08,-6.110584515398112870e+01,-8.419092598038831454e+01
9.831550000000000000e+08,-6.105422332220766179e+01,-8.418590916749943176e+01
9.831600000000000000e+08,-6.100226460256823913e+01,-8.418089209582456078e+01
9.831650000000000000e+08,-6.094996523571749947e+01,-8.417587476437714145e+01
9.831700000000000000e+08,-6.089732139340989647e+01,-8.417085717216940566e+01
9.831750000000000000e+08,-6.084432917684015507e+01,-8.416583931821281794e+01
9.831800000000000000e+08,-6.079098461489056859e+01,-8.416082120151722279e+01
9.831850000000000000e+08,-6.073728366235599907e+01,-8.415580282109144150e+01
9.831900000000000000e+08,-6.068322219810102069e+01,-8.415078417594330062e+01
9.831950000000000000e+08,-6.062879602316159122e+01,-8.414576526507920562e+01
9.832000000000000000e+08,-6.057400085878488483e+01,-8.414074608750446771e+01
9.832050000000000000e+08,-6.051883234441806536e+01,-8.413572664222330388e+01
9.832100000000000000e+08,-6.046328603561318005e+01,-8.413070692823872321e+01
9.832150000000000000e+08,-6.040735740187376734e+01,-8.412568694455234208e+01
9.832200000000000000e+08,-6.035104182445444110e+01,-8.412066669016496689e+01
9.832250000000000000e+08,-6.029433459404632600e+01,-8.411564616407589767e+01
9.832300000000000000e+08,-6.023723090842079131e+01,-8.411062536528336864e+01
9.832350000000000000e+08,-6.017972586998212847e+01,-8.410560429278432082e+01
9.832400000000000000e+08,-6.012181448324150779e+01,-8.410058294557471470e+01
9.832450000000000000e+08,-6.006349165220673569e+01,-8.409556132264910389e+01
9.832500000000000000e+08,-6.000475217768229186e+01,-8.409053942300084827e+01
9.832550000000000000e+08,-5.994559075449223684e+01,-8.408551724562231300e+01
9.832600000000000000e+08,-5.988600196857323255e+01,-8.408049478950439948e+01
9.832650000000000000e+08,-5.982598029401341222e+01,-8.407547205363682963e+01
9.832700000000000000e+08,-5.976552008996534937e+01,-8.407044903700843008e+01
9.832750000000000000e+08,-5.970461559744212110e+01,-8.406542573860640744e+01
9.832800000000000000e+08,-5.964326093602350909e+01,-8.406040215741681720e+01
9.832850000000000000e+08,-5.958145010043403289e+01,-8.405537829242483383e+01
9.832900000000000000e+08,-5.951917695700238653e+01,-8.405035414261399751e+01
9.832950000000000000e+08,-5.945643523999444113e+01,-8.404532970696679683e+01
9.833000000000000000e+08,-5.939321854781471899e+01,-8.404030498446451247e+01
9.833050000000000000e+08,-5.932952033907029943e+01,-8.403527997408713190e+01
9.833100000000000000e+08,-5.926533392849144377e+01,-8.403025467481350574e+01
9.833150000000000000e+08,-5.920065248269981595e+01,-8.402522908562106352e+01
9.833200000000000000e+08,-5.913546901583335114e+01,-8.402020320548623999e+01
9.833250000000000000e+08,-5.906977638498462113e+01,-8.401517703338411991e+01
9.833300000000000000e+08,-5.900356728547840390e+01,-8.401015056828823901e+01
9.833350000000000000e+08,-5.893683424599768728e+01,-8.400512380917150779e+01
9.833400000000000000e+08,-5.886956962347291977e+01,-8.400009675500518824e+01
9.833450000000000000e+08,-5.880176559781563839e+01,-8.399506940475914973e+01
9.833500000000000000e+08,-5.873341416643229707e+01,-8.399004175740228106e+01
9.833550000000000000e+08,-5.866450713852694321e+01,-8.398501381190226311e+01
9.833600000000000000e+08,-5.859503612918022242e+01,-8.397998556722527042e+01
9.833650000000000000e+08,-5.852499255319127514e+01,-8.397495702233629800e+01
9.833700000000000000e+08,-5.845436761869108011e+01,-8.396992817619918981e+01
9.833750000000000000e+08,-5.838315232045599146e+01,-8.396489902777643977e+01
9.833800000000000000e+08,-5.831133743300527073e+01,-8.395986957602912071e+01
9.833850000000000000e+08,-5.823891350338748651e+01,-8.395483981991733913e+01
9.833900000000000000e+08,-5.816587084365813354e+01,-8.394980975839965254e+01
9.833950000000000000e+08,-5.809219952307151402e+01,-8.394477939043343895e+01
9.834000000000000000e+08,-5.801788935993081253e+01,-8.393974871497485424e+01
9.834050000000000000e+08,-5.794292991309727370e+01,-8.393471773097869004e+01
9.834100000000000000e+08,-5.786731047313770659e+01,-8.392968643739845902e+01
9.834150000000000000e+08,-5.779102005309228218e+01,-8.392465483318625274e+01
9.834200000000000000e+08,-5.771404737884235914e+01,-8.391962291729321066e+01
9.834250000000000000e+08,-5.763638087905790286e+01,-8.391459068866886639e+01
9.834300000000000000e+08,-5.755800867469882576e+01,-8.390955814626144615e+01
9.834350000000000000e+08,-5.747891856806590738e+01,-8.390452528901819562e+01
9.834400000000000000e+08,-5.739909803133198096e+01,-8.389949211588472622e+01
9.834450000000000000e+08,-5.731853419456734144e+01,-8.389445862580528512e+01
9.834500000000000000e+08,-5.723721383325157319e+01,-8.388942481772326687e+01
9.834550000000000000e+08,-5.715512335514773667e+01,-8.388439069058020436e+01
9.834600000000000000e+08,-5.707224878661651246e+01,-8.387935624331666418e+01
9.834650000000000000e+08,-5.698857575826842492e+01,-8.387432147487182021e+01
9.834700000000000000e+08,-5.690408948994056004e+01,-8.386928638418338267e+01
9.834750000000000000e+08,-5.681877477495538642e+01,-8.386425097018793906e+01
9.834800000000000000e+08,-5.673261596361711412e+01,-8.385921523182054216e+01
9.834850000000000000e+08,-5.664559694592558259e+01,-8.385417916801509364e+01
9.834900000000000000e+08,-5.655770113338719796e+01,-8.384914277770411672e+01
9.834950000000000000e+08,-5.646891143999108920e+01,-8.384410605981858566e+01
9.835000000000000000e+08,-5.637921026219568432e+01,-8.383906901328849415e+01
9.835050000000000000e+08,-5.628857945788742256e+01,-8.383403163704224426e+01
9.835100000000000000e+08,-5.619700032429703640e+01,-8.382899393000684540e+01
9.835150000000000000e+08,-5.610445357475647654e+01,-8.382395589110822698e+01
9.835200000000000000e+08,-5.601091931424717529e+01,-8.381891751927074097e+01
9.835250000000000000e+08,-5.591637701365542767e+01,-8.381387881341730406e+01
9.835300000000000000e+08,-5.582080548268004350e+01,-8.380883977246979555e+01
9.835350000000000000e+08,-5.572418284122292675e+01,-8.380380039534841785e+01
9.835400000000000000e+08,-5.562648648930280615e+01,-8.379876068097223651e+01
9.835450000000000000e+08,-5.552769307525089459e+01,-8.379372062825864020e+01
9.835500000000000000e+08,-5.542777846218366733e+01,-8.378868023612409388e+01
9.835550000000000000e+08,-5.532671769254694283e+01,-8.378363950348331457e+01
9.835600000000000000e+08,-5.522448495068732655e+01,-8.377859842924968348e+01
9.835650000000000000e+08,-5.512105352325286844e+01,-8.377355701233545915e+01
9.835700000000000000e+08,-5.501639575729781484e+01,-8.376851525165125167e+01
9.835750000000000000e+08,-5.491048301592573466e+01,-8.376347314610634953e+01
9.835800000000000000e+08,-5.480328563129668851e+01,-8.375843069460870538e+01
9.835850000000000000e+08,-5.469477285480880369e+01,-8.375338789606490764e+01
9.835900000000000000e+08,-5.458491280424929215e+01,-8.374834474937999573e+01
9.835950000000000000e+08,-5.447367240768752339e+01,-8.374330125345758802e+01
9.836000000000000000e+08,-5.436101734389541917e+01,-8.373825740720027966e+01
9.836050000000000000e+08,-5.424691197896880368e+01,-8.373321320950881841e+01
9.836100000000000000e+08,-5.413131929892127658e+01,-8.372816865928265884e+01
9.836150000000000000e+08,-5.401420083796875815e+01,-8.372312375542009022e+01
9.836200000000000000e+08,-5.389551660202849348e+01,-8.371807849681763969e+01
9.836250000000000000e+08,-5.377522498721987176e+01,-8.371303288237055540e+01
9.836300000000000000e+08,-5.365328269286325735e+01,-8.370798691097280653e+01
9.836350000000000000e+08,-5.352964462856569838e+01,-8.370294058151674221e+01
9.836400000000000000e+08,-5.340426381489748309e+01,-8.369789389289317683e+01
9.836450000000000000e+08,-5.327709127715731796e+01,-8.369284684399197261e+01
9.836500000000000000e+08,-5.314807593156967158e+01,-8.368779943370111596e+01
9.836550000000000000e+08,-5.301716446334165767e+01,-8.368275166090718642e+01
9.836600000000000000e+08,-5.288430119586945466e+01,-8.367770352449547033e+01
9.836650000000000000e+08,-5.274942795027289577e+01,-8.367265502334984717e+01
9.836700000000000000e+08,-5.261248389439118966e+01,-8.366760615635256215e+01
9.836750000000000000e+08,-5.247340538036723956e+01,-8.366255692238452468e+01
9.836800000000000000e+08,-5.233212576969553709e+01,-8.365750732032523729e+01
9.836850000000000000e+08,-5.218857524460365482e+01,-8.365245734905265351e+01
9.836900000000000000e+08,-5.204268060446747057e+01,-8.364740700744319213e+01
9.836950000000000000e+08,-5.189436504587129662e+01,-8.364235629437204977e+01
9.837000000000000000e+08,-5.174354792459629948e+01,-8.363730520871280305e+01
9.837050000000000000e+08,-5.159014449796912771e+01,-8.363225374933733747e+01
9.837100000000000000e+08,-5.143406564542340220e+01,-8.362720191511662904e+01
9.837150000000000000e+08,-5.127521756509929673e+01,-8.362214970491969268e+01
9.837200000000000000e+08,-5.111350144410313590e+01,-8.361709711761417907e+01
9.837250000000000000e+08,-5.094881309952781834e+01,-8.361204415206620411e+01
9.837300000000000000e+08,-5.078104258730866150e+01,-8.360699080714070419e+01
9.837350000000000000e+08,-5.061007377518761530e+01,-8.360193708170078253e+01
9.837400000000000000e+08,-5.043578387609338165e+01,-8.359688297460805018e+01
9.837450000000000000e+08,-5.025804293736976547e+01,-8.359182848472292449e+01
9.837500000000000000e+08,-5.007671328089753615e+01,-8.358677361090401803e+01
9.837550000000000000e+08,-4.989164888843643553e+01,-8.358171835200850808e+01
9.837600000000000000e+08,-4.970269472581826875e+01,-8.357666270689230714e+01
9.837650000000000000e+08,-4.950968599860172503e+01,-8.357160667440943769e+01
9.837700000000000000e+08,-4.931244733100826494e+01,-8.356655025341262899e+01
9.837750000000000000e+08,-4.911079185869829900e+01,-8.356149344275297608e+01
9.837800000000000000e+08,-4.890452022455311010e+01,-8.355643624128028080e+01
9.837850000000000000e+08,-4.869341946513600305e+01,-8.355137864784261126e+01
9.837900000000000000e+08,-4.847726177385411006e+01,-8.354632066128635870e+01
9.837950000000000000e+08,-4.825580312454255960e+01,-8.354126228045687697e+01
9.838000000000000000e+08,-4.802878173696394981e+01,-8.353620350419760143e+01
9.838050000000000000e+08,-4.779591636287623402e+01,-8.353114433135030481e+01
9.838100000000000000e+08,-4.755690436819822509e+01,-8.352608476075572241e+01
9.838150000000000000e+08,-4.731141958282088922e+01,-8.352102479125264267e+01
9.838200000000000000e+08,-4.705910988586740018e+01,-8.351596442167820555e+01
9.838250000000000000e+08,-4.679959448869083616e+01,-8.351090365086855627e+01
9.838300000000000000e+08,-4.653246087261934605e+01,-8.350584247765769419e+01
9.838350000000000000e+08,-4.625726133222953251e+01,-8.350078090087836813e+01
9.838400000000000000e+08,-4.597350906749369415e+01,-8.349571891936162160e+01
9.838450000000000000e+08,-4.568067376097001642e+01,-8.349065653193706282e+01
9.838500000000000000e+08,-4.537817656736312699e+01,-8.348559373743263734e+01
9.838550000000000000e+08,-4.506538443550232387e+01,-8.348053053467468487e+01
9.838600000000000000e+08,-4.474160367494384616e+01,-8.347546692248813827e+01
9.838650000000000000e+08,-4.440607267494264931e+01,-8.347040289969621085e+01
9.838700000000000000e+08,-4.405795368370169740e+01,-8.346533846512039645e+01
9.838750000000000000e+08,-4.369632356569535858e+01,-8.346027361758095253e+01
9.838800000000000000e+08,-4.332016348135157102e+01,-8.345520835589627495e+01
9.838850000000000000e+08,-4.292834749005955786e+01,-8.345014267888313952e+01
9.838900000000000000e+08,-4.251963018420246954e+01,-8.344507658535695782e+01
9.838950000000000000e+08,-4.209263365370627241e+01,-8.344001007413135085e+01
9.839000000000000000e+08,-4.164583441861474000e+01,-8.343494314401834799e+01
9.839050000000000000e+08,-4.117755154778507176e+01,-8.342987579382823071e+01
9.839100000000000000e+08,-4.068593817782368660e+01,-8.342480802237020043e+01
9.839150000000000000e+08,-4.016898034598600020e+01,-8.341973982845121327e+01
9.839200000000000000e+08,-3.962450995236346785e+01,-8.341467121087683267e+01
9.839250000000000000e+08,-3.905024362544079253e+01,-8.340960216845121522e+01
9.839300000000000000e+08,-3.844386774204748747e+01,-8.340453269997651375e+01
9.839350000000000000e+08,-3.780320431107126922e+01,-8.339946280425351688e+01
9.839400000000000000e+08,-3.712651685259502443e+01,-8.339439248008126526e+01
9.839450000000000000e+08,-3.641305571766960014e+01,-8.338932172625715111e+01
9.839500000000000000e+08,-3.566400545892106067e+01,-8.338425054157704608e+01
9.839550000000000000e+08,-3.488408460418186507e+01,-8.337917892483488913e+01
9.839600000000000000e+08,-3.408413363589551182e+01,-8.337410687482339711e+01
9.839650000000000000e+08,-3.328498803404617945e+01,-8.336903439033322627e+01
9.839700000000000000e+08,-3.252241468955757853e+01,-8.336396147015344127e+01
9.839750000000000000e+08,-3.185120413263936712e+01,-8.335888811307178514e+01
9.839800000000000000e+08,-3.134328670422695495e+01,-8.335381431787396878e+01
9.839850000000000000e+08,-3.107266615602430804e+01,-8.334874008334401196e+01
9.839900000000000000e+08,-3.108693573322085513e+01,-8.334366540826462710e+01
9.839950000000000000e+08,-3.138272992519782889e+01,-8.333859029141646602e+01
9.840000000000000000e+08,-3.190761096825349696e+01,-8.333351473157858891e+01
9.840050000000000000e+08,-3.258648927157265973e+01,-8.332843872752859227e+01
9.840100000000000000e+08,-3.334903149623214347e+01,-8.332336227804213991e+01
9.840150000000000000e+08,-3.414284313581457297e+01,-8.331828538189320454e+01
9.840200000000000000e+08,-3.493423782224360963e+01,-8.331320803785409623e+01
9.840250000000000000e+08,-3.570384349289493997e+01,-8.330813024469560446e+01
9.840300000000000000e+08,-3.644174225258478828e+01,-8.330305200118658604e+01
9.840350000000000000e+08,-3.714375948367876390e+01,-8.329797330609416406e+01
9.840400000000000000e+08,-3.780901487704534247e+01,-8.329289415818401210e+01
9.840450000000000000e+08,-3.843841844201334368e+01,-8.328781455621984264e+01
9.840500000000000000e+08,-3.903378335836481483e+01,-8.328273449896363445e+01
9.840550000000000000e+08,-3.959731688777711156e+01,-8.327765398517578888e+01
9.840600000000000000e+08,-4.013133580145877488e+01,-8.327257301361493091e+01
9.840650000000000000e+08,-4.063811285758576020e+01,-8.326749158303783815e+01
9.840700000000000000e+08,-4.111979887265651712e+01,-8.326240969219981025e+01
9.840750000000000000e+08,-4.157838786763314687e+01,-8.325732733985407208e+01
9.840800000000000000e+08,-4.201570632428705210e+01,-8.325224452475232795e+01
9.840850000000000000e+08,-4.243341553079709172e+01,-8.324716124564432107e+01
9.840900000000000000e+08,-4.283302064155623867e+01,-8.324207750127845884e+01
9.840950000000000000e+08,-4.321588279570829627e+01,-8.323699329040087491e+01
9.841000000000000000e+08,-4.358323223094345877e+01,-8.323190861175618238e+01
9.841050000000000000e+08,-4.393618126304357219e+01,-8.322682346408737430e+01
9.841100000000000000e+08,-4.427573654552503513e+01,-8.322173784613542580e+01
9.841150000000000000e+08,-4.460281033882498036e+01,-8.321665175663954983e+01
9.841200000000000000e+08,-4.491823069831614390e+01,-8.321156519433736776e+01
9.841250000000000000e+08,-4.522275058927220925e+01,-8.320647815796463931e+01
9.841300000000000000e+08,-4.551705598882723791e+01,-8.320139064625516312e+01
9.841350000000000000e+08,-4.580177305912656038e+01,-8.319630265794108936e+01
9.841400000000000000e+08,-4.607747448416338898e+01,-8.319121419175289134e+01
9.841450000000000000e+08,-4.634468506225837103e+01,-8.318612524641903860e+01
9.841500000000000000e+08,-4.660388664096264222e+01,-8.318103582066613910e+01
9.841550000000000000e+08,-4.685552247371701640e+01,-8.317594591321933706e+01
9.841600000000000000e+08,-4.710000106968281841e+01,-8.317085552280168770e+01
9.841650000000000000e+08,-4.733769959976801545e+01,-8.316576464813431357e+01
9.841700000000000000e+08,-4.756896691433552604e+01,-8.316067328793691615e+01
9.841750000000000000e+08,-4.779412622144224088e+01,-8.315558144092706527e+01
9.841800000000000000e+08,-4.801347746758650459e+01,-8.315048910582041231e+01
9.841850000000000000e+08,-4.822729945797850348e+01,-8.314539628133124438e+01
9.841900000000000000e+08,-4.843585174823680717e+01,-8.314030296617147542e+01
9.841950000000000000e+08,-4.863937633529042159e+01,-8.313520915905138509e+01
9.842000000000000000e+08,-4.883809917161816827e+01,-8.313011485867943406e+01
9.842050000000000000e+08,-4.903223152373827531e+01,-8.312502006376234931e+01
9.842100000000000000e+08,-4.922197119336718885e+01,-8.311992477300472615e+01
9.842150000000000000e+08,-4.940750361686319536e+01,-8.311482898510944040e+01
9.842200000000000000e+08,-4.958900285706207001e+01,-8.310973269877760572e+01
9.842250000000000000e+08,-4.976663249956171597e+01,-8.310463591270823258e+01
9.842300000000000000e+08,-4.994054646395719033e+01,-8.309953862559854088e+01
9.842350000000000000e+08,-5.011088973942409552e+01,-8.309444083614411625e+01
9.842400000000000000e+08,-5.027779905275836825e+01,-8.308934254303832745e+01
9.842450000000000000e+08,-5.044140347605847552e+01,-8.308424374497263898e+01
9.842500000000000000e+08,-5.060182498031969800e+01,-8.307914444063703741e+01
9.842550000000000000e+08,-5.075917894065771208e+01,-8.307404462871920714e+01
9.842600000000000000e+08,-5.091357459785103856e+01,-8.306894430790499939e+01
9.842650000000000000e+08,-5.106511548080945317e+01,-8.306384347687837533e+01
9.842700000000000000e+08,-5.121389979365741141e+01,-8.305874213432167608e+01
9.842750000000000000e+08,-5.136002077100704355e+01,-8.305364027891491219e+01
9.842800000000000000e+08,-5.150356700438852187e+01,-8.304853790933621838e+01
9.842850000000000000e+08,-5.164462274253294538e+01,-8.304343502426220880e+01
9.842900000000000000e+08,-5.178326816811615174e+01,-8.303833162236711019e+01
9.842950000000000000e+08,-5.191957965293440935e+01,-8.303322770232330186e+01
9.843000000000000000e+08,-5.205362999358843723e+01,-8.302812326280162836e+01
9.843050000000000000e+08,-5.218548862938193622e+01,-8.302301830247034786e+01
9.843100000000000000e+08,-5.231522184401102038e+01,-8.301791281999629746e+01
9.843150000000000000e+08,-5.244289295246210258e+01,-8.301280681404405470e+01
9.843200000000000000e+08,-5.256856247435385399e+01,-8.300770028327640659e+01
9.843250000000000000e+08,-5.269228829498249667e+01,-8.300259322635413639e+01
9.843300000000000000e+08,-5.281412581492595137e+01,-8.299748564193589573e+01
9.843350000000000000e+08,-5.293412808930028746e+01,-8.299237752867873041e+01
9.843400000000000000e+08,-5.305234595748260062e+01,-8.298726888523742673e+01
9.843450000000000000e+08,-5.316882816400514855e+01,-8.298215971026459670e+01
9.843500000000000000e+08,-5.328362147139153393e+01,-8.297705000241151652e+01
9.843550000000000000e+08,-5.339677076553968504e+01,-8.297193976032690443e+01
9.843600000000000000e+08,-5.350831915423988505e+01,-8.296682898265756023e+01
9.843650000000000000e+08,-5.361830805932222432e+01,-8.296171766804859260e+01
9.843700000000000000e+08,-5.372677730301224130e+01,-8.295660581514272280e+01
9.843750000000000000e+08,-5.383376518877051353e+01,-8.295149342258093839e+01
9.843800000000000000e+08,-5.393930857718533645e+01,-8.294638048900199578e+01
9.843850000000000000e+08,-5.404344295716136770e+01,-8.294126701304287508e+01
9.843900000000000000e+08,-5.414620251284000574e+01,-8.293615299333833946e+01
9.843950000000000000e+08,-5.424762018646649864e+01,-8.293103842852111995e+01
9.844000000000000000e+08,-5.434772773755422293e+01,-8.292592331722207177e+01
9.844050000000000000e+08,-5.444655579857943906e+01,-8.292080765806989007e+01
9.844100000000000000e+08,-5.454413392745080813e+01,-8.291569144969122362e+01
9.844150000000000000e+08,-5.464049065697408736e+01,-8.291057469071080277e+01
9.844200000000000000e+08,-5.473565354151499918e+01,-8.290545737975111251e+01
9.844250000000000000e+08,-5.482964920105213480e+01,-8.290033951543264834e+01
9.844300000000000000e+08,-5.492250336276866562e+01,-8.289522109637388780e+01
9.844350000000000000e+08,-5.501424090040265469e+01,-8.289010212119130472e+01
9.844400000000000000e+08,-5.510488587142014438e+01,-8.288498258849915601e+01
9.844450000000000000e+08,-5.519446155223465666e+01,-8.287986249690948171e+01
9.844500000000000000e+08,-5.528299047149551626e+01,-8.287474184503281549e+01
9.844550000000000000e+08,-5.537049444170012436e+01,-8.286962063147689150e+01
9.844600000000000000e+08,-5.545699458910571877e+01,-8.286449885484773858e+01
9.844650000000000000e+08,-5.554251138212180905e+01,-8.285937651374938184e+01
9.844700000000000000e+08,-5.562706465825072399e+01,-8.285425360678343054e+01
9.844750000000000000e+08,-5.571067364967100843e+01,-8.284913013254947600e+01
9.844800000000000000e+08,-5.579335700752391602e+01,-8.284400608964529056e+01
9.844850000000000000e+08,-5.587513282502812473e+01,-8.283888147666613122e+01
9.844900000000000000e+08,-5.595601865944696840e+01,-8.283375629220522285e+01
9.844950000000000000e+08,-5.603603155295432003e+01,-8.282863053485391447e+01
9.845000000000000000e+08,-5.611518805256046960e+01,-8.282350420320112505e+01
9.845050000000000000e+08,-5.619350422903763587e+01,-8.281837729583378405e+01
9.845100000000000000e+08,-5.627099569497161724e+01,-8.281324981133651875e+01
9.845150000000000000e+08,-5.634767762196527485e+01,-8.280812174829208061e+01
9.845200000000000000e+08,-5.642356475704407615e+01,-8.280299310528087631e+01
9.845250000000000000e+08,-5.649867143831104954e+01,-8.279786388088098192e+01
9.845300000000000000e+08,-5.657301160986968114e+01,-8.279273407366879667e+01
9.845350000000000000e+08,-5.664659883612018376e+01,-8.278760368221811916e+01
9.845400000000000000e+08,-5.671944631535706094e+01,-8.278247270510051692e+01
9.845450000000000000e+08,-5.679156689279440684e+01,-8.277734114088595163e+01
9.845500000000000000e+08,-5.686297307303067328e+01,-8.277220898814161387e+01
9.845550000000000000e+08,-5.693367703193978713e+01,-8.276707624543261943e+01
9.845600000000000000e+08,-5.700369062808127296e+01,-8.276194291132200931e+01
9.845650000000000000e+08,-5.707302541357385905e+01,-8.275680898437066446e+01
9.845700000000000000e+08,-5.714169264456596409e+01,-8.275167446313709263e+01
9.845750000000000000e+08,-5.720970329122095421e+01,-8.274653934617758466e+01
9.845800000000000000e+08,-5.727706804730245693e+01,-8.274140363204642767e+01
9.845850000000000000e+08,-5.734379733935946888e+01,-8.273626731929550715e+01
9.845900000000000000e+08,-5.740990133553658836e+01,-8.273113040647437799e+01
9.845950000000000000e+08,-5.747538995401078665e+01,-8.272599289213070506e+01
9.846000000000000000e+08,-5.754027287111198774e+01,-8.272085477480958104e+01
9.846050000000000000e+08,-5.760455952910633926e+01,-8.271571605305393859e+01
9.846100000000000000e+08,-5.766825914364250139e+01,-8.271057672540456451e+01
9.846150000000000000e+08,-5.773138071095496571e+01,-8.270543679039985818e+01
9.846200000000000000e+08,-5.779393301474460998e+01,-8.270029624657597367e+01
9.846250000000000000e+08,-5.785592463280762843e+01,-8.269515509246684815e+01
9.846300000000000000e+08,-5.791736394340576055e+01,-8.269001332660415926e+01
9.846350000000000000e+08,-5.797825913139249110e+01,-8.268487094751725408e+01
9.846400000000000000e+08,-5.803861819410872158e+01,-8.267972795373303541e+01
9.846450000000000000e+08,-5.809844894704067997e+01,-8.267458434377657284e+01
9.846500000000000000e+08,-5.815775902930383268e+01,-8.266944011617019328e+01
9.846550000000000000e+08,-5.821655590887485232e+01,-8.266429526943389305e+01
9.846600000000000000e+08,-5.827484688765567000e+01,-8.265914980208586371e+01
9.846650000000000000e+08,-5.833263910636165406e+01,-8.265400371264151147e+01
9.846700000000000000e+08,-5.838993954920972129e+01,-8.264885699961388354e+01
9.846750000000000000e+08,-5.844675504844940406e+01,-8.264370966151419395e+01
9.846800000000000000e+08,-5.850309228872887957e+01,-8.263856169685084296e+01
9.846850000000000000e+08,-5.855895781130543298e+01,-8.263341310413002816e+01
9.846900000000000000e+08,-5.861435801810711155e+01,-8.262826388185565918e+01
9.846950000000000000e+08,-5.866929917565157382e+01,-8.262311402852927245e+01
9.847000000000000000e+08,-5.872378741882833708e+01,-8.261796354265010223e+01
9.847050000000000000e+08,-5.877782875455226019e+01,-8.261281242271478220e+01
9.847100000000000000e+08,-5.883142906527984906e+01,-8.260766066721798495e+01
9.847150000000000000e+08,-5.888459411242592978e+01,-8.260250827465171142e+01
9.847200000000000000e+08,-5.893732953965526633e+01,-8.259735524350547564e+01
9.847250000000000000e+08,-5.898964087604067430e+01,-8.259220157226684478e+01
9.847300000000000000e+08,-5.904153353915786795e+01,-8.258704725942060065e+01
9.847350000000000000e+08,-5.909301283804398963e+01,-8.258189230344926557e+01
9.847400000000000000e+08,-5.914408397607159884e+01,-8.257673670283283229e+01
9.847450000000000000e+08,-5.919475205372604876e+01,-8.257158045604926144e+01
9.847500000000000000e+08,-5.924502207129229703e+01,-8.256642356157368567e+01
9.847550000000000000e+08,-5.929489893145677115e+01,-8.256126601787885022e+01
9.847600000000000000e+08,-5.934438744181247216e+01,-8.255610782343549658e+01
9.847650000000000000e+08,-5.939349231731596745e+01,-8.255094897671136778e+01
9.847700000000000000e+08,-5.944221818262592194e+01,-8.254578947617203255e+01
9.847750000000000000e+08,-5.949056957438885007e+01,-8.254062932028078592e+01
9.847800000000000000e+08,-5.953855094346138799e+01,-8.253546850749813757e+01
9.847850000000000000e+08,-5.958616665704440152e+01,-8.253030703628229503e+01
9.847900000000000000e+08,-5.963342100076144447e+01,-8.252514490508909262e+01
9.847950000000000000e+08,-5.968031818067085226e+01,-8.251998211237172143e+01
9.848000000000000000e+08,-5.972686232521630956e+01,-8.251481865658104198e+01
9.848050000000000000e+08,-5.977305748711793854e+01,-8.250965453616512946e+01
9.848100000000000000e+08,-5.981890764520620252e+01,-8.250448974957011217e+01
9.848150000000000000e+08,-5.986441670620049393e+01,-8.249932429523921940e+01
9.848200000000000000e+08,-5.990958850643657740e+01,-8.249415817161300879e+01
9.848250000000000000e+08,-5.995442681353293324e+01,-8.248899137713021901e+01
9.848300000000000000e+08,-5.999893532802708762e+01,-8.248382391022632021e+01
9.848350000000000000e+08,-6.004311768494466151e+01,-8.247865576933462251e+01
9.848400000000000000e+08,-6.008697745533215340e+01,-8.247348695288609122e+01
9.848450000000000000e+08,-6.013051814774325265e+01,-8.246831745930867896e+01
9.848500000000000000e+08,-6.017374320968217205e+01,-8.246314728702805041e+01
9.848550000000000000e+08,-6.021665602900566228e+01,-8.245797643446758229e+01
9.848600000000000000e+08,-6.025925993528483104e+01,-8.245280490004766705e+01
9.848650000000000000e+08,-6.030155820112832288e+01,-8.244763268218632390e+01
9.848700000000000000e+08,-6.034355404347007124e+01,-8.244245977929890046e+01
9.848750000000000000e+08,-6.038525062481163275e+01,-8.243728618979847056e+01
9.848800000000000000e+08,-6.042665105444622498e+01,-8.243211191209518063e+01
9.848850000000000000e+08,-6.046775838964144612e+01,-8.242693694459673281e+01
9.848900000000000000e+08,-6.050857563677165274e+01,-8.242176128570829974e+01
9.848950000000000000e+08,-6.054910575245276760e+01,-8.241658493383239659e+01
9.849000000000000000e+08,-6.058935164461972533e+01,-8.241140788736876743e+01
9.849050000000000000e+08,-6.062931617358515268e+01,-8.240623014471486840e+01
9.849100000000000000e+08,-6.066900215306765176e+01,-8.240105170426539871e+01
9.849150000000000000e+08,-6.070841235119242896e+01,-8.239587256441231489e+01
9.849200000000000000e+08,-6.074754949146701222e+01,-8.239069272354491602e+01
9.849250000000000000e+08,-6.078641625372057433e+01,-8.238551218005021326e+01
9.849300000000000000e+08,-6.082501527504400940e+01,-8.238033093231214821e+01
9.849350000000000000e+08,-6.086334915067308060e+01,-8.237514897871228925e+01
9.849400000000000000e+08,-6.090142043486541468e+01,-8.236996631762941945e+01
9.849450000000000000e+08,-6.093923164176109708e+01,-8.236478294743967865e+01
9.849500000000000000e+08,-6.097678524620611284e+01,-8.235959886651650663e+01
9.849550000000000000e+08,-6.101408368456293374e+01,-8.235441407323078522e+01
9.849600000000000000e+08,-6.105112935549846753e+01,-8.234922856595059670e+01
9.849650000000000000e+08,-6.108792462075361129e+01,-8.234404234304116699e+01
9.849700000000000000e+08,-6.112447180588370088e+01,-8.233885540286547666e+01
9.849750000000000000e+08,-6.116077320100405501e+01,-8.233366774378340835e+01
9.849800000000000000e+08,-6.119683106148507790e+01,-8.232847936415225831e+01
9.849850000000000000e+08,-6.123264760865527023e+01,-8.232329026232649483e+01
9.849900000000000000e+08,-6.126822503046946622e+01,-8.231810043665809928e+01
9.849950000000000000e+08,-6.130356548217613977e+01,-8.231290988549609722e+01
9.850000000000000000e+08,-6.133867108696187387e+01,-8.230771860718678568e+01
9.850050000000000000e+08,-6.137354393656490004e+01,-8.230252660007393217e+01
9.850100000000000000e+08,-6.140818609190257860e+01,-8.229733386249826310e+01
9.850150000000000000e+08,-6.144259958366082230e+01,-8.229214039279779058e+01
9.850200000000000000e+08,-6.147678641287843249e+01,-8.228694618930803983e+01
9.850250000000000000e+08,-6.151074855151569665e+01,-8.228175125036138127e+01
9.850300000000000000e+08,-6.154448794301107739e+01,-8.227655557428752786e+01
9.850350000000000000e+08,-6.157800650281706112e+01,-8.227135915941360622e+01
9.850400000000000000e+08,-6.161130611893667464e+01,-8.226616200406370183e+01
9.850450000000000000e+08,-6.164438865243986498e+01,-8.226096410655911484e+01
9.850500000000000000e+08,-6.167725593796202332e+01,-8.225576546521828902e+01
9.850550000000000000e+08,-6.170990978419667528e+01,-8.225056607835709599e+01
9.850600000000000000e+08,-6.174235197438378719e+01,-8.224536594428839464e+01
9.850650000000000000e+08,-6.177458426677393533e+01,-8.224016506132208804e+01
9.850700000000000000e+08,-6.180660839508885829e+01,-8.223496342776554968e+01
9.850750000000000000e+08,-6.183842606897009375e+01,-8.222976104192305513e+01
9.850800000000000000e+08,-6.187003897441857703e+01,-8.222455790209592408e+01
9.850850000000000000e+08,-6.190144877421612790e+01,-8.221935400658308879e+01
9.850900000000000000e+08,-6.193265710835794380e+01,-8.221414935368015620e+01
9.850950000000000000e+08,-6.196366559444793154e+01,-8.220894394167990527e+01
9.851000000000000000e+08,-6.199447582810692836e+01,-8.220373776887231543e+01
9.851050000000000000e+08,-6.202508938335707001e+01,-8.219853083354459500e+01
9.851100000000000000e+08,-6.205550781301221264e+01,-8.219332313398086853e+01
9.851150000000000000e+08,-6.208573264904637767e+01,-8.218811466846227631e+01
9.851200000000000000e+08,-6.211576540296081816e+01,-8.218290543526731540e+01
9.851250000000000000e+08,-6.214560756614154968e+01,-8.217769543267139909e+01
9.851300000000000000e+08,-6.217526061020915051e+01,-8.217248465894684273e+01
9.851350000000000000e+08,-6.220472598736093772e+01,-8.216727311236333264e+01
9.851400000000000000e+08,-6.223400513070571805e+01,-8.216206079118747141e+01
9.851450000000000000e+08,-6.226309945459256312e+01,-8.215684769368273521e+01
9.851500000000000000e+08,-6.229201035492613414e+01,-8.215163381810997123e+01
9.851550000000000000e+08,-6.232073920948678136e+01,-8.214641916272675815e+01
9.851600000000000000e+08,-6.234928737823734934e+01,-8.214120372578788931e+01
9.851650000000000000e+08,-6.237765620361854957e+01,-8.213598750554487538e+01
9.851700000000000000e+08,-6.240584701084305408e+01,-8.213077050024668324e+01
9.851750000000000000e+08,-6.243386110818961754e+01,-8.212555270813896868e+01
9.851800000000000000e+08,-6.246169978727991889e+01,-8.212033412746427530e+01
9.851850000000000000e+08,-6.248936432335571567e+01,-8.211511475646253189e+01
9.851900000000000000e+08,-6.251685597554907048e+01,-8.210989459337034191e+01
9.851950000000000000e+08,-6.254417598714816506e+01,-8.210467363642106875e+01
9.852000000000000000e+08,-6.257132558585042403e+01,-8.209945188384563153e+01
9.852050000000000000e+08,-6.259830598402841417e+01,-8.209422933387132559e+01
9.852100000000000000e+08,-6.262511837896756361e+01,-8.208900598472263255e+01
9.852150000000000000e+08,-6.265176395311105040e+01,-8.208378183462110655e+01
9.852200000000000000e+08,-6.267824387430429312e+01,-8.207855688178491960e+01
9.852250000000000000e+08,-6.270455929602409384e+01,-8.207333112442935885e+01
9.852300000000000000e+08,-6.273071135760879713e+01,-8.206810456076644300e+01
9.852350000000000000e+08,-6.275670118448289259e+01,-8.206287718900533434e+01
9.852400000000000000e+08,-6.278252988837691362e+01,-8.205764900735192668e+01
9.852450000000000000e+08,-6.280819856754317243e+01,-8.205242001400895901e+01
9.852500000000000000e+08,-6.283370830696706832e+01,-8.204719020717624289e+01
9.852550000000000000e+08,-6.285906017857426775e+01,-8.204195958505022190e+01
9.852600000000000000e+08,-6.288425524143490719e+01,-8.203672814582424166e+01
9.852650000000000000e+08,-6.290929454195832449e+01,-8.203149588768869194e+01
9.852700000000000000e+08,-6.293417911409492405e+01,-8.202626280883067977e+01
9.852750000000000000e+08,-6.295890997952210455e+01,-8.202102890743401531e+01
9.852800000000000000e+08,-6.298348814783857819e+01,-8.201579418167931124e+01
9.852850000000000000e+08,-6.300791461673750860e+01,-8.201055862974449440e+01
9.852900000000000000e+08,-6.303219037219803766e+01,-8.200532224980365470e+01
9.852950000000000000e+08,-6.305631638865693844e+01,-8.200008504002792620e+01
9.853000000000000000e+08,-6.308029362918345839e+01,-8.199484699858550130e+01
9.853050000000000000e+08,-6.310412304564967201e+01,-8.198960812364092021e+01
9.853100000000000000e+08,-6.312780557889887234e+01,-8.198436841335571046e+01
9.853150000000000000e+08,-6.315134215890522285e+01,-8.197912786588827316e+01
9.853200000000000000e+08,-6.317473370494014517e+01,-8.197388647939348516e+01
9.853250000000000000e+08,-6.319798112573121074e+01,-8.196864425202308269e+01
9.853300000000000000e+08,-6.322108531960773803e+01,-8.196340118192571822e+01
9.853350000000000000e+08,-6.324404717466337189e+01,-8.195815726724660522e+01
9.853400000000000000e+08,-6.326686756890015317e+01,-8.195291250612767442e+01
9.853450000000000000e+08,-6.328954737037602740e+01,-8.194766689670737492e+01
9.853500000000000000e+08,-6.331208743734887179e+01,-8.194242043712138468e+01
9.853550000000000000e+08,-6.333448861841744559e+01,-8.193717312550171528e+01
9.853600000000000000e+08,-6.335675175266121784e+01,-8.193192495997691083e+01
9.853650000000000000e+08,-6.337887766977137005e+01,-8.192667593867257381e+01
9.853700000000000000e+08,-6.340086719019446093e+01,-8.192142605971082503e+01
9.853750000000000000e+08,-6.342272112525456862e+01,-8.191617532121016154e+01
9.853800000000000000e+08,-6.344444027728329871e+01,-8.191092372128625243e+01
9.853850000000000000e+08,-6.346602543975112809e+01,-8.190567125805102933e+01
9.853900000000000000e+08,-6.348747739738779927e+01,-8.190041792961297062e+01
9.853950000000000000e+08,-6.350879692630535800e+01,-8.189516373407768413e+01
9.854000000000000000e+08,-6.352998479411800758e+01,-8.188990866954689807e+01
9.854050000000000000e+08,-6.355104176005987426e+01,-8.188465273411904377e+01
9.854100000000000000e+08,-6.357196857510074750e+01,-8.187939592588921300e+01
9.854150000000000000e+08,-6.359276598205969577e+01,-8.187413824294927167e+01
9.854200000000000000e+08,-6.361343471571668573e+01,-8.186887968338726296e+01
9.854250000000000000e+08,-6.363397550292325633e+01,-8.186362024528806103e+01
9.854300000000000000e+08,-6.365438906270662756e+01,-8.185835992673305839e+01
9.854350000000000000e+08,-6.367467610638023245e+01,-8.185309872580020851e+01
9.854400000000000000e+08,-6.369483733764869271e+01,-8.184783664056388375e+01
9.854450000000000000e+08,-6.371487345270188740e+01,-8.184257366909513109e+01
9.854500000000000000e+08,-6.373478514032467501e+01,-8.183730980946148748e+01
9.854550000000000000e+08,-6.375457308199105455e+01,-8.183204505972673815e+01
9.854600000000000000e+08,-6.377423795196232703e+01,-8.182677941795169829e+01
9.854650000000000000e+08,-6.379378041738245741e+01,-8.182151288219324670e+01
9.854700000000000000e+08,-6.381320113837201546e+01,-8.181624545050479469e+01
9.854750000000000000e+08,-6.383250076812126395e+01,-8.181097712093630037e+01
9.854800000000000000e+08,-6.385167995297653221e+01,-8.180570789153428279e+01
9.854850000000000000e+08,-6.387073933253816449e+01,-8.180043776034155201e+01
9.854900000000000000e+08,-6.388967953974027836e+01,-8.179516672539733690e+01
9.854950000000000000e+08,-6.390850120093794828e+01,-8.178989478473751262e+01
9.855000000000000000e+08,-6.392720493599632192e+01,-8.178462193639420263e+01
9.855050000000000000e+08,-6.394579135837054196e+01,-8.177934817839584980e+01
9.855100000000000000e+08,-6.396426107518860249e+01,-8.177407350876760006e+01
9.855150000000000000e+08,-6.398261468733202406e+01,-8.176879792553080506e+01
9.855200000000000000e+08,-6.400085278951517864e+01,-8.176352142670313583e+01
9.855250000000000000e+08,-6.401897597036327170e+01,-8.175824401029862543e+01
9.855300000000000000e+08,-6.403698481248925134e+01,-8.175296567432802419e+01
9.855350000000000000e+08,-6.405487989256903347e+01,-8.174768641679801817e+01
9.855400000000000000e+08,-6.407266178141695434e+01,-8.174240623571166964e+01
9.855450000000000000e+08,-6.409033104405523318e+01,-8.173712512906872973e+01
9.855500000000000000e+08,-6.410788823979098083e+01,-8.173184309486501320e+01
9.855550000000000000e+08,-6.412533392228360185e+01,-8.172656013109235573e+01
9.855600000000000000e+08,-6.414266863961523768e+01,-8.172127623573962296e+01
9.855650000000000000e+08,-6.415989293435920615e+01,-8.171599140679141726e+01
9.855700000000000000e+08,-6.417700734364741777e+01,-8.171070564222858934e+01
9.855750000000000000e+08,-6.419401239923671199e+01,-8.170541894002865035e+01
9.855800000000000000e+08,-6.421090862757409923e+01,-8.170013129816508979e+01
9.855850000000000000e+08,-6.422769654986103660e+01,-8.169484271460774494e+01
9.855900000000000000e+08,-6.424437668211737673e+01,-8.168955318732255932e+01
9.855950000000000000e+08,-6.426094953523974596e+01,-8.168426271427192376e+01
9.856000000000000000e+08,-6.427741561507059487e+01,-8.167897129341432105e+01
9.856050000000000000e+08,-6.429377542245133270e+01,-8.167367892270439711e+01
9.856100000000000000e+08,-6.431002945328275189e+01,-8.166838560009317405e+01
9.856150000000000000e+08,-6.432617819858704422e+01,-8.166309132352763811e+01
9.856200000000000000e+08,-6.434222214456241318e+01,-8.165779609095099545e+01
9.856250000000000000e+08,-6.435816177264041471e+01,-8.165249990030298477e+01
9.856300000000000000e+08,-6.437399755954163538e+01,-8.164720274951891099e+01
9.856350000000000000e+08,-6.438972997733152681e+01,-8.164190463653058316e+01
9.856400000000000000e+08,-6.440535949347059841e+01,-8.163660555926597340e+01
9.856450000000000000e+08,-6.442088657087506931e+01,-8.163130551564901793e+01
9.856500000000000000e+08,-6.443631166796197363e+01,-8.162600450359987292e+01
9.856550000000000000e+08,-6.445163523870512279e+01,-8.162070252103445966e+01
9.856600000000000000e+08,-6.446685773268234243e+01,-8.161539956586553046e+01
9.856650000000000000e+08,-6.448197959512988575e+01,-8.161009563600126171e+01
9.856700000000000000e+08,-6.449700126698880354e+01,-8.160479072934597866e+01
9.856750000000000000e+08,-6.451192318495429845e+01,-8.159948484380043965e+01
9.856800000000000000e+08,-6.452674578152351614e+01,-8.159417797726105448e+01
9.856850000000000000e+08,-6.454146948504268266e+01,-8.158887012762036761e+01
9.856900000000000000e+08,-6.455609471975353131e+01,-8.158356129276722868e+01
9.856950000000000000e+08,-6.457062190583901895e+01,-8.157825147058602511e+01
9.857000000000000000e+08,-6.458505145946833181e+01,-8.157294065895752055e+01
9.857050000000000000e+08,-6.459938379284199073e+01,-8.156762885575822963e+01
9.857100000000000000e+08,-6.461361931423286364e+01,-8.156231605886091529e+01
9.857150000000000000e+08,-6.462775842803259252e+01,-8.155700226613410564e+01
9.857200000000000000e+08,-6.464180153479465218e+01,-8.155168747544215080e+01
9.857250000000000000e+08,-6.465574903127023276e+01,-8.154637168464577712e+01
9.857300000000000000e+08,-6.466960131045608762e+01,-8.154105489160131981e+01
9.857350000000000000e+08,-6.468335876163172316e+01,-8.153573709416100712e+01
9.857400000000000000e+08,-6.469702177040021240e+01,-8.153041829017323039e+01
9.857450000000000000e+08,-6.471059071872745960e+01,-8.152509847748214611e+01
9.857500000000000000e+08,-6.472406598498183428e+01,-8.151977765392754804e+01
9.857550000000000000e+08,-6.473744794396981206e+01,-8.151445581734560619e+01
9.857600000000000000e+08,-6.475073696697694459e+01,-8.150913296556799992e+01
9.857650000000000000e+08,-6.476393342180503510e+01,-8.150380909642237270e+01
9.857700000000000000e+08,-6.477703767280621605e+01,-8.149848420773207636e+01
9.857750000000000000e+08,-6.479005008091915840e+01,-8.149315829731661154e+01
9.857800000000000000e+08,-6.480297100370779617e+01,-8.148783136299095986e+01
9.857850000000000000e+08,-6.481580079539386929e+01,-8.148250340256606705e+01
9.857900000000000000e+08,-6.482853980689226603e+01,-8.147717441384868664e+01
9.857950000000000000e+08,-6.484118838584495847e+01,-8.147184439464123784e+01
9.858000000000000000e+08,-6.485374687665543547e+01,-8.146651334274203293e+01
9.858050000000000000e+08,-6.486621562051867329e+01,-8.146118125594510673e+01
9.858100000000000000e+08,-6.487859495545991706e+01,-8.145584813204025920e+01
9.858150000000000000e+08,-6.489088521636142559e+01,-8.145051396881285655e+01
9.858200000000000000e+08,-6.490308673499495740e+01,-8.144517876404434276e+01
9.858250000000000000e+08,-6.491519984005593358e+01,-8.143984251551152909e+01
9.858300000000000000e+08,-6.492722485719140479e+01,-8.143450522098697775e+01
9.858350000000000000e+08,-6.493916210903405783e+01,-8.142916687823898769e+01
9.858400000000000000e+08,-6.495101191522633144e+01,-8.142382748503180778e+01
9.858450000000000000e+08,-6.496277459245585817e+01,-8.141848703912475571e+01
9.858500000000000000e+08,-6.497445045448176870e+01,-8.141314553827325540e+01
9.858550000000000000e+08,-6.498603981216406567e+01,-8.140780298022833961e+01
9.858600000000000000e+08,-6.499754297349196008e+01,-8.140245936273645100e+01
9.858650000000000000e+08,-6.500896024361242098e+01,-8.139711468353965529e+01
9.858700000000000000e+08,-6.502029192485566966e+01,-8.139176894037591126e+01
9.858750000000000000e+08,-6.503153831676496566e+01,-8.138642213097845968e+01
9.858800000000000000e+08,-6.504269971612369261e+01,-8.138107425307623544e+01
9.858850000000000000e+08,-6.505377641697938884e+01,-8.137572530439356910e+01
9.858900000000000000e+08,-6.506476871067009426e+01,-8.137037528265068431e+01
9.858950000000000000e+08,-6.507567688585272947e+01,-8.136502418556304406e+01
9.859000000000000000e+08,-6.508650122852625941e+01,-8.135967201084159228e+01
9.859050000000000000e+08,-6.509724202205744348e+01,-8.135431875619309494e+01
9.859100000000000000e+08,-6.510789954720544870e+01,-8.134896441931959998e+01
9.859150000000000000e+08,-6.511847408214677557e+01,-8.134360899791849420e+01
9.859200000000000000e+08,-6.512896590249670226e+01,-8.133825248968295796e+01
9.859250000000000000e+08,-6.513937528133824628e+01,-8.133289489230148206e+01
9.859300000000000000e+08,-6.514970248924080920e+01,-8.132753620345772561e+01
9.859350000000000000e+08,-6.515994779428390871e+01,-8.132217642083136866e+01
9.859400000000000000e+08,-6.517011146208238870e+01,-8.131681554209703222e+01
9.859450000000000000e+08,-6.518019375580691133e+01,-8.131145356492481824e+01
9.859500000000000000e+08,-6.519019493620663752e+01,-8.130609048698026697e+01
9.859550000000000000e+08,-6.520011526163108329e+01,-8.130072630592437122e+01
9.859600000000000000e+08,-6.520995498805164914e+01,-8.129536101941346260e+01
9.859650000000000000e+08,-6.521971436908293640e+01,-8.128999462509902685e+01
9.859700000000000000e+08,-6.522939365600377926e+01,-8.128462712062813011e+01
9.859750000000000000e+08,-6.523899309777787892e+01,-8.127925850364309213e+01
9.859800000000000000e+08,-6.524851294107477884e+01,-8.127388877178135829e+01
9.859850000000000000e+08,-6.525795343028809725e+01,-8.126851792267602548e+01
9.859900000000000000e+08,-6.526731480755833559e+01,-8.126314595395515994e+01
9.859950000000000000e+08,-6.527659731279052835e+01,-8.125777286324209570e+01
9.860000000000000000e+08,-6.528580118367413831e+01,-8.125239864815570456e+01
9.860050000000000000e+08,-6.529492665570214172e+01,-8.124702330630982772e+01
9.860100000000000000e+08,-6.530397396218992867e+01,-8.124164683531358833e+01
9.860150000000000000e+08,-6.531294333429384835e+01,-8.123626923277127787e+01
9.860200000000000000e+08,-6.532183500102968310e+01,-8.123089049628268299e+01
9.860250000000000000e+08,-6.533064918929062515e+01,-8.122551062344228967e+01
9.860300000000000000e+08,-6.533938612386569389e+01,-8.122012961184005064e+01
9.860350000000000000e+08,-6.534804602745512625e+01,-8.121474745906125747e+01
9.860400000000000000e+08,-6.535662912069228980e+01,-8.120936416268585845e+01
9.860450000000000000e+08,-6.536513562215669992e+01,-8.120397972028912648e+01
9.860500000000000000e+08,-6.537356574839166967e+01,-8.119859412944178700e+01
9.860550000000000000e+08,-6.538191971392301127e+01,-8.119320738770915113e+01
9.860600000000000000e+08,-6.539019773127395752e+01,-8.118781949265185460e+01
9.860650000000000000e+08,-6.539840001098173161e+01,-8.118243044182557355e+01
9.860700000000000000e+08,-6.540652676161380441e+01,-8.117704023278108139e+01
9.860750000000000000e+08,-6.541457818978362582e+01,-8.117164886306412086e+01
9.860800000000000000e+08,-6.542255450016634200e+01,-8.116625633021541830e+01
9.860850000000000000e+08,-6.543045589551421415e+01,-8.116086263177093940e+01
9.860900000000000000e+08,-6.543828257667189519e+01,-8.115546776526143447e+01
9.860950000000000000e+08,-6.544603474259187692e+01,-8.115007172821242420e+01
9.861000000000000000e+08,-6.545371259034770617e+01,-8.114467451814493870e+01
9.861050000000000000e+08,-6.546131631515112304e+01,-8.113927613257465055e+01
9.861100000000000000e+08,-6.546884611036480806e+01,-8.113387656901193168e+01
9.861150000000000000e+08,-6.547630216751716148e+01,-8.112847582496257814e+01
9.861200000000000000e+08,-6.548368467631634360e+01,-8.112307389792692902e+01
9.861250000000000000e+08,-6.549099382466417296e+01,-8.111767078540039222e+01
9.861300000000000000e+08,-6.549822979866982564e+01,-8.111226648487290447e+01
9.861350000000000000e+08,-6.550539278266343501e+01,-8.110686099382982661e+01
9.861400000000000000e+08,-6.551248295920943576e+01,-8.110145430975097725e+01
9.861450000000000000e+08,-6.551950050912004997e+01,-8.109604643011097380e+01
9.861500000000000000e+08,-6.552644561146694002e+01,-8.109063735237955939e+01
9.861550000000000000e+08,-6.553331844359578895e+01,-8.108522707402089225e+01
9.861600000000000000e+08,-6.554011918113940283e+01,-8.107981559249411418e+01
9.861650000000000000e+08,-6.554684799802690520e+01,-8.107440290525325111e+01
9.861700000000000000e+08,-6.555350506649972431e+01,-8.106898900974682931e+01
9.861750000000000000e+08,-6.556009055712193856e+01,-8.106357390341811708e+01
9.861800000000000000e+08,-6.556660463879271106e+01,-8.105815758370542312e+01
9.861850000000000000e+08,-6.557304747875809880e+01,-8.105274004804142862e+01
9.861900000000000000e+08,-6.557941924262279088e+01,-8.104732129385361361e+01
9.861950000000000000e+08,-6.558572009436196026e+01,-8.104190131856393009e+01
9.862000000000000000e+08,-6.559195019633099832e+01,-8.103648011958951258e+01
9.862050000000000000e+08,-6.559810970928016616e+01,-8.103105769434162653e+01
9.862100000000000000e+08,-6.560419879236259533e+01,-8.102563404022617988e+01
9.862150000000000000e+08,-6.561021760314562812e+01,-8.102020915464416362e+01
9.862200000000000000e+08,-6.561616629762326625e+01,-8.101478303499055755e+01
9.862250000000000000e+08,-6.562204503022555002e+01,-8.100935567865521136e+01
9.862300000000000000e+08,-6.562785395382933018e+01,-8.100392708302268829e+01
9.862350000000000000e+08,-6.563359321976872707e+01,-8.099849724547181040e+01
9.862400000000000000e+08,-6.563926297784560404e+01,-8.099306616337580067e+01
9.862450000000000000e+08,-6.564486337633825030e+01,-8.098763383410300776e+01
9.862500000000000000e+08,-6.565039456201429857e+01,-8.098220025501561281e+01
9.862550000000000000e+08,-6.565585668013757470e+01,-8.097676542347058160e+01
9.862600000000000000e+08,-6.566124987447960848e+01,-8.097132933681922395e+01
9.862650000000000000e+08,-6.566657428732769120e+01,-8.096589199240747803e+01
9.862700000000000000e+08,-6.567183005949584640e+01,-8.096045338757549814e+01
9.862750000000000000e+08,-6.567701733033445066e+01,-8.095501351965786796e+01
9.862800000000000000e+08,-6.568213623773669951e+01,-8.094957238598368576e+01
9.862850000000000000e+08,-6.568718691815070088e+01,-8.094412998387646496e+01
9.862900000000000000e+08,-6.569216950658686471e+01,-8.093868631065356567e+01
9.862950000000000000e+08,-6.569708413662716850e+01,-8.093324136362754473e+01
9.863000000000000000e+08,-6.570193094043366955e+01,-8.092779514010464936e+01
9.863050000000000000e+08,-6.570671004875720200e+01,-8.092234763738545666e+01
9.863100000000000000e+08,-6.571142159094611657e+01,-8.091689885276501570e+01
9.863150000000000000e+08,-6.571606569495327221e+01,-8.091144878353276226e+01
9.863200000000000000e+08,-6.572064248734689329e+01,-8.090599742697199304e+01
9.863250000000000000e+08,-6.572515209331636754e+01,-8.090054478036050511e+01
9.863300000000000000e+08,-6.572959463668047420e+01,-8.089509084097036862e+01
9.863350000000000000e+08,-6.573397023989662102e+01,-8.088963560606769931e+01
9.863400000000000000e+08,-6.573827902406759449e+01,-8.088417907291272968e+01
9.863450000000000000e+08,-6.574252110894941836e+01,-8.087872123876003627e+01
9.863500000000000000e+08,-6.574669661295904177e+01,-8.087326210085836919e+01
9.863550000000000000e+08,-6.575080565318194203e+01,-8.086780165645025420e+01
9.863600000000000000e+08,-6.575484834537832057e+01,-8.086233990277284533e+01
9.863650000000000000e+08,-6.575882480399278052e+01,-8.085687683705691597e+01
9.863700000000000000e+08,-6.576273514215903049e+01,-8.085141245652765463e+01
9.863750000000000000e+08,-6.576657947170835428e+01,-8.084594675840385491e+01
9.863800000000000000e+08,-6.577035790317546571e+01,-8.084047973989898139e+01
9.863850000000000000e+08,-6.577407054580662304e+01,-8.083501139822003267e+01
9.863900000000000000e+08,-6.577771750756555491e+01,-8.082954173056802460e+01
9.863950000000000000e+08,-6.578129889514033835e+01,-8.082407073413830290e+01
9.864000000000000000e+08,-6.578481481394980790e+01,-8.081859840611983259e+01
9.864050000000000000e+08,-6.578826536815016368e+01,-8.081312474369545384e+01
9.864100000000000000e+08,-6.579165066064126677e+01,-8.080764974404247880e+01
9.864150000000000000e+08,-6.579497079307289198e+01,-8.080217340433151207e+01
9.864200000000000000e+08,-6.579822586585112276e+01,-8.079669572172717551e+01
9.864250000000000000e+08,-6.580141597814355237e+01,-8.079121669338833556e+01
9.864300000000000000e+08,-6.580454122788657401e+01,-8.078573631646726483e+01
9.864350000000000000e+08,-6.580760171179021256e+01,-8.078025458811029580e+01
9.864400000000000000e+08,-6.581059752534515894e+01,-8.077477150545735185e+01
9.864450000000000000e+08,-6.581352876282639386e+01,-8.076928706564248728e+01
9.864500000000000000e+08,-6.581639551730090432e+01,-8.076380126579329044e+01
9.864550000000000000e+08,-6.581919788063223109e+01,-8.075831410303102587e+01
9.864600000000000000e+08,-6.582193594348601096e+01,-8.075282557447097531e+01
9.864650000000000000e+08,-6.582460979533544787e+01,-8.074733567722191196e+01
9.864700000000000000e+08,-6.582721952446664204e+01,-8.074184440838608623e+01
9.864750000000000000e+08,-6.582976521798308056e+01,-8.073635176506016364e+01
9.864800000000000000e+08,-6.583224696181234492e+01,-8.073085774433366169e+01
9.864850000000000000e+08,-6.583466484070943636e+01,-8.072536234329015770e+01
9.864900000000000000e+08,-6.583701893826275864e+01,-8.071986555900657834e+01
9.864950000000000000e+08,-6.583930933689812548e+01,-8.071436738855381066e+01
9.865000000000000000e+08,-6.584153611788454441e+01,-8.070886782899599154e+01
9.865050000000000000e+08,-6.584369936133828105e+01,-8.070336687739087722e+01
9.865100000000000000e+08,-6.584579914622757713e+01,-8.069786453078988586e+01
9.865150000000000000e+08,-6.584783555037724057e+01,-8.069236078623788444e+01
9.865200000000000000e+08,-6.584980865047302245e+01,-8.068685564077298977e+01
9.865250000000000000e+08,-6.585171852206617871e+01,-8.068134909142720801e+01
9.865300000000000000e+08,-6.585356523957754860e+01,-8.067584113522569567e+01
9.865350000000000000e+08,-6.585534887630204537e+01,-8.067033176918711490e+01
9.865400000000000000e+08,-6.585706950441223739e+01,-8.066482099032364772e+01
9.865450000000000000e+08,-6.585872719496327932e+01,-8.065930879564066913e+01
9.865500000000000000e+08,-6.586032201789608109e+01,-8.065379518213708820e+01
9.865550000000000000e+08,-6.586185404204231020e+01,-8.064828014680485069e+01
9.865600000000000000e+08,-6.586332333512659432e+01,-8.064276368662974903e+01
9.865650000000000000e+08,-6.586472996377183620e+01,-8.063724579859054131e+01
9.865700000000000000e+08,-6.586607399350216951e+01,-8.063172647965905071e+01
9.865750000000000000e+08,-6.586735548874679580e+01,-8.062620572680097553e+01
9.865800000000000000e+08,-6.586857451284339504e+01,-8.062068353697466705e+01
9.865850000000000000e+08,-6.586973112804193420e+01,-8.061515990713192537e+01
9.865900000000000000e+08,-6.587082539550739568e+01,-8.060963483421794251e+01
9.865950000000000000e+08,-6.587185737532385588e+01,-8.060410831517063457e+01
9.866000000000000000e+08,-6.587282712649786731e+01,-8.059858034692142326e+01
9.866050000000000000e+08,-6.587373470696051925e+01,-8.059305092639490908e+01
9.866100000000000000e+08,-6.587458017357181461e+01,-8.058752005050845924e+01
9.866150000000000000e+08,-6.587536358212311427e+01,-8.058198771617276179e+01
9.866200000000000000e+08,-6.587608498734029183e+01,-8.057645392029138520e+01
9.866250000000000000e+08,-6.587674444288664688e+01,-8.057091865976138934e+01
9.866300000000000000e+08,-6.587734200136571872e+01,-8.056538193147230231e+01
9.866350000000000000e+08,-6.587787771432425643e+01,-8.055984373230687368e+01
9.866400000000000000e+08,-6.587835163225432211e+01,-8.055430405914103176e+01
9.866450000000000000e+08,-6.587876380459712777e+01,-8.054876290884334367e+01
9.866500000000000000e+08,-6.587911427974458434e+01,-8.054322027827532793e+01
9.866550000000000000e+08,-6.587940310504197328e+01,-8.053767616429162501e+01
9.866600000000000000e+08,-6.587963032679091668e+01,-8.053213056373974155e+01
9.866650000000000000e+08,-6.587979599025126731e+01,-8.052658347345980872e+01
9.866700000000000000e+08,-6.587990013964399338e+01,-8.052103489028476702e+01
9.866750000000000000e+08,-6.587994281815255704e+01,-8.051548481104092048e+01
9.866800000000000000e+08,-6.587992406792599809e+01,-8.050993323254670031e+01
9.866850000000000000e+08,-6.587984393008059669e+01,-8.050438015161361704e+01
9.866900000000000000e+08,-6.587970244470213288e+01,-8.049882556504604736e+01
9.866950000000000000e+08,-6.587949965084774817e+01,-8.049326946964069407e+01
9.867000000000000000e+08,-6.587923558654809142e+01,-8.048771186218736773e+01
9.867050000000000000e+08,-6.587891028880886779e+01,-8.048215273946836135e+01
9.867100000000000000e+08,-6.587852379361295618e+01,-8.047659209825860671e+01
9.867150000000000000e+08,-6.587807613592237033e+01,-8.047102993532561754e+01
9.867200000000000000e+08,-6.587756734967919670e+01,-8.046546624742981635e+01
9.867250000000000000e+08,-6.587699746780801036e+01,-8.045990103132379545e+01
9.867300000000000000e+08,-6.587636652221696920e+01,-8.045433428375292806e+01
9.867350000000000000e+08,-6.587567454379956189e+01,-8.044876600145491352e+01
9.867400000000000000e+08,-6.587492156243597208e+01,-8.044319618116031734e+01
9.867450000000000000e+08,-6.587410760699444268e+01,-8.043762481959200272e+01
9.867500000000000000e+08,-6.587323270533264008e+01,-8.043205191346498850e+01
9.867550000000000000e+08,-6.587229688429877683e+01,-8.042647745948728755e+01
9.867600000000000000e+08,-6.587130016973316060e+01,-8.042090145435895465e+01
9.867650000000000000e+08,-6.587024258646899000e+01,-8.041532389477237075e+01
9.867700000000000000e+08,-6.586912415833349144e+01,-8.040974477741259818e+01
9.867750000000000000e+08,-6.586794490814909864e+01,-8.040416409895682648e+01
9.867800000000000000e+08,-6.586670485773426265e+01,-8.039858185607427288e+01
9.867850000000000000e+08,-6.586540402790450344e+01,-8.039299804542721972e+01
9.867900000000000000e+08,-6.586404243847300677e+01,-8.038741266366939442e+01
9.867950000000000000e+08,-6.586262010825169000e+01,-8.038182570744709210e+01
9.868000000000000000e+08,-6.586113705505168525e+01,-8.037623717339882035e+01
9.868050000000000000e+08,-6.585959329568413523e+01,-8.037064705815531340e+01
9.868100000000000000e+08,-6.585798884596074743e+01,-8.036505535833939007e+01
9.868150000000000000e+08,-6.585632372069433416e+01,-8.035946207056593948e+01
9.868200000000000000e+08,-6.585459793369930992e+01,-8.035386719144199219e+01
9.868250000000000000e+08,-6.585281149779208931e+01,-8.034827071756680539e+01
9.868300000000000000e+08,-6.585096442479149914e+01,-8.034267264553135135e+01
9.868350000000000000e+08,-6.584905672551899158e+01,-8.033707297191907060e+01
9.868400000000000000e+08,-6.584708840979899946e+01,-8.033147169330504767e+01
9.868450000000000000e+08,-6.584505948645900730e+01,-8.032586880625636638e+01
9.868500000000000000e+08,-6.584296996332972185e+01,-8.032026430733213829e+01
9.868550000000000000e+08,-6.584081984724525682e+01,-8.031465819308363052e+01
9.868600000000000000e+08,-6.583860914404289133e+01,-8.030905046005358372e+01
9.868650000000000000e+08,-6.583633785856319776e+01,-8.030344110477663833e+01
9.868700000000000000e+08,-6.583400599464992808e+01,-8.029783012377970408e+01
9.868750000000000000e+08,-6.583161355514975810e+01,-8.029221751358107895e+01
9.868800000000000000e+08,-6.582916054191210264e+01,-8.028660327069091807e+01
9.868850000000000000e+08,-6.582664695578878877e+01,-8.028098739161129060e+01
9.868900000000000000e+08,-6.582407279663382837e+01,-8.027536987283588132e+01
9.868950000000000000e+08,-6.582143806330280711e+01,-8.026975071084991953e+01
9.869000000000000000e+08,-6.581874275365258598e+01,-8.026412990213074750e+01
9.869050000000000000e+08,-6.581598686454070446e+01,-8.025850744314682572e+01
9.869100000000000000e+08,-6.581317039182478368e+01,-8.025288333035871347e+01
9.869150000000000000e+08,-6.581029333036185847e+01,-8.024725756021800294e+01
9.869200000000000000e+08,-6.580735567400789421e+01,-8.024163012916849880e+01
9.869250000000000000e+08,-6.580435741561653629e+01,-8.023600103364502445e+01
9.869300000000000000e+08,-6.580129854703872638e+01,-8.023037027007399047e+01
9.869350000000000000e+08,-6.579817905912179299e+01,-8.022473783487372145e+01
9.869400000000000000e+08,-6.579499894170818663e+01,-8.021910372445344706e+01
9.869450000000000000e+08,-6.579175818363469830e+01,-8.021346793521379936e+01
9.869500000000000000e+08,-6.578845677273143622e+01,-8.020783046354742396e+01
9.869550000000000000e+08,-6.578509469582053271e+01,-8.020219130583762990e+01
9.869600000000000000e+08,-6.578167193871506413e+01,-8.019655045845938446e+01
9.869650000000000000e+08,-6.577818848621777192e+01,-8.019090791777900051e+01
9.869700000000000000e+08,-6.577464432211981205e+01,-8.018526368015395178e+01
9.869750000000000000e+08,-6.577103942919920598e+01,-8.017961774193297231e+01
9.869800000000000000e+08,-6.576737378921954758e+01,-8.017397009945584330e+01
9.869850000000000000e+08,-6.576364738292863876e+01,-8.016832074905396155e+01
9.869900000000000000e+08,-6.575986019005668481e+01,-8.016266968704948681e+01
9.869950000000000000e+08,-6.575601218931450376e+01,-8.015701690975573968e+01
9.870000000000000000e+08,-6.575210335839256004e+01,-8.015136241347744317e+01
9.870050000000000000e+08,-6.574813367395849184e+01,-8.014570619451004063e+01
9.870100000000000000e+08,-6.574410311165560472e+01,-8.014004824913997993e+01
9.870150000000000000e+08,-6.574001164610106684e+01,-8.013438857364518242e+01
9.870200000000000000e+08,-6.573585925088377735e+01,-8.012872716429400555e+01
9.870250000000000000e+08,-6.573164589856256157e+01,-8.012306401734599604e+01
9.870300000000000000e+08,-6.572737156066386888e+01,-8.011739912905140670e+01
9.870350000000000000e+08,-6.572303620768028054e+01,-8.011173249565187859e+01
9.870400000000000000e+08,-6.571863980906718439e+01,-8.010606411337933253e+01
9.870450000000000000e+08,-6.571418233324152425e+01,-8.010039397845667963e+01
9.870500000000000000e+08,-6.570966374757932726e+01,-8.009472208709786401e+01
9.870550000000000000e+08,-6.570508401841291857e+01,-8.008904843550732267e+01
9.870600000000000000e+08,-6.570044311102863333e+01,-8.008337301988009926e+01
9.870650000000000000e+08,-6.569574098966455722e+01,-8.007769583640231303e+01
9.870700000000000000e+08,-6.569097761750762743e+01,-8.007201688125043404e+01
9.870750000000000000e+08,-6.568615295669107468e+01,-8.006633615059161002e+01
9.870800000000000000e+08,-6.568126696829220634e+01,-8.006065364058372325e+01
9.870850000000000000e+08,-6.567631961232845583e+01,-8.005496934737516312e+01
9.870900000000000000e+08,-6.567131084775570571e+01,-8.004928326710468411e+01
9.870950000000000000e+08,-6.566624063246474918e+01,-8.004359539590160466e+01
9.871000000000000000e+08,-6.566110892327883164e+01,-8.003790572988592089e+01
9.871050000000000000e+08,-6.565591567594997002e+01,-8.003221426516785186e+01
9.871100000000000000e+08,-6.565066084515575540e+01,-8.002652099784795325e+01
9.871150000000000000e+08,-6.564534438449732079e+01,-8.002082592401735894e+01
9.871200000000000000e+08,-6.563996624649470846e+01,-8.001512903975748259e+01
9.871250000000000000e+08,-6.563452638258428351e+01,-8.000943034113973340e+01
9.871300000000000000e+08,-6.562902474311516698e+01,-8.000372982422631196e+01
9.871350000000000000e+08,-6.562346127734575418e+01,-7.999802748506920125e+01
9.871400000000000000e+08,-6.561783593344003407e+01,-7.999232331971067822e+01
9.871450000000000000e+08,-6.561214865846456235e+01,-7.998661732418348436e+01
9.871500000000000000e+08,-6.560639939838405610e+01,-7.998090949451012932e+01
9.871550000000000000e+08,-6.560058809805757107e+01,-7.997519982670323202e+01
9.871600000000000000e+08,-6.559471470123533265e+01,-7.996948831676564851e+01
9.871650000000000000e+08,-6.558877915055482788e+01,-7.996377496069030144e+01
9.871700000000000000e+08,-6.558278138753598796e+01,-7.995805975445982483e+01
9.871750000000000000e+08,-6.557672135257780610e+01,-7.995234269404699035e+01
9.871800000000000000e+08,-6.557059898495408845e+01,-7.994662377541462206e+01
9.871850000000000000e+08,-6.556441422280913400e+01,-7.994090299451517012e+01
9.871900000000000000e+08,-6.555816700315331502e+01,-7.993518034729096655e+01
9.871950000000000000e+08,-6.555185726185963802e+01,-7.992945582967433893e+01
9.872000000000000000e+08,-6.554548493365751938e+01,-7.992372943758736881e+01
9.872050000000000000e+08,-6.553904995212981532e+01,-7.991800116694147960e+01
9.872100000000000000e+08,-6.553255224970807546e+01,-7.991227101363843133e+01
9.872150000000000000e+08,-6.552599175766697215e+01,-7.990653897356925484e+01
9.872200000000000000e+08,-6.551936840612025037e+01,-7.990080504261467809e+01
9.872250000000000000e+08,-6.551268212401568292e+01,-7.989506921664487038e+01
9.872300000000000000e+08,-6.550593283913021025e+01,-7.988933149152006763e+01
9.872350000000000000e+08,-6.549912047806485305e+01,-7.988359186308946391e+01
9.872400000000000000e+08,-6.549224496623966729e+01,-7.987785032719196465e+01
9.872450000000000000e+08,-6.548530622788861422e+01,-7.987210687965617240e+01
9.872500000000000000e+08,-6.547830418605416014e+01,-7.986636151629966207e+01
9.872550000000000000e+08,-6.547123876258186215e+01,-7.986061423292950678e+01
9.872600000000000000e+08,-6.546410987811576376e+01,-7.985486502534244835e+01
9.872650000000000000e+08,-6.545691745209153112e+01,-7.984911388932418674e+01
9.872700000000000000e+08,-6.544966140273197652e+01,-7.984336082064965012e+01
9.872750000000000000e+08,-6.544234164704002410e+01,-7.983760581508315113e+01
9.872800000000000000e+08,-6.543495810079515707e+01,-7.983184886837825900e+01
9.872850000000000000e+08,-6.542751067854536018e+01,-7.982608997627761482e+01
9.872900000000000000e+08,-6.541999929360213173e+01,-7.982032913451261891e+01
9.872950000000000000e+08,-6.541242385803437287e+01,-7.981456633880441132e+01
9.873000000000000000e+08,-6.540478428266219169e+01,-7.980880158486273501e+01
9.873050000000000000e+08,-6.539708047705029514e+01,-7.980303486838612059e+01
9.873100000000000000e+08,-6.538931234950278792e+01,-7.979726618506269631e+01
9.873150000000000000e+08,-6.538147980705544171e+01,-7.979149553056907962e+01
9.873200000000000000e+08,-6.537358275546891662e+01,-7.978572290057046246e+01
9.873250000000000000e+08,-6.536562109922442687e+01,-7.977994829072170546e+01
9.873300000000000000e+08,-6.535759474151440429e+01,-7.977417169666566110e+01
9.873350000000000000e+08,-6.534950358423701289e+01,-7.976839311403442423e+01
9.873400000000000000e+08,-6.534134752798900081e+01,-7.976261253844842258e+01
9.873450000000000000e+08,-6.533312647205862334e+01,-7.975682996551718418e+01
9.873500000000000000e+08,-6.532484031441848060e+01,-7.975104539083859834e+01
9.873550000000000000e+08,-6.531648895171812796e+01,-7.974525880999911465e+01
9.873600000000000000e+08,-6.530807227927796532e+01,-7.973947021857392770e+01
9.873650000000000000e+08,-6.529959019107919005e+01,-7.973367961212667865e+01
9.873700000000000000e+08,-6.529104257975865266e+01,-7.972788698620921366e+01
9.873750000000000000e+08,-6.528242933660089875e+01,-7.972209233636222336e+01
9.873800000000000000e+08,-6.527375035152910243e+01,-7.971629565811458917e+01
9.873850000000000000e+08,-6.526500551309820253e+01,-7.971049694698324117e+01
9.873900000000000000e+08,-6.525619470848680237e+01,-7.970469619847409604e+01
9.873950000000000000e+08,-6.524731782348888487e+01,-7.969889340808072120e+01
9.874000000000000000e+08,-6.523837474250566970e+01,-7.969308857128513068e+01
9.874050000000000000e+08,-6.522936534853732837e+01,-7.968728168355723085e+01
9.874100000000000000e+08,-6.522028952317457140e+01,-7.968147274035584360e+01
9.874150000000000000e+08,-6.521114714658993705e+01,-7.967566173712698685e+01
9.874200000000000000e+08,-6.520193809752892378e+01,-7.966984866930502562e+01
9.874250000000000000e+08,-6.519266225330241582e+01,-7.966403353231267204e+01
9.874300000000000000e+08,-6.518331948977620982e+01,-7.965821632156011844e+01
9.874350000000000000e+08,-6.517390968136166407e+01,-7.965239703244563430e+01
9.874400000000000000e+08,-6.516443270100924678e+01,-7.964657566035549507e+01
9.874450000000000000e+08,-6.515488842019625793e+01,-7.964075220066358440e+01
9.874500000000000000e+08,-6.514527670891892797e+01,-7.963492664873173510e+01
9.874550000000000000e+08,-6.513559743568245608e+01,-7.962909899990927443e+01
9.874600000000000000e+08,-6.512585046749153150e+01,-7.962326924953373464e+01
9.874650000000000000e+08,-6.511603566984027225e+01,-7.961743739292967348e+01
9.874700000000000000e+08,-6.510615290670216382e+01,-7.961160342540944157e+01
9.874750000000000000e+08,-6.509620204052156112e+01,-7.960576734227336715e+01
9.874800000000000000e+08,-6.508618293220013129e+01,-7.959992913880873289e+01
9.874850000000000000e+08,-6.507609544108946409e+01,-7.959408881029037275e+01
9.874900000000000000e+08,-6.506593942498039951e+01,-7.958824635198099884e+01
9.874950000000000000e+08,-6.505571474009053645e+01,-7.958240175913019243e+01
9.875000000000000000e+08,-6.504542124105486778e+01,-7.957655502697487293e+01
9.875050000000000000e+08,-6.503505878091459635e+01,-7.957070615073961051e+01
9.875100000000000000e+08,-6.502462721110595112e+01,-7.956485512563597240e+01
9.875150000000000000e+08,-6.501412638144904577e+01,-7.955900194686263660e+01
9.875200000000000000e+08,-6.500355614013643901e+01,-7.955314660960540607e+01
9.875250000000000000e+08,-6.499291633372173749e+01,-7.954728910903752137e+01
9.875300000000000000e+08,-6.498220680710777231e+01,-7.954142944031887907e+01
9.875350000000000000e+08,-6.497142740353451984e+01,-7.953556759859635861e+01
9.875400000000000000e+08,-6.496057796456854305e+01,-7.952970357900423437e+01
9.875450000000000000e+08,-6.494965833008897960e+01,-7.952383737666320940e+01
9.875500000000000000e+08,-6.493866833827485152e+01,-7.951796898668079905e+01
9.875550000000000000e+08,-6.492760782559608401e+01,-7.951209840415189944e+01
9.875600000000000000e+08,-6.491647662679686448e+01,-7.950622562415757955e+01
9.875650000000000000e+08,-6.490527457488495600e+01,-7.950035064176566380e+01
9.875700000000000000e+08,-6.489400150111822541e+01,-7.949447345203101634e+01
9.875750000000000000e+08,-6.488265723499151250e+01,-7.948859404999475942e+01
9.875800000000000000e+08,-6.487124160422331443e+01,-7.948271243068455760e+01
9.875850000000000000e+08,-6.485975443474185909e+01,-7.947682858911468884e+01
9.875900000000000000e+08,-6.484819555067340957e+01,-7.947094252028604444e+01
9.875950000000000000e+08,-6.483656477432450060e+01,-7.946505421918556067e+01
9.876000000000000000e+08,-6.482486192617137988e+01,-7.945916368078668768e+01
9.876050000000000000e+08,-6.481308682484538508e+01,-7.945327090004936110e+01
9.876100000000000000e+08,-6.480123928711658721e+01,-7.944737587191949046e+01
9.876150000000000000e+08,-6.478931912788067393e+01,-7.944147859132910128e+01
9.876200000000000000e+08,-6.477732616014384348e+01,-7.943557905319686085e+01
9.876250000000000000e+08,-6.476526019500776954e+01,-7.942967725242704091e+01
9.876300000000000000e+08,-6.475312104165425353e+01,-7.942377318391004337e+01
9.876350000000000000e+08,-6.474090850733004743e+01,-7.941786684252232931e+01
9.876400000000000000e+08,-6.472862239733109391e+01,-7.941195822312651842e+01
9.876450000000000000e+08,-6.471626251498668125e+01,-7.940604732057063586e+01
9.876500000000000000e+08,-6.470382866164308666e+01,-7.940013412968882278e+01
9.876550000000000000e+08,-6.469132063664896748e+01,-7.939421864530100947e+01
9.876600000000000000e+08,-6.467873823733633287e+01,-7.938830086221285853e+01
9.876650000000000000e+08,-6.466608125900559401e+01,-7.938238077521536695e+01
9.876700000000000000e+08,-6.465334949490821259e+01,-7.937645837908564772e+01
9.876750000000000000e+08,-6.464054273622953417e+01,-7.937053366858600612e+01
9.876800000000000000e+08,-6.462766077207155035e+01,-7.936460663846430919e+01
9.876850000000000000e+08,-6.461470338943513525e+01,-7.935867728345411365e+01
9.876900000000000000e+08,-6.460167037320233874e+01,-7.935274559827418273e+01
9.876950000000000000e+08,-6.458856150611823921e+01,-7.934681157762831560e+01
9.877000000000000000e+08,-6.457537656877217103e+01,-7.934087521620600114e+01
9.877050000000000000e+08,-6.456211533958118309e+01,-7.933493650868201996e+01
9.877100000000000000e+08,-6.454877759476862309e+01,-7.932899544971601813e+01
9.877150000000000000e+08,-6.453536310834482492e+01,-7.932305203395272031e+01
9.877200000000000000e+08,-6.452187165209200259e+01,-7.931710625602228504e+01
9.877250000000000000e+08,-6.450830299553980751e+01,-7.931115811053962261e+01
9.877300000000000000e+08,-6.449465690594794864e+01,-7.930520759210432402e+01
9.877350000000000000e+08,-6.448093314828571465e+01,-7.929925469530144255e+01
9.877400000000000000e+08,-6.446713148521136816e+01,-7.929329941470042797e+01
9.877450000000000000e+08,-6.445325167705118474e+01,-7.928734174485549602e+01
9.877500000000000000e+08,-6.443929348178033933e+01,-7.928138168030586996e+01
9.877550000000000000e+08,-6.442525665499940146e+01,-7.927541921557508431e+01
9.877600000000000000e+08,-6.441114094991257844e+01,-7.926945434517161004e+01
9.877650000000000000e+08,-6.439694611730809015e+01,-7.926348706358791674e+01
9.877700000000000000e+08,-6.438267190553600017e+01,-7.925751736530155256e+01
9.877750000000000000e+08,-6.436831806048331828e+01,-7.925154524477419216e+01
9.877800000000000000e+08,-6.435388432555325267e+01,-7.924557069645149454e+01
9.877850000000000000e+08,-6.433937044164180463e+01,-7.923959371476431102e+01
9.877900000000000000e+08,-6.432477614711427805e+01,-7.923361429412688040e+01
9.877950000000000000e+08,-6.431010117778119195e+01,-7.922763242893776692e+01
9.878000000000000000e+08,-6.429534526687695006e+01,-7.922164811358018710e+01
9.878050000000000000e+08,-6.428050814503019694e+01,-7.921566134242071655e+01
9.878100000000000000e+08,-6.426558954024443437e+01,-7.920967210981029893e+01
9.878150000000000000e+08,-6.425058917786992652e+01,-7.920368041008353543e+01
9.878200000000000000e+08,-6.423550678058100516e+01,-7.919768623755919634e+01
9.878250000000000000e+08,-6.422034206834771908e+01,-7.919168958653968104e+01
9.878300000000000000e+08,-6.420509475840914604e+01,-7.918569045131104644e+01
9.878350000000000000e+08,-6.418976456525206231e+01,-7.917968882614320592e+01
9.878400000000000000e+08,-6.417435120057849929e+01,-7.917368470528954560e+01
9.878450000000000000e+08,-6.415885437328151397e+01,-7.916767808298681075e+01
9.878500000000000000e+08,-6.414327378941705149e+01,-7.916166895345571675e+01
9.878550000000000000e+08,-6.412760915217600655e+01,-7.915565731090003965e+01
9.878600000000000000e+08,-6.411186016185531855e+01,-7.914964314950667301e+01
9.878650000000000000e+08,-6.409602651583173838e+01,-7.914362646344653740e+01
9.878700000000000000e+08,-6.408010790852964078e+01,-7.913760724687296033e+01
9.878750000000000000e+08,-6.406410403139160792e+01,-7.913158549392291263e+01
9.878800000000000000e+08,-6.404801457285080346e+01,-7.912556119871614158e+01
9.878850000000000000e+08,-6.403183921830064662e+01,-7.911953435535573931e+01
9.878900000000000000e+08,-6.401557765006099032e+01,-7.911350495792754600e+01
9.878950000000000000e+08,-6.399922954734940816e+01,-7.910747300050016406e+01
9.879000000000000000e+08,-6.398279458624880789e+01,-7.910143847712534182e+01
9.879050000000000000e+08,-6.396627243967536458e+01,-7.909540138183736246e+01
9.879100000000000000e+08,-6.394966277734526017e+01,-7.908936170865304405e+01
9.879150000000000000e+08,-6.393296526574481220e+01,-7.908331945157223686e+01
9.879200000000000000e+08,-6.391617956809071188e+01,-7.907727460457694235e+01
9.879250000000000000e+08,-6.389930534430155262e+01,-7.907122716163158316e+01
9.879300000000000000e+08,-6.388234225096280738e+01,-7.906517711668348625e+01
9.879350000000000000e+08,-6.386528994128865122e+01,-7.905912446366190238e+01
9.879400000000000000e+08,-6.384814806508955343e+01,-7.905306919647841823e+01
9.879450000000000000e+08,-6.383091626873255109e+01,-7.904701130902654427e+01
9.879500000000000000e+08,-6.381359419511103681e+01,-7.904095079518273792e+01
9.879550000000000000e+08,-6.379618148360121666e+01,-7.903488764880458461e+01
9.879600000000000000e+08,-6.377867777002776251e+01,-7.902882186373201989e+01
9.879650000000000000e+08,-6.376108268662502354e+01,-7.902275343378707362e+01
9.879700000000000000e+08,-6.374339586199823771e+01,-7.901668235277330155e+01
9.879750000000000000e+08,-6.372561692108355658e+01,-7.901060861447608374e+01
9.879800000000000000e+08,-6.370774548511083424e+01,-7.900453221266273829e+01
9.879850000000000000e+08,-6.368978117155986496e+01,-7.899845314108185335e+01
9.879900000000000000e+08,-6.367172359411928539e+01,-7.899237139346379877e+01
9.879950000000000000e+08,-6.365357236264745211e+01,-7.898628696352010081e+01
9.880000000000000000e+08,-6.363532708313033481e+01,-7.898019984494420953e+01
9.880050000000000000e+08,-6.361698735763505397e+01,-7.897411003141039032e+01
9.880100000000000000e+08,-6.359855278426905301e+01,-7.896801751657430657e+01
9.880150000000000000e+08,-6.358002295713519914e+01,-7.896192229407294860e+01
9.880200000000000000e+08,-6.356139746628684861e+01,-7.895582435752424999e+01
9.880250000000000000e+08,-6.354267589768153357e+01,-7.894972370052688859e+01
9.880300000000000000e+08,-6.352385783313833656e+01,-7.894362031666116764e+01
9.880350000000000000e+08,-6.350494285028371166e+01,-7.893751419948773673e+01
9.880400000000000000e+08,-6.348593052251021618e+01,-7.893140534254789031e+01
9.880450000000000000e+08,-6.346682041892744053e+01,-7.892529373936417869e+01
9.880500000000000000e+08,-6.344761210430918652e+01,-7.891917938343934225e+01
9.880550000000000000e+08,-6.342830513904657153e+01,-7.891306226825682302e+01
9.880600000000000000e+08,-6.340889907909642886e+01,-7.890694238728033838e+01
9.880650000000000000e+08,-6.338939347593005635e+01,-7.890081973395452053e+01
9.880700000000000000e+08,-6.336978787648084221e+01,-7.889469430170366593e+01
9.880750000000000000e+08,-6.335008182309118041e+01,-7.888856608393257375e+01
9.880800000000000000e+08,-6.333027485345873941e+01,-7.888243507402646060e+01
9.880850000000000000e+08,-6.331036650058155857e+01,-7.887630126535020736e+01
9.880900000000000000e+08,-6.329035629270179442e+01,-7.887016465124865761e+01
9.880950000000000000e+08,-6.327024375325233052e+01,-7.886402522504708656e+01
9.881000000000000000e+08,-6.325002840079483946e+01,-7.885788298004997898e+01
9.881050000000000000e+08,-6.322970974896455942e+01,-7.885173790954176809e+01
9.881100000000000000e+08,-6.320928730641049498e+01,-7.884559000678689245e+01
9.881150000000000000e+08,-6.318876057673517010e+01,-7.883943926502887223e+01
9.881200000000000000e+08,-6.316812905843364234e+01,-7.883328567749087767e+01
9.881250000000000000e+08,-6.314739224483151503e+01,-7.882712923737548749e+01
9.881300000000000000e+08,-6.312654962402188374e+01,-7.882096993786473149e+01
9.881350000000000000e+08,-6.310560067880126667e+01,-7.881480777211977795e+01
9.881400000000000000e+08,-6.308454488660388648e+01,-7.880864273328077729e+01
9.881450000000000000e+08,-6.306338171943860971e+01,-7.880247481446731683e+01
9.881500000000000000e+08,-6.304211064381790663e+01,-7.879630400877758234e+01
9.881550000000000000e+08,-6.302073112068868710e+01,-7.879013030928871331e+01
9.881600000000000000e+08,-6.299924260537027010e+01,-7.878395370905705875e+01
9.881650000000000000e+08,-6.297764454747574803e+01,-7.877777420111725348e+01
9.881700000000000000e+08,-6.295593639084436433e+01,-7.877159177848231764e+01
9.881750000000000000e+08,-6.293411757346798652e+01,-7.876540643414472243e+01
9.881800000000000000e+08,-6.291218752741697529e+01,-7.875921816107457119e+01
9.881850000000000000e+08,-6.289014567876492379e+01,-7.875302695222057991e+01
9.881900000000000000e+08,-6.286799144751146429e+01,-7.874683280050966516e+01
9.881950000000000000e+08,-6.284572424750856356e+01,-7.874063569884711455e+01
9.882000000000000000e+08,-6.282334348637311905e+01,-7.873443564011616047e+01
9.882050000000000000e+08,-6.280084856541414240e+01,-7.872823261717796584e+01
9.882100000000000000e+08,-6.277823887955025839e+01,-7.872202662287183728e+01
9.882150000000000000e+08,-6.275551381722224420e+01,-7.871581765001468511e+01
9.882200000000000000e+08,-6.273267276031204176e+01,-7.870960569140100915e+01
9.882250000000000000e+08,-6.270971508405595074e+01,-7.870339073980342448e+01
9.882300000000000000e+08,-6.268664015695719627e+01,-7.869717278797163829e+01
9.882350000000000000e+08,-6.266344734069708267e+01,-7.869095182863289040e+01
9.882400000000000000e+08,-6.264013599004460531e+01,-7.868472785449165485e+01
9.882450000000000000e+08,-6.261670545276453481e+01,-7.867850085823016570e+01
9.882500000000000000e+08,-6.259315506952383146e+01,-7.867227083250718067e+01
9.882550000000000000e+08,-6.256948417379561533e+01,-7.866603776995869168e+01
9.882600000000000000e+08,-6.254569209176609235e+01,-7.865980166319799594e+01
9.882650000000000000e+08,-6.252177814223146157e+01,-7.865356250481488587e+01
9.882700000000000000e+08,-6.249774163649683345e+01,-7.864732028737576286e+01
9.882750000000000000e+08,-6.247358187828258735e+01,-7.864107500342436197e+01
9.882800000000000000e+08,-6.244929816361143082e+01,-7.863482664548027401e+01
9.882850000000000000e+08,-6.242488978070748828e+01,-7.862857520603994033e+01
9.882900000000000000e+08,-6.240035600988796460e+01,-7.862232067757611276e+01
9.882950000000000000e+08,-6.237569612345383518e+01,-7.861606305253769733e+01
9.883000000000000000e+08,-6.235090938557866735e+01,-7.860980232335002427e+01
9.883050000000000000e+08,-6.232599505219428693e+01,-7.860353848241386743e+01
9.883100000000000000e+08,-6.230095237088047355e+01,-7.859727152210692225e+01
9.883150000000000000e+08,-6.227578058073797251e+01,-7.859100143478202938e+01
9.883200000000000000e+08,-6.225047891227765717e+01,-7.858472821276772891e+01
9.883250000000000000e+08,-6.222504658729807403e+01,-7.857845184836891406e+01
9.883300000000000000e+08,-6.219948281875673501e+01,-7.857217233386529642e+01
9.883350000000000000e+08,-6.217378681064793255e+01,-7.856588966151225861e+01
9.883400000000000000e+08,-6.214795775787347765e+01,-7.855960382354089688e+01
9.883450000000000000e+08,-6.212199484611190314e+01,-7.855331481215695533e+01
9.883500000000000000e+08,-6.209589725168439145e+01,-7.854702261954152220e+01
9.883550000000000000e+08,-6.206966414142425492e+01,-7.854072723785107257e+01
9.883600000000000000e+08,-6.204329467252865982e+01,-7.853442865921641669e+01
9.883650000000000000e+08,-6.201678799242821327e+01,-7.852812687574359529e+01
9.883700000000000000e+08,-6.199014323863746512e+01,-7.852182187951301273e+01
9.883750000000000000e+08,-6.196335953861417067e+01,-7.851551366258001963e+01
9.883800000000000000e+08,-6.193643600960541562e+01,-7.850920221697414547e+01
9.883850000000000000e+08,-6.190937175849497009e+01,-7.850288753469935443e+01
9.883900000000000000e+08,-6.188216588165840193e+01,-7.849656960773417325e+01
9.883950000000000000e+08,-6.185481746479518961e+01,-7.849024842803083857e+01
9.884000000000000000e+08,-6.182732558277373869e+01,-7.848392398751562382e+01
9.884050000000000000e+08,-6.179968929946691958e+01,-7.847759627808923710e+01
9.884100000000000000e+08,-6.177190766758552343e+01,-7.847126529162579800e+01
9.884150000000000000e+08,-6.174397972850849214e+01,-7.846493101997310760e+01
9.884200000000000000e+08,-6.171590451210886386e+01,-7.845859345495236425e+01
9.884250000000000000e+08,-6.168768103658280211e+01,-7.845225258835901627e+01
9.884300000000000000e+08,-6.165930830825888620e+01,-7.844590841196097131e+01
9.884350000000000000e+08,-6.163078532142446164e+01,-7.843956091749977588e+01
9.884400000000000000e+08,-6.160211105813779398e+01,-7.843321009669023169e+01
9.884450000000000000e+08,-6.157328448803176713e+01,-7.842685594121968506e+01
9.884500000000000000e+08,-6.154430456812391270e+01,-7.842049844274885118e+01
9.884550000000000000e+08,-6.151517024261701749e+01,-7.841413759291094721e+01
9.884600000000000000e+08,-6.148588044269686037e+01,-7.840777338331193391e+01
9.884650000000000000e+08,-6.145643408632473381e+01,-7.840140580552998983e+01
9.884700000000000000e+08,-6.142683007803277917e+01,-7.839503485111617920e+01
9.884750000000000000e+08,-6.139706730869774987e+01,-7.838866051159368453e+01
9.884800000000000000e+08,-6.136714465533338370e+01,-7.838228277845759351e+01
9.884850000000000000e+08,-6.133706098086005198e+01,-7.837590164317506947e+01
9.884900000000000000e+08,-6.130681513388246628e+01,-7.836951709718577774e+01
9.884950000000000000e+08,-6.127640594844979205e+01,-7.836312913190043616e+01
9.885000000000000000e+08,-6.124583224382281088e+01,-7.835673773870165348e+01
9.885050000000000000e+08,-6.121509282423026832e+01,-7.835034290894378728e+01
9.885100000000000000e+08,-6.118418647862129234e+01,-7.834394463395250341e+01
9.885150000000000000e+08,-6.115311198041269591e+01,-7.833754290502457707e+01
9.885200000000000000e+08,-6.112186808723096476e+01,-7.833113771342817699e+01
9.885250000000000000e+08,-6.109045354064885203e+01,-7.832472905040236810e+01
9.885300000000000000e+08,-6.105886706591512336e+01,-7.831831690715706884e+01
9.885350000000000000e+08,-6.102710737168482780e+01,-7.831190127487329278e+01
9.885400000000000000e+08,-6.099517314973128634e+01,-7.830548214470228174e+01
9.885450000000000000e+08,-6.096306307466577579e+01,-7.829905950776601742e+01
9.885500000000000000e+08,-6.093077580363726042e+01,-7.829263335515665290e+01
9.885550000000000000e+08,-6.089830997604595098e+01,-7.828620367793705270e+01
9.885600000000000000e+08,-6.086566421322521592e+01,-7.827977046713976961e+01
9.885650000000000000e+08,-6.083283711813567862e+01,-7.827333371376722937e+01
9.885700000000000000e+08,-6.079982727504508944e+01,-7.826689340879232759e+01
9.885750000000000000e+08,-6.076663324920218656e+01,-7.826044954315707969e+01
9.885800000000000000e+08,-6.073325358650233596e+01,-7.825400210777316090e+01
9.885850000000000000e+08,-6.069968681315216941e+01,-7.824755109352213367e+01
9.885900000000000000e+08,-6.066593143531495969e+01,-7.824109649125429655e+01
9.885950000000000000e+08,-6.063198593875466713e+01,-7.823463829178936635e+01
9.886000000000000000e+08,-6.059784878847729317e+01,-7.822817648591600914e+01
9.886050000000000000e+08,-6.056351842835894672e+01,-7.822171106439202504e+01
9.886100000000000000e+08,-6.052899328075859842e+01,-7.821524201794372289e+01
9.886150000000000000e+08,-6.049427174613423830e+01,-7.820876933726582081e+01
9.886200000000000000e+08,-6.045935220264357923e+01,-7.820229301302204306e+01
9.886250000000000000e+08,-6.042423300573680933e+01,-7.819581303584405418e+01
9.886300000000000000e+08,-6.038891248773860809e+01,-7.818932939633155854e+01
9.886350000000000000e+08,-6.035338895742903276e+01,-7.818284208505279764e+01
9.886400000000000000e+08,-6.031766069959337528e+01,-7.817635109254348436e+01
9.886450000000000000e+08,-6.028172597458829785e+01,-7.816985640930701607e+01
9.886500000000000000e+08,-6.024558301788389514e+01,-7.816335802581480152e+01
9.886550000000000000e+08,-6.020923003958891684e+01,-7.815685593250537977e+01
9.886600000000000000e+08,-6.017266522397925144e+01,-7.815035011978464752e+01
9.886650000000000000e+08,-6.013588672899927445e+01,-7.814384057802547545e+01
9.886700000000000000e+08,-6.009889268577446586e+01,-7.813732729756813455e+01
9.886750000000000000e+08,-6.006168119808322103e+01,-7.813081026871952872e+01
9.886800000000000000e+08,-6.002425034183777086e+01,-7.812428948175295318e+01
9.886850000000000000e+08,-5.998659816454376426e+01,-7.811776492690893292e+01
9.886900000000000000e+08,-5.994872268474807697e+01,-7.811123659439387268e+01
9.886950000000000000e+08,-5.991062189147169192e+01,-7.810470447438015640e+01
9.887000000000000000e+08,-5.987229374363608514e+01,-7.809816855700711358e+01
9.887050000000000000e+08,-5.983373616946177975e+01,-7.809162883237928554e+01
9.887100000000000000e+08,-5.979494706585796848e+01,-7.808508529056697967e+01
9.887150000000000000e+08,-5.975592429781244874e+01,-7.807853792160666728e+01
9.887200000000000000e+08,-5.971666569773666566e+01,-7.807198671549984681e+01
9.887250000000000000e+08,-5.967716906481766159e+01,-7.806543166221327112e+01
9.887300000000000000e+08,-5.963743216434417604e+01,-7.805887275167887651e+01
9.887350000000000000e+08,-5.959745272701714214e+01,-7.805230997379374003e+01
9.887400000000000000e+08,-5.955722844824246920e+01,-7.804574331841963897e+01
9.887450000000000000e+08,-5.951675698740412912e+01,-7.803917277538280928e+01
9.887500000000000000e+08,-5.947603596712794172e+01,-7.803259833447440030e+01
9.887550000000000000e+08,-5.943506297250205250e+01,-7.802601998544933792e+01
9.887600000000000000e+08,-5.939383555030782702e+01,-7.801943771802706351e+01
9.887650000000000000e+08,-5.935235120821428723e+01,-7.801285152189100813e+01
9.887700000000000000e+08,-5.931060741394457381e+01,-7.800626138668816623e+01
9.887750000000000000e+08,-5.926860159443685205e+01,-7.799966730202930876e+01
9.887800000000000000e+08,-5.922633113496448232e+01,-7.799306925748855690e+01
9.887850000000000000e+08,-5.918379337825943054e+01,-7.798646724260380836e+01
9.887900000000000000e+08,-5.914098562357821010e+01,-7.797986124687548681e+01
9.887950000000000000e+08,-5.909790512576798704e+01,-7.797325125976696825e+01
9.888000000000000000e+08,-5.905454909429693089e+01,-7.796663727070523464e+01
9.888050000000000000e+08,-5.901091469225970343e+01,-7.796001926907888446e+01
9.888100000000000000e+08,-5.896699903535370169e+01,-7.795339724423938321e+01
9.888150000000000000e+08,-5.892279919083585327e+01,-7.794677118550070816e+01
9.888200000000000000e+08,-5.887831217643420700e+01,-7.794014108213838199e+01
9.888250000000000000e+08,-5.883353495923622489e+01,-7.793350692339009811e+01
9.888300000000000000e+08,-5.878846445456365188e+01,-7.792686869845537956e+01
9.888350000000000000e+08,-5.874309752478113467e+01,-7.792022639649512428e+01
9.888400000000000000e+08,-5.869743097809823240e+01,-7.791358000663159089e+01
9.888450000000000000e+08,-5.865146156732588167e+01,-7.790692951794798660e+01
9.888500000000000000e+08,-5.860518598859911066e+01,-7.790027491948922034e+01
9.888550000000000000e+08,-5.855860088006242137e+01,-7.789361620026035382e+01
9.888600000000000000e+08,-5.851170282051508309e+01,-7.788695334922694258e+01
9.888650000000000000e+08,-5.846448832802806805e+01,-7.788028635531573229e+01
9.888700000000000000e+08,-5.841695385849148892e+01,-7.787361520741319509e+01
9.888750000000000000e+08,-5.836909580415522925e+01,-7.786693989436551533e+01
9.888800000000000000e+08,-5.832091049210699651e+01,-7.786026040497958434e+01
9.888850000000000000e+08,-5.827239418269654436e+01,-7.785357672802136619e+01
9.888900000000000000e+08,-5.822354306793008050e+01,-7.784688885221623877e+01
9.888950000000000000e+08,-5.817435326980587718e+01,-7.784019676624950534e+01
9.889000000000000000e+08,-5.812482083860098214e+01,-7.783350045876478873e+01
9.889050000000000000e+08,-5.807494175110522860e+01,-7.782679991836504030e+01
9.889100000000000000e+08,-5.802471190880049079e+01,-7.782009513361170150e+01
9.889150000000000000e+08,-5.797412713598323819e+01,-7.781338609302500231e+01
9.889200000000000000e+08,-5.792318317782820714e+01,-7.780667278508312279e+01
9.889250000000000000e+08,-5.787187569838889090e+01,-7.779995519822243466e+01
9.889300000000000000e+08,-5.782020027854500910e+01,-7.779323332083743026e+01
9.889350000000000000e+08,-5.776815241386338329e+01,-7.778650714128004040e+01
9.889400000000000000e+08,-5.771572751241113508e+01,-7.777977664785957757e+01
9.889450000000000000e+08,-5.766292089248757691e+01,-7.777304182884310535e+01
9.889500000000000000e+08,-5.760972778028416741e+01,-7.776630267245435846e+01
9.889550000000000000e+08,-5.755614330746799112e+01,-7.775955916687384217e+01
9.889600000000000000e+08,-5.750216250868541579e+01,-7.775281130023914500e+01
9.889650000000000000e+08,-5.744778031898276538e+01,-7.774605906064400074e+01
9.889700000000000000e+08,-5.739299157114081140e+01,-7.773930243613833113e+01
9.889750000000000000e+08,-5.733779099291741232e+01,-7.773254141472820322e+01
9.889800000000000000e+08,-5.728217320420780823e+01,-7.772577598437555935e+01
9.889850000000000000e+08,-5.722613271408779667e+01,-7.771900613299771976e+01
9.889900000000000000e+08,-5.716966391776456646e+01,-7.771223184846752474e+01
9.889950000000000000e+08,-5.711276109344468921e+01,-7.770545311861303617e+01
9.890000000000000000e+08,-5.705541839904961421e+01,-7.769866993121706855e+01
9.890050000000000000e+08,-5.699762986885066596e+01,-7.769188227401706115e+01
9.890100000000000000e+08,-5.693938940997128384e+01,-7.768509013470539060e+01
9.890150000000000000e+08,-5.688069079876715506e+01,-7.767829350092834773e+01
9.890200000000000000e+08,-5.682152767707697194e+01,-7.767149236028619441e+01
9.890250000000000000e+08,-5.676189354833533685e+01,-7.766468670033297883e+01
9.890300000000000000e+08,-5.670178177355939653e+01,-7.765787650857697599e+01
9.890350000000000000e+08,-5.664118556715163066e+01,-7.765106177247915298e+01
9.890400000000000000e+08,-5.658009799259503581e+01,-7.764424247945352420e+01
9.890450000000000000e+08,-5.651851195796378136e+01,-7.763741861686769141e+01
9.890500000000000000e+08,-5.645642021125571830e+01,-7.763059017204128054e+01
9.890550000000000000e+08,-5.639381533557213544e+01,-7.762375713224642482e+01
9.890600000000000000e+08,-5.633068974410156926e+01,-7.761691948470797797e+01
9.890650000000000000e+08,-5.626703567491454550e+01,-7.761007721660214997e+01
9.890700000000000000e+08,-5.620284518555524755e+01,-7.760323031505693336e+01
9.890750000000000000e+08,-5.613811014743872363e+01,-7.759637876715231641e+01
9.890800000000000000e+08,-5.607282223998954862e+01,-7.758952255991883362e+01
9.890850000000000000e+08,-5.600697294460247377e+01,-7.758266168033854626e+01
9.890900000000000000e+08,-5.594055353832012401e+01,-7.757579611534374919e+01
9.890950000000000000e+08,-5.587355508728756348e+01,-7.756892585181793720e+01
9.891000000000000000e+08,-5.580596843991501288e+01,-7.756205087659427022e+01
9.891050000000000000e+08,-5.573778421977350206e+01,-7.755517117645587177e+01
9.891100000000000000e+08,-5.566899281822689716e+01,-7.754828673813628370e+01
9.891150000000000000e+08,-5.559958438670604153e+01,-7.754139754831791720e+01
9.891200000000000000e+08,-5.552954882870301390e+01,-7.753450359363243649e+01
9.891250000000000000e+08,-5.545887579141194834e+01,-7.752760486066109991e+01
9.891300000000000000e+08,-5.538755465701817116e+01,-7.752070133593306878e+01
9.891350000000000000e+08,-5.531557453361219956e+01,-7.751379300592668642e+01
9.891400000000000000e+08,-5.524292424572684013e+01,-7.750687985706809968e+01
9.891450000000000000e+08,-5.516959232443591077e+01,-7.749996187573172790e+01
9.891500000000000000e+08,-5.509556699703401250e+01,-7.749303904823928235e+01
9.891550000000000000e+08,-5.502083617627160095e+01,-7.748611136085992257e+01
9.891600000000000000e+08,-5.494538744909785777e+01,-7.747917879981072531e+01
9.891650000000000000e+08,-5.486920806488114266e+01,-7.747224135125479449e+01
9.891700000000000000e+08,-5.479228492312250864e+01,-7.746529900130182966e+01
9.891750000000000000e+08,-5.471460456059056554e+01,-7.745835173600882229e+01
9.891800000000000000e+08,-5.463615313786444716e+01,-7.745139954137795257e+01
9.891850000000000000e+08,-5.455691642524566021e+01,-7.744444240335734264e+01
9.891900000000000000e+08,-5.447687978802602515e+01,-7.743748030784095704e+01
9.891950000000000000e+08,-5.439602817100605137e+01,-7.743051324066777852e+01
9.892000000000000000e+08,-5.431434608233648476e+01,-7.742354118762180804e+01
9.892050000000000000e+08,-5.423181757652418611e+01,-7.741656413443165263e+01
9.892100000000000000e+08,-5.414842623664367238e+01,-7.740958206677052544e+01
9.892150000000000000e+08,-5.406415515563652008e+01,-7.740259497025560620e+01
9.892200000000000000e+08,-5.397898691669212923e+01,-7.739560283044774280e+01
9.892250000000000000e+08,-5.389290357267561404e+01,-7.738860563285183503e+01
9.892300000000000000e+08,-5.380588662444296233e+01,-7.738160336291559815e+01
9.892350000000000000e+08,-5.371791699809567433e+01,-7.737459600602957721e+01
9.892400000000000000e+08,-5.362897502103418645e+01,-7.736758354752753064e+01
9.892450000000000000e+08,-5.353904039675974502e+01,-7.736056597268527923e+01
9.892500000000000000e+08,-5.344809217833866199e+01,-7.735354326672033665e+01
9.892550000000000000e+08,-5.335610874046560070e+01,-7.734651541479267678e+01
9.892600000000000000e+08,-5.326306774998256799e+01,-7.733948240200356850e+01
9.892650000000000000e+08,-5.316894613480620535e+01,-7.733244421339495034e+01
9.892700000000000000e+08,-5.307372005115472291e+01,-7.732540083394992791e+01
9.892750000000000000e+08,-5.297736484893002284e+01,-7.731835224859250388e+01
9.892800000000000000e+08,-5.287985503512619090e+01,-7.731129844218644109e+01
9.892850000000000000e+08,-5.278116423518621048e+01,-7.730423939953558943e+01
9.892900000000000000e+08,-5.268126515210920502e+01,-7.729717510538351632e+01
9.892950000000000000e+08,-5.258012952317564981e+01,-7.729010554441288150e+01
9.893000000000000000e+08,-5.247772807411468676e+01,-7.728303070124547958e+01
9.893050000000000000e+08,-5.237403047056101713e+01,-7.727595056044178534e+01
9.893100000000000000e+08,-5.226900526651615309e+01,-7.726886510650055584e+01
9.893150000000000000e+08,-5.216261984974261168e+01,-7.726177432385840405e+01
9.893200000000000000e+08,-5.205484038373873545e+01,-7.725467819688999782e+01
9.893250000000000000e+08,-5.194563174606430067e+01,-7.724757670990719305e+01
9.893300000000000000e+08,-5.183495746280087246e+01,-7.724046984715874942e+01
9.893350000000000000e+08,-5.172277963878727292e+01,-7.723335759282997515e+01
9.893400000000000000e+08,-5.160905888333117986e+01,-7.722623993104336648e+01
9.893450000000000000e+08,-5.149375423103778360e+01,-7.721911684585650448e+01
9.893500000000000000e+08,-5.137682305736856136e+01,-7.721198832126296452e+01
9.893550000000000000e+08,-5.125822098850677833e+01,-7.720485434119207468e+01
9.893600000000000000e+08,-5.113790180506704530e+01,-7.719771488950772209e+01
9.893650000000000000e+08,-5.101581733913660344e+01,-7.719056995000839549e+01
9.893700000000000000e+08,-5.089191736412281841e+01,-7.718341950642739846e+01
9.893750000000000000e+08,-5.076614947672136680e+01,-7.717626354243155617e+01
9.893800000000000000e+08,-5.063845897043965039e+01,-7.716910204162140019e+01
9.893850000000000000e+08,-5.050878869982619079e+01,-7.716193498753068525e+01
9.893900000000000000e+08,-5.037707893473346132e+01,-7.715476236362638929e+01
9.893950000000000000e+08,-5.024326720352857478e+01,-7.714758415330774710e+01
9.894000000000000000e+08,-5.010728812444634173e+01,-7.714040033990583822e+01
9.894050000000000000e+08,-4.996907322387967554e+01,-7.713321090668451063e+01
9.894100000000000000e+08,-4.982855074043223453e+01,-7.712601583683833439e+01
9.894150000000000000e+08,-4.968564541337963192e+01,-7.711881511349284324e+01
9.894200000000000000e+08,-4.954027825408263652e+01,-7.711160871970493247e+01
9.894250000000000000e+08,-4.939236629861368044e+01,-7.710439663846146630e+01
9.894300000000000000e+08,-4.924182233982591583e+01,-7.709717885267892257e+01
9.894350000000000000e+08,-4.908855463684921006e+01,-7.708995534520428805e+01
9.894400000000000000e+08,-4.893246659953835120e+01,-7.708272609881288417e+01
9.894450000000000000e+08,-4.877345644551580506e+01,-7.707549109620919126e+01
9.894500000000000000e+08,-4.861141682680710119e+01,-7.706825032002620901e+01
9.894550000000000000e+08,-4.844623442289091031e+01,-7.706100375282490234e+01
9.894600000000000000e+08,-4.827778949654003071e+01,-7.705375137709390287e+01
9.894650000000000000e+08,-4.810595540837874751e+01,-7.704649317524904006e+01
9.894700000000000000e+08,-4.793059808562475155e+01,-7.703922912963317060e+01
9.894750000000000000e+08,-4.775157543969797302e+01,-7.703195922251559580e+01
9.894800000000000000e+08,-4.756873672710048595e+01,-7.702468343609126578e+01
9.894850000000000000e+08,-4.738192184675845908e+01,-7.701740175248170317e+01
9.894900000000000000e+08,-4.719096056638028358e+01,-7.701011415373291413e+01
9.894950000000000000e+08,-4.699567166944164143e+01,-7.700282062181571519e+01
9.895000000000000000e+08,-4.679586201304837800e+01,-7.699552113862615954e+01
9.895050000000000000e+08,-4.659132548575294663e+01,-7.698821568598346232e+01
9.895100000000000000e+08,-4.638184185282683103e+01,-7.698090424563106637e+01
9.895150000000000000e+08,-4.616717547475431616e+01,-7.697358679923495117e+01
9.895200000000000000e+08,-4.594707388271281445e+01,-7.696626332838465601e+01
9.895250000000000000e+08,-4.572126619251620383e+01,-7.695893381459133309e+01
9.895300000000000000e+08,-4.548946133587575957e+01,-7.695159823928845810e+01
9.895350000000000000e+08,-4.525134608493110733e+01,-7.694425658383114808e+01
9.895400000000000000e+08,-4.500658284245629659e+01,-7.693690882949505294e+01
9.895450000000000000e+08,-4.475480716663798830e+01,-7.692955495747656869e+01
9.895500000000000000e+08,-4.449562499511378633e+01,-7.692219494889275211e+01
9.895550000000000000e+08,-4.422860952806340151e+01,-7.691482878477982865e+01
9.895600000000000000e+08,-4.395329772601974128e+01,-7.690745644609349085e+01
9.895650000000000000e+08,-4.366918637269036196e+01,-7.690007791370794621e+01
9.895700000000000000e+08,-4.337572764890605725e+01,-7.689269316841669877e+01
9.895750000000000000e+08,-4.307232416029962963e+01,-7.688530219093016171e+01
9.895800000000000000e+08,-4.275832336004612699e+01,-7.687790496187653844e+01
9.895850000000000000e+08,-4.243301131086150235e+01,-7.687050146180138199e+01
9.895900000000000000e+08,-4.209560573991845445e+01,-7.686309167116638719e+01
9.895950000000000000e+08,-4.174524836289411667e+01,-7.685567557034922004e+01
9.896000000000000000e+08,-4.138099649435150695e+01,-7.684825313964365989e+01
9.896050000000000000e+08,-4.100181403677677849e+01,-7.684082435925823518e+01
9.896100000000000000e+08,-4.060656206923337663e+01,-7.683338920931592497e+01
9.896150000000000000e+08,-4.019398947259727350e+01,-7.682594766985448587e+01
9.896200000000000000e+08,-3.976272438868537051e+01,-7.681849972082493139e+01
9.896250000000000000e+08,-3.931126790587448028e+01,-7.681104534209138990e+01
9.896300000000000000e+08,-3.883799234594549432e+01,-7.680358451343055037e+01
9.896350000000000000e+08,-3.834114814676519245e+01,-7.679611721453218820e+01
9.896400000000000000e+08,-3.781888600973969972e+01,-7.678864342499696249e+01
9.896450000000000000e+08,-3.726930539929232111e+01,-7.678116312433670032e+01
9.896500000000000000e+08,-3.669054777280128832e+01,-7.677367629197455301e+01
9.896550000000000000e+08,-3.608096488282195935e+01,-7.676618290724329086e+01
9.896600000000000000e+08,-3.543941184549653656e+01,-7.675868294938555891e+01
9.896650000000000000e+08,-3.476574500609022778e+01,-7.675117639755347909e+01
9.896700000000000000e+08,-3.406164913456800747e+01,-7.674366323080711538e+01
9.896750000000000000e+08,-3.333197443494384515e+01,-7.673614342811529809e+01
9.896800000000000000e+08,-3.258680572425818411e+01,-7.672861696835437328e+01
9.896850000000000000e+08,-3.184442375000516989e+01,-7.672108383030743539e+01
9.896900000000000000e+08,-3.113492307813898918e+01,-7.671354399266438406e+01
9.896950000000000000e+08,-3.050312778509184852e+01,-7.670599743402068782e+01
9.897000000000000000e+08,-3.000743496601390348e+01,-7.669844413287819407e+01
9.897050000000000000e+08,-2.970983985003172023e+01,-7.669088406764281274e+01
9.897100000000000000e+08,-2.965606092928705451e+01,-7.668331721662481471e+01
9.897150000000000000e+08,-2.985533435732550700e+01,-7.667574355803908759e+01
9.897200000000000000e+08,-3.027579515415463618e+01,-7.666816307000306097e+01
9.897250000000000000e+08,-3.085965873794502912e+01,-7.666057573053677743e+01
9.897300000000000000e+08,-3.154510248031935760e+01,-7.665298151756314837e+01
9.897350000000000000e+08,-3.228089077391495465e+01,-7.664538040890589343e+01
9.897400000000000000e+08,-3.303079367236413333e+01,-7.663777238229013733e+01
9.897450000000000000e+08,-3.377188385907131618e+01,-7.663015741534110248e+01
9.897500000000000000e+08,-3.449095390267337535e+01,-7.662253548558436478e+01
9.897550000000000000e+08,-3.518119853247498696e+01,-7.661490657044420516e+01
9.897600000000000000e+08,-3.583976826523128523e+01,-7.660727064724389379e+01
9.897650000000000000e+08,-3.646614406420227539e+01,-7.659962769320472376e+01
9.897700000000000000e+08,-3.706111555281997028e+01,-7.659197768544535734e+01
9.897750000000000000e+08,-3.762615939657659681e+01,-7.658432060098137129e+01
9.897800000000000000e+08,-3.816306991211943256e+01,-7.657665641672467416e+01
9.897850000000000000e+08,-3.867374448610740245e+01,-7.656898510948295211e+01
9.897900000000000000e+08,-3.916006258908389981e+01,-7.656130665595834728e+01
9.897950000000000000e+08,-3.962382079037630689e+01,-7.655362103274821095e+01
9.898000000000000000e+08,-4.006670094055327525e+01,-7.654592821634342670e+01
9.898050000000000000e+08,-4.049025772642543330e+01,-7.653822818312764298e+01
9.898100000000000000e+08,-4.089591729014494348e+01,-7.653052090937735841e+01
9.898150000000000000e+08,-4.128498192524985200e+01,-7.652280637126138174e+01
9.898200000000000000e+08,-4.165863787380381211e+01,-7.651508454483908395e+01
9.898250000000000000e+08,-4.201796446712670274e+01,-7.650735540606073926e+01
9.898300000000000000e+08,-4.236394359183836400e+01,-7.649961893076689989e+01
9.898350000000000000e+08,-4.269746891101711839e+01,-7.649187509468690394e+01
9.898400000000000000e+08,-4.301935453920853547e+01,-7.648412387343901742e+01
9.898450000000000000e+08,-4.333034303209387872e+01,-7.647636524252968115e+01
9.898500000000000000e+08,-4.363111264592699712e+01,-7.646859917735231704e+01
9.898550000000000000e+08,-4.392228387601803519e+01,-7.646082565318693014e+01
9.898600000000000000e+08,-4.420442531268479058e+01,-7.645304464520010868e+01
9.898650000000000000e+08,-4.447805886759574889e+01,-7.644525612844306295e+01
9.898700000000000000e+08,-4.474366442843291480e+01,-7.643746007785192376e+01
9.898750000000000000e+08,-4.500168400018623061e+01,-7.642965646824630710e+01
9.898800000000000000e+08,-4.525252538878553565e+01,-7.642184527432993946e+01
9.898850000000000000e+08,-4.549656547856579181e+01,-7.641402647068817089e+01
9.898900000000000000e+08,-4.573415315019239813e+01,-7.640620003178815978e+01
9.898950000000000000e+08,-4.596561188114201713e+01,-7.639836593197900072e+01
9.899000000000000000e+08,-4.619124206597099658e+01,-7.639052414548908132e+01
9.899050000000000000e+08,-4.641132308936140305e+01,-7.638267464642686377e+01
9.899100000000000000e+08,-4.662611518091647866e+01,-7.637481740878033065e+01
9.899150000000000000e+08,-4.683586107740036653e+01,-7.636695240641441274e+01
9.899200000000000000e+08,-4.704078751448588491e+01,-7.635907961307212588e+01
9.899250000000000000e+08,-4.724110656788550955e+01,-7.635119900237346258e+01
9.899300000000000000e+08,-4.743701686098826542e+01,-7.634331054781368664e+01
9.899350000000000000e+08,-4.762870465395226915e+01,-7.633541422276378796e+01
9.899400000000000000e+08,-4.781634482764139449e+01,-7.632751000046835088e+01
9.899450000000000000e+08,-4.800010177378861442e+01,-7.631959785404654895e+01
9.899500000000000000e+08,-4.818013020186479878e+01,-7.631167775649002749e+01
9.899550000000000000e+08,-4.835657587134487301e+01,-7.630374968066212205e+01
9.899600000000000000e+08,-4.852957625743758996e+01,-7.629581359929809992e+01
9.899650000000000000e+08,-4.869926115719274407e+01,-7.628786948500335541e+01
9.899700000000000000e+08,-4.886575324215680638e+01,-7.627991731025264244e+01
9.899750000000000000e+08,-4.902916856298172377e+01,-7.627195704739062876e+01
9.899800000000000000e+08,-4.918961701090913152e+01,-7.626398866862901116e+01
9.899850000000000000e+08,-4.934720274031241871e+01,-7.625601214604722600e+01
9.899900000000000000e+08,-4.950202455611190544e+01,-7.624802745159104234e+01
9.899950000000000000e+08,-4.965417626950237207e+01,-7.624003455707210719e+01
9.900000000000000000e+08,-4.980374702501381989e+01,-7.623203343416641076e+01
9.900050000000000000e+08,-4.995082160151071804e+01,-7.622402405441408746e+01
9.900100000000000000e+08,-5.009548068962821787e+01,-7.621600638921849225e+01
9.900150000000000000e+08,-5.023780114776245398e+01,-7.620798040984512056e+01
9.900200000000000000e+08,-5.037785623856046158e+01,-7.619994608742031517e+01
9.900250000000000000e+08,-5.051571584760421274e+01,-7.619190339293200509e+01
9.900300000000000000e+08,-5.065144668597150712e+01,-7.618385229722700558e+01
9.900350000000000000e+08,-5.078511247788084404e+01,-7.617579277101066282e+01
9.900400000000000000e+08,-5.091677413485634673e+01,-7.616772478484702447e+01
9.900450000000000000e+08,-5.104648991751847120e+01,-7.615964830915633854e+01
9.900500000000000000e+08,-5.117431558595698249e+01,-7.615156331421532343e+01
9.900550000000000000e+08,-5.130030453973741089e+01,-7.614346977015551943e+01
9.900600000000000000e+08,-5.142450794824350169e+01,-7.613536764696321768e+01
9.900650000000000000e+08,-5.154697487231609898e+01,-7.612725691447762699e+01
9.900700000000000000e+08,-5.166775237770149687e+01,-7.611913754239024854e+01
9.900750000000000000e+08,-5.178688564105625858e+01,-7.611100950024473377e+01
9.900800000000000000e+08,-5.190441804904999401e+01,-7.610287275743431223e+01
9.900850000000000000e+08,-5.202039129110372073e+01,-7.609472728320230317e+01
9.900900000000000000e+08,-5.213484544621616124e+01,-7.608657304664086496e+01
9.900950000000000000e+08,-5.224781906438590795e+01,-7.607841001668917613e+01
9.901000000000000000e+08,-5.235934924296719828e+01,-7.607023816213340695e+01
9.901050000000000000e+08,-5.246947169830229996e+01,-7.606205745160558251e+01
9.901100000000000000e+08,-5.257822083310281158e+01,-7.605386785358226120e+01
9.901150000000000000e+08,-5.268562979973015814e+01,-7.604566933638345461e+01
9.901200000000000000e+08,-5.279173055975814322e+01,-7.603746186817203068e+01
9.901250000000000000e+08,-5.289655394004611821e+01,-7.602924541695304583e+01
9.901300000000000000e+08,-5.300012968556799819e+01,-7.602101995057142858e+01
9.901350000000000000e+08,-5.310248650922243030e+01,-7.601278543671213583e+01
9.901400000000000000e+08,-5.320365213879890121e+01,-7.600454184289895920e+01
9.901450000000000000e+08,-5.330365336137715815e+01,-7.599628913649274864e+01
9.901500000000000000e+08,-5.340251606518893368e+01,-7.598802728469108558e+01
9.901550000000000000e+08,-5.350026527922709363e+01,-7.597975625452718873e+01
9.901600000000000000e+08,-5.359692521072314975e+01,-7.597147601286860663e+01
9.901650000000000000e+08,-5.369251928057786216e+01,-7.596318652641591029e+01
9.901700000000000000e+08,-5.378707015693035487e+01,-7.595488776170174106e+01
9.901750000000000000e+08,-5.388059978695864061e+01,-7.594657968509081059e+01
9.901800000000000000e+08,-5.397312942702593830e+01,-7.593826226277703029e+01
9.901850000000000000e+08,-5.406467967127397145e+01,-7.592993546078302813e+01
9.901900000000000000e+08,-5.415527047875823996e+01,-7.592159924496024814e+01
9.901950000000000000e+08,-5.424492119921307420e+01,-7.591325358098573872e+01
9.902000000000000000e+08,-5.433365059753211312e+01,-7.590489843436255057e+01
9.902050000000000000e+08,-5.442147687701813652e+01,-7.589653377041844351e+01
9.902100000000000000e+08,-5.450841770152905497e+01,-7.588815955430358429e+01
9.902150000000000000e+08,-5.459449021651191458e+01,-7.587977575099063188e+01
9.902200000000000000e+08,-5.467971106904248302e+01,-7.587138232527367165e+01
9.902250000000000000e+08,-5.476409642690625645e+01,-7.586297924176550111e+01
9.902300000000000000e+08,-5.484766199677771681e+01,-7.585456646489789989e+01
9.902350000000000000e+08,-5.493042304154914746e+01,-7.584614395891995287e+01
9.902400000000000000e+08,-5.501239439685561905e+01,-7.583771168789692751e+01
9.902450000000000000e+08,-5.509359048684059701e+01,-7.582926961570890967e+01
9.902500000000000000e+08,-5.517402533920683538e+01,-7.582081770604897031e+01
9.902550000000000000e+08,-5.525371259957093173e+01,-7.581235592242377663e+01
9.902600000000000000e+08,-5.533266554520561442e+01,-7.580388422815050831e+01
9.902650000000000000e+08,-5.541089709815905451e+01,-7.579540258635560690e+01
9.902700000000000000e+08,-5.548841983776478060e+01,-7.578691095997527327e+01
9.902750000000000000e+08,-5.556524601266765728e+01,-7.577840931175239803e+01
9.902800000000000000e+08,-5.564138755228167810e+01,-7.576989760423548148e+01
9.902850000000000000e+08,-5.571685607777588700e+01,-7.576137579977904579e+01
9.902900000000000000e+08,-5.579166291259021193e+01,-7.575284386053967012e+01
9.902950000000000000e+08,-5.586581909250784861e+01,-7.574430174847650221e+01
9.903000000000000000e+08,-5.593933537530975286e+01,-7.573574942534959575e+01
9.903050000000000000e+08,-5.601222225001052379e+01,-7.572718685271843242e+01
9.903100000000000000e+08,-5.608448994575974211e+01,-7.571861399194017395e+01
9.903150000000000000e+08,-5.615614844032310771e+01,-7.571003080416882369e+01
9.903200000000000000e+08,-5.622720746825019944e+01,-7.570143725035379134e+01
9.903250000000000000e+08,-5.629767652872600081e+01,-7.569283329123848603e+01
9.903300000000000000e+08,-5.636756489308338303e+01,-7.568421888735804259e+01
9.903350000000000000e+08,-5.643688161203294840e+01,-7.567559399903964845e+01
9.903400000000000000e+08,-5.650563552260675237e+01,-7.566695858639984351e+01
9.903450000000000000e+08,-5.657383525483160724e+01,-7.565831260934282909e+01
9.903500000000000000e+08,-5.664148923814462933e+01,-7.564965602755987106e+01
9.903550000000000000e+08,-5.670860570756295971e+01,-7.564098880052809193e+01
9.903600000000000000e+08,-5.677519270961879272e+01,-7.563231088750779918e+01
9.903650000000000000e+08,-5.684125810807305612e+01,-7.562362224754146212e+01
9.903700000000000000e+08,-5.690680958940119183e+01,-7.561492283945315762e+01
9.903750000000000000e+08,-5.697185466809952459e+01,-7.560621262184541536e+01
9.903800000000000000e+08,-5.703640069178462824e+01,-7.559749155309910407e+01
9.903850000000000000e+08,-5.710045484607914545e+01,-7.558875959137124312e+01
9.903900000000000000e+08,-5.716402415937031378e+01,-7.558001669459343930e+01
9.903950000000000000e+08,-5.722711550735674990e+01,-7.557126282047019572e+01
9.904000000000000000e+08,-5.728973561744801657e+01,-7.556249792647822972e+01
9.904050000000000000e+08,-5.735189107300480771e+01,-7.555372196986378697e+01
9.904100000000000000e+08,-5.741358831742910951e+01,-7.554493490764150465e+01
9.904150000000000000e+08,-5.747483365811328326e+01,-7.553613669659225138e+01
9.904200000000000000e+08,-5.753563327023597651e+01,-7.552732729326336880e+01
9.904250000000000000e+08,-5.759599320046469018e+01,-7.551850665396433726e+01
9.904300000000000000e+08,-5.765591937048302640e+01,-7.550967473476673320e+01
9.904350000000000000e+08,-5.771541758042236836e+01,-7.550083149150304962e+01
9.904400000000000000e+08,-5.777449351218720608e+01,-7.549197687976315763e+01
9.904450000000000000e+08,-5.783315273264580725e+01,-7.548311085489395111e+01
9.904500000000000000e+08,-5.789140069672650668e+01,-7.547423337199823834e+01
9.904550000000000000e+08,-5.794924275040865780e+01,-7.546534438593081973e+01
9.904600000000000000e+08,-5.800668413361682951e+01,-7.545644385129850207e+01
9.904650000000000000e+08,-5.806372998300584243e+01,-7.544753172245849271e+01
9.904700000000000000e+08,-5.812038533469053192e+01,-7.543860795351518789e+01
9.904750000000000000e+08,-5.817665512683983309e+01,-7.542967249831964693e+01
9.904800000000000000e+08,-5.823254420222489358e+01,-7.542072531046656536e+01
9.904850000000000000e+08,-5.828805731065984475e+01,-7.541176634329471540e+01
9.904900000000000000e+08,-5.834319911138845782e+01,-7.540279554988239852e+01
9.904950000000000000e+08,-5.839797417538591162e+01,-7.539381288304672069e+01
9.905000000000000000e+08,-5.845238698756545404e+01,-7.538481829534264023e+01
9.905050000000000000e+08,-5.850644194895957639e+01,-7.537581173905986986e+01
9.905100000000000000e+08,-5.856014337879960863e+01,-7.536679316622081615e+01
9.905150000000000000e+08,-5.861349551654441115e+01,-7.535776252858022417e+01
9.905200000000000000e+08,-5.866650252384532394e+01,-7.534871977762117012e+01
9.905250000000000000e+08,-5.871916848645065556e+01,-7.533966486455481970e+01
9.905300000000000000e+08,-5.877149741605517619e+01,-7.533059774031725908e+01
9.905350000000000000e+08,-5.882349325208076607e+01,-7.532151835556871333e+01
9.905400000000000000e+08,-5.887515986343630203e+01,-7.531242666069020686e+01
9.905450000000000000e+08,-5.892650105018442730e+01,-7.530332260578211390e+01
9.905500000000000000e+08,-5.897752054518038278e+01,-7.529420614066316375e+01
9.905550000000000000e+08,-5.902822201567147431e+01,-7.528507721486631965e+01
9.905600000000000000e+08,-5.907860906483050911e+01,-7.527593577763791188e+01
9.905650000000000000e+08,-5.912868523325536074e+01,-7.526678177793621671e+01
9.905700000000000000e+08,-5.917845400042328663e+01,-7.525761516442776156e+01
9.905750000000000000e+08,-5.922791878610557603e+01,-7.524843588548597495e+01
9.905800000000000000e+08,-5.927708295172932651e+01,-7.523924388918953809e+01
9.905850000000000000e+08,-5.932594980173149679e+01,-7.523003912331935794e+01
9.905900000000000000e+08,-5.937452258483404677e+01,-7.522082153535669136e+01
9.905950000000000000e+08,-5.942280449531571662e+01,-7.521159107248074349e+01
9.906000000000000000e+08,-5.947079867422605304e+01,-7.520234768156740301e+01
9.906050000000000000e+08,-5.951850821058815910e+01,-7.519309130918534834e+01
9.906100000000000000e+08,-5.956593614254799007e+01,-7.518382190159515233e+01
9.906150000000000000e+08,-5.961308545850230445e+01,-7.517453940474661067e+01
9.906200000000000000e+08,-5.965995909819383769e+01,-7.516524376427601339e+01
9.906250000000000000e+08,-5.970655995377680370e+01,-7.515593492550391375e+01
9.906300000000000000e+08,-5.975289087085356243e+01,-7.514661283343369291e+01
9.906350000000000000e+08,-5.979895464948364747e+01,-7.513727743274802151e+01
9.906400000000000000e+08,-5.984475404516778241e+01,-7.512792866780658585e+01
9.906450000000000000e+08,-5.989029176979617120e+01,-7.511856648264469527e+01
9.906500000000000000e+08,-5.993557049259078440e+01,-7.510919082096977206e+01
9.906550000000000000e+08,-5.998059284100231991e+01,-7.509980162615909194e+01
9.906600000000000000e+08,-6.002536140160407996e+01,-7.509039884125756714e+01
9.906650000000000000e+08,-6.006987872093311154e+01,-7.508098240897551534e+01
9.906700000000000000e+08,-6.011414730634669468e+01,-7.507155227168513534e+01
9.906750000000000000e+08,-6.015816962682893632e+01,-7.506210837141873071e+01
9.906800000000000000e+08,-6.020194811378787847e+01,-7.505265064986647872e+01
9.906850000000000000e+08,-6.024548516183087088e+01,-7.504317904837256492e+01
9.906900000000000000e+08,-6.028878312952151930e+01,-7.503369350793354897e+01
9.906950000000000000e+08,-6.033184434010905761e+01,-7.502419396919580663e+01
9.907000000000000000e+08,-6.037467108225562384e+01,-7.501468037245211917e+01
9.907050000000000000e+08,-6.041726561073613055e+01,-7.500515265763957018e+01
9.907100000000000000e+08,-6.045963014711423966e+01,-7.499561076433582230e+01
9.907150000000000000e+08,-6.050176688040815520e+01,-7.498605463175879038e+01
9.907200000000000000e+08,-6.054367796774950961e+01,-7.497648419876102821e+01
9.907250000000000000e+08,-6.058536553501013344e+01,-7.496689940382776740e+01
9.907300000000000000e+08,-6.062683167742208923e+01,-7.495730018507583736e+01
9.907350000000000000e+08,-6.066807846018159012e+01,-7.494768648024842150e+01
9.907400000000000000e+08,-6.070910791903975934e+01,-7.493805822671299666e+01
9.907450000000000000e+08,-6.074992206086889723e+01,-7.492841536145976988e+01
9.907500000000000000e+08,-6.079052286424131069e+01,-7.491875782109627835e+01
9.907550000000000000e+08,-6.083091227996181516e+01,-7.490908554184629509e+01
9.907600000000000000e+08,-6.087109223160475580e+01,-7.489939845954667419e+01
9.907650000000000000e+08,-6.091106461604528022e+01,-7.488969650964313018e+01
9.907700000000000000e+08,-6.095083130396130855e+01,-7.487997962718829115e+01
9.907750000000000000e+08,-6.099039414034223228e+01,-7.487024774683850126e+01
9.907800000000000000e+08,-6.102975494495957065e+01,-7.486050080285055230e+01
9.907850000000000000e+08,-6.106891551285968234e+01,-7.485073872907827308e+01
9.907900000000000000e+08,-6.110787761482052360e+01,-7.484096145896933194e+01
9.907950000000000000e+08,-6.114664299780784518e+01,-7.483116892556319044e+01
9.908000000000000000e+08,-6.118521338541970067e+01,-7.482136106148655585e+01
9.908050000000000000e+08,-6.122359047832237167e+01,-7.481153779894987110e+01
9.908100000000000000e+08,-6.126177595466847947e+01,-7.480169906974604999e+01
9.908150000000000000e+08,-6.129977147052022701e+01,-7.479184480524502021e+01
9.908200000000000000e+08,-6.133757866025702299e+01,-7.478197493639082438e+01
9.908250000000000000e+08,-6.137519913695796703e+01,-7.477208939369999996e+01
9.908300000000000000e+08,-6.141263449280646114e+01,-7.476218810725511332e+01
9.908350000000000000e+08,-6.144988629946179515e+01,-7.475227100670386449e+01
9.908400000000000000e+08,-6.148695610843238057e+01,-7.474233802125451120e+01
9.908450000000000000e+08,-6.152384545143945616e+01,-7.473238907967261468e+01
9.908500000000000000e+08,-6.156055584077275711e+01,-7.472242411027733056e+01
9.908550000000000000e+08,-6.159708876964021584e+01,-7.471244304093755773e+01
9.908600000000000000e+08,-6.163344571250110704e+01,-7.470244579906943727e+01
9.908650000000000000e+08,-6.166962812541464700e+01,-7.469243231163132180e+01
9.908700000000000000e+08,-6.170563744635303038e+01,-7.468240250512037903e+01
9.908750000000000000e+08,-6.174147509552247470e+01,-7.467235630556997705e+01
9.908800000000000000e+08,-6.177714247568360406e+01,-7.466229363854478152e+01
9.908850000000000000e+08,-6.181264097245237110e+01,-7.465221442913649241e+01
9.908900000000000000e+08,-6.184797195460105002e+01,-7.464211860196206771e+01
9.908950000000000000e+08,-6.188313677435271387e+01,-7.463200608115778323e+01
9.909000000000000000e+08,-6.191813676766905417e+01,-7.462187679037604937e+01
9.909050000000000000e+08,-6.195297325453245918e+01,-7.461173065278140371e+01
9.909100000000000000e+08,-6.198764753922227300e+01,-7.460156759104758351e+01
9.909150000000000000e+08,-6.202216091058598124e+01,-7.459138752735111666e+01
9.909200000000000000e+08,-6.205651464230568592e+01,-7.458119038336933215e+01
9.909250000000000000e+08,-6.209070999315262895e+01,-7.457097608027603997e+01
9.909300000000000000e+08,-6.212474820725081059e+01,-7.456074453873577568e+01
9.909350000000000000e+08,-6.215863051432103248e+01,-7.455049567890125672e+01
9.909400000000000000e+08,-6.219235812992732093e+01,-7.454022942040924704e+01
9.909450000000000000e+08,-6.222593225571736752e+01,-7.452994568237436113e+01
9.909500000000000000e+08,-6.225935407965782531e+01,-7.451964438338694663e+01
9.909550000000000000e+08,-6.229262477626556915e+01,-7.450932544150700210e+01
9.909600000000000000e+08,-6.232574550683388281e+01,-7.449898877426147692e+01
9.909650000000000000e+08,-6.235871741965513593e+01,-7.448863429863807539e+01
9.909700000000000000e+08,-6.239154165023983722e+01,-7.447826193108153348e+01
9.909750000000000000e+08,-6.242421932152372221e+01,-7.446787158748998081e+01
9.909800000000000000e+08,-6.245675154409141072e+01,-7.445746318320817636e+01
9.909850000000000000e+08,-6.248913941636981662e+01,-7.444703663302480834e+01
9.909900000000000000e+08,-6.252138402483176094e+01,-7.443659185116756305e+01
9.909950000000000000e+08,-6.255348644420116244e+01,-7.442612875129681527e+01
9.910000000000000000e+08,-6.258544773764218405e+01,-7.441564724650238816e+01
9.910050000000000000e+08,-6.261726895695151995e+01,-7.440514724929911949e+01
9.910100000000000000e+08,-6.264895114274652599e+01,-7.439462867162018256e+01
9.910150000000000000e+08,-6.268049532464904416e+01,-7.438409142481339131e+01
9.910200000000000000e+08,-6.271190252146666211e+01,-7.437353541963548764e+01
9.910250000000000000e+08,-6.274317374136988690e+01,-7.436296056624883022e+01
9.910300000000000000e+08,-6.277430998206729384e+01,-7.435236677421391960e+01
9.910350000000000000e+08,-6.280531223097795390e+01,-7.434175395248517759e+01
9.910400000000000000e+08,-6.283618146539460980e+01,-7.433112200940695402e+01
9.910450000000000000e+08,-6.286691865265698453e+01,-7.432047085270670550e+01
9.910500000000000000e+08,-6.289752475030947210e+01,-7.430980038948956690e+01
9.910550000000000000e+08,-6.292800070626160647e+01,-7.429911052623515388e+01
9.910600000000000000e+08,-6.295834745894587314e+01,-7.428840116878917854e+01
9.910650000000000000e+08,-6.298856593747154164e+01,-7.427767222235993927e+01
9.910700000000000000e+08,-6.301865706177640902e+01,-7.426692359151316225e+01
9.910750000000000000e+08,-6.304862174277653253e+01,-7.425615518016407179e+01
9.910800000000000000e+08,-6.307846088251232430e+01,-7.424536689157399394e+01
9.910850000000000000e+08,-6.310817537429435475e+01,-7.423455862834357788e+01
9.910900000000000000e+08,-6.313776610284019597e+01,-7.422373029240800690e+01
9.910950000000000000e+08,-6.316723394442027484e+01,-7.421288178502958033e+01
9.911000000000000000e+08,-6.319657976699610913e+01,-7.420201300679281076e+01
9.911050000000000000e+08,-6.322580443034464537e+01,-7.419112385759893868e+01
9.911100000000000000e+08,-6.325490878620308166e+01,-7.418021423665891234e+01
9.911150000000000000e+08,-6.328389367839385216e+01,-7.416928404248733386e+01
9.911200000000000000e+08,-6.331275994295406662e+01,-7.415833317289779814e+01
9.911250000000000000e+08,-6.334150840826271178e+01,-7.414736152499456523e+01
9.911300000000000000e+08,-6.337013989516496082e+01,-7.413636899516750134e+01
9.911350000000000000e+08,-6.339865521709634777e+01,-7.412535547908542810e+01
9.911400000000000000e+08,-6.342705518019749178e+01,-7.411432087169067984e+01
9.911450000000000000e+08,-6.345534058344519934e+01,-7.410326506719017914e+01
9.911500000000000000e+08,-6.348351221875872596e+01,-7.409218795905178467e+01
9.911550000000000000e+08,-6.351157087111688782e+01,-7.408108943999562257e+01
9.911600000000000000e+08,-6.353951731867731922e+01,-7.406996940198817470e+01
9.911650000000000000e+08,-6.356735233288401332e+01,-7.405882773623501691e+01
9.911700000000000000e+08,-6.359507667857868540e+01,-7.404766433317530527e+01
9.911750000000000000e+08,-6.362269111410995492e+01,-7.403647908247306475e+01
9.911800000000000000e+08,-6.365019639144147590e+01,-7.402527187301093647e+01
9.911850000000000000e+08,-6.367759325625225841e+01,-7.401404259288365495e+01
9.911900000000000000e+08,-6.370488244805167000e+01,-7.400279112939051629e+01
9.911950000000000000e+08,-6.373206470027167114e+01,-7.399151736902710752e+01
9.912000000000000000e+08,-6.375914074037431334e+01,-7.398022119747962222e+01
9.912050000000000000e+08,-6.378611128994640467e+01,-7.396890249961712982e+01
9.912100000000000000e+08,-6.381297706480375354e+01,-7.395756115948270804e+01
9.912150000000000000e+08,-6.383973877508914541e+01,-7.394619706028736061e+01
9.912200000000000000e+08,-6.386639712535868085e+01,-7.393481008440269875e+01
9.912250000000000000e+08,-6.389295281468768906e+01,-7.392340011335127770e+01
9.912300000000000000e+08,-6.391940653675844430e+01,-7.391196702780001715e+01
9.912350000000000000e+08,-6.394575897995334657e+01,-7.390051070755318108e+01
9.912400000000000000e+08,-6.397201082744654599e+01,-7.388903103154257224e+01
9.912450000000000000e+08,-6.399816275729459392e+01,-7.387752787782027042e+01
9.912500000000000000e+08,-6.402421544252119645e+01,-7.386600112355098702e+01
9.912550000000000000e+08,-6.405016955121014632e+01,-7.385445064500297008e+01
9.912600000000000000e+08,-6.407602574659198069e+01,-7.384287631754020254e+01
9.912650000000000000e+08,-6.410178468712570066e+01,-7.383127801561280990e+01
9.912700000000000000e+08,-6.412744702658302742e+01,-7.381965561275083587e+01
9.912750000000000000e+08,-6.415301341413744751e+01,-7.380800898155339951e+01
9.912800000000000000e+08,-6.417848449444295511e+01,-7.379633799368004077e+01
9.912850000000000000e+08,-6.420386090771617660e+01,-7.378464251984438249e+01
9.912900000000000000e+08,-6.422914328981809717e+01,-7.377292242980138326e+01
9.912950000000000000e+08,-6.425433227233429534e+01,-7.376117759234114146e+01
9.913000000000000000e+08,-6.427942848264920883e+01,-7.374940787527970087e+01
9.913050000000000000e+08,-6.430443254403465403e+01,-7.373761314544724144e+01
9.913100000000000000e+08,-6.432934507571690119e+01,-7.372579326868147120e+01
9.913150000000000000e+08,-6.435416669295941006e+01,-7.371394810981678347e+01
9.913200000000000000e+08,-6.437889800713375621e+01,-7.370207753267523287e+01
9.913250000000000000e+08,-6.440353962580046243e+01,-7.369018140005651674e+01
9.913300000000000000e+08,-6.442809215277981139e+01,-7.367825957372770063e+01
9.913350000000000000e+08,-6.445255618822582733e+01,-7.366631191441500448e+01
9.913400000000000000e+08,-6.447693232869984570e+01,-7.365433828179166653e+01
9.913450000000000000e+08,-6.450122116724271848e+01,-7.364233853446813782e+01
9.913500000000000000e+08,-6.452542329344576899e+01,-7.363031252998429466e+01
9.913550000000000000e+08,-6.454953929352269881e+01,-7.361826012479541248e+01
9.913600000000000000e+08,-6.457356975038038627e+01,-7.360618117426368201e+01
9.913650000000000000e+08,-6.459751524368479636e+01,-7.359407553264846058e+01
9.913700000000000000e+08,-6.462137634993642621e+01,-7.358194305309267236e+01
9.913750000000000000e+08,-6.464515364253378493e+01,-7.356978358761412551e+01
9.913800000000000000e+08,-6.466884769184700588e+01,-7.355759698709408667e+01
9.913850000000000000e+08,-6.469245906527659429e+01,-7.354538310126613965e+01
9.913900000000000000e+08,-6.471598832732964013e+01,-7.353314177870393564e+01
9.913950000000000000e+08,-6.473943603968169214e+01,-7.352087286681071987e+01
9.914000000000000000e+08,-6.476280276124371937e+01,-7.350857621180850288e+01
9.914050000000000000e+08,-6.478608904822834802e+01,-7.349625165872399180e+01
9.914100000000000000e+08,-6.480929545421548710e+01,-7.348389905137912592e+01
9.914150000000000000e+08,-6.483242253021316515e+01,-7.347151823237754797e+01
9.914200000000000000e+08,-6.485547082473027558e+01,-7.345910904309381806e+01
9.914250000000000000e+08,-6.487844088383360486e+01,-7.344667132365928808e+01
9.914300000000000000e+08,-6.490133325121155394e+01,-7.343420491295184149e+01
9.914350000000000000e+08,-6.492414846824249253e+01,-7.342170964858179616e+01
9.914400000000000000e+08,-6.494688707405406092e+01,-7.340918536687952667e+01
9.914450000000000000e+08,-6.496954960558720416e+01,-7.339663190288197825e+01
9.914500000000000000e+08,-6.499213659765754869e+01,-7.338404909032237811e+01
9.914550000000000000e+08,-6.501464858301910965e+01,-7.337143676161264239e+01
9.914600000000000000e+08,-6.503708609242497118e+01,-7.335879474783355647e+01
9.914650000000000000e+08,-6.505944965468943053e+01,-7.334612287872016623e+01
9.914700000000000000e+08,-6.508173979674947418e+01,-7.333342098264708397e+01
9.914750000000000000e+08,-6.510395704372677983e+01,-7.332068888661586925e+01
9.914800000000000000e+08,-6.512610191898508560e+01,-7.330792641624121586e+01
9.914850000000000000e+08,-6.514817494419665422e+01,-7.329513339573510677e+01
9.914900000000000000e+08,-6.517017663939815009e+01,-7.328230964789409541e+01
9.914950000000000000e+08,-6.519210752305670553e+01,-7.326945499408316209e+01
9.915000000000000000e+08,-6.521396811212133571e+01,-7.325656925422316590e+01
9.915050000000000000e+08,-6.523575892209196070e+01,-7.324365224677409003e+01
9.915100000000000000e+08,-6.525748046707565209e+01,-7.323070378871945252e+01
9.915150000000000000e+08,-6.527913325984654591e+01,-7.321772369555381488e+01
9.915200000000000000e+08,-6.530071781190714830e+01,-7.320471178126342693e+01
9.915250000000000000e+08,-6.532223463354793580e+01,-7.319166785831382072e+01
9.915300000000000000e+08,-6.534368423390439773e+01,-7.317859173763275749e+01
9.915350000000000000e+08,-6.536506712102152505e+01,-7.316548322859277675e+01
9.915400000000000000e+08,-6.538638380191353860e+01,-7.315234213899634597e+01
9.915450000000000000e+08,-6.540763478261666819e+01,-7.313916827506072593e+01
9.915500000000000000e+08,-6.542882056825789050e+01,-7.312596144139737930e+01
9.915550000000000000e+08,-6.544994166310974038e+01,-7.311272144099848447e+01
9.915600000000000000e+08,-6.547099857065221329e+01,-7.309944807521704035e+01
9.915650000000000000e+08,-6.549199179363110090e+01,-7.308614114375353665e+01
9.915700000000000000e+08,-6.551292183411995040e+01,-7.307280044463355750e+01
9.915750000000000000e+08,-6.553378919358023325e+01,-7.305942577419227746e+01
9.915800000000000000e+08,-6.555459437291756331e+01,-7.304601692705720950e+01
9.915850000000000000e+08,-6.557533787254995161e+01,-7.303257369612880723e+01
9.915900000000000000e+08,-6.559602019246229077e+01,-7.301909587256081124e+01
9.915950000000000000e+08,-6.561664183226658054e+01,-7.300558324574448932e+01
9.916000000000000000e+08,-6.563720329126796571e+01,-7.299203560328638218e+01
9.916050000000000000e+08,-6.565770506852224742e+01,-7.297845273099041208e+01
9.916100000000000000e+08,-6.567814766289734507e+01,-7.296483441284031812e+01
9.916150000000000000e+08,-6.569853157313653469e+01,-7.295118043097539839e+01
9.916200000000000000e+08,-6.571885729791884501e+01,-7.293749056567456535e+01
9.916250000000000000e+08,-6.573912533592196894e+01,-7.292376459533335264e+01
9.916300000000000000e+08,-6.575933618588395291e+01,-7.291000229644592423e+01
9.916350000000000000e+08,-6.577949034666674777e+01,-7.289620344358154114e+01
9.916400000000000000e+08,-6.579958831731940450e+01,-7.288236780936460946e+01
9.916450000000000000e+08,-6.581963059713876874e+01,-7.286849516445364827e+01
9.916500000000000000e+08,-6.583961768573652762e+01,-7.285458527751924862e+01
9.916550000000000000e+08,-6.585955008310448022e+01,-7.284063791522092401e+01
9.916600000000000000e+08,-6.587942828967199205e+01,-7.282665284218748525e+01
9.916650000000000000e+08,-6.589925280637848459e+01,-7.281262982099167402e+01
9.916700000000000000e+08,-6.591902413473526678e+01,-7.279856861212823560e+01
9.916750000000000000e+08,-6.593874277689133123e+01,-7.278446897399197724e+01
9.916800000000000000e+08,-6.595840923570030156e+01,-7.277033066285228813e+01
9.916850000000000000e+08,-6.597802401478720924e+01,-7.275615343282979097e+01
9.916900000000000000e+08,-6.599758761861571088e+01,-7.274193703587317827e+01
9.916950000000000000e+08,-6.601710055255301768e+01,-7.272768122173405914e+01
9.917000000000000000e+08,-6.603656332294498554e+01,-7.271338573794149340e+01
9.917050000000000000e+08,-6.605597643717875656e+01,-7.269905032977732162e+01
9.917100000000000000e+08,-6.607534040375287532e+01,-7.268467474025155184e+01
9.917150000000000000e+08,-6.609465573235094382e+01,-7.267025871007477633e+01
9.917200000000000000e+08,-6.611392293390974828e+01,-7.265580197763250681e+01
9.917250000000000000e+08,-6.613314252069079657e+01,-7.264130427895983644e+01
9.917300000000000000e+08,-6.615231500635307782e+01,-7.262676534771246395e+01
9.917350000000000000e+08,-6.617144090602538142e+01,-7.261218491514077300e+01
9.917400000000000000e+08,-6.619052073638046352e+01,-7.259756271006055783e+01
9.917450000000000000e+08,-6.620955501570787760e+01,-7.258289845882799796e+01
9.917500000000000000e+08,-6.622854426399113947e+01,-7.256819188530651843e+01
9.917550000000000000e+08,-6.624748900298237686e+01,-7.255344271084173613e+01
9.917600000000000000e+08,-6.626638975627690797e+01,-7.253865065423177327e+01
9.917650000000000000e+08,-6.628524704939573553e+01,-7.252381543169407507e+01
9.917700000000000000e+08,-6.630406140986022479e+01,-7.250893675683842332e+01
9.917750000000000000e+08,-6.632283336727149958e+01,-7.249401434063761940e+01
9.917800000000000000e+08,-6.634156345339285110e+01,-7.247904789139141712e+01
9.917850000000000000e+08,-6.636025220222924759e+01,-7.246403711469906739e+01
9.917900000000000000e+08,-6.637890015010964362e+01,-7.244898171342688897e+01
9.917950000000000000e+08,-6.639750783577095206e+01,-7.243388138767447515e+01
9.918000000000000000e+08,-6.641607580044183123e+01,-7.241873583474300347e+01
9.918050000000000000e+08,-6.643460458792911538e+01,-7.240354474910022020e+01
9.918100000000000000e+08,-6.645309474470101918e+01,-7.238830782234978756e+01
9.918150000000000000e+08,-6.647154681997845671e+01,-7.237302474319426437e+01
9.918200000000000000e+08,-6.648996136582488248e+01,-7.235769519739933742e+01
9.918250000000000000e+08,-6.650833893722924017e+01,-7.234231886776325382e+01
9.918300000000000000e+08,-6.652668009220548129e+01,-7.232689543407497013e+01
9.918350000000000000e+08,-6.654498539188013240e+01,-7.231142457308213523e+01
9.918400000000000000e+08,-6.656325540058739421e+01,-7.229590595845331791e+01
9.918450000000000000e+08,-6.658149068596517850e+01,-7.228033926073796067e+01
9.918500000000000000e+08,-6.659969181905117352e+01,-7.226472414733143523e+01
9.918550000000000000e+08,-6.661785937437768723e+01,-7.224906028243677270e+01
9.918600000000000000e+08,-6.663599393007847027e+01,-7.223334732702149097e+01
9.918650000000000000e+08,-6.665409606798246500e+01,-7.221758493878199658e+01
9.918700000000000000e+08,-6.667216637372041532e+01,-7.220177277210086686e+01
9.918750000000000000e+08,-6.669020543682565005e+01,-7.218591047800786953e+01
9.918800000000000000e+08,-6.670821385084347810e+01,-7.216999770413663384e+01
9.918850000000000000e+08,-6.672619221343686036e+01,-7.215403409468237328e+01
9.918900000000000000e+08,-6.674414112649459696e+01,-7.213801929036121408e+01
9.918950000000000000e+08,-6.676206119624355040e+01,-7.212195292836452154e+01
9.919000000000000000e+08,-6.677995303336112443e+01,-7.210583464231481798e+01
9.919050000000000000e+08,-6.679781725308841089e+01,-7.208966406222374701e+01
9.919100000000000000e+08,-6.681565447534848090e+01,-7.207344081444276185e+01
9.919150000000000000e+08,-6.683346532486380909e+01,-7.205716452161877328e+01
9.919200000000000000e+08,-6.685125043127696642e+01,-7.204083480264758066e+01
9.919250000000000000e+08,-6.686901042927101457e+01,-7.202445127262652136e+01
9.919300000000000000e+08,-6.688674595869707673e+01,-7.200801354280437749e+01
9.919350000000000000e+08,-6.690445766470124056e+01,-7.199152122053314429e+01
9.919400000000000000e+08,-6.692214619784836316e+01,-7.197497390921979843e+01
9.919450000000000000e+08,-6.693981221425917738e+01,-7.195837120827272315e+01
9.919500000000000000e+08,-6.695745637574091802e+01,-7.194171271305199866e+01
9.919550000000000000e+08,-6.697507934992356127e+01,-7.192499801481690724e+01
9.919600000000000000e+08,-6.699268181039782633e+01,-7.190822670067372258e+01
9.919650000000000000e+08,-6.701026443685817924e+01,-7.189139835351865315e+01
9.919700000000000000e+08,-6.702782791524185768e+01,-7.187451255198787692e+01
9.919750000000000000e+08,-6.704537293787963392e+01,-7.185756887039788410e+01
9.919800000000000000e+08,-6.706290020364372140e+01,-7.184056687869018276e+01
9.919850000000000000e+08,-6.708041041809758553e+01,-7.182350614237432751e+01
9.919900000000000000e+08,-6.709790429365001785e+01,-7.180638622247047920e+01
9.919950000000000000e+08,-6.711538254971614492e+01,-7.178920667544757350e+01
9.920000000000000000e+08,-6.713284591287543890e+01,-7.177196705316430325e+01
9.920050000000000000e+08,-6.715029511703478704e+01,-7.175466690281001547e+01
9.920100000000000000e+08,-6.716773090359706089e+01,-7.173730576683915672e+01
9.920150000000000000e+08,-6.718515402163072281e+01,-7.171988318290938480e+01
9.920200000000000000e+08,-6.720256522804086785e+01,-7.170239868381837312e+01
9.920250000000000000e+08,-6.721996528775066793e+01,-7.168485179743736069e+01
9.920300000000000000e+08,-6.723735497387804116e+01,-7.166724204664481590e+01
9.920350000000000000e+08,-6.725473506791962564e+01,-7.164956894926032760e+01
9.920400000000000000e+08,-6.727210635994163113e+01,-7.163183201797335187e+01
9.920450000000000000e+08,-6.728946964876767822e+01,-7.161403076027711734e+01
9.920500000000000000e+08,-6.730682574217892977e+01,-7.159616467839381926e+01
9.920550000000000000e+08,-6.732417545710679008e+01,-7.157823326920735951e+01
9.920600000000000000e+08,-6.734151961984339607e+01,-7.156023602418524376e+01
9.920650000000000000e+08,-6.735885906624596942e+01,-7.154217242930685927e+01
9.920700000000000000e+08,-6.737619464194848717e+01,-7.152404196498933686e+01
9.920750000000000000e+08,-6.739352720258153795e+01,-7.150584410600573904e+01
9.920800000000000000e+08,-6.741085761399114062e+01,-7.148757832141097879e+01
9.920850000000000000e+08,-6.742818675246356008e+01,-7.146924407446233829e+01
9.920900000000000000e+08,-6.744551550496018422e+01,-7.145084082253491431e+01
9.920950000000000000e+08,-6.746284476935090879e+01,-7.143236801704307481e+01
9.921000000000000000e+08,-6.748017545465538092e+01,-7.141382510335438383e+01
9.921050000000000000e+08,-6.749750848128766734e+01,-7.139521152070676635e+01
9.921100000000000000e+08,-6.751484478131096978e+01,-7.137652670211969053e+01
9.921150000000000000e+08,-6.753218529869374720e+01,-7.135777007430583296e+01
9.921200000000000000e+08,-6.754953098957034285e+01,-7.133894105758530202e+01
9.921250000000000000e+08,-6.756688282251234057e+01,-7.132003906579015506e+01
9.921300000000000000e+08,-6.758424177880330319e+01,-7.130106350617232636e+01
9.921350000000000000e+08,-6.760160885271564268e+01,-7.128201377931323179e+01
9.921400000000000000e+08,-6.761898505180403163e+01,-7.126288927902240289e+01
9.921450000000000000e+08,-6.763637139719551783e+01,-7.124368939224152086e+01
9.921500000000000000e+08,-6.765376892388745489e+01,-7.122441349894940288e+01
9.921550000000000000e+08,-6.767117868106096523e+01,-7.120506097205334584e+01
9.921600000000000000e+08,-6.768860173239087885e+01,-7.118563117729163991e+01
9.921650000000000000e+08,-6.770603915636868919e+01,-7.116612347312657505e+01
9.921700000000000000e+08,-6.772349204663085231e+01,-7.114653721063996272e+01
9.921750000000000000e+08,-6.774096151229740315e+01,-7.112687173342114022e+01
9.921800000000000000e+08,-6.775844867831554552e+01,-7.110712637745847076e+01
9.921850000000000000e+08,-6.777595468581191085e+01,-7.108730047102793037e+01
9.921900000000000000e+08,-6.779348069245446595e+01,-7.106739333457727525e+01
9.921950000000000000e+08,-6.781102787282395639e+01,-7.104740428060748059e+01
9.922000000000000000e+08,-6.782859741878837667e+01,-7.102733261355896843e+01
9.922050000000000000e+08,-6.784619053989497672e+01,-7.100717762968635327e+01
9.922100000000000000e+08,-6.786380846376550835e+01,-7.098693861693679708e+01
9.922150000000000000e+08,-6.788145243650242833e+01,-7.096661485482603382e+01
9.922200000000000000e+08,-6.789912372310634225e+01,-7.094620561430892280e+01
9.922250000000000000e+08,-6.791682360790370865e+01,-7.092571015764886511e+01
9.922300000000000000e+08,-6.793455339498163426e+01,-7.090512773828839954e+01
9.922350000000000000e+08,-6.795231440863811656e+01,-7.088445760071179791e+01
9.922400000000000000e+08,-6.797010799384010227e+01,-7.086369898030885395e+01
9.922450000000000000e+08,-6.798793551669567137e+01,-7.084285110323318690e+01
9.922500000000000000e+08,-6.800579836493292873e+01,-7.082191318626334464e+01
9.922550000000000000e+08,-6.802369794839817985e+01,-7.080088443665376019e+01
9.922600000000000000e+08,-6.804163569956256197e+01,-7.077976405198783993e+01
9.922650000000000000e+08,-6.805961307403799765e+01,-7.075855122002927544e+01
9.922700000000000000e+08,-6.807763155111483400e+01,-7.073724511856518404e+01
9.922750000000000000e+08,-6.809569263430553576e+01,-7.071584491525203475e+01
9.922800000000000000e+08,-6.811379785190719360e+01,-7.069434976745354504e+01
9.922850000000000000e+08,-6.813194875757331204e+01,-7.067275882208281246e+01
9.922900000000000000e+08,-6.815014693090890319e+01,-7.065107121542888535e+01
9.922950000000000000e+08,-6.816839397807072487e+01,-7.062928607299492967e+01
9.923000000000000000e+08,-6.818669153238954550e+01,-7.060740250932434492e+01
9.923050000000000000e+08,-6.820504125501032888e+01,-7.058541962782044266e+01
9.923100000000000000e+08,-6.822344483554334715e+01,-7.056333652057234929e+01
9.923150000000000000e+08,-6.824190399273325625e+01,-7.054115226817373241e+01
9.923200000000000000e+08,-6.826042047515466038e+01,-7.051886593952954740e+01
9.923250000000000000e+08,-6.827899606191374460e+01,-7.049647659167297320e+01
9.923300000000000000e+08,-6.829763256337639632e+01,-7.047398326956933090e+01
9.923350000000000000e+08,-6.831633182191441733e+01,-7.045138500591826869e+01
9.923400000000000000e+08,-6.833509571267018146e+01,-7.042868082095343141e+01
9.923450000000000000e+08,-6.835392614434552172e+01,-7.040586972223425732e+01
9.923500000000000000e+08,-6.837282506000533999e+01,-7.038295070444186763e+01
9.923550000000000000e+08,-6.839179443791130097e+01,-7.035992274916016243e+01
9.923600000000000000e+08,-6.841083629237355979e+01,-7.033678482465896309e+01
9.923650000000000000e+08,-6.842995267462418951e+01,-7.031353588567415613e+01
9.923700000000000000e+08,-6.844914567372045155e+01,-7.029017487317715052e+01
9.923750000000000000e+08,-6.846841741746933963e+01,-7.026670071414409335e+01
9.923800000000000000e+08,-6.848777007337446321e+01,-7.024311232132249927e+01
9.923850000000000000e+08,-6.850720584961911186e+01,-7.021940859298426574e+01
9.923900000000000000e+08,-6.852672699606648621e+01,-7.019558841268360538e+01
9.923950000000000000e+08,-6.854633580529184655e+01,-7.017165064900682125e+01
9.924000000000000000e+08,-6.856603461364861118e+01,-7.014759415530974707e+01
9.924050000000000000e+08,-6.858582580235635362e+01,-7.012341776946102812e+01
9.924100000000000000e+08,-6.860571179862452595e+01,-7.009912031357301032e+01
9.924150000000000000e+08,-6.862569507680771608e+01,-7.007470059372762705e+01
9.924200000000000000e+08,-6.864577815959263773e+01,-7.005015739969981325e+01
9.924250000000000000e+08,-6.866596361922218250e+01,-7.002548950466869826e+01
9.924300000000000000e+08,-6.868625407874803557e+01,-7.000069566493198181e+01
9.924350000000000000e+08,-6.870665221332843942e+01,-6.997577461960437972e+01
9.924400000000000000e+08,-6.872716075155759086e+01,-6.995072509031513164e+01
9.924450000000000000e+08,-6.874778247683310894e+01,-6.992554578090059181e+01
9.924500000000000000e+08,-6.876852022876784076e+01,-6.990023537708454171e+01
9.924550000000000000e+08,-6.878937690464090338e+01,-6.987479254615431046e+01
9.924600000000000000e+08,-6.881035546088804722e+01,-6.984921593663324302e+01
9.924650000000000000e+08,-6.883145891464080535e+01,-6.982350417794106079e+01
9.924700000000000000e+08,-6.885269034530961108e+01,-6.979765588004718779e+01
9.924750000000000000e+08,-6.887405289621254667e+01,-6.977166963311951520e+01
9.924800000000000000e+08,-6.889554977625073207e+01,-6.974554400716586144e+01
9.924850000000000000e+08,-6.891718426164126754e+01,-6.971927755165980045e+01
9.924900000000000000e+08,-6.893895969769282317e+01,-6.969286879516833721e+01
9.924950000000000000e+08,-6.896087950063886751e+01,-6.966631624496531572e+01
9.925000000000000000e+08,-6.898294715952570755e+01,-6.963961838663766457e+01
9.925050000000000000e+08,-6.900516623815789785e+01,-6.961277368368106977e+01
9.925100000000000000e+08,-6.902754037709954105e+01,-6.958578057709064524e+01
9.925150000000000000e+08,-6.905007329573919606e+01,-6.955863748493779042e+01
9.925200000000000000e+08,-6.907276879441606354e+01,-6.953134280193930294e+01
9.925250000000000000e+08,-6.909563075661101550e+01,-6.950389489901660056e+01
9.925300000000000000e+08,-6.911866315119974047e+01,-6.947629212284897449e+01
9.925350000000000000e+08,-6.914187003478707538e+01,-6.944853279540369329e+01
9.925400000000000000e+08,-6.916525555409674553e+01,-6.942061521347147846e+01
9.925450000000000000e+08,-6.918882394844204953e+01,-6.939253764818336379e+01
9.925500000000000000e+08,-6.921257955227662251e+01,-6.936429834451098486e+01
9.925550000000000000e+08,-6.923652679781382346e+01,-6.933589552076520590e+01
9.925600000000000000e+08,-6.926067021773064880e+01,-6.930732736807888728e+01
9.925650000000000000e+08,-6.928501444795672626e+01,-6.927859204987444741e+01
9.925700000000000000e+08,-6.930956423054567495e+01,-6.924968770132247187e+01
9.925750000000000000e+08,-6.933432441663454426e+01,-6.922061242878756104e+01
9.925800000000000000e+08,-6.935929996949666076e+01,-6.919136430925772174e+01
9.925850000000000000e+08,-6.938449596768451499e+01,-6.916194138976399586e+01
9.925900000000000000e+08,-6.940991760827355961e+01,-6.913234168678124547e+01
9.925950000000000000e+08,-6.943557021019634590e+01,-6.910256318562340994e+01
9.926000000000000000e+08,-6.946145921769311826e+01,-6.907260383980940333e+01
9.926050000000000000e+08,-6.948759020385178076e+01,-6.904246157042916821e+01
9.926100000000000000e+08,-6.951396887426299998e+01,-6.901213426548724783e+01
9.926150000000000000e+08,-6.954060107079146746e+01,-6.898161977922407573e+01
9.926200000000000000e+08,-6.956749277545154087e+01,-6.895091593143115460e+01
9.926250000000000000e+08,-6.959465011439937143e+01,-6.892002050674827274e+01
9.926300000000000000e+08,-6.962207936205894043e+01,-6.888893125393023809e+01
9.926350000000000000e+08,-6.964978694535206216e+01,-6.885764588511320028e+01
9.926400000000000000e+08,-6.967777944806618962e+01,-6.882616207505114403e+01
9.926450000000000000e+08,-6.970606361534767359e+01,-6.879447746033532951e+01
9.926500000000000000e+08,-6.973464635832465319e+01,-6.876258963859655182e+01
9.926550000000000000e+08,-6.976353475886830324e+01,-6.873049616768184933e+01
9.926600000000000000e+08,-6.979273607448043037e+01,-6.869819456482153441e+01
9.926650000000000000e+08,-6.982225774333535639e+01,-6.866568230575767018e+01
9.926700000000000000e+08,-6.985210738945028197e+01,-6.863295682386474539e+01
9.926750000000000000e+08,-6.988229282800068631e+01,-6.860001550924391722e+01
9.926800000000000000e+08,-6.991282207078614874e+01,-6.856685570778863337e+01
9.926850000000000000e+08,-6.994370333184042465e+01,-6.853347472022821307e+01
9.926900000000000000e+08,-6.997494503317449244e+01,-6.849986980115852475e+01
9.926950000000000000e+08,-7.000655581069514710e+01,-6.846603815802085080e+01
9.927000000000000000e+08,-7.003854452024145871e+01,-6.843197695008149140e+01
9.927050000000000000e+08,-7.007092024378623307e+01,-6.839768328736683145e+01
9.927100000000000000e+08,-7.010369229577104022e+01,-6.836315422958070087e+01
9.927150000000000000e+08,-7.013687022959680917e+01,-6.832838678498008278e+01
9.927200000000000000e+08,-7.017046384424008920e+01,-6.829337790923416662e+01
9.927250000000000000e+08,-7.020448319100933077e+01,-6.825812450424707833e+01
9.927300000000000000e+08,-7.023893858043413729e+01,-6.822262341694558074e+01
9.927350000000000000e+08,-7.027384058927124499e+01,-6.818687143803856543e+01
9.927400000000000000e+08,-7.030920006762345054e+01,-6.815086530074279381e+01
9.927450000000000000e+08,-7.034502814616675437e+01,-6.811460167946839306e+01
9.927500000000000000e+08,-7.038133624346110651e+01,-6.807807718847365663e+01
9.927550000000000000e+08,-7.041813607333159553e+01,-6.804128838048622185e+01
9.927600000000000000e+08,-7.045543965232090500e+01,-6.800423174527185211e+01
9.927650000000000000e+08,-7.049325930716233302e+01,-6.796690370817682947e+01
9.927700000000000000e+08,-7.053160768226328514e+01,-6.792930062862760110e+01
9.927750000000000000e+08,-7.057049774717603441e+01,-6.789141879858578932e+01
9.927800000000000000e+08,-7.060994280401834544e+01,-6.785325444095400371e+01
9.927850000000000000e+08,-7.064995649479321571e+01,-6.781480370794764667e+01
9.927900000000000000e+08,-7.069055280857131152e+01,-6.777606267941953888e+01
9.927950000000000000e+08,-7.073174608850391110e+01,-6.773702736112346656e+01
9.928000000000000000e+08,-7.077355103857058793e+01,-6.769769368294274159e+01
9.928050000000000000e+08,-7.081598273001812061e+01,-6.765805749706485983e+01
9.928100000000000000e+08,-7.085905660741731538e+01,-6.761811457609472598e+01
9.928150000000000000e+08,-7.090278849422330154e+01,-6.757786061112756215e+01
9.928200000000000000e+08,-7.094719459777633119e+01,-6.753729120975232547e+01
9.928250000000000000e+08,-7.099229151359099887e+01,-6.749640189400604129e+01
9.928300000000000000e+08,-7.103809622883468933e+01,-6.745518809826054962e+01
9.928350000000000000e+08,-7.108462612481392284e+01,-6.741364516705965571e+01
9.928400000000000000e+08,-7.113189897833566988e+01,-6.737176835287971244e+01
9.928450000000000000e+08,-7.117993296173084161e+01,-6.732955281382614032e+01
9.928500000000000000e+08,-7.122874664131705913e+01,-6.728699361126751910e+01
9.928550000000000000e+08,-7.127835897405824994e+01,-6.724408570740192204e+01
9.928600000000000000e+08,-7.132878930216458002e+01,-6.720082396273117809e+01
9.928650000000000000e+08,-7.138005734526578294e+01,-6.715720313348259651e+01
9.928700000000000000e+08,-7.143218318983333859e+01,-6.711321786894220054e+01
9.928750000000000000e+08,-7.148518727542673901e+01,-6.706886270870761280e+01
9.928800000000000000e+08,-7.153909037730758769e+01,-6.702413207985583199e+01
9.928850000000000000e+08,-7.159391358487538071e+01,-6.697902029402966662e+01
9.928900000000000000e+08,-7.164967827533838829e+01,-6.693352154443799407e+01
9.928950000000000000e+08,-7.170640608194609911e+01,-6.688762990275456843e+01
9.929000000000000000e+08,-7.176411885600897733e+01,-6.684133931592506883e+01
9.929050000000000000e+08,-7.182283862181004963e+01,-6.679464360288739044e+01
9.929100000000000000e+08,-7.188258752346702352e+01,-6.674753645117418444e+01
9.929150000000000000e+08,-7.194338776259398571e+01,-6.670001141341296602e+01
9.929200000000000000e+08,-7.200526152545937464e+01,-6.665206190374394168e+01
9.929250000000000000e+08,-7.206823089831259210e+01,-6.660368119407736742e+01
9.929300000000000000e+08,-7.213231776910363635e+01,-6.655486241028361860e+01
9.929350000000000000e+08,-7.219754371387021763e+01,-6.650559852823980123e+01
9.929400000000000000e+08,-7.226392986565863907e+01,-6.645588236974921870e+01
9.929450000000000000e+08,-7.233149676360039848e+01,-6.640570659835050549e+01
9.929500000000000000e+08,-7.240026417951484916e+01,-6.635506371498208011e+01
9.929550000000000000e+08,-7.247025091899256211e+01,-6.630394605351662562e+01
9.929600000000000000e+08,-7.254147459356165939e+01,-6.625234577615773901e+01
9.929650000000000000e+08,-7.261395136011601892e+01,-6.620025486868173914e+01
9.929700000000000000e+08,-7.268769562324197864e+01,-6.614766513554543792e+01
9.929750000000000000e+08,-7.276271969560978903e+01,-6.609456819482917922e+01
9.929800000000000000e+08,-7.283903341096339545e+01,-6.604095547302320313e+01
9.929850000000000000e+08,-7.291664368355279180e+01,-6.598681819966293460e+01
9.929900000000000000e+08,-7.299555400722616127e+01,-6.593214740177538147e+01
9.929950000000000000e+08,-7.307576388650488752e+01,-6.587693389816521972e+01
9.930000000000000000e+08,-7.315726819116926549e+01,-6.582116829353256549e+01
9.930050000000000000e+08,-7.324005642505130709e+01,-6.576484097238522963e+01
9.930100000000000000e+08,-7.332411189867220003e+01,-6.570794209277578091e+01
9.930150000000000000e+08,-7.340941079447637208e+01,-6.565046157985042896e+01
9.930200000000000000e+08,-7.349592111247277160e+01,-6.559238911919418058e+01
9.930250000000000000e+08,-7.358360148316513971e+01,-6.553371414996520627e+01
9.930300000000000000e+08,-7.367239983380815715e+01,-6.547442585783754510e+01
9.930350000000000000e+08,-7.376225189350087419e+01,-6.541451316771858160e+01
9.930400000000000000e+08,-7.385307952218295213e+01,-6.535396473625775116e+01
9.930450000000000000e+08,-7.394478884878100189e+01,-6.529276894412282672e+01
9.930500000000000000e+08,-7.403726820430931355e+01,-6.523091388806948032e+01
9.930550000000000000e+08,-7.413038583736170040e+01,-6.516838737276160032e+01
9.930600000000000000e+08,-7.422398740189532873e+01,-6.510517690236783039e+01
9.930650000000000000e+08,-7.431789321128077574e+01,-6.504126967193195696e+01
9.930700000000000000e+08,-7.441189525851666531e+01,-6.497665255849301502e+01
9.930750000000000000e+08,-7.450575401064178038e+01,-6.491131211196693584e+01
9.930800000000000000e+08,-7.459919499646808561e+01,-6.484523454579836255e+01
9.930850000000000000e+08,-7.469190522132581123e+01,-6.477840572738023184e+01
9.930900000000000000e+08,-7.478352946116592648e+01,-6.471081116820153056e+01
9.930950000000000000e+08,-7.487366651139201679e+01,-6.464243601380823634e+01
9.931000000000000000e+08,-7.496186549431659785e+01,-6.457326503350068947e+01
9.931050000000000000e+08,-7.504762236227644223e+01,-6.450328260982901440e+01
9.931100000000000000e+08,-7.513037677189784347e+01,-6.443247272785544055e+01
9.931150000000000000e+08,-7.520950954691600998e+01,-6.436081896423571891e+01
9.931200000000000000e+08,-7.528434099108085320e+01,-6.428830447609134069e+01
9.931250000000000000e+08,-7.535413035523694703e+01,-6.421491198972762504e+01
9.931300000000000000e+08,-7.541807679948672671e+01,-6.414062378918040963e+01
9.931350000000000000e+08,-7.547532221568124555e+01,-6.406542170467176334e+01
9.931400000000000000e+08,-7.552495627996196959e+01,-6.398928710092370409e+01
9.931450000000000000e+08,-7.556602408017484152e+01,-6.391220086544700507e+01
9.931500000000000000e+08,-7.559753660005223708e+01,-6.383414339681043259e+01
9.931550000000000000e+08,-7.561848423283167620e+01,-6.375509459291386349e+01
9.931600000000000000e+08,-7.562785333691608969e+01,-6.367503383938003481e+01
9.931650000000000000e+08,-7.562464563654546623e+01,-6.359393999810430387e+01
9.931700000000000000e+08,-7.560790002021521161e+01,-6.351179139599258860e+01
9.931750000000000000e+08,-7.557671601762713465e+01,-6.342856581408624095e+01
9.931800000000000000e+08,-7.553027797089869466e+01,-6.334424047707699401e+01
9.931850000000000000e+08,-7.546787869335506116e+01,-6.325879204337512363e+01
9.931900000000000000e+08,-7.538894126828670039e+01,-6.317219659587563996e+01
9.931950000000000000e+08,-7.529303761465403966e+01,-6.308442963355447830e+01
9.932000000000000000e+08,-7.517990255893414542e+01,-6.299546606413127137e+01
9.932050000000000000e+08,-7.504944240463748883e+01,-6.290528019791715764e+01
9.932100000000000000e+08,-7.490173736414625694e+01,-6.281384574319073266e+01
9.932150000000000000e+08,-7.473703766961916983e+01,-6.272113580332242577e+01
9.932200000000000000e+08,-7.455575365528028442e+01,-6.262712287594793992e+01
9.932250000000000000e+08,-7.435844054206997100e+01,-6.253177885460017649e+01
9.932300000000000000e+08,-7.414577900369324936e+01,-6.243507503321403362e+01
9.932350000000000000e+08,-7.391855281394413169e+01,-6.233698211388898613e+01
9.932400000000000000e+08,-7.367762495511348675e+01,-6.223747021858974904e+01
9.932450000000000000e+08,-7.342391351223648144e+01,-6.213650890528097648e+01
9.932500000000000000e+08,-7.315836851541124020e+01,-6.203406718929508656e+01
9.932550000000000000e+08,-7.288195065643888881e+01,-6.193011357065372380e+01
9.932600000000000000e+08,-7.259561253689732041e+01,-6.182461606835094159e+01
9.932650000000000000e+08,-7.230028283542895906e+01,-6.171754226259839271e+01
9.932700000000000000e+08,-7.199685354014805228e+01,-6.160885934624676707e+01
9.932750000000000000e+08,-7.168617019348697283e+01,-6.149853418675839833e+01
9.932800000000000000e+08,-7.136902494888529702e+01,-6.138653340031291350e+01
9.932850000000000000e+08,-7.104615214083682417e+01,-6.127282343981384827e+01
9.932900000000000000e+08,-7.071822601670089625e+01,-6.115737069883763155e+01
9.932950000000000000e+08,-7.038586026186959543e+01,-6.104014163389575032e+01
9.933000000000000000e+08,-7.004960895959440847e+01,-6.092110290758338920e+01
9.933050000000000000e+08,-6.970996865551241228e+01,-6.080022155571796105e+01
9.933100000000000000e+08,-6.936738123564776970e+01,-6.067746518189311189e+01
9.933150000000000000e+08,-6.902223737047242480e+01,-6.055280218335501274e+01
9.933200000000000000e+08,-6.867488032193101333e+01,-6.042620201264518442e+01
9.933250000000000000e+08,-6.832560995256091019e+01,-6.029763548016768482e+01
9.933300000000000000e+08,-6.797468681319328709e+01,-6.016707510334029507e+01
9.933350000000000000e+08,-6.762233621919233428e+01,-6.003449550892491260e+01
9.933400000000000000e+08,-6.726875225273121828e+01,-5.989987389586264754e+01
9.933450000000000000e+08,-6.691410165209256888e+01,-5.976319056704205224e+01
9.933500000000000000e+08,-6.655852756707845685e+01,-5.962442953927641298e+01
9.933550000000000000e+08,-6.620215317506088581e+01,-5.948357924214118242e+01
9.933600000000000000e+08,-6.584508516339100481e+01,-5.934063331741881342e+01
9.933650000000000000e+08,-6.548741709301143032e+01,-5.919559153229820936e+01
9.933700000000000000e+08,-6.512923266496819963e+01,-5.904846082090756454e+01
9.933750000000000000e+08,-6.477060891655700914e+01,-5.889925647018720412e+01
9.933800000000000000e+08,-6.441161937778355195e+01,-5.874800346764381942e+01
9.933850000000000000e+08,-6.405233722109771577e+01,-5.859473802976736323e+01
9.933900000000000000e+08,-6.369283843977783732e+01,-5.843950933140649795e+01
9.933950000000000000e+08,-6.333320509069194770e+01,-5.828238145712704465e+01
9.934000000000000000e+08,-6.297352863734782602e+01,-5.812343559611960586e+01
9.934050000000000000e+08,-6.261391342880821753e+01,-5.796277250226656008e+01
9.934100000000000000e+08,-6.225448034734667146e+01,-5.780051523951278369e+01
9.934150000000000000e+08,-6.189537065456914178e+01,-5.763681223025947276e+01
9.934200000000000000e+08,-6.153675006045961027e+01,-5.747184062012895112e+01
9.934250000000000000e+08,-6.117881303166399931e+01,-5.730580996540028593e+01
9.934300000000000000e+08,-6.082178734445520973e+01,-5.713896623936358310e+01
9.934350000000000000e+08,-6.046593887245787613e+01,-5.697159613949353485e+01
9.934400000000000000e+08,-6.011157657941932086e+01,-5.680403165821359579e+01
9.934450000000000000e+08,-5.975905766112045114e+01,-5.663665485464689908e+01
9.934500000000000000e+08,-5.940879274703029722e+01,-5.646990273217413403e+01
9.934550000000000000e+08,-5.906125103210464289e+01,-5.630427208667913419e+01
9.934600000000000000e+08,-5.871696515941689398e+01,-5.614032414152644890e+01
9.934650000000000000e+08,-5.837653561714459727e+01,-5.597868872867569223e+01
9.934700000000000000e+08,-5.804063435008615102e+01,-5.582006771222214070e+01
9.934750000000000000e+08,-5.771000721793171806e+01,-5.566523728336164112e+01
9.934800000000000000e+08,-5.738547486641333961e+01,-5.551504869003471754e+01
9.934850000000000000e+08,-5.706793152070108022e+01,-5.537042690789631649e+01
9.934900000000000000e+08,-5.675834117248722777e+01,-5.523236672185299767e+01
9.934950000000000000e+08,-5.645773062785667662e+01,-5.510192568322209894e+01
9.935000000000000000e+08,-5.616717892677187507e+01,-5.498021345151160233e+01
9.935050000000000000e+08,-5.588780275226169181e+01,-5.486837713738120215e+01
9.935100000000000000e+08,-5.562073763150982586e+01,-5.476758244748160109e+01
9.935150000000000000e+08,-5.536711499686650484e+01,-5.467899069808026979e+01
9.935200000000000000e+08,-5.512803551839229499e+01,-5.460373210785320452e+01
9.935250000000000000e+08,-5.490453951841774938e+01,-5.454287617943425204e+01
9.935300000000000000e+08,-5.469757569556279719e+01,-5.449740039630390243e+01
9.935350000000000000e+08,-5.450796976540039651e+01,-5.446815884144658071e+01
9.935400000000000000e+08,-5.433639490327098542e+01,-5.445585262256733472e+01
9.935450000000000000e+08,-5.418334598843291161e+01,-5.446100410263525760e+01
9.935500000000000000e+08,-5.404911955182706151e+01,-5.448393683739930538e+01
9.935550000000000000e+08,-5.393380100426998780e+01,-5.452476279631515865e+01
9.935600000000000000e+08,-5.383726019123385242e+01,-5.458337791271173955e+01
9.935650000000000000e+08,-5.375915564613848829e+01,-5.465946633477749828e+01
9.935700000000000000e+08,-5.369894718745418061e+01,-5.475251302235514572e+01
9.935750000000000000e+08,-5.365591582827931205e+01,-5.486182365799548677e+01
9.935800000000000000e+08,-5.362918943227917623e+01,-5.498655030590246184e+01
9.935850000000000000e+08,-5.361777221953740025e+01,-5.512572092210980657e+01
9.935900000000000000e+08,-5.362057612344969471e+01,-5.527827071681016236e+01
9.935950000000000000e+08,-5.363645210934603824e+01,-5.544307347937863284e+01
9.936000000000000000e+08,-5.366421984075949325e+01,-5.561897125178360568e+01
9.936050000000000000e+08,-5.370269445748721893e+01,-5.580480111444078517e+01
9.936100000000000000e+08,-5.375070964631810000e+01,-5.599941826524427313e+01
9.936150000000000000e+08,-5.380713658553870005e+01,-5.620171497276655259e+01
9.936200000000000000e+08,-5.387089868919500191e+01,-5.641063532949678461e+01
9.936250000000000000e+08,-5.394098234534931180e+01,-5.662518599931232899e+01
9.936300000000000000e+08,-5.401644402846760329e+01,-5.684444333928207982e+01
9.936350000000000000e+08,-5.409641427524546486e+01,-5.706755738494184271e+01
9.936400000000000000e+08,-5.418009905853067920e+01,-5.729375323377294649e+01
9.936450000000000000e+08,-5.426677909055899818e+01,-5.752233035801992855e+01
9.936500000000000000e+08,-5.435580755012608023e+01,-5.775266034143113814e+01
9.936550000000000000e+08,-5.444660667185538472e+01,-5.798418347804017969e+01
9.936600000000000000e+08,-5.453866357011149546e+01,-5.821640460558434427e+01
9.936650000000000000e+08,-5.463152560288456527e+01,-5.844888847875737525e+01
9.936700000000000000e+08,-5.472479551767405326e+01,-5.868125492445359015e+01
9.936750000000000000e+08,-5.481812656434819786e+01,-5.891317396377145599e+01
9.936800000000000000e+08,-5.491121771148825559e+01,-5.914436103750608709e+01
9.936850000000000000e+08,-5.500380906193421282e+01,-5.937457243062361556e+01
9.936900000000000000e+08,-5.509567753093762121e+01,-5.960360095924418999e+01
9.936950000000000000e+08,-5.518663282472212472e+01,-5.983127195791606567e+01
9.937000000000000000e+08,-5.527651373782862265e+01,-6.005743958548361405e+01
9.937050000000000000e+08,-5.536518477334752930e+01,-6.028198345369568756e+01
9.937100000000000000e+08,-5.545253307992707903e+01,-6.050480557249645130e+01
9.937150000000000000e+08,-5.553846569231572516e+01,-6.072582759862232393e+01
9.937200000000000000e+08,-5.562290705787410872e+01,-6.094498837004101688e+01
9.937250000000000000e+08,-5.570579682883062844e+01,-6.116224170601161347e+01
9.937300000000000000e+08,-5.578708789878250229e+01,-6.137755445117623054e+01
9.937350000000000000e+08,-5.586674466188927823e+01,-6.159090474223457079e+01
9.937400000000000000e+08,-5.594474147357719573e+01,-6.180228047595352336e+01
9.937450000000000000e+08,-5.602106129261315459e+01,-6.201167795841656982e+01
9.937500000000000000e+08,-5.609569448559572180e+01,-6.221910071653027785e+01
9.937550000000000000e+08,-5.616863777633796673e+01,-6.242455845426187011e+01
9.937600000000000000e+08,-5.623989332411017728e+01,-6.262806613763651598e+01
9.937650000000000000e+08,-5.630946791610624302e+01,-6.282964319379520646e+01
9.937700000000000000e+08,-5.637737226095789822e+01,-6.302931281093744076e+01
9.937750000000000000e+08,-5.644362037150721534e+01,-6.322710132745921641e+01
9.937800000000000000e+08,-5.650822902620242161e+01,-6.342303769953723247e+01
9.937850000000000000e+08,-5.657121729971318302e+01,-6.361715303780314912e+01
9.937900000000000000e+08,-5.663260615443566337e+01,-6.380948020483677396e+01
9.937950000000000000e+08,-5.669241808542253125e+01,-6.400005346592642752e+01
9.938000000000000000e+08,-5.675067681222429883e+01,-6.418890818664712583e+01
9.938050000000000000e+08,-5.680740701185398933e+01,-6.437608057144815632e+01
9.938100000000000000e+08,-5.686263408778228268e+01,-6.456160743818217895e+01
9.938150000000000000e+08,-5.691638397049381126e+01,-6.474552602409399071e+01
9.938200000000000000e+08,-5.696868294563907398e+01,-6.492787381929086621e+01
9.938250000000000000e+08,-5.701955750635718800e+01,-6.510868842433494308e+01
9.938300000000000000e+08,-5.706903422669606130e+01,-6.528800742880808627e+01
9.938350000000000000e+08,-5.711713965348729261e+01,-6.546586830827024528e+01
9.938400000000000000e+08,-5.716390021433311119e+01,-6.564230833726023207e+01
9.938450000000000000e+08,-5.720934213964396520e+01,-6.581736451626123596e+01
9.938500000000000000e+08,-5.725349139694134237e+01,-6.599107351087396012e+01
9.938550000000000000e+08,-5.729637363582970977e+01,-6.616347160156271912e+01
9.938600000000000000e+08,-5.733801414230860871e+01,-6.633459464275928497e+01
9.938650000000000000e+08,-5.737843780113618664e+01,-6.650447802987405055e+01
9.938700000000000000e+08,-5.741766906525322156e+01,-6.667315667336350771e+01
9.938750000000000000e+08,-5.745573193130364587e+01,-6.684066497884194291e+01
9.938800000000000000e+08,-5.749264992045780076e+01,-6.700703683245903619e+01
9.938850000000000000e+08,-5.752844606380069337e+01,-6.717230559077366081e+01
9.938900000000000000e+08,-5.756314289169403509e+01,-6.733650407460197584e+01
9.938950000000000000e+08,-5.759676242654082046e+01,-6.749966456621386612e+01
9.939000000000000000e+08,-5.762932617848817785e+01,-6.766181880944932914e+01
9.939050000000000000e+08,-5.766085514364608144e+01,-6.782299801232601055e+01
9.939100000000000000e+08,-5.769136980445740903e+01,-6.798323285177835373e+01
9.939150000000000000e+08,-5.772089013190069551e+01,-6.814255348022000192e+01
9.939200000000000000e+08,-5.774943558923933296e+01,-6.830098953361469682e+01
9.939250000000000000e+08,-5.777702513709233756e+01,-6.845857014091519943e+01
9.939300000000000000e+08,-5.780367723958256931e+01,-6.861532393452067424e+01
9.939350000000000000e+08,-5.782940987140696620e+01,-6.877127906166676041e+01
9.939400000000000000e+08,-5.785424052565905129e+01,-6.892646319662803478e+01
9.939450000000000000e+08,-5.787818622224144605e+01,-6.908090355343786371e+01
9.939500000000000000e+08,-5.790126351677380967e+01,-6.923462689915972135e+01
9.939550000000000000e+08,-5.792348850988305031e+01,-6.938765956756954267e+01
9.939600000000000000e+08,-5.794487685676966748e+01,-6.954002747310822485e+01
9.939650000000000000e+08,-5.796544377698461403e+01,-6.969175612507015671e+01
9.939700000000000000e+08,-5.798520406434433028e+01,-6.984287064198525741e+01
9.939750000000000000e+08,-5.800417209691791243e+01,-6.999339576607631841e+01
9.939800000000000000e+08,-5.802236184705373034e+01,-7.014335587782338166e+01
9.939850000000000000e+08,-5.803978689137220925e+01,-7.029277501049068633e+01
9.939900000000000000e+08,-5.805646042072013557e+01,-7.044167686472660250e+01
9.939950000000000000e+08,-5.807239525003308245e+01,-7.059008482307785926e+01
9.940000000000000000e+08,-5.808760382807903966e+01,-7.073802196442834145e+01
9.940050000000000000e+08,-5.810209824708341131e+01,-7.088551107843382226e+01
9.940100000000000000e+08,-5.811589025219114291e+01,-7.103257467982568585e+01
9.940150000000000000e+08,-5.812899125075810502e+01,-7.117923502258447854e+01
9.940200000000000000e+08,-5.814141232147106564e+01,-7.132551411409751552e+01
9.940250000000000000e+08,-5.815316422327312296e+01,-7.147143372912215398e+01
9.940300000000000000e+08,-5.816425740409159317e+01,-7.161701542368919604e+01
9.940350000000000000e+08,-5.817470200936338642e+01,-7.176228054886139773e+01
9.940400000000000000e+08,-5.818450789035203741e+01,-7.190725026441236878e+01
9.940450000000000000e+08,-5.819368461225334244e+01,-7.205194555237814313e+01
9.940500000000000000e+08,-5.820224146209501725e+01,-7.219638723049678219e+01
9.940550000000000000e+08,-5.821018745641680425e+01,-7.234059596558364547e+01
9.940600000000000000e+08,-5.821753134874529678e+01,-7.248459228679260491e+01
9.940650000000000000e+08,-5.822428163685030711e+01,-7.262839659877224108e+01
9.940700000000000000e+08,-5.823044656980336953e+01,-7.277202919480372145e+01
9.940750000000000000e+08,-5.823603415482325829e+01,-7.291551026983738382e+01
9.940800000000000000e+08,-5.824105216391600237e+01,-7.305885993344087126e+01
9.940850000000000000e+08,-5.824550814032215129e+01,-7.320209822278029321e+01
9.940900000000000000e+08,-5.824940940476177786e+01,-7.334524511551325077e+01
9.940950000000000000e+08,-5.825276306148936101e+01,-7.348832054265494662e+01
9.941000000000000000e+08,-5.825557600416023263e+01,-7.363134440145014992e+01
9.941050000000000000e+08,-5.825785492150905753e+01,-7.377433656825040487e+01
9.941100000000000000e+08,-5.825960630285369035e+01,-7.391731691139612792e+01
9.941150000000000000e+08,-5.826083644341737511e+01,-7.406030530411047152e+01
9.941200000000000000e+08,-5.826155144948497622e+01,-7.420332163746506637e+01
9.941250000000000000e+08,-5.826175724338557416e+01,-7.434638583335990347e+01
9.941300000000000000e+08,-5.826145956832108652e+01,-7.448951785759243194e+01
9.941350000000000000e+08,-5.826066399302519017e+01,-7.463273773301420988e+01
9.941400000000000000e+08,-5.825937591627977241e+01,-7.477606555275426103e+01
9.941450000000000000e+08,-5.825760057127529024e+01,-7.491952149355627455e+01
9.941500000000000000e+08,-5.825534302982621426e+01,-7.506312582927156996e+01
9.941550000000000000e+08,-5.825260820644768955e+01,-7.520689894444139156e+01
9.941600000000000000e+08,-5.824940086229041469e+01,-7.535086134806655878e+01
9.941650000000000000e+08,-5.824572560894991824e+01,-7.549503368749287802e+01
9.941700000000000000e+08,-5.824158691214204708e+01,-7.563943676257481741e+01
9.941750000000000000e+08,-5.823698909525111844e+01,-7.578409153991881908e+01
9.941800000000000000e+08,-5.823193634276064756e+01,-7.592901916740754586e+01
9.941850000000000000e+08,-5.822643270356566347e+01,-7.607424098893831399e+01
9.941900000000000000e+08,-5.822048209416938391e+01,-7.621977855939852020e+01
9.941950000000000000e+08,-5.821408830177127669e+01,-7.636565365987523535e+01
9.942000000000000000e+08,-5.820725498724393532e+01,-7.651188831317003292e+01
9.942050000000000000e+08,-5.819998568800539829e+01,-7.665850479955646790e+01
9.942100000000000000e+08,-5.819228382080076045e+01,-7.680552567288972909e+01
9.942150000000000000e+08,-5.818415268437271948e+01,-7.695297377694221552e+01
9.942200000000000000e+08,-5.817559546204162757e+01,-7.710087226214552913e+01
9.942250000000000000e+08,-5.816661522419813224e+01,-7.724924460262927539e+01
9.942300000000000000e+08,-5.815721493069719372e+01,-7.739811461356475775e+01
9.942350000000000000e+08,-5.814739743317559117e+01,-7.754750646894568433e+01
9.942400000000000000e+08,-5.813716547727801753e+01,-7.769744471967405275e+01
9.942450000000000000e+08,-5.812652170480476599e+01,-7.784795431198189419e+01
9.942500000000000000e+08,-5.811546865577561505e+01,-7.799906060633196603e+01
9.942550000000000000e+08,-5.810400877042428647e+01,-7.815078939657479395e+01
9.942600000000000000e+08,-5.809214439111367767e+01,-7.830316692952897029e+01
9.942650000000000000e+08,-5.807987776417664350e+01,-7.845621992495934194e+01
9.942700000000000000e+08,-5.806721104168922665e+01,-7.860997559584183136e+01
9.942750000000000000e+08,-5.805414628317483050e+01,-7.876446166902434243e+01
9.942800000000000000e+08,-5.804068545724101114e+01,-7.891970640619432231e+01
9.942850000000000000e+08,-5.802683044315148209e+01,-7.907573862514611562e+01
9.942900000000000000e+08,-5.801258303233643687e+01,-7.923258772133263506e+01
9.942950000000000000e+08,-5.799794492983690475e+01,-7.939028368958814497e+01
9.943000000000000000e+08,-5.798291775569624917e+01,-7.954885714610716718e+01
9.943050000000000000e+08,-5.796750304628663741e+01,-7.970833935046910312e+01
9.943100000000000000e+08,-5.795170225558471344e+01,-7.986876222769552669e+01
9.943150000000000000e+08,-5.793551675638474308e+01,-8.003015839030332756e+01
9.943200000000000000e+08,-5.791894784146496278e+01,-8.019256116013718838e+01
9.943250000000000000e+08,-5.790199672469540815e+01,-8.035600458989330264e+01
9.943300000000000000e+08,-5.788466454209896739e+01,-8.052052348423956118e+01
9.943350000000000000e+08,-5.786695235285791483e+01,-8.068615342022940240e+01
9.943400000000000000e+08,-5.784886114027401049e+01,-8.085293076689882241e+01
9.943450000000000000e+08,-5.783039181267824347e+01,-8.102089270371413932e+01
9.943500000000000000e+08,-5.781154520429559796e+01,-8.119007723763729700e+01
9.943550000000000000e+08,-5.779232207606072080e+01,-8.136052321840557511e+01
9.943600000000000000e+08,-5.777272311639432445e+01,-8.153227035163568814e+01
9.943650000000000000e+08,-5.775274894192581598e+01,-8.170535920930893781e+01
9.943700000000000000e+08,-5.773240009817521923e+01,-8.187983123702554167e+01
9.943750000000000000e+08,-5.771167706020431609e+01,-8.205572875741090400e+01
9.943800000000000000e+08,-5.769058023320492623e+01,-8.223309496897391568e+01
9.943850000000000000e+08,-5.766910995306129450e+01,-8.241197393945353156e+01
9.943900000000000000e+08,-5.764726648686479393e+01,-8.259241059270544838e+01
9.943950000000000000e+08,-5.762505003339003906e+01,-8.277445068794881422e+01
9.944000000000000000e+08,-5.760246072353241686e+01,-8.295814079003029917e+01
9.944050000000000000e+08,-5.757949862070186953e+01,-8.314352822905252083e+01
9.944100000000000000e+08,-5.755616372118757340e+01,-8.333066104761556403e+01
9.944150000000000000e+08,-5.753245595446593086e+01,-8.351958793356219246e+01
9.944200000000000000e+08,-5.750837518349268151e+01,-8.371035813567175410e+01
9.944250000000000000e+08,-5.748392120494524704e+01,-8.390302135953467655e+01
9.944300000000000000e+08,-5.745909374942340264e+01,-8.409762764031513882e+01
9.944350000000000000e+08,-5.743389248162294791e+01,-8.429422718850268836e+01
9.944400000000000000e+08,-5.740831700046666697e+01,-8.449287020429649431e+01
9.944450000000000000e+08,-5.738236683920011671e+01,-8.469360665548144596e+01
9.944500000000000000e+08,-5.735604146544983450e+01,-8.489648601282871709e+01
9.944550000000000000e+08,-5.732934028124642367e+01,-8.510155693623462980e+01
9.944600000000000000e+08,-5.730226262300800499e+01,-8.530886690355103497e+01
9.944650000000000000e+08,-5.727480776149248243e+01,-8.551846177317693787e+01
9.944700000000000000e+08,-5.724697490170674996e+01,-8.573038526960175432e+01
9.944750000000000000e+08,-5.721876318278759044e+01,-8.594467837990949022e+01
9.944800000000000000e+08,-5.719017167783704281e+01,-8.616137864736617757e+01
9.944850000000000000e+08,-5.716119939372095615e+01,-8.638051934583488389e+01
9.944900000000000000e+08,-5.713184527084791853e+01,-8.660212851690488378e+01
9.944950000000000000e+08,-5.710210818288460644e+01,-8.682622784885643341e+01
9.945000000000000000e+08,-5.707198693645299414e+01,-8.705283137363008450e+01
9.945050000000000000e+08,-5.704148027078218774e+01,-8.728194395513838799e+01
9.945100000000000000e+08,-5.701058685732399312e+01,-8.751355953885449424e+01
9.945150000000000000e+08,-5.697930529932968113e+01,-8.774765912918347510e+01
9.945200000000000000e+08,-5.694763413138620933e+01,-8.798420845773512156e+01
9.945250000000000000e+08,-5.691557181892190442e+01,-8.822315530231749392e+01
9.945300000000000000e+08,-5.688311675765071840e+01,-8.846442641376472693e+01
9.945350000000000000e+08,-5.685026727300403593e+01,-8.870792400552596746e+01
9.945400000000000000e+08,-5.681702161950536123e+01,-8.895352176052556104e+01
9.945450000000000000e+08,-5.678337798009955151e+01,-8.920106031144669601e+01
9.945500000000000000e+08,-5.674933446545174576e+01,-8.945034215505712893e+01
9.945550000000000000e+08,-5.671488911319477211e+01,-8.970112597063734938e+01
9.945600000000000000e+08,-5.668003988713682162e+01,-8.995312032802239344e+01
9.945650000000000000e+08,-5.664478467642017279e+01,-9.020597679412928471e+01
9.945700000000000000e+08,-5.660912129464460918e+01,-9.045928248144925021e+01
9.945750000000000000e+08,-5.657304747892099783e+01,-9.071255212986648075e+01
9.945800000000000000e+08,-5.653656088890760145e+01,-9.096521987720316815e+01
9.945850000000000000e+08,-5.649965910577348893e+01,-9.121663095787015152e+01
9.945900000000000000e+08,-5.646233963112847221e+01,-9.146603367325732847e+01
9.945950000000000000e+08,-5.642459988588642261e+01,-9.171257210391038939e+01
9.946000000000000000e+08,-5.638643720908137880e+01,-9.195528017790661579e+01
9.946050000000000000e+08,-5.634784885664838328e+01,-9.219307786596547771e+01
9.946100000000000000e+08,-5.630883200011552958e+01,-9.242477042686557809e+01
9.946150000000000000e+08,-5.626938372526537790e+01,-9.264905175508997104e+01
9.946200000000000000e+08,-5.622950103072653860e+01,-9.286451295466520151e+01
9.946250000000000000e+08,-5.618918082650889545e+01,-9.306965723924955114e+01
9.946300000000000000e+08,-5.614841993247540586e+01,-9.326292209332514460e+01
9.946350000000000000e+08,-5.610721507674871589e+01,-9.344270928210092109e+01
9.946400000000000000e+08,-5.606556289406256610e+01,-9.360742274080942593e+01
9.946450000000000000e+08,-5.602345992401984631e+01,-9.375551361205302214e+01
9.946500000000000000e+08,-5.598090260931299156e+01,-9.388553078180240163e+01
9.946550000000000000e+08,-5.593788729385580893e+01,-9.399617429677809355e+01
9.946600000000000000e+08,-5.589441022083262567e+01,-9.408634818315709936e+01
9.946650000000000000e+08,-5.585046753068682790e+01,-9.415520861475401659e+01
9.946700000000000000e+08,-5.580605525902070951e+01,-9.420220326969568703e+01
9.946750000000000000e+08,-5.576116933441507939e+01,-9.422709817618053307e+01
9.946800000000000000e+08,-5.571580557616077556e+01,-9.422998937952321796e+01
9.946850000000000000e+08,-5.566995969191410865e+01,-9.421129823614990073e+01
9.946900000000000000e+08,-5.562362727523090200e+01,-9.417175081883469545e+01
9.946950000000000000e+08,-5.557680380304571344e+01,-9.411234351239565399e+01
9.947000000000000000e+08,-5.552948463301984816e+01,-9.403429812276797861e+01
9.947050000000000000e+08,-5.548166500080937880e+01,-9.393901053552491476e+01
9.947100000000000000e+08,-5.543334001720636905e+01,-9.382799708735740296e+01
9.947150000000000000e+08,-5.538450466518781212e+01,-9.370284242189435986e+01
9.947200000000000000e+08,-5.533515379684141067e+01,-9.356515183998956786e+01
9.947250000000000000e+08,-5.528528213017458626e+01,-9.341651021016036793e+01
9.947300000000000000e+08,-5.523488424579888090e+01,-9.325844854939576578e+01
9.947350000000000000e+08,-5.518395458348578586e+01,-9.309241854648379899e+01
9.947400000000000000e+08,-5.513248743858944323e+01,-9.291977465242398182e+01
9.947450000000000000e+08,-5.508047695832619439e+01,-9.274176292736345317e+01
9.947500000000000000e+08,-5.502791713792142048e+01,-9.255951559480240576e+01
9.947550000000000000e+08,-5.497480181658147558e+01,-9.237405017509104255e+01
9.947600000000000000e+08,-5.492112467333274850e+01,-9.218627210640525504e+01
9.947650000000000000e+08,-5.486687922267162776e+01,-9.199697986991525056e+01
9.947700000000000000e+08,-5.481205881007795711e+01,-9.180687178187184827e+01
9.947750000000000000e+08,-5.475665660730506801e+01,-9.161655377180420601e+01
9.947800000000000000e+08,-5.470066560751560303e+01,-9.142654761721657053e+01
9.947850000000000000e+08,-5.464407862020792095e+01,-9.123729923941986897e+01
9.947900000000000000e+08,-5.458688826594156751e+01,-9.104918677910779934e+01
9.947950000000000000e+08,-5.452908697084527745e+01,-9.086252826295103091e+01
9.948000000000000000e+08,-5.447066696091394533e+01,-9.067758874447606843e+01
9.948050000000000000e+08,-5.441162025605053998e+01,-9.049458685710965256e+01
9.948100000000000000e+08,-5.435193866387326977e+01,-9.031370075727568292e+01
9.948150000000000000e+08,-5.429161377327889682e+01,-9.013507346295027389e+01
9.948200000000000000e+08,-5.423063694772538668e+01,-8.995881761214974404e+01
9.948250000000000000e+08,-5.416899931822155168e+01,-8.978501967707765630e+01
9.948300000000000000e+08,-5.410669177604332702e+01,-8.961374367646902783e+01
9.948350000000000000e+08,-5.404370496512824928e+01,-8.944503443119906194e+01
9.948400000000000000e+08,-5.398002927414740526e+01,-8.927892040860221812e+01
9.948450000000000000e+08,-5.391565482823331479e+01,-8.911541619946292769e+01
9.948500000000000000e+08,-5.385057148036521824e+01,-8.895452466913533840e+01
9.948550000000000000e+08,-5.378476880233787227e+01,-8.879623882102126231e+01
9.948600000000000000e+08,-5.371823607538586032e+01,-8.864054340746262994e+01
9.948650000000000000e+08,-5.365096228036355797e+01,-8.848741631953957665e+01
9.948700000000000000e+08,-5.358293608747695203e+01,-8.833682978380574013e+01
9.948750000000000000e+08,-5.351414584558128240e+01,-8.818875139110991768e+01
9.948800000000000000e+08,-5.344457957096163625e+01,-8.804314497944946538e+01
9.948850000000000000e+08,-5.337422493564864112e+01,-8.789997139028238848e+01
9.948900000000000000e+08,-5.330306925513566796e+01,-8.775918911522920496e+01
9.948950000000000000e+08,-5.323109947557136223e+01,-8.762075484799139247e+01
9.949000000000000000e+08,-5.315830216033344158e+01,-8.748462395439703698e+01
9.949050000000000000e+08,-5.308466347597209278e+01,-8.735075087172474184e+01
9.949100000000000000e+08,-5.301016917748019353e+01,-8.721908944708964384e+01
9.949150000000000000e+08,-5.293480459287142281e+01,-8.708959322329653219e+01
9.949200000000000000e+08,-5.285855460698252273e+01,-8.696221567941992703e+01
9.949250000000000000e+08,-5.278140364449537714e+01,-8.683691043248609276e+01
9.949300000000000000e+08,-5.270333565215380389e+01,-8.671363140568539052e+01
9.949350000000000000e+08,-5.262433408003204960e+01,-8.659233296780044498e+01
9.949400000000000000e+08,-5.254438186191110560e+01,-8.647297004795795772e+01
9.949450000000000000e+08,-5.246346139463824443e+01,-8.635549822922817498e+01
9.949500000000000000e+08,-5.238155451643235949e+01,-8.623987382408564883e+01
9.949550000000000000e+08,-5.229864248406690308e+01,-8.612605393432082224e+01
9.949600000000000000e+08,-5.221470594885608563e+01,-8.601399649774599254e+01
9.949650000000000000e+08,-5.212972493139542252e+01,-8.590366032357208326e+01
9.949700000000000000e+08,-5.204367879490146009e+01,-8.579500511815297159e+01
9.949750000000000000e+08,-5.195654621718431798e+01,-8.568799150258691100e+01
9.949800000000000000e+08,-5.186830516105867872e+01,-8.558258102337143214e+01
9.949850000000000000e+08,-5.177893284311261368e+01,-8.547873615721762519e+01
9.949900000000000000e+08,-5.168840570077837526e+01,-8.537642031096275730e+01
9.949950000000000000e+08,-5.159669935751166747e+01,-8.527559781734726130e+01
9.950000000000000000e+08,-5.150378858605591859e+01,-8.517623392738478572e+01
9.950050000000000000e+08,-5.140964726951955299e+01,-8.507829479987458399e+01
9.950100000000000000e+08,-5.131424836025373537e+01,-8.498174748859310057e+01
9.950150000000000000e+08,-5.121756383629187326e+01,-8.488655992762117819e+01
9.950200000000000000e+08,-5.111956465520874815e+01,-8.479270091509755503e+01
9.950250000000000000e+08,-5.102022070520379771e+01,-8.470014009583857728e+01
9.950300000000000000e+08,-5.091950075323457270e+01,-8.460884794300801559e+01
9.950350000000000000e+08,-5.081737238992486994e+01,-8.451879573908496468e+01
9.950400000000000000e+08,-5.071380197106247323e+01,-8.442995555638157157e+01
9.950450000000000000e+08,-5.060875455545939161e+01,-8.434230023722443548e+01
9.950500000000000000e+08,-5.050219383876878254e+01,-8.425580337394771391e+01
9.950550000000000000e+08,-5.039408208309979642e+01,-8.417043928886359083e+01
9.950600000000000000e+08,-5.028438004200879874e+01,-8.408618301426686514e+01
9.950650000000000000e+08,-5.017304688053443584e+01,-8.400301027257779651e+01
9.950700000000000000e+08,-5.006004008987637377e+01,-8.392089745668110368e+01
9.950750000000000000e+08,-4.994531539627982397e+01,-8.383982161054132121e+01
9.950800000000000000e+08,-4.982882666368518443e+01,-8.375976041013964846e+01
9.950850000000000000e+08,-4.971052578952295420e+01,-8.368069214472959061e+01
9.950900000000000000e+08,-4.959036259324613383e+01,-8.360259569849827699e+01
9.950950000000000000e+08,-4.946828469683527629e+01,-8.352545053264407215e+01
9.951000000000000000e+08,-4.934423739661400532e+01,-8.344923666783901695e+01
9.951050000000000000e+08,-4.921816352568082920e+01,-8.337393466716397938e+01
9.951100000000000000e+08,-4.909000330605130102e+01,-8.329952561948007883e+01
9.951150000000000000e+08,-4.895969418961610131e+01,-8.322599112323106851e+01
9.951200000000000000e+08,-4.882717068688816653e+01,-8.315331327073316459e+01
9.951250000000000000e+08,-4.869236418240831910e+01,-8.308147463288824497e+01
9.951300000000000000e+08,-4.855520273555546851e+01,-8.301045824437036913e+01
9.951350000000000000e+08,-4.841561086537011249e+01,-8.294024758923711715e+01
9.951400000000000000e+08,-4.827350931783757915e+01,-8.287082658700020943e+01
9.951450000000000000e+08,-4.812881481394479977e+01,-8.280217957912439886e+01
9.951500000000000000e+08,-4.798143977650158831e+01,-8.273429131594760122e+01
9.951550000000000000e+08,-4.783129203370002358e+01,-8.266714694401659358e+01
9.951600000000000000e+08,-4.767827449692576636e+01,-8.260073199385674059e+01
9.951650000000000000e+08,-4.752228481017110084e+01,-8.253503236809648058e+01
9.951700000000000000e+08,-4.736321496802948161e+01,-8.247003433001475514e+01
9.951750000000000000e+08,-4.720095089888575046e+01,-8.240572449245505027e+01
9.951800000000000000e+08,-4.703537200948973407e+01,-8.234208980710960191e+01
9.951850000000000000e+08,-4.686635068661548331e+01,-8.227911755414831418e+01
9.951900000000000000e+08,-4.669375175094356223e+01,-8.221679533221205816e+01
9.951950000000000000e+08,-4.651743185771720590e+01,-8.215511104872842907e+01
9.952000000000000000e+08,-4.633723883784607978e+01,-8.209405291055736598e+01
9.952050000000000000e+08,-4.615301097247892415e+01,-8.203360941495117231e+01
9.952100000000000000e+08,-4.596457619305570574e+01,-8.197376934081836453e+01
9.952150000000000000e+08,-4.577175119745599829e+01,-8.191452174028135857e+01
9.952200000000000000e+08,-4.557434047204242944e+01,-8.185585593051641240e+01
9.952250000000000000e+08,-4.537213520748322537e+01,-8.179776148588130980e+01
9.952300000000000000e+08,-4.516491209471143975e+01,-8.174022823028579410e+01
9.952350000000000000e+08,-4.495243198530331341e+01,-8.168324622983887195e+01
9.952400000000000000e+08,-4.473443839821759127e+01,-8.162680578572953038e+01
9.952450000000000000e+08,-4.451065585219716780e+01,-8.157089742736596349e+01
9.952500000000000000e+08,-4.428078799972791302e+01,-8.151551190571255745e+01
9.952550000000000000e+08,-4.404451553529762009e+01,-8.146064018688078079e+01
9.952600000000000000e+08,-4.380149384589954309e+01,-8.140627344592290626e+01
9.952650000000000000e+08,-4.355135036714862196e+01,-8.135240306082293671e+01
9.952700000000000000e+08,-4.329368160285759615e+01,-8.129902060669883213e+01
9.952750000000000000e+08,-4.302804975925309350e+01,-8.124611785020127286e+01
9.952800000000000000e+08,-4.275397893798302817e+01,-8.119368674407425601e+01
9.952850000000000000e+08,-4.247095082395581045e+01,-8.114171942192689357e+01
9.952900000000000000e+08,-4.217839979544892515e+01,-8.109020819314913808e+01
9.952950000000000000e+08,-4.187570737451071068e+01,-8.103914553800998988e+01
9.953000000000000000e+08,-4.156219592752464820e+01,-8.098852410291100057e+01
9.953050000000000000e+08,-4.123712151755457000e+01,-8.093833669578870627e+01
9.953100000000000000e+08,-4.089966580692221498e+01,-8.088857628168504732e+01
9.953150000000000000e+08,-4.054892691096216595e+01,-8.083923597843124753e+01
9.953200000000000000e+08,-4.018390912050561781e+01,-8.079030905249365446e+01
9.953250000000000000e+08,-3.980351144999416135e+01,-8.074178891495166965e+01
9.953300000000000000e+08,-3.940651504740873179e+01,-8.069366911758734773e+01
9.953350000000000000e+08,-3.899156965229811789e+01,-8.064594334911430451e+01
9.953400000000000000e+08,-3.855717955467959968e+01,-8.059860543152910850e+01
9.953450000000000000e+08,-3.810168997629573084e+01,-8.055164931655767191e+01
9.953500000000000000e+08,-3.762327560621698552e+01,-8.050506908223617586e+01
9.953550000000000000e+08,-3.711993441850006548e+01,-8.045885892958889940e+01
9.953600000000000000e+08,-3.658949229810257009e+01,-8.041301317940265392e+01
9.953650000000000000e+08,-3.602962812789860436e+01,-8.036752626911543018e+01
9.953700000000000000e+08,-3.543793609362381147e+01,-8.032239274979177424e+01
9.953750000000000000e+08,-3.481205418710170818e+01,-8.027760728319654504e+01
9.953800000000000000e+08,-3.414990880548253926e+01,-8.023316463895092454e+01
9.953850000000000000e+08,-3.345016058098111245e+01,-8.018905969178193516e+01
9.953900000000000000e+08,-3.271299380051378591e+01,-8.014528741885946772e+01
9.953950000000000000e+08,-3.194147732399023454e+01,-8.010184289719907724e+01
9.954000000000000000e+08,-3.114382831756551084e+01,-8.005872130115442076e+01
9.954050000000000000e+08,-3.033695409762279027e+01,-8.001591789998867910e+01
9.954100000000000000e+08,-2.955136482749282223e+01,-7.997342805550550793e+01
9.954150000000000000e+08,-2.883630916333009608e+01,-7.993124721975688374e+01
9.954200000000000000e+08,-2.826102166932874837e+01,-7.988937093282262936e+01
9.954250000000000000e+08,-2.790447850520976303e+01,-7.984779482065447098e+01
9.954300000000000000e+08,-2.782901920726473222e+01,-7.980651459297078532e+01
9.954350000000000000e+08,-2.804977464911728902e+01,-7.976552604123307333e+01
9.954400000000000000e+08,-2.852605319293704866e+01,-7.972482503666574871e+01
9.954450000000000000e+08,-2.918346697263310219e+01,-7.968440752833772933e+01
9.954500000000000000e+08,-2.994537183263085822e+01,-7.964426954130206582e+01
9.954550000000000000e+08,-3.075170743901137627e+01,-7.960440717478772399e+01
9.954600000000000000e+08,-3.156271270242424620e+01,-7.956481660043911575e+01
9.954650000000000000e+08,-3.235505314327073734e+01,-7.952549406060958859e+01
9.954700000000000000e+08,-3.311650608350098679e+01,-7.948643586670478101e+01
9.954750000000000000e+08,-3.384166847093372610e+01,-7.944763839756765833e+01
9.954800000000000000e+08,-3.452906729436503497e+01,-7.940909809791098439e+01
9.954850000000000000e+08,-3.517937429802935156e+01,-7.937081147679391790e+01
9.954900000000000000e+08,-3.579435293601282098e+01,-7.933277510614591677e+01
9.954950000000000000e+08,-3.637625552542526464e+01,-7.929498561931838196e+01
9.955000000000000000e+08,-3.692748714725806281e+01,-7.925743970968881058e+01
9.955050000000000000e+08,-3.745042452828252522e+01,-7.922013412930168386e+01
9.955100000000000000e+08,-3.794732383300190293e+01,-7.918306568753676800e+01
9.955150000000000000e+08,-3.842027884365371193e+01,-7.914623124982385605e+01
9.955200000000000000e+08,-3.887120720902652238e+01,-7.910962773639134582e+01
9.955250000000000000e+08,-3.930185187915307665e+01,-7.907325212104052525e+01
9.955300000000000000e+08,-3.971379032199604353e+01,-7.903710142996108345e+01
9.955350000000000000e+08,-4.010844730363446331e+01,-7.900117274057885197e+01
9.955400000000000000e+08,-4.048710886484207094e+01,-7.896546318042210544e+01
9.955450000000000000e+08,-4.085093620397583436e+01,-7.892996992603465856e+01
9.955500000000000000e+08,-4.120097880094018450e+01,-7.889469020190314552e+01
9.955550000000000000e+08,-4.153818647565846334e+01,-7.885962127942525512e+01
9.955600000000000000e+08,-4.186342027766458074e+01,-7.882476047589202039e+01
9.955650000000000000e+08,-4.217746221483919555e+01,-7.879010515350489641e+01
9.955700000000000000e+08,-4.248102388710396582e+01,-7.875565271841955450e+01
9.955750000000000000e+08,-4.277475411756749679e+01,-7.872140061980529424e+01
9.955800000000000000e+08,-4.305924568258227225e+01,-7.868734634893803559e+01
9.955850000000000000e+08,-4.333504124126005053e+01,-7.865348743831464162e+01
9.955900000000000000e+08,-4.360263855931805210e+01,-7.861982146078111100e+01
9.955950000000000000e+08,-4.386249511343354612e+01,-7.858634602869530283e+01
9.956000000000000000e+08,-4.411503215373321751e+01,-7.855305879310387240e+01
9.956050000000000000e+08,-4.436063829253858160e+01,-7.851995744294168844e+01
9.956100000000000000e+08,-4.459967267975901706e+01,-7.848703970424848819e+01
9.956150000000000000e+08,-4.483246781691328664e+01,-7.845430333940622347e+01
9.956200000000000000e+08,-4.505933205552879173e+01,-7.842174614640445895e+01
9.956250000000000000e+08,-4.528055181935464901e+01,-7.838936595810514518e+01
9.956300000000000000e+08,-4.549639358466768613e+01,-7.835716064154102867e+01
9.956350000000000000e+08,-4.570710564831694001e+01,-7.832512809722919656e+01
9.956400000000000000e+08,-4.591291970938696920e+01,-7.829326625849350307e+01
9.956450000000000000e+08,-4.611405228670982837e+01,-7.826157309080858226e+01
9.956500000000000000e+08,-4.631070599160008783e+01,-7.823004659116516279e+01
9.956550000000000000e+08,-4.650307067294213681e+01,-7.819868478743730122e+01
9.956600000000000000e+08,-4.669132444905404355e+01,-7.816748573777898912e+01
9.956650000000000000e+08,-4.687563463933867069e+01,-7.813644753002424181e+01
9.956700000000000000e+08,-4.705615860687682073e+01,-7.810556828110891558e+01
9.956750000000000000e+08,-4.723304452178643942e+01,-7.807484613650113658e+01
9.956800000000000000e+08,-4.740643205396165172e+01,-7.804427926964699225e+01
9.956850000000000000e+08,-4.757645300270063871e+01,-7.801386588143319045e+01
9.956900000000000000e+08,-4.774323187002440250e+01,-7.798360419965416668e+01
9.956950000000000000e+08,-4.790688638330579607e+01,-7.795349247849441099e+01
9.957000000000000000e+08,-4.806752797259601095e+01,-7.792352899803431399e+01
9.957050000000000000e+08,-4.822526220717912793e+01,-7.789371206374519829e+01
9.957100000000000000e+08,-4.838018919532706263e+01,-7.786404000601378073e+01
9.957150000000000000e+08,-4.853240395095149751e+01,-7.783451117967615573e+01
9.957200000000000000e+08,-4.868199673031416097e+01,-7.780512396354914983e+01
9.957250000000000000e+08,-4.882905334165400291e+01,-7.777587675998924510e+01
9.957300000000000000e+08,-4.897365543027532908e+01,-7.774676799444803521e+01
9.957350000000000000e+08,-4.911588074136942339e+01,-7.771779611504962304e+01
9.957400000000000000e+08,-4.925580336260352965e+01,-7.768895959216388292e+01
9.957450000000000000e+08,-4.939349394830567519e+01,-7.766025691800199127e+01
9.957500000000000000e+08,-4.952901992684674326e+01,-7.763168660621410311e+01
9.957550000000000000e+08,-4.966244569277098009e+01,-7.760324719149635087e+01
9.957600000000000000e+08,-4.979383278492229437e+01,-7.757493722920764867e+01
9.957650000000000000e+08,-4.992324005173018264e+01,-7.754675529499813535e+01
9.957700000000000000e+08,-5.005072380489087891e+01,-7.751869998443773113e+01
9.957750000000000000e+08,-5.017633796223002207e+01,-7.749076991266090886e+01
9.957800000000000000e+08,-5.030013418074417331e+01,-7.746296371401291481e+01
9.957850000000000000e+08,-5.042216198058100929e+01,-7.743528004171346879e+01
9.957900000000000000e+08,-5.054246886068828104e+01,-7.740771756751067301e+01
9.957950000000000000e+08,-5.066110040679540560e+01,-7.738027498135932092e+01
9.958000000000000000e+08,-5.077810039229174777e+01,-7.735295099110119565e+01
9.958050000000000000e+08,-5.089351087265049500e+01,-7.732574432214325100e+01
9.958100000000000000e+08,-5.100737227372793114e+01,-7.729865371715428068e+01
9.958150000000000000e+08,-5.111972347453618681e+01,-7.727167793576606414e+01
9.958200000000000000e+08,-5.123060188487148991e+01,-7.724481575427030577e+01
9.958250000000000000e+08,-5.134004351811745437e+01,-7.721806596533758693e+01
9.958300000000000000e+08,-5.144808305963707795e+01,-7.719142737773100293e+01
9.958350000000000000e+08,-5.155475393104336490e+01,-7.716489881602971934e+01
9.958400000000000000e+08,-5.166008835064587856e+01,-7.713847912035767251e+01
9.958450000000000000e+08,-5.176411739034153925e+01,-7.711216714611678924e+01
9.958500000000000000e+08,-5.186687102919695747e+01,-7.708596176373200137e+01
9.958550000000000000e+08,-5.196837820394879515e+01,-7.705986185839056191e+01
9.958600000000000000e+08,-5.206866685663638350e+01,-7.703386632979366766e+01
9.958650000000000000e+08,-5.216776397953410793e+01,-7.700797409191649479e+01
9.958700000000000000e+08,-5.226569565762048342e+01,-7.698218407276412734e+01
9.958750000000000000e+08,-5.236248710869289624e+01,-7.695649521413702132e+01
9.958800000000000000e+08,-5.245816272125782831e+01,-7.693090647140618898e+01
9.958850000000000000e+08,-5.255274609045422807e+01,-7.690541681328144819e+01
9.958900000000000000e+08,-5.264626005200243242e+01,-7.688002522159392527e+01
9.958950000000000000e+08,-5.273872671438436299e+01,-7.685473069108226696e+01
9.959000000000000000e+08,-5.283016748933857087e+01,-7.682953222917501535e+01
9.959050000000000000e+08,-5.292060312077865092e+01,-7.680442885578719370e+01
9.959100000000000000e+08,-5.301005371223457274e+01,-7.677941960311488856e+01
9.959150000000000000e+08,-5.309853875288094116e+01,-7.675450351543675254e+01
9.959200000000000000e+08,-5.318607714231391981e+01,-7.672967964891660131e+01
9.959250000000000000e+08,-5.327268721402751339e+01,-7.670494707141199342e+01
9.959300000000000000e+08,-5.335838675777063145e+01,-7.668030486228842335e+01
9.959350000000000000e+08,-5.344319304082819144e+01,-7.665575211223099927e+01
9.959400000000000000e+08,-5.352712282824272449e+01,-7.663128792306527259e+01
9.959450000000000000e+08,-5.361019240208661074e+01,-7.660691140758133599e+01
9.959500000000000000e+08,-5.369241757981686902e+01,-7.658262168935719671e+01
9.959550000000000000e+08,-5.377381373176863377e+01,-7.655841790258878632e+01
9.959600000000000000e+08,-5.385439579783461994e+01,-7.653429919192274156e+01
9.959650000000000000e+08,-5.393417830337551777e+01,-7.651026471229417325e+01
9.959700000000000000e+08,-5.401317537440355920e+01,-7.648631362876143669e+01
9.959750000000000000e+08,-5.409140075208184584e+01,-7.646244511635023855e+01
9.959800000000000000e+08,-5.416886780655665490e+01,-7.643865835989996071e+01
9.959850000000000000e+08,-5.424558955020658146e+01,-7.641495255390839247e+01
9.959900000000000000e+08,-5.432157865027549093e+01,-7.639132690238321288e+01
9.959950000000000000e+08,-5.439684744096896907e+01,-7.636778061869851797e+01
9.960000000000000000e+08,-5.447140793502313016e+01,-7.634431292544587677e+01
9.960050000000000000e+08,-5.454527183477637209e+01,-7.632092305429573287e+01
9.960100000000000000e+08,-5.461845054276933809e+01,-7.629761024586096596e+01
9.960150000000000000e+08,-5.469095517189651190e+01,-7.627437374955590599e+01
9.960200000000000000e+08,-5.476279655513278044e+01,-7.625121282346599116e+01
9.960250000000000000e+08,-5.483398525485827690e+01,-7.622812673421645968e+01
9.960300000000000000e+08,-5.490453157178417598e+01,-7.620511475684367042e+01
9.960350000000000000e+08,-5.497444555353979467e+01,-7.618217617466679314e+01
9.960400000000000000e+08,-5.504373700289961846e+01,-7.615931027916549567e+01
9.960450000000000000e+08,-5.511241548565037363e+01,-7.613651636985831317e+01
9.960500000000000000e+08,-5.518049033819824700e+01,-7.611379375418127324e+01
9.960550000000000000e+08,-5.524797067483254409e+01,-7.609114174737089797e+01
9.960600000000000000e+08,-5.531486539472012254e+01,-7.606855967235112814e+01
9.960650000000000000e+08,-5.538118318862461820e+01,-7.604604685961608368e+01
9.960700000000000000e+08,-5.544693254536824156e+01,-7.602360264711927584e+01
9.960750000000000000e+08,-5.551212175803166815e+01,-7.600122638016937060e+01
9.960800000000000000e+08,-5.557675892994196687e+01,-7.597891741131508070e+01
9.960850000000000000e+08,-5.564085198042062075e+01,-7.595667510024460967e+01
9.960900000000000000e+08,-5.570440865030466426e+01,-7.593449881367901355e+01
9.960950000000000000e+08,-5.576743650727306090e+01,-7.591238792527403234e+01
9.961000000000000000e+08,-5.582994295098885829e+01,-7.589034181551599545e+01
9.961050000000000000e+08,-5.589193521802889109e+01,-7.586835987162426420e+01
9.961100000000000000e+08,-5.595342038664684026e+01,-7.584644148745707071e+01
9.961150000000000000e+08,-5.601440538136108671e+01,-7.582458606341224083e+01
9.961200000000000000e+08,-5.607489697738028411e+01,-7.580279300633722528e+01
9.961250000000000000e+08,-5.613490180485578662e+01,-7.578106172943681429e+01
9.961300000000000000e+08,-5.619442635302093692e+01,-7.575939165217985760e+01
9.961350000000000000e+08,-5.625347697413473469e+01,-7.573778220021426932e+01
9.961400000000000000e+08,-5.631205988732754975e+01,-7.571623280527734323e+01
9.961450000000000000e+08,-5.637018118228598951e+01,-7.569474290511182346e+01
9.961500000000000000e+08,-5.642784682283532049e+01,-7.567331194338046885e+01
9.961550000000000000e+08,-5.648506265038935936e+01,-7.565193936958092991e+01
9.961600000000000000e+08,-5.654183438725933541e+01,-7.563062463897105658e+01
9.961650000000000000e+08,-5.659816763989583421e+01,-7.560936721248046410e+01
9.961700000000000000e+08,-5.665406790198672837e+01,-7.558816655663594020e+01
9.961750000000000000e+08,-5.670954055746607025e+01,-7.556702214348621283e+01
9.961800000000000000e+08,-5.676459088342062387e+01,-7.554593345052025199e+01
9.961850000000000000e+08,-5.681922405290329436e+01,-7.552489996059529176e+01
9.961900000000000000e+08,-5.687344513764330856e+01,-7.550392116186520752e+01
9.961950000000000000e+08,-5.692725911068843914e+01,-7.548299654770244160e+01
9.962000000000000000e+08,-5.698067084895126300e+01,-7.546212561663213592e+01
9.962050000000000000e+08,-5.703368513566408637e+01,-7.544130787225832080e+01
9.962100000000000000e+08,-5.708630666276526000e+01,-7.542054282319750769e+01
9.962150000000000000e+08,-5.713854003322059327e+01,-7.539982998300837380e+01
9.962200000000000000e+08,-5.719038976325205681e+01,-7.537916887012563905e+01
9.962250000000000000e+08,-5.724186028450790786e+01,-7.535855900779672822e+01
9.962300000000000000e+08,-5.729295594616282727e+01,-7.533799992401307577e+01
9.962350000000000000e+08,-5.734368101695579867e+01,-7.531749115144855011e+01
9.962400000000000000e+08,-5.739403968715225801e+01,-7.529703222739790647e+01
9.962450000000000000e+08,-5.744403607047857463e+01,-7.527662269371339221e+01
9.962500000000000000e+08,-5.749367420595735467e+01,-7.525626209674325651e+01
9.962550000000000000e+08,-5.754295805970890854e+01,-7.523594998727550376e+01
9.962600000000000000e+08,-5.759189152670666090e+01,-7.521568592047620427e+01
9.962650000000000000e+08,-5.764047843246188307e+01,-7.519546945583151398e+01
9.962700000000000000e+08,-5.768872253466863498e+01,-7.517530015709171209e+01
9.962750000000000000e+08,-5.773662752479866356e+01,-7.515517759221751248e+01
9.962800000000000000e+08,-5.778419702964895777e+01,-7.513510133331899965e+01
9.962850000000000000e+08,-5.783143461284495146e+01,-7.511507095660718392e+01
9.962900000000000000e+08,-5.787834377629983607e+01,-7.509508604233742801e+01
9.962950000000000000e+08,-5.792492796163207913e+01,-7.507514617475715113e+01
9.963000000000000000e+08,-5.797119055154424672e+01,-7.505525094205455616e+01
9.963050000000000000e+08,-5.801713487115301859e+01,-7.503539993630741378e+01
9.963100000000000000e+08,-5.806276418929896010e+01,-7.501559275343296918e+01
9.963150000000000000e+08,-5.810808171981177850e+01,-7.499582899313706719e+01
9.963200000000000000e+08,-5.815309062272091012e+01,-7.497610825886810915e+01
9.963250000000000000e+08,-5.819779400546900661e+01,-7.495643015776644802e+01
9.963300000000000000e+08,-5.824219492406299281e+01,-7.493679430061833102e+01
9.963350000000000000e+08,-5.828629638420513004e+01,-7.491720030180887591e+01
9.963400000000000000e+08,-5.833010134239113853e+01,-7.489764777927761941e+01
9.963450000000000000e+08,-5.837361270697837057e+01,-7.487813635447119509e+01
9.963500000000000000e+08,-5.841683333922706112e+01,-7.485866565229943603e+01
9.963550000000000000e+08,-5.845976605430254835e+01,-7.483923530109370859e+01
9.963600000000000000e+08,-5.850241362227784947e+01,-7.481984493256015867e+01
9.963650000000000000e+08,-5.854477876907535006e+01,-7.480049418173929610e+01
9.963700000000000000e+08,-5.858686417740142360e+01,-7.478118268696547943e+01
9.963750000000000000e+08,-5.862867248766355033e+01,-7.476191008982164021e+01
9.963800000000000000e+08,-5.867020629884754612e+01,-7.474267603510232050e+01
9.963850000000000000e+08,-5.871146816938047408e+01,-7.472348017077089821e+01
9.963900000000000000e+08,-5.875246061797000863e+01,-7.470432214792349157e+01
9.963950000000000000e+08,-5.879318612442129677e+01,-7.468520162074584334e+01
9.964000000000000000e+08,-5.883364713043343386e+01,-7.466611824647719686e+01
9.964050000000000000e+08,-5.887384604037571023e+01,-7.464707168537368887e+01
9.964100000000000000e+08,-5.891378522204356472e+01,-7.462806160066853067e+01
9.964150000000000000e+08,-5.895346700739746382e+01,-7.460908765853618263e+01
9.964200000000000000e+08,-5.899289369327499344e+01,-7.459014952805759435e+01
9.964250000000000000e+08,-5.903206754210130924e+01,-7.457124688118290123e+01
9.964300000000000000e+08,-5.907099078256574387e+01,-7.455237939269532887e+01
9.964350000000000000e+08,-5.910966561028977395e+01,-7.453354674018099502e+01
9.964400000000000000e+08,-5.914809418847653433e+01,-7.451474860398913336e+01
9.964450000000000000e+08,-5.918627864854499165e+01,-7.449598466720135548e+01
9.964500000000000000e+08,-5.922422109074817342e+01,-7.447725461559835480e+01
9.964550000000000000e+08,-5.926192358477657507e+01,-7.445855813762827324e+01
9.964600000000000000e+08,-5.929938817034682330e+01,-7.443989492437060562e+01
9.964650000000000000e+08,-5.933661685777788364e+01,-7.442126466950814745e+01
9.964700000000000000e+08,-5.937361162854556795e+01,-7.440266706929430995e+01
9.964750000000000000e+08,-5.941037443583794442e+01,-7.438410182252215463e+01
9.964800000000000000e+08,-5.944690720509114357e+01,-7.436556863049281674e+01
9.964850000000000000e+08,-5.948321183449727556e+01,-7.434706719698812094e+01
9.964900000000000000e+08,-5.951929019552952838e+01,-7.432859722823798165e+01
9.964950000000000000e+08,-5.955514413343205149e+01,-7.431015843289293343e+01
9.965000000000000000e+08,-5.959077546770753742e+01,-7.429175052199508400e+01
9.965050000000000000e+08,-5.962618599259200636e+01,-7.427337320894852724e+01
9.965100000000000000e+08,-5.966137747751852771e+01,-7.425502620949303889e+01
9.965150000000000000e+08,-5.969635166757213085e+01,-7.423670924167389273e+01
9.965200000000000000e+08,-5.973111028392483490e+01,-7.421842202581829895e+01
9.965250000000000000e+08,-5.976565502428358911e+01,-7.420016428450460921e+01
9.965300000000000000e+08,-5.979998756329948861e+01,-7.418193574253693612e+01
9.965350000000000000e+08,-5.983410955298288769e+01,-7.416373612692191841e+01
9.965400000000000000e+08,-5.986802262311475431e+01,-7.414556516683768450e+01
9.965450000000000000e+08,-5.990172838163586988e+01,-7.412742259361115771e+01
9.965500000000000000e+08,-5.993522841503456533e+01,-7.410930814069507733e+01
9.965550000000000000e+08,-5.996852428872444563e+01,-7.409122154363804214e+01
9.965600000000000000e+08,-6.000161754741363040e+01,-7.407316254006397571e+01
9.965650000000000000e+08,-6.003450971546615733e+01,-7.405513086964643321e+01
9.965700000000000000e+08,-6.006720229725533500e+01,-7.403712627408526714e+01
9.965750000000000000e+08,-6.009969677750925143e+01,-7.401914849708258259e+01
9.965800000000000000e+08,-6.013199462165046327e+01,-7.400119728431923249e+01
9.965850000000000000e+08,-6.016409727612123959e+01,-7.398327238343385659e+01
9.965900000000000000e+08,-6.019600616871420584e+01,-7.396537354399691822e+01
9.965950000000000000e+08,-6.022772270889066704e+01,-7.394750051749083752e+01
9.966000000000000000e+08,-6.025924828807809774e+01,-7.392965305728823466e+01
9.966050000000000000e+08,-6.029058427998747760e+01,-7.391183091862825449e+01
9.966100000000000000e+08,-6.032173204090337038e+01,-7.389403385859560558e+01
9.966150000000000000e+08,-6.035269290997633362e+01,-7.387626163610138974e+01
9.966200000000000000e+08,-6.038346820950739158e+01,-7.385851401185965415e+01
9.966250000000000000e+08,-6.041405924522685922e+01,-7.384079074836749612e+01
9.966300000000000000e+08,-6.044446730656869704e+01,-7.382309160988434371e+01
9.966350000000000000e+08,-6.047469366693122339e+01,-7.380541636241464687e+01
9.966400000000000000e+08,-6.050473958395211582e+01,-7.378776477368337794e+01
9.966450000000000000e+08,-6.053460629975275964e+01,-7.377013661311889337e+01
9.966500000000000000e+08,-6.056429504119115848e+01,-7.375253165183498538e+01
9.966550000000000000e+08,-6.059380702011418407e+01,-7.373494966260818728e+01
9.966600000000000000e+08,-6.062314343359361146e+01,-7.371739041986188568e+01
9.966650000000000000e+08,-6.065230546416361790e+01,-7.369985369964697952e+01
9.966700000000000000e+08,-6.068129428005207870e+01,-7.368233927962162966e+01
9.966750000000000000e+08,-6.071011103540877230e+01,-7.366484693903586844e+01
9.966800000000000000e+08,-6.073875687052142780e+01,-7.364737645871194616e+01
9.966850000000000000e+08,-6.076723291204586275e+01,-7.362992762102638267e+01
9.966900000000000000e+08,-6.079554027320725140e+01,-7.361250020989416498e+01
9.966950000000000000e+08,-6.082368005401674793e+01,-7.359509401074753043e+01
9.967000000000000000e+08,-6.085165334147075100e+01,-7.357770881052567802e+01
9.967050000000000000e+08,-6.087946120975921360e+01,-7.356034439765090838e+01
9.967100000000000000e+08,-6.090710472045800827e+01,-7.354300056201486768e+01
9.967150000000000000e+08,-6.093458492272386451e+01,-7.352567709496382520e+01
9.967200000000000000e+08,-6.096190285348374260e+01,-7.350837378927943178e+01
9.967250000000000000e+08,-6.098905953762083243e+01,-7.349109043916270423e+01
9.967300000000000000e+08,-6.101605598815739029e+01,-7.347382684022240085e+01
9.967350000000000000e+08,-6.104289320643318462e+01,-7.345658278945337827e+01
9.967400000000000000e+08,-6.106957218228140505e+01,-7.343935808522485331e+01
9.967450000000000000e+08,-6.109609389420185011e+01,-7.342215252726414576e+01
9.967500000000000000e+08,-6.112245930952414597e+01,-7.340496591664204118e+01
9.967550000000000000e+08,-6.114866938458504819e+01,-7.338779805575661896e+01
9.967600000000000000e+08,-6.117472506488062578e+01,-7.337064874831960992e+01
9.967650000000000000e+08,-6.120062728522719908e+01,-7.335351779934147487e+01
9.967700000000000000e+08,-6.122637696992349277e+01,-7.333640501511636955e+01
9.967750000000000000e+08,-6.125197503289987822e+01,-7.331931020320925541e+01
9.967800000000000000e+08,-6.127742237787033019e+01,-7.330223317244013970e+01
9.967850000000000000e+08,-6.130271989848060343e+01,-7.328517373287184000e+01
9.967900000000000000e+08,-6.132786847845440548e+01,-7.326813169579433804e+01
9.967950000000000000e+08,-6.135286899173102171e+01,-7.325110687371322626e+01
9.968000000000000000e+08,-6.137772230261602147e+01,-7.323409908033538329e+01
9.968050000000000000e+08,-6.140242926590794781e+01,-7.321710813055378253e+01
9.968100000000000000e+08,-6.142699072703993579e+01,-7.320013384043767246e+01
9.968150000000000000e+08,-6.145140752220697777e+01,-7.318317602721907633e+01
9.968200000000000000e+08,-6.147568047850239026e+01,-7.316623450927632177e+01
9.968250000000000000e+08,-6.149981041404156912e+01,-7.314930910612528692e+01
9.968300000000000000e+08,-6.152379813808866516e+01,-7.313239963840649693e+01
9.968350000000000000e+08,-6.154764445117982063e+01,-7.311550592787062897e+01
9.968400000000000000e+08,-6.157135014524433814e+01,-7.309862779736678817e+01
9.968450000000000000e+08,-6.159491600372390963e+01,-7.308176507083285856e+01
9.968500000000000000e+08,-6.161834280168928046e+01,-7.306491757328038261e+01
9.968550000000000000e+08,-6.164163130595628104e+01,-7.304808513078381793e+01
9.968600000000000000e+08,-6.166478227519451139e+01,-7.303126757047020590e+01
9.968650000000000000e+08,-6.168779646004449546e+01,-7.301446472050562875e+01
9.968700000000000000e+08,-6.171067460322139198e+01,-7.299767641008421037e+01
9.968750000000000000e+08,-6.173341743962812700e+01,-7.298090246941679027e+01
9.968800000000000000e+08,-6.175602569645076301e+01,-7.296414272972181436e+01
9.968850000000000000e+08,-6.177850009327158176e+01,-7.294739702321105312e+01
9.968900000000000000e+08,-6.180084134216603786e+01,-7.293066518307919921e+01
9.968950000000000000e+08,-6.182305014780350660e+01,-7.291394704349616518e+01
9.969000000000000000e+08,-6.184512720754540283e+01,-7.289724243959300054e+01
9.969050000000000000e+08,-6.186707321154270289e+01,-7.288055120745052307e+01
9.969100000000000000e+08,-6.188888884282717129e+01,-7.286387318409435920e+01
9.969150000000000000e+08,-6.191057477740904602e+01,-7.284720820747790526e+01
9.969200000000000000e+08,-6.193213168436916760e+01,-7.283055611647606042e+01
9.969250000000000000e+08,-6.195356022594486944e+01,-7.281391675087360227e+01
9.969300000000000000e+08,-6.197486105761910835e+01,-7.279728995135667446e+01
9.969350000000000000e+08,-6.199603482821211031e+01,-7.278067555950124756e+01
9.969400000000000000e+08,-6.201708217996321082e+01,-7.276407341776268822e+01
9.969450000000000000e+08,-6.203800374861644684e+01,-7.274748336946861116e+01
9.969500000000000000e+08,-6.205880016350324979e+01,-7.273090525880762414e+01
9.969550000000000000e+08,-6.207947204762476190e+01,-7.271433893081857036e+01
9.969600000000000000e+08,-6.210002001772787139e+01,-7.269778423138482992e+01
9.969650000000000000e+08,-6.212044468439287215e+01,-7.268124100722047842e+01
9.969700000000000000e+08,-6.214074665210303294e+01,-7.266470910586399157e+01
9.969750000000000000e+08,-6.216092651932186186e+01,-7.264818837566943444e+01
9.969800000000000000e+08,-6.218098487857264445e+01,-7.263167866579500753e+01
9.969850000000000000e+08,-6.220092231650787795e+01,-7.261517982619542977e+01
9.969900000000000000e+08,-6.222073941398740260e+01,-7.259869170761363932e+01
9.969950000000000000e+08,-6.224043674614091515e+01,-7.258221416157223871e+01
9.970000000000000000e+08,-6.226001488244725124e+01,-7.256574704036243872e+01
9.970050000000000000e+08,-6.227947438679919401e+01,-7.254929019703745041e+01
9.970100000000000000e+08,-6.229881581757269515e+01,-7.253284348540569226e+01
9.970150000000000000e+08,-6.231803972769365885e+01,-7.251640676001755992e+01
9.970200000000000000e+08,-6.233714666470490329e+01,-7.249997987616085027e+01
9.970250000000000000e+08,-6.235613717082786422e+01,-7.248356268985277495e+01
9.970300000000000000e+08,-6.237501178303062943e+01,-7.246715505782856326e+01
9.970350000000000000e+08,-6.239377103309166728e+01,-7.245075683753680096e+01
9.970400000000000000e+08,-6.241241544765436089e+01,-7.243436788712962482e+01
9.970450000000000000e+08,-6.243094554829625054e+01,-7.241798806545455136e+01
9.970500000000000000e+08,-6.244936185158487518e+01,-7.240161723204857935e+01
9.970550000000000000e+08,-6.246766486913780625e+01,-7.238525524712699166e+01
9.970600000000000000e+08,-6.248585510768077711e+01,-7.236890197158029991e+01
9.970650000000000000e+08,-6.250393306910489599e+01,-7.235255726696250633e+01
9.970700000000000000e+08,-6.252189925052392994e+01,-7.233622099548439621e+01
9.970750000000000000e+08,-6.253975414432581914e+01,-7.231989302000955888e+01
9.970800000000000000e+08,-6.255749823823534683e+01,-7.230357320404161214e+01
9.970850000000000000e+08,-6.257513201536071534e+01,-7.228726141172016639e+01
9.970900000000000000e+08,-6.259265595424753315e+01,-7.227095750781407446e+01
9.970950000000000000e+08,-6.261007052893489799e+01,-7.225466135771112874e+01
9.971000000000000000e+08,-6.262737620900360724e+01,-7.223837282741394006e+01
9.971050000000000000e+08,-6.264457345962775037e+01,-7.222209178353273273e+01
9.971100000000000000e+08,-6.266166274162443273e+01,-7.220581809327526912e+01
9.971150000000000000e+08,-6.267864451150298066e+01,-7.218955162444382267e+01
9.971200000000000000e+08,-6.269551922151328682e+01,-7.217329224542491772e+01
9.971250000000000000e+08,-6.271228731969367232e+01,-7.215703982518634518e+01
9.971300000000000000e+08,-6.272894924991754806e+01,-7.214079423326649021e+01
9.971350000000000000e+08,-6.274550545194059481e+01,-7.212455533976988420e+01
9.971400000000000000e+08,-6.276195636144340995e+01,-7.210832301536071043e+01
9.971450000000000000e+08,-6.277830241008071255e+01,-7.209209713125461860e+01
9.971500000000000000e+08,-6.279454402552262593e+01,-7.207587755921368000e+01
9.971550000000000000e+08,-6.281068163149923578e+01,-7.205966417154010628e+01
9.971600000000000000e+08,-6.282671564784317297e+01,-7.204345684106876035e+01
9.971650000000000000e+08,-6.284264649053221063e+01,-7.202725544116178469e+01
9.971700000000000000e+08,-6.285847457173066033e+01,-7.201105984569989005e+01
9.971750000000000000e+08,-6.287420029983088199e+01,-7.199486992908195759e+01
9.971800000000000000e+08,-6.288982407949337272e+01,-7.197868556621156699e+01
9.971850000000000000e+08,-6.290534631168743829e+01,-7.196250663249578849e+01
9.971900000000000000e+08,-6.292076739372727445e+01,-7.194633300383877383e+01
9.971950000000000000e+08,-6.293608771931729251e+01,-7.193016455663249076e+01
9.972000000000000000e+08,-6.295130767858434240e+01,-7.191400116775425033e+01
9.972050000000000000e+08,-6.296642765811596831e+01,-7.189784271456053943e+01
9.972100000000000000e+08,-6.298144804100084571e+01,-7.188168907487815318e+01
9.972150000000000000e+08,-6.299636920686271679e+01,-7.186554012700152327e+01
9.972200000000000000e+08,-6.301119153189717537e+01,-7.184939574968608156e+01
9.972250000000000000e+08,-6.302591538890695233e+01,-7.183325582214185090e+01
9.972300000000000000e+08,-6.304054114733715153e+01,-7.181712022402828666e+01
9.972350000000000000e+08,-6.305506917330963290e+01,-7.180098883544896182e+01
9.972400000000000000e+08,-6.306949982965726065e+01,-7.178486153694557004e+01
9.972450000000000000e+08,-6.308383347595715662e+01,-7.176873820949290916e+01
9.972500000000000000e+08,-6.309807046856459323e+01,-7.175261873449143479e+01
9.972550000000000000e+08,-6.311221116064307068e+01,-7.173650299376583916e+01
9.972600000000000000e+08,-6.312625590220022787e+01,-7.172039086955628306e+01
9.972650000000000000e+08,-6.314020504011688217e+01,-7.170428224451241306e+01
9.972700000000000000e+08,-6.315405891817930240e+01,-7.168817700169216778e+01
9.972750000000000000e+08,-6.316781787710955598e+01,-7.167207502455303825e+01
9.972800000000000000e+08,-6.318148225459612632e+01,-7.165597619694666776e+01
9.972850000000000000e+08,-6.319505238532406111e+01,-7.163988040311738814e+01
9.972900000000000000e+08,-6.320852860100407611e+01,-7.162378752769188850e+01
9.972950000000000000e+08,-6.322191123040207117e+01,-7.160769745567806410e+01
9.973000000000000000e+08,-6.323520059936833349e+01,-7.159161007245859309e+01
9.973050000000000000e+08,-6.324839703086345821e+01,-7.157552526378607638e+01
9.973100000000000000e+08,-6.326150084498930681e+01,-7.155944291577768013e+01
9.973150000000000000e+08,-6.327451235901719429e+01,-7.154336291491023303e+01
9.973200000000000000e+08,-6.328743188740962466e+01,-7.152728514801593462e+01
9.973250000000000000e+08,-6.330025974185319626e+01,-7.151120950227723938e+01
9.973300000000000000e+08,-6.331299623128184351e+01,-7.149513586522074604e+01
9.973350000000000000e+08,-6.332564166190380206e+01,-7.147906412471547810e+01
9.973400000000000000e+08,-6.333819633722708886e+01,-7.146299416896427203e+01
9.973450000000000000e+08,-6.335066055808498220e+01,-7.144692588650214304e+01
9.973500000000000000e+08,-6.336303462266159414e+01,-7.143085916618888120e+01
9.973550000000000000e+08,-6.337531882651375525e+01,-7.141479389720795723e+01
9.973600000000000000e+08,-6.338751346260097819e+01,-7.139872996905826597e+01
9.973650000000000000e+08,-6.339961882130444337e+01,-7.138266727155065894e+01
9.973700000000000000e+08,-6.341163519045121433e+01,-7.136660569480594063e+01
9.973750000000000000e+08,-6.342356285534046378e+01,-7.135054512924605774e+01
9.973800000000000000e+08,-6.343540209876423575e+01,-7.133448546559134229e+01
9.973850000000000000e+08,-6.344715320103090050e+01,-7.131842659485941738e+01
9.973900000000000000e+08,-6.345881643998741595e+01,-7.130236840835422640e+01
9.973950000000000000e+08,-6.347039209104206492e+01,-7.128631079766640255e+01
9.974000000000000000e+08,-6.348188042718373936e+01,-7.127025365466852236e+01
9.974050000000000000e+08,-6.349328171900873485e+01,-7.125419687150818504e+01
9.974100000000000000e+08,-6.350459623473661708e+01,-7.123814034060642086e+01
9.974150000000000000e+08,-6.351582424023449391e+01,-7.122208395465122521e+01
9.974200000000000000e+08,-6.352696599903517694e+01,-7.120602760659531327e+01
9.974250000000000000e+08,-6.353802177235996851e+01,-7.118997118965043569e+01
9.974300000000000000e+08,-6.354899181913954465e+01,-7.117391459728231951e+01
9.974350000000000000e+08,-6.355987639602916062e+01,-7.115785772321041236e+01
9.974400000000000000e+08,-6.357067575743324994e+01,-7.114180046139880176e+01
9.974450000000000000e+08,-6.358139015552238504e+01,-7.112574270605365712e+01
9.974500000000000000e+08,-6.359201984025300902e+01,-7.110968435162307344e+01
9.974550000000000000e+08,-6.360256505938593108e+01,-7.109362529278607212e+01
9.974600000000000000e+08,-6.361302605850571013e+01,-7.107756542445316938e+01
9.974650000000000000e+08,-6.362340308103694042e+01,-7.106150464176246828e+01
9.974700000000000000e+08,-6.363369636826487152e+01,-7.104544284007238275e+01
9.974750000000000000e+08,-6.364390615935323581e+01,-7.102937991496106918e+01
9.974800000000000000e+08,-6.365403269135982356e+01,-7.101331576221978992e+01
9.974850000000000000e+08,-6.366407619925421102e+01,-7.099725027785153486e+01
9.974900000000000000e+08,-6.367403691593708004e+01,-7.098118335806475443e+01
9.974950000000000000e+08,-6.368391507225518922e+01,-7.096511489927006266e+01
9.975000000000000000e+08,-6.369371089701893141e+01,-7.094904479807789244e+01
9.975050000000000000e+08,-6.370342461701846304e+01,-7.093297295129183055e+01
9.975100000000000000e+08,-6.371305645704065057e+01,-7.091689925590750931e+01
9.975150000000000000e+08,-6.372260663988286922e+01,-7.090082360910729165e+01
9.975200000000000000e+08,-6.373207538637335290e+01,-7.088474590825624944e+01
9.975250000000000000e+08,-6.374146291538230713e+01,-7.086866605089937821e+01
9.975300000000000000e+08,-6.375076944384012023e+01,-7.085258393475602645e+01
9.975350000000000000e+08,-6.375999518675038047e+01,-7.083649945771992407e+01
9.975400000000000000e+08,-6.376914035720761831e+01,-7.082041251785040004e+01
9.975450000000000000e+08,-6.377820516641023119e+01,-7.080432301337152978e+01
9.975500000000000000e+08,-6.378718982367580281e+01,-7.078823084267010302e+01
9.975550000000000000e+08,-6.379609453645546324e+01,-7.077213590428701195e+01
9.975600000000000000e+08,-6.380491951034802156e+01,-7.075603809691810397e+01
9.975650000000000000e+08,-6.381366494911442544e+01,-7.073993731940920782e+01
9.975700000000000000e+08,-6.382233105469130408e+01,-7.072383347075073345e+01
9.975750000000000000e+08,-6.383091802720522168e+01,-7.070772645007585311e+01
9.975800000000000000e+08,-6.383942606498472117e+01,-7.069161615665802856e+01
9.975850000000000000e+08,-6.384785536457594901e+01,-7.067550248990410466e+01
9.975900000000000000e+08,-6.385620612075386759e+01,-7.065938534935258986e+01
9.975950000000000000e+08,-6.386447852653778057e+01,-7.064326463467078554e+01
9.976000000000000000e+08,-6.387267277320007963e+01,-7.062714024565049442e+01
9.976050000000000000e+08,-6.388078905028294230e+01,-7.061101208220389935e+01
9.976100000000000000e+08,-6.388882754560880528e+01,-7.059488004436067854e+01
9.976150000000000000e+08,-6.389678844529329638e+01,-7.057874403226479387e+01
9.976200000000000000e+08,-6.390467193375715738e+01,-7.056260394617024190e+01
9.976250000000000000e+08,-6.391247819373883488e+01,-7.054645968643758636e+01
9.976300000000000000e+08,-6.392020740630437103e+01,-7.053031115353182656e+01
9.976350000000000000e+08,-6.392785975086303552e+01,-7.051415824801776466e+01
9.976400000000000000e+08,-6.393543540517519119e+01,-7.049800087055531606e+01
9.976450000000000000e+08,-6.394293454536441601e+01,-7.048183892189942412e+01
9.976500000000000000e+08,-6.395035734593042775e+01,-7.046567230289394956e+01
9.976550000000000000e+08,-6.395770397975873323e+01,-7.044950091446837348e+01
9.976600000000000000e+08,-6.396497461813198271e+01,-7.043332465763569417e+01
9.976650000000000000e+08,-6.397216943074085549e+01,-7.041714343348870386e+01
9.976700000000000000e+08,-6.397928858569453325e+01,-7.040095714319585340e+01
9.976750000000000000e+08,-6.398633224953136533e+01,-7.038476568799785582e+01
9.976800000000000000e+08,-6.399330058722939185e+01,-7.036856896920606630e+01
9.976850000000000000e+08,-6.400019376221625578e+01,-7.035236688819701101e+01
9.976900000000000000e+08,-6.400701193637993924e+01,-7.033615934640953071e+01
9.976950000000000000e+08,-6.401375527007728294e+01,-7.031994624534266336e+01
9.977000000000000000e+08,-6.402042392214590905e+01,-7.030372748655113924e+01
9.977050000000000000e+08,-6.402701804991218637e+01,-7.028750297164238248e+01
9.977100000000000000e+08,-6.403353780920276961e+01,-7.027127260227236150e+01
9.977150000000000000e+08,-6.403998335435099420e+01,-7.025503628014548951e+01
9.977200000000000000e+08,-6.404635483820916875e+01,-7.023879390700665226e+01
9.977250000000000000e+08,-6.405265241215633409e+01,-7.022254538464083851e+01
9.977300000000000000e+08,-6.405887622610769938e+01,-7.020629061487022682e+01
9.977350000000000000e+08,-6.406502642852343854e+01,-7.019002949954904125e+01
9.977400000000000000e+08,-6.407110316641791314e+01,-7.017376194056092231e+01
9.977450000000000000e+08,-6.407710658536723258e+01,-7.015748783981752013e+01
9.977500000000000000e+08,-6.408303682951921587e+01,-7.014120709925235531e+01
9.977550000000000000e+08,-6.408889404160228764e+01,-7.012491962081827523e+01
9.977600000000000000e+08,-6.409467836293114829e+01,-7.010862530648807933e+01
9.977650000000000000e+08,-6.410038993341787261e+01,-7.009232405824400303e+01
9.977700000000000000e+08,-6.410602889157863160e+01,-7.007601577808090099e+01
9.977750000000000000e+08,-6.411159537454201995e+01,-7.005970036800012224e+01
9.977800000000000000e+08,-6.411708951805702839e+01,-7.004337773000676748e+01
9.977850000000000000e+08,-6.412251145650067485e+01,-7.002704776610718795e+01
9.977900000000000000e+08,-6.412786132288600527e+01,-7.001071037830388377e+01
9.977950000000000000e+08,-6.413313924886850259e+01,-6.999436546859453756e+01
9.978000000000000000e+08,-6.413834536475597758e+01,-6.997801293896790753e+01
9.978050000000000000e+08,-6.414347979951369894e+01,-6.996165269139861209e+01
9.978100000000000000e+08,-6.414854268077186816e+01,-6.994528462784955991e+01
9.978150000000000000e+08,-6.415353413483414613e+01,-6.992890865026184599e+01
9.978200000000000000e+08,-6.415845428668349371e+01,-6.991252466055468062e+01
9.978250000000000000e+08,-6.416330325998971773e+01,-6.989613256062540358e+01
9.978300000000000000e+08,-6.416808117711592274e+01,-6.987973225234003394e+01
9.978350000000000000e+08,-6.417278815912553114e+01,-6.986332363753473373e+01
9.978400000000000000e+08,-6.417742432578883438e+01,-6.984690661801012368e+01
9.978450000000000000e+08,-6.418198979558964368e+01,-6.983048109553044469e+01
9.978500000000000000e+08,-6.418648468573158539e+01,-6.981404697181793040e+01
9.978550000000000000e+08,-6.419090911214487960e+01,-6.979760414855090289e+01
9.978600000000000000e+08,-6.419526318949151289e+01,-6.978115252736114371e+01
9.978650000000000000e+08,-6.419954703117275585e+01,-6.976469200982921848e+01
9.978700000000000000e+08,-6.420376074933530219e+01,-6.974822249748177683e+01
9.978750000000000000e+08,-6.420790445487530462e+01,-6.973174389179003185e+01
9.978800000000000000e+08,-6.421197825744648924e+01,-6.971525609416352154e+01
9.978850000000000000e+08,-6.421598226546490196e+01,-6.969875900595054929e+01
9.978900000000000000e+08,-6.421991658611469234e+01,-6.968225252843006956e+01
9.978950000000000000e+08,-6.422378132535412476e+01,-6.966573656281519789e+01
9.979000000000000000e+08,-6.422757658792055224e+01,-6.964921101024432915e+01
9.979050000000000000e+08,-6.423130247733658393e+01,-6.963267577177872170e+01
9.979100000000000000e+08,-6.423495909591422048e+01,-6.961613074840369109e+01
9.979150000000000000e+08,-6.423854654476207315e+01,-6.959957584101996986e+01
9.979200000000000000e+08,-6.424206492378893074e+01,-6.958301095044237172e+01
9.979250000000000000e+08,-6.424551433170901760e+01,-6.956643597740013263e+01
9.979300000000000000e+08,-6.424889486604796218e+01,-6.954985082252726158e+01
9.979350000000000000e+08,-6.425220662314696085e+01,-6.953325538636381964e+01
9.979400000000000000e+08,-6.425544969816796481e+01,-6.951664956935351825e+01
9.979450000000000000e+08,-6.425862418509825602e+01,-6.950003327183519275e+01
9.979500000000000000e+08,-6.426173017675539256e+01,-6.948340639404585772e+01
9.979550000000000000e+08,-6.426476776479151454e+01,-6.946676883611267783e+01
9.979600000000000000e+08,-6.426773703969830365e+01,-6.945012049805342258e+01
9.979650000000000000e+08,-6.427063809081106172e+01,-6.943346127977086724e+01
9.979700000000000000e+08,-6.427347100631342869e+01,-6.941679108104882800e+01
9.979750000000000000e+08,-6.427623587324113430e+01,-6.940010980155344100e+01
9.979800000000000000e+08,-6.427893277748695766e+01,-6.938341734082405310e+01
9.979850000000000000e+08,-6.428156180380443629e+01,-6.936671359827303718e+01
9.979900000000000000e+08,-6.428412303581214360e+01,-6.934999847318442789e+01
9.979950000000000000e+08,-6.428661655599742630e+01,-6.933327186470643255e+01
9.980000000000000000e+08,-6.428904244572061089e+01,-6.931653367185040793e+01
9.980050000000000000e+08,-6.429140078521871260e+01,-6.929978379348847284e+01
9.980100000000000000e+08,-6.429369165360925820e+01,-6.928302212834866225e+01
9.980150000000000000e+08,-6.429591512889399496e+01,-6.926624857501190036e+01
9.980200000000000000e+08,-6.429807128796258553e+01,-6.924946303190866104e+01
9.980250000000000000e+08,-6.430016020659580533e+01,-6.923266539731805835e+01
9.980300000000000000e+08,-6.430218195946955007e+01,-6.921585556935976058e+01
9.980350000000000000e+08,-6.430413662015835996e+01,-6.919903344599511286e+01
9.980400000000000000e+08,-6.430602426113777881e+01,-6.918219892502196444e+01
9.980450000000000000e+08,-6.430784495378871668e+01,-6.916535190407087441e+01
9.980500000000000000e+08,-6.430959876840010736e+01,-6.914849228060280950e+01
9.980550000000000000e+08,-6.431128577417227632e+01,-6.913161995190557718e+01
9.980600000000000000e+08,-6.431290603921976867e+01,-6.911473481509031558e+01
9.980650000000000000e+08,-6.431445963057461768e+01,-6.909783676708761391e+01
9.980700000000000000e+08,-6.431594661418880321e+01,-6.908092570464488347e+01
9.980750000000000000e+08,-6.431736705493803186e+01,-6.906400152432328809e+01
9.980800000000000000e+08,-6.431872101662351326e+01,-6.904706412249311143e+01
9.980850000000000000e+08,-6.432000856197535654e+01,-6.903011339533043156e+01
9.980900000000000000e+08,-6.432122975265470188e+01,-6.901314923881632524e+01
9.980950000000000000e+08,-6.432238464925693222e+01,-6.899617154873007507e+01
9.981000000000000000e+08,-6.432347331131373380e+01,-6.897918022064641264e+01
9.981050000000000000e+08,-6.432449579729581046e+01,-6.896217514993489317e+01
9.981100000000000000e+08,-6.432545216461511473e+01,-6.894515623175254859e+01
9.981150000000000000e+08,-6.432634246962719260e+01,-6.892812336104212534e+01
9.981200000000000000e+08,-6.432716676763365626e+01,-6.891107643253049275e+01
9.981250000000000000e+08,-6.432792511288411674e+01,-6.889401534072125344e+01
9.981300000000000000e+08,-6.432861755857841501e+01,-6.887693997989381955e+01
9.981350000000000000e+08,-6.432924415686892416e+01,-6.885985024410049959e+01
9.981400000000000000e+08,-6.432980495886201311e+01,-6.884274602716060087e+01
9.981450000000000000e+08,-6.433030001462056191e+01,-6.882562722265824107e+01
9.981500000000000000e+08,-6.433072937316576656e+01,-6.880849372393944918e+01
9.981550000000000000e+08,-6.433109308247841795e+01,-6.879134542410685071e+01
9.981600000000000000e+08,-6.433139118950138879e+01,-6.877418221601806181e+01
9.981650000000000000e+08,-6.433162374014075624e+01,-6.875700399227989124e+01
9.981700000000000000e+08,-6.433179077926784828e+01,-6.873981064524652140e+01
9.981750000000000000e+08,-6.433189235072056533e+01,-6.872260206701608354e+01
9.981800000000000000e+08,-6.433192849730492924e+01,-6.870537814942322541e+01
9.981850000000000000e+08,-6.433189926079653276e+01,-6.868813878404249351e+01
9.981900000000000000e+08,-6.433180468194196067e+01,-6.867088386217783125e+01
9.981950000000000000e+08,-6.433164480046021083e+01,-6.865361327486166942e+01
9.982000000000000000e+08,-6.433141965504376003e+01,-6.863632691285134513e+01
9.982050000000000000e+08,-6.433112928335980030e+01,-6.861902466662668587e+01
9.982100000000000000e+08,-6.433077372205146105e+01,-6.860170642638283311e+01
9.982150000000000000e+08,-6.433035300673881807e+01,-6.858437208202839486e+01
9.982200000000000000e+08,-6.432986717202010141e+01,-6.856702152318293031e+01
9.982250000000000000e+08,-6.432931625147232069e+01,-6.854965463917079660e+01
9.982300000000000000e+08,-6.432870027765244458e+01,-6.853227131901860503e+01
9.982350000000000000e+08,-6.432801928209799769e+01,-6.851487145145156887e+01
9.982400000000000000e+08,-6.432727329532821159e+01,-6.849745492488861487e+01
9.982450000000000000e+08,-6.432646234684425224e+01,-6.848002162743858889e+01
9.982500000000000000e+08,-6.432558646513031420e+01,-6.846257144689889174e+01
9.982550000000000000e+08,-6.432464567765389063e+01,-6.844510427074693837e+01
9.982600000000000000e+08,-6.432364001086652650e+01,-6.842761998614126639e+01
9.982650000000000000e+08,-6.432256949020421644e+01,-6.841011847991208583e+01
9.982700000000000000e+08,-6.432143414008784532e+01,-6.839259963856333968e+01
9.982750000000000000e+08,-6.432023398392344404e+01,-6.837506334826491639e+01
9.982800000000000000e+08,-6.431896904410257321e+01,-6.835750949484679495e+01
9.982850000000000000e+08,-6.431763934200273525e+01,-6.833993796380181607e+01
9.982900000000000000e+08,-6.431624489798716127e+01,-6.832234864027414289e+01
9.982950000000000000e+08,-6.431478573140516630e+01,-6.830474140905818103e+01
9.983000000000000000e+08,-6.431326186059239092e+01,-6.828711615459829432e+01
9.983050000000000000e+08,-6.431167330287037487e+01,-6.826947276097646977e+01
9.983100000000000000e+08,-6.431002007454681291e+01,-6.825181111191562877e+01
9.983150000000000000e+08,-6.430830219091528477e+01,-6.823413109077128524e+01
9.983200000000000000e+08,-6.430651966625529781e+01,-6.821643258052900194e+01
9.983250000000000000e+08,-6.430467251383171856e+01,-6.819871546379975769e+01
9.983300000000000000e+08,-6.430276074589471591e+01,-6.818097962281480307e+01
9.983350000000000000e+08,-6.430078437367936317e+01,-6.816322493942310246e+01
9.983400000000000000e+08,-6.429874340740512650e+01,-6.814545129508566390e+01
9.983450000000000000e+08,-6.429663785627542438e+01,-6.812765857087127586e+01
9.983500000000000000e+08,-6.429446772847737179e+01,-6.810984664745319606e+01
9.983550000000000000e+08,-6.429223303118060073e+01,-6.809201540510355244e+01
9.983600000000000000e+08,-6.428993377053703284e+01,-6.807416472368845461e+01
9.983650000000000000e+08,-6.428756995168032518e+01,-6.805629448266697068e+01
9.983700000000000000e+08,-6.428514157872452017e+01,-6.803840456108123647e+01
9.983750000000000000e+08,-6.428264865476366197e+01,-6.802049483755639869e+01
9.983800000000000000e+08,-6.428009118187068793e+01,-6.800256519029316848e+01
9.983850000000000000e+08,-6.427746916109671815e+01,-6.798461549706767926e+01
9.983900000000000000e+08,-6.427478259246973380e+01,-6.796664563521979119e+01
9.983950000000000000e+08,-6.427203147499363922e+01,-6.794865548165380176e+01
9.984000000000000000e+08,-6.426921580664713929e+01,-6.793064491283459461e+01
9.984050000000000000e+08,-6.426633558438257410e+01,-6.791261380477739351e+01
9.984100000000000000e+08,-6.426339080412444105e+01,-6.789456203304776238e+01
9.984150000000000000e+08,-6.426038146076849955e+01,-6.787648947275647515e+01
9.984200000000000000e+08,-6.425730754817988100e+01,-6.785839599855142978e+01
9.984250000000000000e+08,-6.425416905919195187e+01,-6.784028148461716512e+01
9.984300000000000000e+08,-6.425096598560482164e+01,-6.782214580466650489e+01
9.984350000000000000e+08,-6.424769831818355215e+01,-6.780398883193774395e+01
9.984400000000000000e+08,-6.424436604665677919e+01,-6.778581043918910609e+01
9.984450000000000000e+08,-6.424096915971479405e+01,-6.776761049869179487e+01
9.984500000000000000e+08,-6.423750764500803712e+01,-6.774938888222996525e+01
9.984550000000000000e+08,-6.423398148914499473e+01,-6.773114546109059120e+01
9.984600000000000000e+08,-6.423039067769040855e+01,-6.771288010605984198e+01
9.984650000000000000e+08,-6.422673519516374085e+01,-6.769459268742031099e+01
9.984700000000000000e+08,-6.422301502503648862e+01,-6.767628307494304352e+01
9.984750000000000000e+08,-6.421923014973019406e+01,-6.765795113788209392e+01
9.984800000000000000e+08,-6.421538055061515138e+01,-6.763959674497336039e+01
9.984850000000000000e+08,-6.421146620800709570e+01,-6.762121976442386995e+01
9.984900000000000000e+08,-6.420748710116563984e+01,-6.760282006391042842e+01
9.984950000000000000e+08,-6.420344320829161688e+01,-6.758439751057149181e+01
9.985000000000000000e+08,-6.419933450652492013e+01,-6.756595197100553207e+01
9.985050000000000000e+08,-6.419516097194181725e+01,-6.754748331126093319e+01
9.985100000000000000e+08,-6.419092257955239234e+01,-6.752899139683434271e+01
9.985150000000000000e+08,-6.418661930329867005e+01,-6.751047609266258576e+01
9.985200000000000000e+08,-6.418225111605050870e+01,-6.749193726311882813e+01
9.985250000000000000e+08,-6.417781798960407968e+01,-6.747337477200574085e+01
9.985300000000000000e+08,-6.417331989467912479e+01,-6.745478848255112325e+01
9.985350000000000000e+08,-6.416875680091511924e+01,-6.743617825740095384e+01
9.985400000000000000e+08,-6.416412867686909749e+01,-6.741754395861394755e+01
9.985450000000000000e+08,-6.415943549001248414e+01,-6.739888544765602774e+01
9.985500000000000000e+08,-6.415467720672795338e+01,-6.738020258539590657e+01
9.985550000000000000e+08,-6.414985379230633100e+01,-6.736149523209493850e+01
9.985600000000000000e+08,-6.414496521094334014e+01,-6.734276324740545761e+01
9.985650000000000000e+08,-6.414001142573641800e+01,-6.732400649036503637e+01
9.985700000000000000e+08,-6.413499239868137636e+01,-6.730522481938555757e+01
9.985750000000000000e+08,-6.412990809066857878e+01,-6.728641809225175052e+01
9.985800000000000000e+08,-6.412475846148042535e+01,-6.726758616611503783e+01
9.985850000000000000e+08,-6.411954346978674835e+01,-6.724872889748367299e+01
9.985900000000000000e+08,-6.411426307314103212e+01,-6.722984614221925881e+01
9.985950000000000000e+08,-6.410891722797840941e+01,-6.721093775553120508e+01
9.986000000000000000e+08,-6.410350588960984908e+01,-6.719200359196790373e+01
9.986050000000000000e+08,-6.409802901221938498e+01,-6.717304350541171232e+01
9.986100000000000000e+08,-6.409248654886006591e+01,-6.715405734907309920e+01
9.986150000000000000e+08,-6.408687845144969231e+01,-6.713504497548322547e+01
9.986200000000000000e+08,-6.408120467076697935e+01,-6.711600623648675423e+01
9.986250000000000000e+08,-6.407546515644702367e+01,-6.709694098323625155e+01
9.986300000000000000e+08,-6.406965985697819121e+01,-6.707784906618640264e+01
9.986350000000000000e+08,-6.406378871969577915e+01,-6.705873033508578374e+01
9.986400000000000000e+08,-6.405785169077931585e+01,-6.703958463896846354e+01
9.986450000000000000e+08,-6.405184871524809864e+01,-6.702041182615228365e+01
9.986500000000000000e+08,-6.404577973695539583e+01,-6.700121174422793047e+01
9.986550000000000000e+08,-6.403964469858478026e+01,-6.698198424004969809e+01
9.986600000000000000e+08,-6.403344354164526919e+01,-6.696272915973688100e+01
9.986650000000000000e+08,-6.402717620646635055e+01,-6.694344634865770161e+01
9.986700000000000000e+08,-6.402084263219325067e+01,-6.692413565142587117e+01
9.986750000000000000e+08,-6.401444275678188944e+01,-6.690479691189555922e+01
9.986800000000000000e+08,-6.400797651699400603e+01,-6.688542997314974059e+01
9.986850000000000000e+08,-6.400144384839180134e+01,-6.686603467749640117e+01
9.986900000000000000e+08,-6.399484468533263737e+01,-6.684661086645874661e+01
9.986950000000000000e+08,-6.398817896096478108e+01,-6.682715838076907744e+01
9.987000000000000000e+08,-6.398144660722059740e+01,-6.680767706036058939e+01
9.987050000000000000e+08,-6.397464755481104248e+01,-6.678816674435961431e+01
9.987100000000000000e+08,-6.396778173322223893e+01,-6.676862727107905471e+01
9.987150000000000000e+08,-6.396084907070735426e+01,-6.674905847800926040e+01
9.987200000000000000e+08,-6.395384949428208898e+01,-6.672946020181002780e+01
9.987250000000000000e+08,-6.394678292971876488e+01,-6.670983227830510032e+01
9.987300000000000000e+08,-6.393964930154021431e+01,-6.669017454247065757e+01
9.987350000000000000e+08,-6.393244853301388986e+01,-6.667048682842997209e+01
9.987400000000000000e+08,-6.392518054614546941e+01,-6.665076896944259488e+01
9.987450000000000000e+08,-6.391784526167399605e+01,-6.663102079790087373e+01
9.987500000000000000e+08,-6.391044259906304603e+01,-6.661124214531614030e+01
9.987550000000000000e+08,-6.390297247649652235e+01,-6.659143284231241466e+01
9.987600000000000000e+08,-6.389543481087215326e+01,-6.657159271862136052e+01
9.987650000000000000e+08,-6.388782951779343477e+01,-6.655172160306719320e+01
9.987700000000000000e+08,-6.388015651156405283e+01,-6.653181932356181960e+01
9.987750000000000000e+08,-6.387241570518098399e+01,-6.651188570709925330e+01
9.987800000000000000e+08,-6.386460701032738996e+01,-6.649192057973920100e+01
9.987850000000000000e+08,-6.385673033736559034e+01,-6.647192376660400726e+01
9.987900000000000000e+08,-6.384878559533128595e+01,-6.645189509186909049e+01
9.987950000000000000e+08,-6.384077269192360404e+01,-6.643183437875026698e+01
9.988000000000000000e+08,-6.383269153350060776e+01,-6.641174144949988545e+01
9.988050000000000000e+08,-6.382454202507025798e+01,-6.639161612539136570e+01
9.988100000000000000e+08,-6.381632407028435239e+01,-6.637145822671739381e+01
9.988150000000000000e+08,-6.380803757142920318e+01,-6.635126757277393494e+01
9.988200000000000000e+08,-6.379968242941900058e+01,-6.633104398185145101e+01
9.988250000000000000e+08,-6.379125854378791871e+01,-6.631078727123147587e+01
9.988300000000000000e+08,-6.378276581268194434e+01,-6.629049725716885177e+01
9.988350000000000000e+08,-6.377420413285094725e+01,-6.627017375488580342e+01
9.988400000000000000e+08,-6.376557339964071502e+01,-6.624981657856383777e+01
9.988450000000000000e+08,-6.375687350698429157e+01,-6.622942554132934845e+01
9.988500000000000000e+08,-6.374810434739394083e+01,-6.620900045524633981e+01
9.988550000000000000e+08,-6.373926581195214425e+01,-6.618854113130488770e+01
9.988600000000000000e+08,-6.373035779030442427e+01,-6.616804737941292558e+01
9.988650000000000000e+08,-6.372138017064884252e+01,-6.614751900838351162e+01
9.988700000000000000e+08,-6.371233283972686934e+01,-6.612695582592438370e+01
9.988750000000000000e+08,-6.370321568281741520e+01,-6.610635763862954661e+01
9.988800000000000000e+08,-6.369402858372435361e+01,-6.608572425196578592e+01
9.988850000000000000e+08,-6.368477142476891828e+01,-6.606505547026291936e+01
9.988900000000000000e+08,-6.367544408678022450e+01,-6.604435109670446025e+01
9.988950000000000000e+08,-6.366604644908554178e+01,-6.602361093331221298e+01
9.989000000000000000e+08,-6.365657838950036052e+01,-6.600283478093979284e+01
9.989050000000000000e+08,-6.364703978432028464e+01,-6.598202243925869936e+01
9.989100000000000000e+08,-6.363743050830915138e+01,-6.596117370674679137e+01
9.989150000000000000e+08,-6.362775043468908365e+01,-6.594028838067833931e+01
9.989200000000000000e+08,-6.361799943513179301e+01,-6.591936625710864917e+01
9.989250000000000000e+08,-6.360817737974834074e+01,-6.589840713086923074e+01
9.989300000000000000e+08,-6.359828413707680284e+01,-6.587741079554612611e+01
9.989350000000000000e+08,-6.358831957407325319e+01,-6.585637704347671217e+01
9.989400000000000000e+08,-6.357828355610066495e+01,-6.583530566573347187e+01
9.989450000000000000e+08,-6.356817594691806050e+01,-6.581419645211011016e+01
9.989500000000000000e+08,-6.355799660866907885e+01,-6.579304919111154959e+01
9.989550000000000000e+08,-6.354774540187284515e+01,-6.577186366994216371e+01
9.989600000000000000e+08,-6.353742218540878639e+01,-6.575063967448996038e+01
9.989650000000000000e+08,-6.352702681650860228e+01,-6.572937698931477257e+01
9.989700000000000000e+08,-6.351655915074444891e+01,-6.570807539763677596e+01
9.989750000000000000e+08,-6.350601904201501213e+01,-6.568673468132237758e+01
9.989800000000000000e+08,-6.349540634253571625e+01,-6.566535462086838493e+01
9.989850000000000000e+08,-6.348472090282421476e+01,-6.564393499539322363e+01
9.989900000000000000e+08,-6.347396257169223333e+01,-6.562247558261947233e+01
9.989950000000000000e+08,-6.346313119622902832e+01,-6.560097615886152767e+01
9.990000000000000000e+08,-6.345222662179090634e+01,-6.557943649901038441e+01
9.990050000000000000e+08,-6.344124869198815020e+01,-6.555785637652363107e+01
9.990100000000000000e+08,-6.343019724867203024e+01,-6.553623556340542677e+01
9.990150000000000000e+08,-6.341907213192136084e+01,-6.551457383019449310e+01
9.990200000000000000e+08,-6.340787318003096118e+01,-6.549287094595197800e+01
9.990250000000000000e+08,-6.339660022949603047e+01,-6.547112667824367804e+01
9.990300000000000000e+08,-6.338525311499829229e+01,-6.544934079312379538e+01
9.990350000000000000e+08,-6.337383166939589074e+01,-6.542751305512560123e+01
9.990400000000000000e+08,-6.336233572370517919e+01,-6.540564322723986379e+01
9.990450000000000000e+08,-6.335076510708879738e+01,-6.538373107090239955e+01
9.990500000000000000e+08,-6.333911964684082818e+01,-6.536177634597842712e+01
9.990550000000000000e+08,-6.332739916837233807e+01,-6.533977881074676475e+01
9.990600000000000000e+08,-6.331560349519654807e+01,-6.531773822188300471e+01
9.990650000000000000e+08,-6.330373244891355000e+01,-6.529565433444291500e+01
9.990700000000000000e+08,-6.329178584919750961e+01,-6.527352690184861217e+01
9.990750000000000000e+08,-6.327976351377663633e+01,-6.525135567586927721e+01
9.990800000000000000e+08,-6.326766525842182887e+01,-6.522914040660423041e+01
9.990850000000000000e+08,-6.325549089693068083e+01,-6.520688084246954475e+01
9.990900000000000000e+08,-6.324324024110892140e+01,-6.518457673017714171e+01
9.990950000000000000e+08,-6.323091310075677995e+01,-6.516222781471793724e+01
9.991000000000000000e+08,-6.321850928364981570e+01,-6.513983383934539972e+01
9.991050000000000000e+08,-6.320602859552693076e+01,-6.511739454555898021e+01
9.991100000000000000e+08,-6.319347084006893311e+01,-6.509490967308296661e+01
9.991150000000000000e+08,-6.318083581888377864e+01,-6.507237895984890486e+01
9.991200000000000000e+08,-6.316812333148902781e+01,-6.504980214198097599e+01
9.991250000000000000e+08,-6.315533317529408208e+01,-6.502717895377193713e+01
9.991300000000000000e+08,-6.314246514558212198e+01,-6.500450912766666534e+01
9.991350000000000000e+08,-6.312951903549415533e+01,-6.498179239424602827e+01
9.991400000000000000e+08,-6.311649463600828369e+01,-6.495902848220089254e+01
9.991450000000000000e+08,-6.310339173592063844e+01,-6.493621711831741550e+01
9.991500000000000000e+08,-6.309021012183143995e+01,-6.491335802745810213e+01
9.991550000000000000e+08,-6.307694957812076098e+01,-6.489045093253645291e+01
9.991600000000000000e+08,-6.306360988693200653e+01,-6.486749555450218452e+01
9.991650000000000000e+08,-6.305019082815184106e+01,-6.484449161231719927e+01
9.991700000000000000e+08,-6.303669217939059877e+01,-6.482143882293628678e+01
9.991750000000000000e+08,-6.302311371596216816e+01,-6.479833690128603507e+01
9.991800000000000000e+08,-6.300945521086316603e+01,-6.477518556024145369e+01
9.991850000000000000e+08,-6.299571643475517391e+01,-6.475198451060886384e+01
9.991900000000000000e+08,-6.298189715593857585e+01,-6.472873346109867043e+01
9.991950000000000000e+08,-6.296799714033614492e+01,-6.470543211830529629e+01
9.992000000000000000e+08,-6.295401615147125085e+01,-6.468208018668840964e+01
9.992050000000000000e+08,-6.293995395044341734e+01,-6.465867736854399084e+01
9.992100000000000000e+08,-6.292581029590851927e+01,-6.463522336398381185e+01
9.992150000000000000e+08,-6.291158494405603818e+01,-6.461171787091598162e+01
9.992200000000000000e+08,-6.289727764858633918e+01,-6.458816058501406587e+01
9.992250000000000000e+08,-6.288288816068789799e+01,-6.456455119969957934e+01
9.992300000000000000e+08,-6.286841622901401649e+01,-6.454088940611312353e+01
9.992350000000000000e+08,-6.285386159965941033e+01,-6.451717489309491782e+01
9.992400000000000000e+08,-6.283922401613625652e+01,-6.449340734715451617e+01
9.992450000000000000e+08,-6.282450321934946658e+01,-6.446958645244808395e+01
9.992500000000000000e+08,-6.280969894757453886e+01,-6.444571189075517736e+01
9.992550000000000000e+08,-6.279481093642917955e+01,-6.442178334144806229e+01
9.992600000000000000e+08,-6.277983891885044443e+01,-6.439780048147082425e+01
9.992650000000000000e+08,-6.276478262506869754e+01,-6.437376298530814722e+01
9.992700000000000000e+08,-6.274964178258158398e+01,-6.434967052496138251e+01
9.992750000000000000e+08,-6.273441611612784641e+01,-6.432552276992142026e+01
9.992800000000000000e+08,-6.271910534766070100e+01,-6.430131938713684292e+01
9.992850000000000000e+08,-6.270370919632090079e+01,-6.427706004099498216e+01
9.992900000000000000e+08,-6.268822737840921633e+01,-6.425274439328413223e+01
9.992950000000000000e+08,-6.267265960735820585e+01,-6.422837210316760093e+01
9.993000000000000000e+08,-6.265700559370653622e+01,-6.420394282716101486e+01
9.993050000000000000e+08,-6.264126504506721460e+01,-6.417945621909248644e+01
9.993100000000000000e+08,-6.262543766609817908e+01,-6.415491193008051596e+01
9.993150000000000000e+08,-6.260952315847853100e+01,-6.413030960850235829e+01
9.993200000000000000e+08,-6.259352122087242520e+01,-6.410564889995856674e+01
9.993250000000000000e+08,-6.257743154890206227e+01,-6.408092944724823781e+01
9.993300000000000000e+08,-6.256125383511658811e+01,-6.405615089033632614e+01
9.993350000000000000e+08,-6.254498776896080869e+01,-6.403131286631668218e+01
9.993400000000000000e+08,-6.252863303674384809e+01,-6.400641500938601780e+01
9.993450000000000000e+08,-6.251218932160651320e+01,-6.398145695080569340e+01
9.993500000000000000e+08,-6.249565630349218281e+01,-6.395643831887527142e+01
9.993550000000000000e+08,-6.247903365910741513e+01,-6.393135873889112020e+01
9.993600000000000000e+08,-6.246232106189438582e+01,-6.390621783311711113e+01
9.993650000000000000e+08,-6.244551818199660431e+01,-6.388101522074970262e+01
9.993700000000000000e+08,-6.242862468622118399e+01,-6.385575051788001133e+01
9.993750000000000000e+08,-6.241164023800671146e+01,-6.383042333745989794e+01
9.993800000000000000e+08,-6.239456449738737831e+01,-6.380503328926877771e+01
9.993850000000000000e+08,-6.237739712095697087e+01,-6.377957997987184058e+01
9.993900000000000000e+08,-6.236013776183199298e+01,-6.375406301258429664e+01
9.993950000000000000e+08,-6.234278606961822788e+01,-6.372848198743703563e+01
9.994000000000000000e+08,-6.232534169036637195e+01,-6.370283650113591278e+01
9.994050000000000000e+08,-6.230780426654105497e+01,-6.367712614702094243e+01
9.994100000000000000e+08,-6.229017343697808684e+01,-6.365135051502964103e+01
9.994150000000000000e+08,-6.227244883684893750e+01,-6.362550919165991559e+01
9.994200000000000000e+08,-6.225463009761755018e+01,-6.359960175992238618e+01
9.994250000000000000e+08,-6.223671684699942830e+01,-6.357362779930610941e+01
9.994300000000000000e+08,-6.221870870892705341e+01,-6.354758688573306813e+01
9.994350000000000000e+08,-6.220060530350145456e+01,-6.352147859151804710e+01
9.994400000000000000e+08,-6.218240624695359031e+01,-6.349530248532361298e+01
9.994450000000000000e+08,-6.216411115160112644e+01,-6.346905813211954950e+01
9.994500000000000000e+08,-6.214571962580485831e+01,-6.344274509313677157e+01
9.994550000000000000e+08,-6.212723127392492728e+01,-6.341636292582406753e+01
9.994600000000000000e+08,-6.210864569627528908e+01,-6.338991118379759371e+01
9.994650000000000000e+08,-6.208996248908224658e+01,-6.336338941680616443e+01
9.994700000000000000e+08,-6.207118124443088902e+01,-6.333679717067168724e+01
9.994750000000000000e+08,-6.205230155022513827e+01,-6.331013398724891061e+01
9.994800000000000000e+08,-6.203332299013963791e+01,-6.328339940437780342e+01
9.994850000000000000e+08,-6.201424514356776285e+01,-6.325659295582995867e+01
9.994900000000000000e+08,-6.199506758557586750e+01,-6.322971417126372273e+01
9.994950000000000000e+08,-6.197578988685287982e+01,-6.320276257617209126e+01
9.995000000000000000e+08,-6.195641161365984573e+01,-6.317573769183007215e+01
9.995050000000000000e+08,-6.193693232777809499e+01,-6.314863903524540945e+01
9.995100000000000000e+08,-6.191735158646112325e+01,-6.312146611910635130e+01
9.995150000000000000e+08,-6.189766894237413908e+01,-6.309421845172386867e+01
9.995200000000000000e+08,-6.187788394354810606e+01,-6.306689553698178230e+01
9.995250000000000000e+08,-6.185799613332083169e+01,-6.303949687428033144e+01
9.995300000000000000e+08,-6.183800505028563066e+01,-6.301202195848021148e+01
9.995350000000000000e+08,-6.181791022823113479e+01,-6.298447027984671109e+01
9.995400000000000000e+08,-6.179771119608357566e+01,-6.295684132398869082e+01
9.995450000000000000e+08,-6.177740747785612996e+01,-6.292913457180468129e+01
9.995500000000000000e+08,-6.175699859258193669e+01,-6.290134949942149944e+01
9.995550000000000000e+08,-6.173648405425851138e+01,-6.287348557812985916e+01
9.995600000000000000e+08,-6.171586337178625570e+01,-6.284554227433275742e+01
9.995650000000000000e+08,-6.169513604890669001e+01,-6.281751904947380893e+01
9.995700000000000000e+08,-6.167430158413908003e+01,-6.278941535997599743e+01
9.995750000000000000e+08,-6.165335947072008338e+01,-6.276123065718288530e+01
9.995800000000000000e+08,-6.163230919653496898e+01,-6.273296438728688429e+01
9.995850000000000000e+08,-6.161115024405182794e+01,-6.270461599126537067e+01
9.995900000000000000e+08,-6.158988209025815763e+01,-6.267618490481287097e+01
9.995950000000000000e+08,-6.156850420659318956e+01,-6.264767055827674369e+01
9.996000000000000000e+08,-6.154701605887449034e+01,-6.261907237657940328e+01
9.996050000000000000e+08,-6.152541710723137669e+01,-6.259038977915429314e+01
9.996100000000000000e+08,-6.150370680603294460e+01,-6.256162217987368024e+01
9.996150000000000000e+08,-6.148188460381550158e+01,-6.253276898697102126e+01
9.996200000000000000e+08,-6.145994994320820126e+01,-6.250382960297081070e+01
9.996250000000000000e+08,-6.143790226086271389e+01,-6.247480342461456360e+01
9.996300000000000000e+08,-6.141574098736828802e+01,-6.244568984277970003e+01
9.996350000000000000e+08,-6.139346554718336790e+01,-6.241648824240467519e+01
9.996400000000000000e+08,-6.137107535855162155e+01,-6.238719800240745883e+01
9.996450000000000000e+08,-6.134856983342662318e+01,-6.235781849561004719e+01
9.996500000000000000e+08,-6.132594837738519544e+01,-6.232834908865230261e+01
9.996550000000000000e+08,-6.130321038954838997e+01,-6.229878914190686601e+01
9.996600000000000000e+08,-6.128035526249674803e+01,-6.226913800940310750e+01
9.996650000000000000e+08,-6.125738238218467302e+01,-6.223939503873252477e+01
9.996700000000000000e+08,-6.123429112785377981e+01,-6.220955957096266786e+01
9.996750000000000000e+08,-6.121108087194458136e+01,-6.217963094055670581e+01
9.996800000000000000e+08,-6.118775098000649848e+01,-6.214960847527081711e+01
9.996850000000000000e+08,-6.116430081060563140e+01,-6.211949149606916620e+01
9.996900000000000000e+08,-6.114072971523570033e+01,-6.208927931703395586e+01
9.996950000000000000e+08,-6.111703703821768840e+01,-6.205897124525981212e+01
9.997000000000000000e+08,-6.109322211660851565e+01,-6.202856658076652252e+01
9.997050000000000000e+08,-6.106928428009738496e+01,-6.199806461639683164e+01
9.997100000000000000e+08,-6.104522285091591982e+01,-6.196746463771695801e+01
9.997150000000000000e+08,-6.102103714372723431e+01,-6.193676592291535599e+01
9.997200000000000000e+08,-6.099672646552761535e+01,-6.190596774269644698e+01
9.997250000000000000e+08,-6.097229011554090761e+01,-6.187506936018135661e+01
9.997300000000000000e+08,-6.094772738511154131e+01,-6.184407003079239473e+01
9.997350000000000000e+08,-6.092303755759515127e+01,-6.181296900215171775e+01
9.997400000000000000e+08,-6.089821990825188891e+01,-6.178176551396654048e+01
9.997450000000000000e+08,-6.087327370412904770e+01,-6.175045879791498038e+01
9.997500000000000000e+08,-6.084819820394547207e+01,-6.171904807753271882e+01
9.997550000000000000e+08,-6.082299265798408783e+01,-6.168753256809948482e+01
9.997600000000000000e+08,-6.079765630796310916e+01,-6.165591147651362292e+01
9.997650000000000000e+08,-6.077218838692037650e+01,-6.162418400117375228e+01
9.997700000000000000e+08,-6.074658811908923894e+01,-6.159234933185409488e+01
9.997750000000000000e+08,-6.072085471977352000e+01,-6.156040664958577224e+01
9.997800000000000000e+08,-6.069498739521975494e+01,-6.152835512651503080e+01
9.997850000000000000e+08,-6.066898534248649355e+01,-6.149619392578728849e+01
9.997900000000000000e+08,-6.064284774931721245e+01,-6.146392220140482721e+01
9.997950000000000000e+08,-6.061657379399526491e+01,-6.143153909809672086e+01
9.998000000000000000e+08,-6.059016264521595474e+01,-6.139904375117842505e+01
9.998050000000000000e+08,-6.056361346194604778e+01,-6.136643528641342726e+01
9.998100000000000000e+08,-6.053692539327595767e+01,-6.133371281987101753e+01
9.998150000000000000e+08,-6.051009757827912949e+01,-6.130087545777682578e+01
9.998200000000000000e+08,-6.048312914586326627e+01,-6.126792229637007381e+01
9.998250000000000000e+08,-6.045601921461975792e+01,-6.123485242175019039e+01
9.998300000000000000e+08,-6.042876689267045975e+01,-6.120166490972199824e+01
9.998350000000000000e+08,-6.040137127751135893e+01,-6.116835882563903226e+01
9.998400000000000000e+08,-6.037383145585350519e+01,-6.113493322425049570e+01
9.998450000000000000e+08,-6.034614650346054532e+01,-6.110138714952725536e+01
9.998500000000000000e+08,-6.031831548498239215e+01,-6.106771963450380980e+01
9.998550000000000000e+08,-6.029033745379112474e+01,-6.103392970111006832e+01
9.998600000000000000e+08,-6.026221145180343797e+01,-6.100001635999419136e+01
9.998650000000000000e+08,-6.023393650930447762e+01,-6.096597861034828725e+01
9.998700000000000000e+08,-6.020551164477942763e+01,-6.093181543973503267e+01
9.998750000000000000e+08,-6.017693586472000788e+01,-6.089752582389778723e+01
9.998800000000000000e+08,-6.014820816344467858e+01,-6.086310872657712423e+01
9.998850000000000000e+08,-6.011932752290803705e+01,-6.082856309932293470e+01
9.998900000000000000e+08,-6.009029291250791971e+01,-6.079388788130113142e+01
9.998950000000000000e+08,-6.006110328888843242e+01,-6.075908199909254392e+01
9.999000000000000000e+08,-6.003175759573796455e+01,-6.072414436649626879e+01
9.999050000000000000e+08,-6.000225476359037202e+01,-6.068907388432192818e+01
9.999100000000000000e+08,-5.997259370960407665e+01,-6.065386944018091242e+01
9.999150000000000000e+08,-5.994277333735958990e+01,-6.061852990827239296e+01
9.999200000000000000e+08,-5.991279253664102811e+01,-6.058305414916677023e+01
9.999250000000000000e+08,-5.988265018320799982e+01,-6.054744100958388486e+01
9.999300000000000000e+08,-5.985234513857410832e+01,-6.051168932216008045e+01
9.999350000000000000e+08,-5.982187624977469653e+01,-6.047579790523079168e+01
9.999400000000000000e+08,-5.979124234913092550e+01,-6.043976556257770483e+01
9.999450000000000000e+08,-5.976044225400911358e+01,-6.040359108319736947e+01
9.999500000000000000e+08,-5.972947476657503074e+01,-6.036727324105320491e+01
9.999550000000000000e+08,-5.969833867354319068e+01,-6.033081079482844444e+01
9.999600000000000000e+08,-5.966703274592057227e+01,-6.029420248765909918e+01
9.999650000000000000e+08,-5.963555573874403137e+01,-6.025744704688337094e+01
9.999700000000000000e+08,-5.960390639081849429e+01,-6.022054318376796544e+01
9.999750000000000000e+08,-5.957208342443782101e+01,-6.018348959323827074e+01
9.999800000000000000e+08,-5.954008554510515694e+01,-6.014628495359638549e+01
9.999850000000000000e+08,-5.950791144126019105e+01,-6.010892792624191117e+01
9.999900000000000000e+08,-5.947555978397576837e+01,-6.007141715537433413e+01
9.999950000000000000e+08,-5.944302922666750533e+01,-6.003375126770002623e+01
1.000000000000000000e+09,-5.941031840478959225e+01,-5.999592887213037073e+01
1.000005000000000000e+09,-5.937742593552486170e+01,-5.995794855946673607e+01
1.000010000000000000e+09,-5.934435041746840511e+01,-5.991980890209006105e+01
1.000015000000000000e+09,-5.931109043030271266e+01,-5.988150845362803665e+01
1.000020000000000000e+09,-5.927764453447402104e+01,-5.984304574863617887e+01
1.000025000000000000e+09,-5.924401127084080798e+01,-5.980441930225061498e+01
1.000030000000000000e+09,-5.921018916034064716e+01,-5.976562760984170097e+01
1.000035000000000000e+09,-5.917617670363588900e+01,-5.972666914667131266e+01
1.000040000000000000e+09,-5.914197238074579133e+01,-5.968754236752167941e+01
1.000045000000000000e+09,-5.910757465068294181e+01,-5.964824570632329426e+01
1.000050000000000000e+09,-5.907298195107447469e+01,-5.960877757579272185e+01
1.000055000000000000e+09,-5.903819269777600454e+01,-5.956913636702864778e+01
1.000060000000000000e+09,-5.900320528447693391e+01,-5.952932044912891740e+01
1.000065000000000000e+09,-5.896801808229646724e+01,-5.948932816877852758e+01
1.000070000000000000e+09,-5.893262943937068599e+01,-5.944915784984427631e+01
1.000075000000000000e+09,-5.889703768042964072e+01,-5.940880779294447223e+01
1.000080000000000000e+09,-5.886124110636352214e+01,-5.936827627501915572e+01
1.000085000000000000e+09,-5.882523799378590468e+01,-5.932756154888877376e+01
1.000090000000000000e+09,-5.878902659457196478e+01,-5.928666184279865803e+01
1.000095000000000000e+09,-5.875260513540072793e+01,-5.924557535995450053e+01
1.000100000000000000e+09,-5.871597181727904058e+01,-5.920430027805202400e+01
1.000105000000000000e+09,-5.867912481505562283e+01,-5.916283474878552795e+01
1.000110000000000000e+09,-5.864206227692358198e+01,-5.912117689735397619e+01
1.000115000000000000e+09,-5.860478232391113096e+01,-5.907932482194846102e+01
1.000120000000000000e+09,-5.856728304935968765e+01,-5.903727659323236310e+01
1.000125000000000000e+09,-5.852956251838965329e+01,-5.899503025380610666e+01
1.000130000000000000e+09,-5.849161876735151111e+01,-5.895258381765734157e+01
1.000135000000000000e+09,-5.845344980327126905e+01,-5.890993526960996007e+01
1.000140000000000000e+09,-5.841505360326824103e+01,-5.886708256473164624e+01
1.000145000000000000e+09,-5.837642811396460729e+01,-5.882402362775880533e+01
1.000150000000000000e+09,-5.833757125089644546e+01,-5.878075635249557962e+01
1.000155000000000000e+09,-5.829848089787937937e+01,-5.873727860117789135e+01
1.000160000000000000e+09,-5.825915490638279692e+01,-5.869358820385748032e+01
1.000165000000000000e+09,-5.821959109487836059e+01,-5.864968295774411189e+01
1.000170000000000000e+09,-5.817978724817373859e+01,-5.860556062653814990e+01
1.000175000000000000e+09,-5.813974111672764877e+01,-5.856121893974957970e+01
1.000180000000000000e+09,-5.809945041595587156e+01,-5.851665559199632582e+01
1.000185000000000000e+09,-5.805891282550415866e+01,-5.847186824228532487e+01
1.000190000000000000e+09,-5.801812598851100944e+01,-5.842685451327663770e+01
1.000195000000000000e+09,-5.797708751085772860e+01,-5.838161199051788230e+01
1.000200000000000000e+09,-5.793579496039248511e+01,-5.833613822168753416e+01
1.000205000000000000e+09,-5.789424586612516066e+01,-5.829043071577683577e+01
1.000210000000000000e+09,-5.785243771741663465e+01,-5.824448694228104273e+01
1.000215000000000000e+09,-5.781036796313786397e+01,-5.819830433036598549e+01
1.000220000000000000e+09,-5.776803401080817935e+01,-5.815188026799610554e+01
1.000225000000000000e+09,-5.772543322570885493e+01,-5.810521210105221002e+01
1.000230000000000000e+09,-5.768256292998339063e+01,-5.805829713243117851e+01
1.000235000000000000e+09,-5.763942040168684855e+01,-5.801113262109828383e+01
1.000240000000000000e+09,-5.759600287384473205e+01,-5.796371578114030143e+01
1.000245000000000000e+09,-5.755230753345772143e+01,-5.791604378077462911e+01
1.000250000000000000e+09,-5.750833152049865049e+01,-5.786811374134159536e+01
1.000255000000000000e+09,-5.746407192686368859e+01,-5.781992273625910173e+01
1.000260000000000000e+09,-5.741952579530151013e+01,-5.777146778995535925e+01
1.000265000000000000e+09,-5.737469011833097454e+01,-5.772274587677528501e+01
1.000270000000000000e+09,-5.732956183709315923e+01,-5.767375391984266741e+01
1.000275000000000000e+09,-5.728413784019890898e+01,-5.762448878990106493e+01
1.000280000000000000e+09,-5.723841496253218963e+01,-5.757494730412334150e+01
1.000285000000000000e+09,-5.719238998402120444e+01,-5.752512622487729743e+01
1.000290000000000000e+09,-5.714605962837219266e+01,-5.747502225846115209e+01
1.000295000000000000e+09,-5.709942056177614234e+01,-5.742463205380802549e+01
1.000300000000000000e+09,-5.705246939156055674e+01,-5.737395220114151329e+01
1.000305000000000000e+09,-5.700520266481132126e+01,-5.732297923059753941e+01
1.000310000000000000e+09,-5.695761686696184256e+01,-5.727170961080845757e+01
1.000315000000000000e+09,-5.690970842033259203e+01,-5.722013974744699283e+01
1.000320000000000000e+09,-5.686147368261710966e+01,-5.716826598170698048e+01
1.000325000000000000e+09,-5.681290894534064506e+01,-5.711608458876895611e+01
1.000330000000000000e+09,-5.676401043226219656e+01,-5.706359177619948753e+01
1.000335000000000000e+09,-5.671477429773005241e+01,-5.701078368230277249e+01
1.000340000000000000e+09,-5.666519662498528476e+01,-5.695765637442779905e+01
1.000345000000000000e+09,-5.661527342442526134e+01,-5.690420584722647845e+01
1.000350000000000000e+09,-5.656500063178259552e+01,-5.685042802084603153e+01
1.000355000000000000e+09,-5.651437410628688696e+01,-5.679631873907624851e+01
1.000360000000000000e+09,-5.646338962874822442e+01,-5.674187376743473976e+01
1.000365000000000000e+09,-5.641204289957175888e+01,-5.668708879118778299e+01
1.000370000000000000e+09,-5.636032953673062451e+01,-5.663195941332078576e+01
1.000375000000000000e+09,-5.630824507365078091e+01,-5.657648115242257347e+01
1.000380000000000000e+09,-5.625578495706247395e+01,-5.652064944053159934e+01
1.000385000000000000e+09,-5.620294454473886958e+01,-5.646445962088775161e+01
1.000390000000000000e+09,-5.614971910319405168e+01,-5.640790694560925544e+01
1.000395000000000000e+09,-5.609610380529254314e+01,-5.635098657332680006e+01
1.000400000000000000e+09,-5.604209372778228726e+01,-5.629369356669891999e+01
1.000405000000000000e+09,-5.598768384874368564e+01,-5.623602288986204911e+01
1.000410000000000000e+09,-5.593286904496494572e+01,-5.617796940581871468e+01
1.000415000000000000e+09,-5.587764408920867254e+01,-5.611952787368379347e+01
1.000420000000000000e+09,-5.582200364739772880e+01,-5.606069294589227070e+01
1.000425000000000000e+09,-5.576594227571432327e+01,-5.600145916528524026e+01
1.000430000000000000e+09,-5.570945441759071315e+01,-5.594182096209365795e+01
1.000435000000000000e+09,-5.565253440058428680e+01,-5.588177265083356815e+01
1.000440000000000000e+09,-5.559517643316525692e+01,-5.582130842707688601e+01
1.000445000000000000e+09,-5.553737460138042081e+01,-5.576042236412050102e+01
1.000450000000000000e+09,-5.547912286540150006e+01,-5.569910840953679099e+01
1.000455000000000000e+09,-5.542041505594899320e+01,-5.563736038159528619e+01
1.000460000000000000e+09,-5.536124487060281751e+01,-5.557517196556553074e+01
1.000465000000000000e+09,-5.530160586994349359e+01,-5.551253670987895816e+01
1.000470000000000000e+09,-5.524149147360046186e+01,-5.544944802215415791e+01
1.000475000000000000e+09,-5.518089495613152451e+01,-5.538589916508647804e+01
1.000480000000000000e+09,-5.511980944274063177e+01,-5.532188325216527858e+01
1.000485000000000000e+09,-5.505822790486020324e+01,-5.525739324326139723e+01
1.000490000000000000e+09,-5.499614315555568567e+01,-5.519242194001280666e+01
1.000495000000000000e+09,-5.493354784476026254e+01,-5.512696198108875478e+01
1.000500000000000000e+09,-5.487043445432928479e+01,-5.506100583721427455e+01
1.000505000000000000e+09,-5.480679529290591745e+01,-5.499454580605117116e+01
1.000510000000000000e+09,-5.474262249058979535e+01,-5.492757400687497693e+01
1.000515000000000000e+09,-5.467790799339914543e+01,-5.486008237501141593e+01
1.000520000000000000e+09,-5.461264355751425370e+01,-5.479206265610045534e+01
1.000525000000000000e+09,-5.454682074330826680e+01,-5.472350640012126632e+01
1.000530000000000000e+09,-5.448043090911404107e+01,-5.465440495515633756e+01
1.000535000000000000e+09,-5.441346520476972870e+01,-5.458474946093970459e+01
1.000540000000000000e+09,-5.434591456489086170e+01,-5.451453084212772637e+01
1.000545000000000000e+09,-5.427776970187196781e+01,-5.444373980130175994e+01
1.000550000000000000e+09,-5.420902109860235640e+01,-5.437236681167971142e+01
1.000555000000000000e+09,-5.413965900088132344e+01,-5.430040210953357160e+01
1.000560000000000000e+09,-5.406967340951831602e+01,-5.422783568629311901e+01
1.000565000000000000e+09,-5.399905407210188457e+01,-5.415465728030937953e+01
1.000570000000000000e+09,-5.392779047441788975e+01,-5.408085636826729115e+01
1.000575000000000000e+09,-5.385587183151706370e+01,-5.400642215626653098e+01
1.000580000000000000e+09,-5.378328707837157197e+01,-5.393134357046555039e+01
1.000585000000000000e+09,-5.371002486013890120e+01,-5.385560924735741395e+01
1.000590000000000000e+09,-5.363607352203052869e+01,-5.377920752362362578e+01
1.000595000000000000e+09,-5.356142109867568735e+01,-5.370212642550656312e+01
1.000600000000000000e+09,-5.348605530305850664e+01,-5.362435365774211959e+01
1.000605000000000000e+09,-5.340996351494006689e+01,-5.354587659198131178e+01
1.000610000000000000e+09,-5.333313276875963993e+01,-5.346668225470256886e+01
1.000615000000000000e+09,-5.325554974098320571e+01,-5.338675731453648865e+01
1.000620000000000000e+09,-5.317720073686594162e+01,-5.330608806904958641e+01
1.000625000000000000e+09,-5.309807167661862337e+01,-5.322466043089249865e+01
1.000630000000000000e+09,-5.301814808087538466e+01,-5.314245991328596830e+01
1.000635000000000000e+09,-5.293741505553620641e+01,-5.305947161484829167e+01
1.000640000000000000e+09,-5.285585727585154103e+01,-5.297568020367594954e+01
1.000645000000000000e+09,-5.277345896972488504e+01,-5.289106990065572234e+01
1.000650000000000000e+09,-5.269020390023280243e+01,-5.280562446198427295e+01
1.000655000000000000e+09,-5.260607534726783285e+01,-5.271932716080242898e+01
1.000660000000000000e+09,-5.252105608827304195e+01,-5.263216076793165143e+01
1.000665000000000000e+09,-5.243512837801046089e+01,-5.254410753164108172e+01
1.000670000000000000e+09,-5.234827392730458939e+01,-5.245514915638318598e+01
1.000675000000000000e+09,-5.226047388069869726e+01,-5.236526678047296457e+01
1.000680000000000000e+09,-5.217170879295632346e+01,-5.227444095255195577e+01
1.000685000000000000e+09,-5.208195860433268365e+01,-5.218265160688102355e+01
1.000690000000000000e+09,-5.199120261456065606e+01,-5.208987803732326682e+01
1.000695000000000000e+09,-5.189941945541660573e+01,-5.199609886989424723e+01
1.000700000000000000e+09,-5.180658706182440909e+01,-5.190129203388985246e+01
1.000705000000000000e+09,-5.171268264142600657e+01,-5.180543473142564181e+01
1.000710000000000000e+09,-5.161768264240421900e+01,-5.170850340526889966e+01
1.000715000000000000e+09,-5.152156271957622380e+01,-5.161047370493298558e+01
1.000720000000000000e+09,-5.142429769855795740e+01,-5.151132045083733857e+01
1.000725000000000000e+09,-5.132586153789644356e+01,-5.141101759643301250e+01
1.000730000000000000e+09,-5.122622728902710776e+01,-5.130953818815622469e+01
1.000735000000000000e+09,-5.112536705390078140e+01,-5.120685432305756990e+01
1.000740000000000000e+09,-5.102325194014673571e+01,-5.110293710394944355e+01
1.000745000000000000e+09,-5.091985201350713197e+01,-5.099775659185315391e+01
1.000750000000000000e+09,-5.081513624749429425e+01,-5.089128175563638479e+01
1.000755000000000000e+09,-5.070907246994273265e+01,-5.078348041855985429e+01
1.000760000000000000e+09,-5.060162730625408045e+01,-5.067431920153227054e+01
1.000765000000000000e+09,-5.049276611914784496e+01,-5.056376346282721101e+01
1.000770000000000000e+09,-5.038245294459215273e+01,-5.045177723404120229e+01
1.000775000000000000e+09,-5.027065042365107672e+01,-5.033832315190954887e+01
1.000780000000000000e+09,-5.015731972992533372e+01,-5.022336238573429767e+01
1.000785000000000000e+09,-5.004242049227595146e+01,-5.010685456011729144e+01
1.000790000000000000e+09,-4.992591071235786870e+01,-4.998875767247807289e+01
1.000795000000000000e+09,-4.980774667671944655e+01,-4.986902800513537670e+01
1.000800000000000000e+09,-4.968788286285060707e+01,-4.974762003134807031e+01
1.000805000000000000e+09,-4.956627183881921894e+01,-4.962448631493327866e+01
1.000810000000000000e+09,-4.944286415585650474e+01,-4.949957740283934271e+01
1.000815000000000000e+09,-4.931760823337090471e+01,-4.937284171016485601e+01
1.000820000000000000e+09,-4.919045023577760389e+01,-4.924422539691921230e+01
1.000825000000000000e+09,-4.906133394028232431e+01,-4.911367223584032615e+01
1.000830000000000000e+09,-4.893020059501167651e+01,-4.898112347046748738e+01
1.000835000000000000e+09,-4.879698876651930561e+01,-4.884651766264500594e+01
1.000840000000000000e+09,-4.866163417575138794e+01,-4.870979052844095492e+01
1.000845000000000000e+09,-4.852406952141403451e+01,-4.857087476150405791e+01
1.000850000000000000e+09,-4.838422428957252208e+01,-4.842969984261235084e+01
1.000855000000000000e+09,-4.824202454823321773e+01,-4.828619183421621130e+01
1.000860000000000000e+09,-4.809739272535439625e+01,-4.814027315843981114e+01
1.000865000000000000e+09,-4.795024736889459405e+01,-4.799186235703734837e+01
1.000870000000000000e+09,-4.780050288696244820e+01,-4.784087383151125294e+01
1.000875000000000000e+09,-4.764806926612936877e+01,-4.768721756136866929e+01
1.000880000000000000e+09,-4.749285176578823808e+01,-4.753079879840221622e+01
1.000885000000000000e+09,-4.733475058601845831e+01,-4.737151773450902681e+01
1.000890000000000000e+09,-4.717366050624721652e+01,-4.720926914021154630e+01
1.000895000000000000e+09,-4.700947049161753455e+01,-4.704394197097548158e+01
1.000900000000000000e+09,-4.684206326365841733e+01,-4.687541893775843960e+01
1.000905000000000000e+09,-4.667131483123421276e+01,-4.670357603782277778e+01
1.000910000000000000e+09,-4.649709397764703311e+01,-4.652828204171293436e+01
1.000915000000000000e+09,-4.631926169872454579e+01,-4.634939793116586770e+01
1.000920000000000000e+09,-4.613767058652797459e+01,-4.616677628262407040e+01
1.000925000000000000e+09,-4.595216415224378892e+01,-4.598026058994360454e+01
1.000930000000000000e+09,-4.576257608130710253e+01,-4.578968451924032479e+01
1.000935000000000000e+09,-4.556872941259231879e+01,-4.559487108781559073e+01
1.000940000000000000e+09,-4.537043563257283552e+01,-4.539563175796339323e+01
1.000945000000000000e+09,-4.516749367405424920e+01,-4.519176543531678902e+01
1.000950000000000000e+09,-4.495968880766361764e+01,-4.498305735993666588e+01
1.000955000000000000e+09,-4.474679141263835902e+01,-4.476927787650379287e+01
1.000960000000000000e+09,-4.452855561157367958e+01,-4.455018106849875892e+01
1.000965000000000000e+09,-4.430471775170457249e+01,-4.432550323872550990e+01
1.000970000000000000e+09,-4.407499471266078928e+01,-4.409496121624088971e+01
1.000975000000000000e+09,-4.383908201817818195e+01,-4.385825046699886087e+01
1.000980000000000000e+09,-4.359665172571261849e+01,-4.361504298232831900e+01
1.000985000000000000e+09,-4.334735006484537223e+01,-4.336498491576813308e+01
1.000990000000000000e+09,-4.309079479084986986e+01,-4.310769393498880930e+01
1.000995000000000000e+09,-4.282657221624228328e+01,-4.284275625117881248e+01
1.001000000000000000e+09,-4.255423387808028934e+01,-4.256972328380889081e+01
1.001005000000000000e+09,-4.227329279447587140e+01,-4.228810791401261326e+01
1.001010000000000000e+09,-4.198321925938893173e+01,-4.199738027557269504e+01
1.001015000000000000e+09,-4.168343612140936472e+01,-4.169696302896930007e+01
1.001020000000000000e+09,-4.137331349037519601e+01,-4.138622606221666445e+01
1.001025000000000000e+09,-4.105216281783795296e+01,-4.106448056411792180e+01
1.001030000000000000e+09,-4.071923030513652009e+01,-4.073097242315579081e+01
1.001035000000000000e+09,-4.037368961097880060e+01,-4.038487492378725108e+01
1.001040000000000000e+09,-4.001463386592064353e+01,-4.002528074637558575e+01
1.001045000000000000e+09,-3.964106706500079724e+01,-3.965119334142598007e+01
1.001050000000000000e+09,-3.925189501911488321e+01,-3.926151785743468281e+01
1.001055000000000000e+09,-3.884591623072684285e+01,-3.885505198602476185e+01
1.001060000000000000e+09,-3.842181336632138056e+01,-3.843047739516106276e+01
1.001065000000000000e+09,-3.797814650443533679e+01,-3.798635292587956513e+01
1.001070000000000000e+09,-3.751335017017613893e+01,-3.752111156009596016e+01
1.001075000000000000e+09,-3.702573753658604261e+01,-3.703306453486815997e+01
1.001080000000000000e+09,-3.651351742321226368e+01,-3.652041822780370950e+01
1.001085000000000000e+09,-3.597483342924745386e+01,-3.598131314474331077e+01
1.001090000000000000e+09,-3.540784063829612904e+01,-3.541390044126343639e+01
1.001095000000000000e+09,-3.481084532727233238e+01,-3.481648141093624815e+01
1.001100000000000000e+09,-3.418254931052419465e+01,-3.418775158660815805e+01
1.001105000000000000e+09,-3.352246614123523472e+01,-3.352721673202823638e+01
1.001110000000000000e+09,-3.283161473949196818e+01,-3.283588643483203384e+01
1.001115000000000000e+09,-3.211364708254808420e+01,-3.211740226268938159e+01
1.001120000000000000e+09,-3.137661533419175086e+01,-3.137980652976209228e+01
1.001125000000000000e+09,-3.063556955735695198e+01,-3.063814401989464642e+01
1.001130000000000000e+09,-2.991593239223163181e+01,-2.991784469124556267e+01
1.001135000000000000e+09,-2.925678912851232738e+01,-2.925802653537037656e+01
1.001140000000000000e+09,-2.871154698425945284e+01,-2.871216807459160947e+01
1.001145000000000000e+09,-2.834157022176191276e+01,-2.834174212695172557e+01
1.001150000000000000e+09,-2.819974749090303234e+01,-2.819974749090333432e+01
1.001155000000000000e+09,-2.830928989384732475e+01,-2.830944458035027367e+01
1.001160000000000000e+09,-2.865252003903658817e+01,-2.865310915336685227e+01
1.001165000000000000e+09,-2.917951257466394921e+01,-2.918070453577649204e+01
1.001170000000000000e+09,-2.982888221272445861e+01,-2.983073329689543129e+01
1.001175000000000000e+09,-3.054548671865049769e+01,-3.054797904404201958e+01
1.001180000000000000e+09,-3.128814347097802795e+01,-3.129122559598290110e+01
1.001185000000000000e+09,-3.202967162491270869e+01,-3.203328541083472913e+01
1.001190000000000000e+09,-3.275377050032170700e+01,-3.275786430699093188e+01
1.001195000000000000e+09,-3.345157556623319550e+01,-3.345610884898508885e+01
1.001200000000000000e+09,-3.411893674685592970e+01,-3.412388040654397514e+01
1.001205000000000000e+09,-3.475454326117189652e+01,-3.475987831215017820e+01
1.001210000000000000e+09,-3.535871867873117935e+01,-3.536443448344108731e+01
1.001215000000000000e+09,-3.593267663624584429e+01,-3.593876922647277894e+01
1.001220000000000000e+09,-3.647807283200666717e+01,-3.648454348780670387e+01
1.001225000000000000e+09,-3.699674116930113144e+01,-3.700359527796035763e+01
1.001230000000000000e+09,-3.749054223583107159e+01,-3.749778839882886672e+01
1.001235000000000000e+09,-3.796127951860923844e+01,-3.796892886099560371e+01
1.001240000000000000e+09,-3.841065606957484135e+01,-3.841872170789623908e+01
1.001245000000000000e+09,-3.884025505010397694e+01,-3.884875168244502674e+01
1.001250000000000000e+09,-3.925153412677372700e+01,-3.926047771586553381e+01
1.001255000000000000e+09,-3.964582766786420365e+01,-3.965523519495371119e+01
1.001260000000000000e+09,-4.002435310597330442e+01,-4.003424237870943614e+01
1.001265000000000000e+09,-4.038821930095351576e+01,-4.039860880243750785e+01
1.001270000000000000e+09,-4.073843562960084341e+01,-4.074934439902003191e+01
1.001275000000000000e+09,-4.107592107272458293e+01,-4.108736861038942578e+01
1.001280000000000000e+09,-4.140151289932347822e+01,-4.141351909067608261e+01
1.001285000000000000e+09,-4.171597474636346448e+01,-4.172855980072099413e+01
1.001290000000000000e+09,-4.202000401089957649e+01,-4.203318841184960064e+01
1.001295000000000000e+09,-4.231423854006611407e+01,-4.232804300507051920e+01
1.001300000000000000e+09,-4.259926264342396252e+01,-4.261370809059847886e+01
1.001305000000000000e+09,-4.287561247165207590e+01,-4.289071999255774870e+01
1.001310000000000000e+09,-4.314378081542585619e+01,-4.315957165245526994e+01
1.001315000000000000e+09,-4.340422138037556010e+01,-4.342071690795353334e+01
1.001320000000000000e+09,-4.365735259271755098e+01,-4.367457430164265730e+01
1.001325000000000000e+09,-4.390356098718878286e+01,-4.392153047142145539e+01
1.001330000000000000e+09,-4.414320422445422309e+01,-4.416194317005866310e+01
1.001335000000000000e+09,-4.437661378067701889e+01,-4.439614395644477440e+01
1.001340000000000000e+09,-4.460409734739982923e+01,-4.462444059691742382e+01
1.001345000000000000e+09,-4.482594097559456969e+01,-4.484711921043738414e+01
1.001350000000000000e+09,-4.504241099378273816e+01,-4.506444618778036926e+01
1.001355000000000000e+09,-4.525375572656032830e+01,-4.527666991084305437e+01
1.001360000000000000e+09,-4.546020703660451545e+01,-4.548402229536846875e+01
1.001365000000000000e+09,-4.566198171059163968e+01,-4.568672017745650749e+01
1.001370000000000000e+09,-4.585928270665708339e+01,-4.588496656152489095e+01
1.001375000000000000e+09,-4.605230027914794277e+01,-4.607895174548839634e+01
1.001380000000000000e+09,-4.624121299432226095e+01,-4.626885433684780224e+01
1.001385000000000000e+09,-4.642618864903981546e+01,-4.645484217166819008e+01
1.001390000000000000e+09,-4.660738510302351045e+01,-4.663707314714702079e+01
1.001395000000000000e+09,-4.678495103399950494e+01,-4.681569597694171136e+01
1.001400000000000000e+09,-4.695902662391596039e+01,-4.699085087763278068e+01
1.001405000000000000e+09,-4.712974418347968708e+01,-4.716267019343512601e+01
1.001410000000000000e+09,-4.729722872135717182e+01,-4.733127896551805947e+01
1.001415000000000000e+09,-4.746159846378893121e+01,-4.749679545179778017e+01
1.001420000000000000e+09,-4.762296532952835548e+01,-4.765933160195896789e+01
1.001425000000000000e+09,-4.778143536450980378e+01,-4.781899349224222817e+01
1.001430000000000000e+09,-4.793710914038324944e+01,-4.797588172408005391e+01
1.001435000000000000e+09,-4.809008212019661954e+01,-4.813009178984194136e+01
1.001440000000000000e+09,-4.824044499449407652e+01,-4.828171440899238576e+01
1.001445000000000000e+09,-4.838828399057397434e+01,-4.843083583745385567e+01
1.001450000000000000e+09,-4.853368115740671840e+01,-4.857753815254093865e+01
1.001455000000000000e+09,-4.867671462845056141e+01,-4.872189951584224588e+01
1.001460000000000000e+09,-4.881745886432454284e+01,-4.886399441594554816e+01
1.001465000000000000e+09,-4.895598487725730763e+01,-4.900389389289170339e+01
1.001470000000000000e+09,-4.909236043872571287e+01,-4.914166574589345515e+01
1.001475000000000000e+09,-4.922665027190731024e+01,-4.927737472579792666e+01
1.001480000000000000e+09,-4.935891623021684893e+01,-4.941108271364927873e+01
1.001485000000000000e+09,-4.948921746303639679e+01,-4.954284888644955487e+01
1.001490000000000000e+09,-4.961761056978530604e+01,-4.967272987124920292e+01
1.001495000000000000e+09,-4.974414974326202810e+01,-4.980077988851483894e+01
1.001500000000000000e+09,-4.986888690314327022e+01,-4.992705088564701299e+01
1.001505000000000000e+09,-4.999187182039837296e+01,-5.005159266141678387e+01
1.001510000000000000e+09,-5.011315223344715974e+01,-5.017445298210718363e+01
1.001515000000000000e+09,-5.023277395653714450e+01,-5.029567768996029997e+01
1.001520000000000000e+09,-5.035078098112086309e+01,-5.041531080452379143e+01
1.001525000000000000e+09,-5.046721557063993657e+01,-5.053339461746350736e+01
1.001530000000000000e+09,-5.058211834931619677e+01,-5.064996978137607897e+01
1.001535000000000000e+09,-5.069552838533284955e+01,-5.076507539293952931e+01
1.001540000000000000e+09,-5.080748326879434273e+01,-5.087874907094435173e+01
1.001545000000000000e+09,-5.091801918497936441e+01,-5.099102702950612809e+01
1.001550000000000000e+09,-5.102717098307434185e+01,-5.110194414682445796e+01
1.001555000000000000e+09,-5.113497224080462189e+01,-5.121153402982539404e+01
1.001560000000000000e+09,-5.124145532522310020e+01,-5.131982907494710133e+01
1.001565000000000000e+09,-5.134665144992928276e+01,-5.142686052537754193e+01
1.001570000000000000e+09,-5.145059072897040409e+01,-5.153265852495731281e+01
1.001575000000000000e+09,-5.155330222762224679e+01,-5.163725216896242642e+01
1.001580000000000000e+09,-5.165481401034872988e+01,-5.174066955206189533e+01
1.001585000000000000e+09,-5.175515318598861114e+01,-5.184293781353603237e+01
1.001590000000000000e+09,-5.185434595047216533e+01,-5.194408317997275759e+01
1.001595000000000000e+09,-5.195241762720549872e+01,-5.204413100566426209e+01
1.001600000000000000e+09,-5.204939270522147154e+01,-5.214310581077297968e+01
1.001605000000000000e+09,-5.214529487529689789e+01,-5.224103131742531758e+01
1.001610000000000000e+09,-5.224014706414145337e+01,-5.233793048394084479e+01
1.001615000000000000e+09,-5.233397146678743894e+01,-5.243382553719668238e+01
1.001620000000000000e+09,-5.242678957726617028e+01,-5.252873800333059506e+01
1.001625000000000000e+09,-5.251862221775560613e+01,-5.262268873686252846e+01
1.001630000000000000e+09,-5.260948956616210381e+01,-5.271569794831279410e+01
1.001635000000000000e+09,-5.269941118236422994e+01,-5.280778523042469885e+01
1.001640000000000000e+09,-5.278840603309981816e+01,-5.289896958307339503e+01
1.001645000000000000e+09,-5.287649251565313335e+01,-5.298926943694099378e+01
1.001650000000000000e+09,-5.296368848036215837e+01,-5.307870267602518055e+01
1.001655000000000000e+09,-5.305001125199353140e+01,-5.316728665903799111e+01
1.001660000000000000e+09,-5.313547765015277946e+01,-5.325503823979926210e+01
1.001665000000000000e+09,-5.322010400866605551e+01,-5.334197378662924649e+01
1.001670000000000000e+09,-5.330390619406437480e+01,-5.342810920082891357e+01
1.001675000000000000e+09,-5.338689962319674009e+01,-5.351345993430236092e+01
1.001680000000000000e+09,-5.346909928002744294e+01,-5.359804100636078772e+01
1.001685000000000000e+09,-5.355051973164221124e+01,-5.368186701972010866e+01
1.001690000000000000e+09,-5.363117514355322157e+01,-5.376495217581784658e+01
1.001695000000000000e+09,-5.371107929429447836e+01,-5.384731028939739161e+01
1.001700000000000000e+09,-5.379024558934922595e+01,-5.392895480245734063e+01
1.001705000000000000e+09,-5.386868707447074911e+01,-5.400989879756394885e+01
1.001710000000000000e+09,-5.394641644843170525e+01,-5.409015501059880648e+01
1.001715000000000000e+09,-5.402344607518729447e+01,-5.416973584293867106e+01
1.001720000000000000e+09,-5.409978799552702355e+01,-5.424865337308752800e+01
1.001725000000000000e+09,-5.417545393822243938e+01,-5.432691936785154496e+01
1.001730000000000000e+09,-5.425045533070280612e+01,-5.440454529299940134e+01
1.001735000000000000e+09,-5.432480330926111378e+01,-5.448154232348335313e+01
1.001740000000000000e+09,-5.439850872887781463e+01,-5.455792135324606562e+01
1.001745000000000000e+09,-5.447158217257879187e+01,-5.463369300460569633e+01
1.001750000000000000e+09,-5.454403396043738894e+01,-5.470886763724445245e+01
1.001755000000000000e+09,-5.461587415821995251e+01,-5.478345535685968315e+01
1.001760000000000000e+09,-5.468711258565404876e+01,-5.485746602343265010e+01
1.001765000000000000e+09,-5.475775882437840636e+01,-5.493090925919282341e+01
1.001770000000000000e+09,-5.482782222557241880e+01,-5.500379445622815666e+01
1.001775000000000000e+09,-5.489731191728332504e+01,-5.507613078383091221e+01
1.001780000000000000e+09,-5.496623681146519402e+01,-5.514792719554413480e+01
1.001785000000000000e+09,-5.503460561074317070e+01,-5.521919243590208026e+01
1.001790000000000000e+09,-5.510242681491605055e+01,-5.528993504696538253e+01
1.001795000000000000e+09,-5.516970872721146435e+01,-5.536016337456267422e+01
1.001800000000000000e+09,-5.523645946028885589e+01,-5.542988557429567464e+01
1.001805000000000000e+09,-5.530268694204258395e+01,-5.549910961735368176e+01
1.001810000000000000e+09,-5.536839892115707329e+01,-5.556784329606208672e+01
1.001815000000000000e+09,-5.543360297248432289e+01,-5.563609422925750891e+01
1.001820000000000000e+09,-5.549830650217978700e+01,-5.570386986745301527e+01
1.001825000000000000e+09,-5.556251675270246437e+01,-5.577117749780523326e+01
1.001830000000000000e+09,-5.562624080759280787e+01,-5.583802424892176219e+01
1.001835000000000000e+09,-5.568948559609356153e+01,-5.590441709546715998e+01
1.001840000000000000e+09,-5.575225789760163764e+01,-5.597036286263083582e+01
1.001845000000000000e+09,-5.581456434596353944e+01,-5.603586823041635512e+01
1.001850000000000000e+09,-5.587641143360582419e+01,-5.610093973777640741e+01
1.001855000000000000e+09,-5.593780551554277736e+01,-5.616558378663054185e+01
1.001860000000000000e+09,-5.599875281323380705e+01,-5.622980664570160059e+01
1.001865000000000000e+09,-5.605925941828217418e+01,-5.629361445425254118e+01
1.001870000000000000e+09,-5.611933129605304771e+01,-5.635701322567985017e+01
1.001875000000000000e+09,-5.617897428913054370e+01,-5.642000885098453722e+01
1.001880000000000000e+09,-5.623819412067224022e+01,-5.648260710212692715e+01
1.001885000000000000e+09,-5.629699639764726271e+01,-5.654481363526081594e+01
1.001890000000000000e+09,-5.635538661396628868e+01,-5.660663399388315753e+01
1.001895000000000000e+09,-5.641337015350909923e+01,-5.666807361184959291e+01
1.001900000000000000e+09,-5.647095229303782560e+01,-5.672913781629578267e+01
1.001905000000000000e+09,-5.652813820504943010e+01,-5.678983183049026451e+01
1.001910000000000000e+09,-5.658493296049071830e+01,-5.685016077655362210e+01
1.001915000000000000e+09,-5.664134153140814476e+01,-5.691012967811873580e+01
1.001920000000000000e+09,-5.669736879352149828e+01,-5.696974346289573532e+01
1.001925000000000000e+09,-5.675301952869419608e+01,-5.702900696514812751e+01
1.001930000000000000e+09,-5.680829842733640334e+01,-5.708792492810408703e+01
1.001935000000000000e+09,-5.686321009072969446e+01,-5.714650200627892218e+01
1.001940000000000000e+09,-5.691775903327861386e+01,-5.720474276773173017e+01
1.001945000000000000e+09,-5.697194968469173659e+01,-5.726265169625695250e+01
1.001950000000000000e+09,-5.702578639209498590e+01,-5.732023319348084556e+01
1.001955000000000000e+09,-5.707927342207967314e+01,-5.737749158093165391e+01
1.001960000000000000e+09,-5.713241496268979347e+01,-5.743443110202774449e+01
1.001965000000000000e+09,-5.718521512533787643e+01,-5.749105592398576903e+01
1.001970000000000000e+09,-5.723767794668221143e+01,-5.754737013971401183e+01
1.001975000000000000e+09,-5.728980739043863935e+01,-5.760337776961519296e+01
1.001980000000000000e+09,-5.734160734911700530e+01,-5.765908276333618687e+01
1.001985000000000000e+09,-5.739308164574616455e+01,-5.771448900149447070e+01
1.001990000000000000e+09,-5.744423403551599705e+01,-5.776960029731994695e+01
1.001995000000000000e+09,-5.749506820738400847e+01,-5.782442039826693758e+01
1.002000000000000000e+09,-5.754558778563251309e+01,-5.787895298757283058e+01
1.002005000000000000e+09,-5.759579633138084631e+01,-5.793320168577974272e+01
1.002010000000000000e+09,-5.764569734405561974e+01,-5.798717005220140663e+01
1.002015000000000000e+09,-5.769529426280649886e+01,-5.804086158634868298e+01
1.002020000000000000e+09,-5.774459046791206163e+01,-5.809427972933251283e+01
1.002025000000000000e+09,-5.779358928210714907e+01,-5.814742786519573059e+01
1.002030000000000000e+09,-5.784229397189303512e+01,-5.820030932224010201e+01
1.002035000000000000e+09,-5.789070774881841430e+01,-5.825292737428977574e+01
1.002040000000000000e+09,-5.793883377070703489e+01,-5.830528524193823614e+01
1.002045000000000000e+09,-5.798667514286074010e+01,-5.835738609374935493e+01
1.002050000000000000e+09,-5.803423491922768562e+01,-5.840923304742866407e+01
1.002055000000000000e+09,-5.808151610353817063e+01,-5.846082917097042042e+01
1.002060000000000000e+09,-5.812852165040940378e+01,-5.851217748375711381e+01
1.002065000000000000e+09,-5.817525446642044784e+01,-5.856328095763661423e+01
1.002070000000000000e+09,-5.822171741115788990e+01,-5.861414251798835551e+01
1.002075000000000000e+09,-5.826791329823541332e+01,-5.866476504472875320e+01
1.002080000000000000e+09,-5.831384489627662049e+01,-5.871515137330733580e+01
1.002085000000000000e+09,-5.835951492988857581e+01,-5.876530429568432368e+01
1.002090000000000000e+09,-5.840492608060206692e+01,-5.881522656126879411e+01
1.002095000000000000e+09,-5.845008098776884253e+01,-5.886492087782769289e+01
1.002100000000000000e+09,-5.849498224947011948e+01,-5.891438991239830614e+01
1.002105000000000000e+09,-5.853963242337390227e+01,-5.896363629214482671e+01
1.002110000000000000e+09,-5.858403402758129630e+01,-5.901266260520810647e+01
1.002115000000000000e+09,-5.862818954144905348e+01,-5.906147140154249797e+01
1.002120000000000000e+09,-5.867210140639083704e+01,-5.911006519371279921e+01
1.002125000000000000e+09,-5.871577202666028938e+01,-5.915844645768360976e+01
1.002130000000000000e+09,-5.875920377010322682e+01,-5.920661763358236840e+01
1.002135000000000000e+09,-5.880239896891733054e+01,-5.925458112644627562e+01
1.002140000000000000e+09,-5.884535992035959850e+01,-5.930233930695963807e+01
1.002145000000000000e+09,-5.888808888745348469e+01,-5.934989451214689637e+01
1.002150000000000000e+09,-5.893058809968546541e+01,-5.939724904607989231e+01
1.002155000000000000e+09,-5.897285975366870758e+01,-5.944440518055085931e+01
1.002160000000000000e+09,-5.901490601379901335e+01,-5.949136515572136119e+01
1.002165000000000000e+09,-5.905672901289328536e+01,-5.953813118077942335e+01
1.002170000000000000e+09,-5.909833085281206166e+01,-5.958470543456033397e+01
1.002175000000000000e+09,-5.913971360506714348e+01,-5.963109006615857766e+01
1.002180000000000000e+09,-5.918087931141445779e+01,-5.967728719552845718e+01
1.002185000000000000e+09,-5.922182998443315682e+01,-5.972329891406761959e+01
1.002190000000000000e+09,-5.926256760809166479e+01,-5.976912728518759366e+01
1.002195000000000000e+09,-5.930309413829299103e+01,-5.981477434486943423e+01
1.002200000000000000e+09,-5.934341150342282845e+01,-5.986024210220662667e+01
1.002205000000000000e+09,-5.938352160486896025e+01,-5.990553253994229266e+01
1.002210000000000000e+09,-5.942342631753607662e+01,-5.995064761497903305e+01
1.002215000000000000e+09,-5.946312749034766654e+01,-5.999558925889530769e+01
1.002220000000000000e+09,-5.950262694673564567e+01,-6.004035937843607940e+01
1.002225000000000000e+09,-5.954192648511900643e+01,-6.008495985599472533e+01
1.002230000000000000e+09,-5.958102787937149003e+01,-6.012939255009464290e+01
1.002235000000000000e+09,-5.961993287927842289e+01,-6.017365929584247652e+01
1.002240000000000000e+09,-5.965864321098491985e+01,-6.021776190539107176e+01
1.002245000000000000e+09,-5.969716057742581938e+01,-6.026170216836976579e+01
1.002250000000000000e+09,-5.973548665876047892e+01,-6.030548185232951397e+01
1.002255000000000000e+09,-5.977362311279093632e+01,-6.034910270315865688e+01
1.002260000000000000e+09,-5.981157157535595559e+01,-6.039256644549324449e+01
1.002265000000000000e+09,-5.984933366074501038e+01,-6.043587478313674666e+01
1.002270000000000000e+09,-5.988691096208067677e+01,-6.047902939944266620e+01
1.002275000000000000e+09,-5.992430505170115396e+01,-6.052203195770290023e+01
1.002280000000000000e+09,-5.996151748153339156e+01,-6.056488410153897206e+01
1.002285000000000000e+09,-5.999854978345951650e+01,-6.060758745526067059e+01
1.002290000000000000e+09,-6.003540346966750718e+01,-6.065014362423546146e+01
1.002295000000000000e+09,-6.007208003300811328e+01,-6.069255419524729689e+01
1.002300000000000000e+09,-6.010858094733634971e+01,-6.073482073683820204e+01
1.002305000000000000e+09,-6.014490766784013687e+01,-6.077694479965592933e+01
1.002310000000000000e+09,-6.018106163136751263e+01,-6.081892791678365029e+01
1.002315000000000000e+09,-6.021704425675441996e+01,-6.086077160407299402e+01
1.002320000000000000e+09,-6.025285694513242163e+01,-6.090247736046193694e+01
1.002325000000000000e+09,-6.028850108023695498e+01,-6.094404666828384620e+01
1.002330000000000000e+09,-6.032397802870848125e+01,-6.098548099358708896e+01
1.002335000000000000e+09,-6.035928914038770898e+01,-6.102678178642918994e+01
1.002340000000000000e+09,-6.039443574859713237e+01,-6.106795048117227509e+01
1.002345000000000000e+09,-6.042941917043733469e+01,-6.110898849677690237e+01
1.002350000000000000e+09,-6.046424070704950537e+01,-6.114989723708561087e+01
1.002355000000000000e+09,-6.049890164389486813e+01,-6.119067809110205047e+01
1.002360000000000000e+09,-6.053340325101284947e+01,-6.123133243325902697e+01
1.002365000000000000e+09,-6.056774678328849149e+01,-6.127186162369590505e+01
1.002370000000000000e+09,-6.060193348070811226e+01,-6.131226700851697586e+01
1.002375000000000000e+09,-6.063596456859697525e+01,-6.135254992004536234e+01
1.002380000000000000e+09,-6.066984125787777771e+01,-6.139271167708581345e+01
1.002385000000000000e+09,-6.070356474530350255e+01,-6.143275358516576290e+01
1.002390000000000000e+09,-6.073713621369387283e+01,-6.147267693677999034e+01
1.002395000000000000e+09,-6.077055683216617865e+01,-6.151248301163440857e+01
1.002400000000000000e+09,-6.080382775636237369e+01,-6.155217307687668438e+01
1.002405000000000000e+09,-6.083695012866531471e+01,-6.159174838732742785e+01
1.002410000000000000e+09,-6.086992507842300881e+01,-6.163121018570783605e+01
1.002415000000000000e+09,-6.090275372216142102e+01,-6.167055970286325817e+01
1.002420000000000000e+09,-6.093543716378835029e+01,-6.170979815798230561e+01
1.002425000000000000e+09,-6.096797649479849213e+01,-6.174892675880190751e+01
1.002430000000000000e+09,-6.100037279448120131e+01,-6.178794670183403781e+01
1.002435000000000000e+09,-6.103262713011260132e+01,-6.182685917256191033e+01
1.002440000000000000e+09,-6.106474055715005989e+01,-6.186566534564107656e+01
1.002445000000000000e+09,-6.109671411942290575e+01,-6.190436638511305034e+01
1.002450000000000000e+09,-6.112854884931970645e+01,-6.194296344458816606e+01
1.002455000000000000e+09,-6.116024576796496603e+01,-6.198145766744473661e+01
1.002460000000000000e+09,-6.119180588541134824e+01,-6.201985018701953578e+01
1.002465000000000000e+09,-6.122323020080478528e+01,-6.205814212679523223e+01
1.002470000000000000e+09,-6.125451970255866740e+01,-6.209633460058147136e+01
1.002475000000000000e+09,-6.128567536853012143e+01,-6.213442871269531764e+01
1.002480000000000000e+09,-6.131669816618183688e+01,-6.217242555814494409e+01
1.002485000000000000e+09,-6.134758905274726004e+01,-6.221032622279894042e+01
1.002490000000000000e+09,-6.137834897539114820e+01,-6.224813178355886123e+01
1.002495000000000000e+09,-6.140897887136797806e+01,-6.228584330853177420e+01
1.002500000000000000e+09,-6.143947966817716377e+01,-6.232346185719854503e+01
1.002505000000000000e+09,-6.146985228371516996e+01,-6.236098848057047661e+01
1.002510000000000000e+09,-6.150009762642581990e+01,-6.239842422135700417e+01
1.002515000000000000e+09,-6.153021659544825184e+01,-6.243577011412843092e+01
1.002520000000000000e+09,-6.156021008075705225e+01,-6.247302718546269062e+01
1.002525000000000000e+09,-6.159007896331026188e+01,-6.251019645410913483e+01
1.002530000000000000e+09,-6.161982411519007030e+01,-6.254727893113886950e+01
1.002535000000000000e+09,-6.164944639972962648e+01,-6.258427562008827039e+01
1.002540000000000000e+09,-6.167894667165982270e+01,-6.262118751711700781e+01
1.002545000000000000e+09,-6.170832577723604118e+01,-6.265801561114923857e+01
1.002550000000000000e+09,-6.173758455436959025e+01,-6.269476088401535918e+01
1.002555000000000000e+09,-6.176672383275597866e+01,-6.273142431059643798e+01
1.002560000000000000e+09,-6.179574443400138506e+01,-6.276800685896320431e+01
1.002565000000000000e+09,-6.182464717174732272e+01,-6.280450949051549259e+01
1.002570000000000000e+09,-6.185343285178716144e+01,-6.284093316011649222e+01
1.002575000000000000e+09,-6.188210227219740744e+01,-6.287727881622812731e+01
1.002580000000000000e+09,-6.191065622344568453e+01,-6.291354740104403476e+01
1.002585000000000000e+09,-6.193909548850758284e+01,-6.294973985061700716e+01
1.002590000000000000e+09,-6.196742084298688269e+01,-6.298585709499435836e+01
1.002595000000000000e+09,-6.199563305522345047e+01,-6.302190005834104625e+01
1.002600000000000000e+09,-6.202373288640470150e+01,-6.305786965906854391e+01
1.002605000000000000e+09,-6.205172109067461861e+01,-6.309376680995271869e+01
1.002610000000000000e+09,-6.207959841524107958e+01,-6.312959241826573020e+01
1.002615000000000000e+09,-6.210736560048115962e+01,-6.316534738589542997e+01
1.002620000000000000e+09,-6.213502338004477110e+01,-6.320103260945816714e+01
1.002625000000000000e+09,-6.216257248095730858e+01,-6.323664898042827076e+01
1.002630000000000000e+09,-6.219001362372129904e+01,-6.327219738525003123e+01
1.002635000000000000e+09,-6.221734752241091826e+01,-6.330767870544858056e+01
1.002640000000000000e+09,-6.224457488477639799e+01,-6.334309381775923953e+01
1.002645000000000000e+09,-6.227169641233597019e+01,-6.337844359422801688e+01
1.002650000000000000e+09,-6.229871280047128579e+01,-6.341372890232609905e+01
1.002655000000000000e+09,-6.232562473852102869e+01,-6.344895060507002427e+01
1.002660000000000000e+09,-6.235243290987286002e+01,-6.348410956112233094e+01
1.002665000000000000e+09,-6.237913799205414733e+01,-6.351920662490456948e+01
1.002670000000000000e+09,-6.240574065682069005e+01,-6.355424264670665480e+01
1.002675000000000000e+09,-6.243224157024546628e+01,-6.358921847279000161e+01
1.002680000000000000e+09,-6.245864139280598692e+01,-6.362413494550064286e+01
1.002685000000000000e+09,-6.248494077946578074e+01,-6.365899290336529504e+01
1.002690000000000000e+09,-6.251114037976392979e+01,-6.369379318120386557e+01
1.002695000000000000e+09,-6.253724083789896326e+01,-6.372853661023213334e+01
1.002700000000000000e+09,-6.256324279280200784e+01,-6.376322401815482976e+01
1.002705000000000000e+09,-6.258914687822766609e+01,-6.379785622928025646e+01
1.002710000000000000e+09,-6.261495372282865191e+01,-6.383243406461674141e+01
1.002715000000000000e+09,-6.264066395023529310e+01,-6.386695834196656563e+01
1.002720000000000000e+09,-6.266627817913369825e+01,-6.390142987603525171e+01
1.002725000000000000e+09,-6.269179702334182025e+01,-6.393584947852484390e+01
1.002730000000000000e+09,-6.271722109188626604e+01,-6.397021795823449253e+01
1.002735000000000000e+09,-6.274255098907182315e+01,-6.400453612115376245e+01
1.002740000000000000e+09,-6.276778731456501959e+01,-6.403880477056532072e+01
1.002745000000000000e+09,-6.279293066345794472e+01,-6.407302470713909770e+01
1.002750000000000000e+09,-6.281798162634099469e+01,-6.410719672902459365e+01
1.002755000000000000e+09,-6.284294078937868733e+01,-6.414132163195192504e+01
1.002760000000000000e+09,-6.286780873437550810e+01,-6.417540020932412403e+01
1.002765000000000000e+09,-6.289258603884609045e+01,-6.420943325230841481e+01
1.002770000000000000e+09,-6.291727327608364817e+01,-6.424342154993574638e+01
1.002775000000000000e+09,-6.294187101522741301e+01,-6.427736588918931204e+01
1.002780000000000000e+09,-6.296637982132896383e+01,-6.431126705510381214e+01
1.002785000000000000e+09,-6.299080025541825023e+01,-6.434512583084612913e+01
1.002790000000000000e+09,-6.301513287456884171e+01,-6.437894299782171004e+01
1.002795000000000000e+09,-6.303937823196298496e+01,-6.441271933576142317e+01
1.002800000000000000e+09,-6.306353687695150256e+01,-6.444645562280415163e+01
1.002805000000000000e+09,-6.308760935512167123e+01,-6.448015263560554899e+01
1.002810000000000000e+09,-6.311159620835966422e+01,-6.451381114941536055e+01
1.002815000000000000e+09,-6.313549797490415472e+01,-6.454743193817095914e+01
1.002820000000000000e+09,-6.315931518941660272e+01,-6.458101577459571274e+01
1.002825000000000000e+09,-6.318304838303644999e+01,-6.461456343028062577e+01
1.002830000000000000e+09,-6.320669808344160856e+01,-6.464807567577706493e+01
1.002835000000000000e+09,-6.323026481490748552e+01,-6.468155328069104826e+01
1.002840000000000000e+09,-6.325374909836558146e+01,-6.471499701377010183e+01
1.002845000000000000e+09,-6.327715145146179765e+01,-6.474840764299523244e+01
1.002850000000000000e+09,-6.330047238860912984e+01,-6.478178593566647692e+01
1.002855000000000000e+09,-6.332371242105321585e+01,-6.481513265850081496e+01
1.002860000000000000e+09,-6.334687205692085854e+01,-6.484844857771679472e+01
1.002865000000000000e+09,-6.336995180127571814e+01,-6.488173445912454440e+01
1.002870000000000000e+09,-6.339295215617832469e+01,-6.491499106821969178e+01
1.002875000000000000e+09,-6.341587362073684631e+01,-6.494821917027266522e+01
1.002880000000000000e+09,-6.343871669116187206e+01,-6.498141953041420038e+01
1.002885000000000000e+09,-6.346148186082031373e+01,-6.501459291373173244e+01
1.002890000000000000e+09,-6.348416962028916544e+01,-6.504774008536213614e+01
1.002895000000000000e+09,-6.350678045740379218e+01,-6.508086181057302610e+01
1.002900000000000000e+09,-6.352931485731879491e+01,-6.511395885486125223e+01
1.002905000000000000e+09,-6.355177330255126833e+01,-6.514703198404512818e+01
1.002910000000000000e+09,-6.357415627303730332e+01,-6.518008196435384605e+01
1.002915000000000000e+09,-6.359646424617872640e+01,-6.521310956251372204e+01
1.002920000000000000e+09,-6.361869769689852205e+01,-6.524611554585227680e+01
1.002925000000000000e+09,-6.364085709768836097e+01,-6.527910068238176677e+01
1.002930000000000000e+09,-6.366294291865830957e+01,-6.531206574089472383e+01
1.002935000000000000e+09,-6.368495562758729989e+01,-6.534501149105746265e+01
1.002940000000000000e+09,-6.370689568997172358e+01,-6.537793870350512293e+01
1.002945000000000000e+09,-6.372876356907424622e+01,-6.541084814993223517e+01
1.002950000000000000e+09,-6.375055972597304788e+01,-6.544374060319188402e+01
1.002955000000000000e+09,-6.377228461960899608e+01,-6.547661683738655825e+01
1.002960000000000000e+09,-6.379393870683540513e+01,-6.550947762797073892e+01
1.002965000000000000e+09,-6.381552244246169181e+01,-6.554232375183561032e+01
1.002970000000000000e+09,-6.383703627930559321e+01,-6.557515598741714768e+01
1.002975000000000000e+09,-6.385848066823996305e+01,-6.560797511478972410e+01
1.002980000000000000e+09,-6.387985605823358526e+01,-6.564078191576106747e+01
1.002985000000000000e+09,-6.390116289640534575e+01,-6.567357717397416650e+01
1.002990000000000000e+09,-6.392240162806670867e+01,-6.570636167500970259e+01
1.002995000000000000e+09,-6.394357269676842748e+01,-6.573913620647748246e+01
1.003000000000000000e+09,-6.396467654434722760e+01,-6.577190155812735384e+01
1.003005000000000000e+09,-6.398571361097185672e+01,-6.580465852194534193e+01
1.003010000000000000e+09,-6.400668433518495704e+01,-6.583740789225387857e+01
1.003015000000000000e+09,-6.402758915395634176e+01,-6.587015046582445166e+01
1.003020000000000000e+09,-6.404842850272086707e+01,-6.590288704197331526e+01
1.003025000000000000e+09,-6.406920281542753060e+01,-6.593561842266946371e+01
1.003030000000000000e+09,-6.408991252458125132e+01,-6.596834541264213669e+01
1.003035000000000000e+09,-6.411055806129209600e+01,-6.600106881948643434e+01
1.003040000000000000e+09,-6.413113985531728645e+01,-6.603378945377353659e+01
1.003045000000000000e+09,-6.415165833510585003e+01,-6.606650812915701465e+01
1.003050000000000000e+09,-6.417211392784416546e+01,-6.609922566248671671e+01
1.003055000000000000e+09,-6.419250705950000224e+01,-6.613194287391813475e+01
1.003060000000000000e+09,-6.421283815486671642e+01,-6.616466058702496866e+01
1.003065000000000000e+09,-6.423310763760775899e+01,-6.619737962891416316e+01
1.003070000000000000e+09,-6.425331593030209376e+01,-6.623010083034345996e+01
1.003075000000000000e+09,-6.427346345448472675e+01,-6.626282502582924394e+01
1.003080000000000000e+09,-6.429355063069594678e+01,-6.629555305377544983e+01
1.003085000000000000e+09,-6.431357787852158481e+01,-6.632828575658534476e+01
1.003090000000000000e+09,-6.433354561664134508e+01,-6.636102398078703857e+01
1.003095000000000000e+09,-6.435345426286615123e+01,-6.639376857714799485e+01
1.003100000000000000e+09,-6.437330423418912062e+01,-6.642652040080659503e+01
1.003105000000000000e+09,-6.439309594682653426e+01,-6.645928031139520442e+01
1.003110000000000000e+09,-6.441282981626235937e+01,-6.649204917316242813e+01
1.003115000000000000e+09,-6.443250625729268677e+01,-6.652482785510672159e+01
1.003120000000000000e+09,-6.445212568407080767e+01,-6.655761723110491346e+01
1.003125000000000000e+09,-6.447168851014863833e+01,-6.659041818003993285e+01
1.003130000000000000e+09,-6.449119514852472435e+01,-6.662323158594128358e+01
1.003135000000000000e+09,-6.451064601168840795e+01,-6.665605833811414982e+01
1.003140000000000000e+09,-6.453004151166229008e+01,-6.668889933128168934e+01
1.003145000000000000e+09,-6.454938206004629819e+01,-6.672175546571847349e+01
1.003150000000000000e+09,-6.456866806806610271e+01,-6.675462764739523891e+01
1.003155000000000000e+09,-6.458789994661584899e+01,-6.678751678812417936e+01
1.003160000000000000e+09,-6.460707810630266579e+01,-6.682042380569582463e+01
1.003165000000000000e+09,-6.462620295749337629e+01,-6.685334962403614156e+01
1.003170000000000000e+09,-6.464527491035939022e+01,-6.688629517335218111e+01
1.003175000000000000e+09,-6.466429437491954957e+01,-6.691926139027729903e+01
1.003180000000000000e+09,-6.468326176109201242e+01,-6.695224921803902873e+01
1.003185000000000000e+09,-6.470217747873465441e+01,-6.698525960660390410e+01
1.003190000000000000e+09,-6.472104193769158087e+01,-6.701829351283808478e+01
1.003195000000000000e+09,-6.473985554784266583e+01,-6.705135190067665008e+01
1.003200000000000000e+09,-6.475861871914756307e+01,-6.708443574127771569e+01
1.003205000000000000e+09,-6.477733186169479040e+01,-6.711754601319663038e+01
1.003210000000000000e+09,-6.479599538574420592e+01,-6.715068370254881813e+01
1.003215000000000000e+09,-6.481460970177946024e+01,-6.718384980318829491e+01
1.003220000000000000e+09,-6.483317522055307336e+01,-6.721704531687964845e+01
1.003225000000000000e+09,-6.485169235313414049e+01,-6.725027125347421020e+01
1.003230000000000000e+09,-6.487016151095772898e+01,-6.728352863109509485e+01
1.003235000000000000e+09,-6.488858310587309575e+01,-6.731681847632073357e+01
1.003240000000000000e+09,-6.490695755018973045e+01,-6.735014182436664498e+01
1.003245000000000000e+09,-6.492528525673090201e+01,-6.738349971928441562e+01
1.003250000000000000e+09,-6.494356663888251546e+01,-6.741689321415088898e+01
1.003255000000000000e+09,-6.496180211063804677e+01,-6.745032337126467326e+01
1.003260000000000000e+09,-6.497999208665481774e+01,-6.748379126234860337e+01
1.003265000000000000e+09,-6.499813698230195769e+01,-6.751729796875757472e+01
1.003270000000000000e+09,-6.501623721371147724e+01,-6.755084458168084893e+01
1.003275000000000000e+09,-6.503429319782992479e+01,-6.758443220235571403e+01
1.003280000000000000e+09,-6.505230535247062562e+01,-6.761806194228779532e+01
1.003285000000000000e+09,-6.507027409636675941e+01,-6.765173492346713147e+01
1.003290000000000000e+09,-6.508819984922075719e+01,-6.768545227859131330e+01
1.003295000000000000e+09,-6.510608303176350375e+01,-6.771921515129815816e+01
1.003300000000000000e+09,-6.512392406580376303e+01,-6.775302469639555625e+01
1.003305000000000000e+09,-6.514172337428217929e+01,-6.778688208009752714e+01
1.003310000000000000e+09,-6.515948138132965539e+01,-6.782078848027035178e+01
1.003315000000000000e+09,-6.517719851232013184e+01,-6.785474508667431337e+01
1.003320000000000000e+09,-6.519487519392774288e+01,-6.788875310122067219e+01
1.003325000000000000e+09,-6.521251185418249463e+01,-6.792281373822015667e+01
1.003330000000000000e+09,-6.523010892252821691e+01,-6.795692822465106531e+01
1.003335000000000000e+09,-6.524766682988045829e+01,-6.799109780042653028e+01
1.003340000000000000e+09,-6.526518600868394060e+01,-6.802532371865804350e+01
1.003345000000000000e+09,-6.528266689297308289e+01,-6.805960724594213218e+01
1.003350000000000000e+09,-6.530010991843121815e+01,-6.809394966264218851e+01
1.003355000000000000e+09,-6.531751552244946879e+01,-6.812835226317008619e+01
1.003360000000000000e+09,-6.533488414419102241e+01,-6.816281635629084690e+01
1.003365000000000000e+09,-6.535221622465100211e+01,-6.819734326542022984e+01
1.003370000000000000e+09,-6.536951220671912210e+01,-6.823193432892756505e+01
1.003375000000000000e+09,-6.538677253524410560e+01,-6.826659090045737344e+01
1.003380000000000000e+09,-6.540399765709720725e+01,-6.830131434924513201e+01
1.003385000000000000e+09,-6.542118802123762578e+01,-6.833610606044672409e+01
1.003390000000000000e+09,-6.543834407877790227e+01,-6.837096743547023436e+01
1.003395000000000000e+09,-6.545546628305147863e+01,-6.840589989232178425e+01
1.003400000000000000e+09,-6.547255508968038384e+01,-6.844090486595209200e+01
1.003405000000000000e+09,-6.548961095664122922e+01,-6.847598380861262513e+01
1.003410000000000000e+09,-6.550663434433874954e+01,-6.851113819022242524e+01
1.003415000000000000e+09,-6.552362571567498151e+01,-6.854636949874038976e+01
1.003420000000000000e+09,-6.554058553611704951e+01,-6.858167924054365017e+01
1.003425000000000000e+09,-6.555751427377481377e+01,-6.861706894082027475e+01
1.003430000000000000e+09,-6.557441239947168299e+01,-6.865254014396697357e+01
1.003435000000000000e+09,-6.559128038681853923e+01,-6.868809441399237414e+01
1.003440000000000000e+09,-6.560811871229121550e+01,-6.872373333494064696e+01
1.003445000000000000e+09,-6.562492785530575645e+01,-6.875945851131307052e+01
1.003450000000000000e+09,-6.564170829829751597e+01,-6.879527156850387826e+01
1.003455000000000000e+09,-6.565846052679796685e+01,-6.883117415324582566e+01
1.003460000000000000e+09,-6.567518502951790538e+01,-6.886716793406937143e+01
1.003465000000000000e+09,-6.569188229842713156e+01,-6.890325460176956085e+01
1.003470000000000000e+09,-6.570855282883611892e+01,-6.893943586987793992e+01
1.003475000000000000e+09,-6.572519711948270071e+01,-6.897571347516007734e+01
1.003480000000000000e+09,-6.574181567261636872e+01,-6.901208917811439392e+01
1.003485000000000000e+09,-6.575840899408342466e+01,-6.904856476347799799e+01
1.003490000000000000e+09,-6.577497759341709127e+01,-6.908514204076242038e+01
1.003495000000000000e+09,-6.579152198392672801e+01,-6.912182284478647887e+01
1.003500000000000000e+09,-6.580804268278721736e+01,-6.915860903622387923e+01
1.003505000000000000e+09,-6.582454021113385068e+01,-6.919550250217561427e+01
1.003510000000000000e+09,-6.584101509415441456e+01,-6.923250515674106964e+01
1.003515000000000000e+09,-6.585746786118656360e+01,-6.926961894161756561e+01
1.003520000000000000e+09,-6.587389904581240785e+01,-6.930684582669964300e+01
1.003525000000000000e+09,-6.589030918596006359e+01,-6.934418781070723981e+01
1.003530000000000000e+09,-6.590669882400460722e+01,-6.938164692182519389e+01
1.003535000000000000e+09,-6.592306850686651387e+01,-6.941922521835019211e+01
1.003540000000000000e+09,-6.593941878612029939e+01,-6.945692478936939551e+01
1.003545000000000000e+09,-6.595575021809823113e+01,-6.949474775544635463e+01
1.003550000000000000e+09,-6.597206336399770521e+01,-6.953269626931965774e+01
1.003555000000000000e+09,-6.598835878999329907e+01,-6.957077251663903894e+01
1.003560000000000000e+09,-6.600463706734589664e+01,-6.960897871669628501e+01
1.003565000000000000e+09,-6.602089877251908945e+01,-6.964731712319684220e+01
1.003570000000000000e+09,-6.603714448729101605e+01,-6.968579002503156516e+01
1.003575000000000000e+09,-6.605337479887838015e+01,-6.972439974708842669e+01
1.003580000000000000e+09,-6.606959030005123168e+01,-6.976314865107045193e+01
1.003585000000000000e+09,-6.608579158925705599e+01,-6.980203913634169055e+01
1.003590000000000000e+09,-6.610197927074689517e+01,-6.984107364079763158e+01
1.003595000000000000e+09,-6.611815395470087253e+01,-6.988025464175652246e+01
1.003600000000000000e+09,-6.613431625735793773e+01,-6.991958465687064006e+01
1.003605000000000000e+09,-6.615046680114845401e+01,-6.995906624507188099e+01
1.003610000000000000e+09,-6.616660621482847660e+01,-6.999870200753764493e+01
1.003615000000000000e+09,-6.618273513361441474e+01,-7.003849458867507849e+01
1.003620000000000000e+09,-6.619885419932788295e+01,-7.007844667715413323e+01
1.003625000000000000e+09,-6.621496406053380213e+01,-7.011856100694637917e+01
1.003630000000000000e+09,-6.623106537268772342e+01,-7.015884035840733191e+01
1.003635000000000000e+09,-6.624715879828201537e+01,-7.019928755937702647e+01
1.003640000000000000e+09,-6.626324500699978159e+01,-7.023990548633024389e+01
1.003645000000000000e+09,-6.627932467586845178e+01,-7.028069706554057916e+01
1.003650000000000000e+09,-6.629539848941385571e+01,-7.032166527428262270e+01
1.003655000000000000e+09,-6.631146713982487029e+01,-7.036281314207953130e+01
1.003660000000000000e+09,-6.632753132711540900e+01,-7.040414375197244112e+01
1.003665000000000000e+09,-6.634359175929047581e+01,-7.044566024183127695e+01
1.003670000000000000e+09,-6.635964915251844332e+01,-7.048736580570896137e+01
1.003675000000000000e+09,-6.637570423130475206e+01,-7.052926369522829475e+01
1.003680000000000000e+09,-6.639175772866786929e+01,-7.057135722101259034e+01
1.003685000000000000e+09,-6.640781038632287903e+01,-7.061364975416020684e+01
1.003690000000000000e+09,-6.642386295486660686e+01,-7.065614472775916965e+01
1.003695000000000000e+09,-6.643991619396595638e+01,-7.069884563845397452e+01
1.003700000000000000e+09,-6.645597087254959945e+01,-7.074175604804550233e+01
1.003705000000000000e+09,-6.647202776900866183e+01,-7.078487958515887613e+01
1.003710000000000000e+09,-6.648808767139621523e+01,-7.082821994694840839e+01
1.003715000000000000e+09,-6.650415137763317830e+01,-7.087178090085375004e+01
1.003720000000000000e+09,-6.652021969571929105e+01,-7.091556628642129567e+01
1.003725000000000000e+09,-6.653629344394869349e+01,-7.095958001717453101e+01
1.003730000000000000e+09,-6.655237345112672642e+01,-7.100382608253596572e+01
1.003735000000000000e+09,-6.656846055679919516e+01,-7.104830854982681387e+01
1.003740000000000000e+09,-6.658455561147755475e+01,-7.109303156631385434e+01
1.003745000000000000e+09,-6.660065947687706966e+01,-7.113799936132851087e+01
1.003750000000000000e+09,-6.661677302615231611e+01,-7.118321624844737983e+01
1.003755000000000000e+09,-6.663289714414766252e+01,-7.122868662775468351e+01
1.003760000000000000e+09,-6.664903272764480846e+01,-7.127441498816440912e+01
1.003765000000000000e+09,-6.666518068561933319e+01,-7.132040590982087735e+01
1.003770000000000000e+09,-6.668134193950506017e+01,-7.136666406658835626e+01
1.003775000000000000e+09,-6.669751742346049639e+01,-7.141319422860333077e+01
1.003780000000000000e+09,-6.671370808464439506e+01,-7.146000126492833715e+01
1.003785000000000000e+09,-6.672991488349653366e+01,-7.150709014628333193e+01
1.003790000000000000e+09,-6.674613879402599537e+01,-7.155446594787494519e+01
1.003795000000000000e+09,-6.676238080410260523e+01,-7.160213385231061523e+01
1.003800000000000000e+09,-6.677864191576182407e+01,-7.165009915262376694e+01
1.003805000000000000e+09,-6.679492314551060872e+01,-7.169836725539366284e+01
1.003810000000000000e+09,-6.681122552464414355e+01,-7.174694368397565825e+01
1.003815000000000000e+09,-6.682755009956666470e+01,-7.179583408183108872e+01
1.003820000000000000e+09,-6.684389793212514519e+01,-7.184504421599520185e+01
1.003825000000000000e+09,-6.686027009994647585e+01,-7.189457998064386857e+01
1.003830000000000000e+09,-6.687666769678419598e+01,-7.194444740079140388e+01
1.003835000000000000e+09,-6.689309183287443261e+01,-7.199465263612692922e+01
1.003840000000000000e+09,-6.690954363530070736e+01,-7.204520198497810668e+01
1.003845000000000000e+09,-6.692602424836337605e+01,-7.209610188840943579e+01
1.003850000000000000e+09,-6.694253483396600757e+01,-7.214735893448894899e+01
1.003855000000000000e+09,-6.695907657200558560e+01,-7.219897986268848911e+01
1.003860000000000000e+09,-6.697565066077089568e+01,-7.225097156844614688e+01
1.003865000000000000e+09,-6.699225831735813586e+01,-7.230334110790987268e+01
1.003870000000000000e+09,-6.700890077808915635e+01,-7.235609570283774872e+01
1.003875000000000000e+09,-6.702557929894651068e+01,-7.240924274569091779e+01
1.003880000000000000e+09,-6.704229515601232947e+01,-7.246278980490552613e+01
1.003885000000000000e+09,-6.705904964592741635e+01,-7.251674463037441853e+01
1.003890000000000000e+09,-6.707584408635484863e+01,-7.257111515912812649e+01
1.003895000000000000e+09,-6.709267981645710677e+01,-7.262590952122542376e+01
1.003900000000000000e+09,-6.710955819738775574e+01,-7.268113604587780685e+01
1.003905000000000000e+09,-6.712648061279453771e+01,-7.273680326781320105e+01
1.003910000000000000e+09,-6.714344846933356337e+01,-7.279291993386091519e+01
1.003915000000000000e+09,-6.716046319720052793e+01,-7.284949500982337156e+01
1.003920000000000000e+09,-6.717752625067318206e+01,-7.290653768759646880e+01
1.003925000000000000e+09,-6.719463910867034429e+01,-7.296405739257455991e+01
1.003930000000000000e+09,-6.721180327532123044e+01,-7.302206379134801750e+01
1.003935000000000000e+09,-6.722902028055619894e+01,-7.308056679971016933e+01
1.003940000000000000e+09,-6.724629168071007257e+01,-7.313957659098616659e+01
1.003945000000000000e+09,-6.726361905913881856e+01,-7.319910360468472277e+01
1.003950000000000000e+09,-6.728100402685819859e+01,-7.325915855551842526e+01
1.003955000000000000e+09,-6.729844822319860498e+01,-7.331975244278640957e+01
1.003960000000000000e+09,-6.731595331647157820e+01,-7.338089656012778050e+01
1.003965000000000000e+09,-6.733352100466548507e+01,-7.344260250570496851e+01
1.003970000000000000e+09,-6.735115301614902705e+01,-7.350488219278594215e+01
1.003975000000000000e+09,-6.736885111040214724e+01,-7.356774786077981787e+01
1.003980000000000000e+09,-6.738661707876495655e+01,-7.363121208674316165e+01
1.003985000000000000e+09,-6.740445274520409669e+01,-7.369528779735594526e+01
1.003990000000000000e+09,-6.742235996710738277e+01,-7.375998828142967056e+01
1.003995000000000000e+09,-6.744034063609207408e+01,-7.382532720292383033e+01
1.004000000000000000e+09,-6.745839667884663982e+01,-7.389131861455906858e+01
1.004005000000000000e+09,-6.747653005798588310e+01,-7.395797697198578646e+01
1.004010000000000000e+09,-6.749474277293552404e+01,-7.402531714858567113e+01
1.004015000000000000e+09,-6.751303686084550293e+01,-7.409335445093761052e+01
1.004020000000000000e+09,-6.753141439752205599e+01,-7.416210463493412419e+01
1.004025000000000000e+09,-6.754987749839118294e+01,-7.423158392263187011e+01
1.004030000000000000e+09,-6.756842831949107619e+01,-7.430180901986081210e+01
1.004035000000000000e+09,-6.758706905849196289e+01,-7.437279713460343089e+01
1.004040000000000000e+09,-6.760580195574115692e+01,-7.444456599620599491e+01
1.004045000000000000e+09,-6.762462929535169565e+01,-7.451713387548113587e+01
1.004050000000000000e+09,-6.764355340630801550e+01,-7.459051960569287587e+01
1.004055000000000000e+09,-6.766257666361579481e+01,-7.466474260452910983e+01
1.004060000000000000e+09,-6.768170148947916687e+01,-7.473982289705597282e+01
1.004065000000000000e+09,-6.770093035451839114e+01,-7.481578113976124200e+01
1.004070000000000000e+09,-6.772026577902275335e+01,-7.489263864569170437e+01
1.004075000000000000e+09,-6.773971033423629251e+01,-7.497041741074443166e+01
1.004080000000000000e+09,-6.775926664369309549e+01,-7.504914014122718413e+01
1.004085000000000000e+09,-6.777893738458448070e+01,-7.512883028266826102e+01
1.004090000000000000e+09,-6.779872528917016439e+01,-7.520951204998189610e+01
1.004095000000000000e+09,-6.781863314623701910e+01,-7.529121045907579912e+01
1.004100000000000000e+09,-6.783866380260047890e+01,-7.537395135992186113e+01
1.004105000000000000e+09,-6.785882016465114930e+01,-7.545776147119534016e+01
1.004110000000000000e+09,-6.787910519994981939e+01,-7.554266841653148390e+01
1.004115000000000000e+09,-6.789952193888055376e+01,-7.562870076252835361e+01
1.004120000000000000e+09,-6.792007347634529424e+01,-7.571588805849658854e+01
1.004125000000000000e+09,-6.794076297351782046e+01,-7.580426087809649971e+01
1.004130000000000000e+09,-6.796159365965431221e+01,-7.589385086293101779e+01
1.004135000000000000e+09,-6.798256883396196315e+01,-7.598469076816749634e+01
1.004140000000000000e+09,-6.800369186752541850e+01,-7.607681451026742536e+01
1.004145000000000000e+09,-6.802496620529690574e+01,-7.617025721693407547e+01
1.004150000000000000e+09,-6.804639536815560064e+01,-7.626505527933289841e+01
1.004155000000000000e+09,-6.806798295502467511e+01,-7.636124640666081120e+01
1.004160000000000000e+09,-6.808973264507099543e+01,-7.645886968317793730e+01
1.004165000000000000e+09,-6.811164819996420761e+01,-7.655796562770612468e+01
1.004170000000000000e+09,-6.813373346622341842e+01,-7.665857625572334655e+01
1.004175000000000000e+09,-6.815599237763177598e+01,-7.676074514402272086e+01
1.004180000000000000e+09,-6.817842895773874545e+01,-7.686451749805245015e+01
1.004185000000000000e+09,-6.820104732244652723e+01,-7.696994022187882933e+01
1.004190000000000000e+09,-6.822385168267858546e+01,-7.707706199077207998e+01
1.004195000000000000e+09,-6.824684634714782305e+01,-7.718593332642757332e+01
1.004200000000000000e+09,-6.827003572521121555e+01,-7.729660667463474510e+01
1.004205000000000000e+09,-6.829342432982610944e+01,-7.740913648533400249e+01
1.004210000000000000e+09,-6.831701678061338612e+01,-7.752357929486956323e+01
1.004215000000000000e+09,-6.834081780701914965e+01,-7.763999381009608669e+01
1.004220000000000000e+09,-6.836483225158734456e+01,-7.775844099402716836e+01
1.004225000000000000e+09,-6.838906507335752849e+01,-7.787898415257950546e+01
1.004230000000000000e+09,-6.841352135137047696e+01,-7.800168902170538843e+01
1.004235000000000000e+09,-6.843820628830127362e+01,-7.812662385419858424e+01
1.004240000000000000e+09,-6.846312521422495934e+01,-7.825385950516361788e+01
1.004245000000000000e+09,-6.848828359051492498e+01,-7.838346951491715231e+01
1.004250000000000000e+09,-6.851368701387960414e+01,-7.851553018774390580e+01
1.004255000000000000e+09,-6.853934122054651823e+01,-7.865012066461942197e+01
1.004260000000000000e+09,-6.856525209059941517e+01,-7.878732298753772056e+01
1.004265000000000000e+09,-6.859142565247046264e+01,-7.892722215249730766e+01
1.004270000000000000e+09,-6.861786808759420353e+01,-7.906990614756577429e+01
1.004275000000000000e+09,-6.864458573524295559e+01,-7.921546597168872950e+01
1.004280000000000000e+09,-6.867158509752979967e+01,-7.936399562877741687e+01
1.004285000000000000e+09,-6.869887284460131127e+01,-7.951559209055298538e+01
1.004290000000000000e+09,-6.872645582002260767e+01,-7.967035522007526538e+01
1.004295000000000000e+09,-6.875434104636472910e+01,-7.982838764620420591e+01
1.004300000000000000e+09,-6.878253573100525387e+01,-7.998979457693243944e+01
1.004305000000000000e+09,-6.881104727213353556e+01,-8.015468353701317028e+01
1.004310000000000000e+09,-6.883988326500309540e+01,-8.032316401212790424e+01
1.004315000000000000e+09,-6.886905150840898671e+01,-8.049534697779944281e+01
1.004320000000000000e+09,-6.889856001140690012e+01,-8.067134428660241952e+01
1.004325000000000000e+09,-6.892841700030781737e+01,-8.085126788155045574e+01
1.004330000000000000e+09,-6.895863092592358612e+01,-8.103522879631866260e+01
1.004335000000000000e+09,-6.898921047109753601e+01,-8.122333589467396564e+01
1.004340000000000000e+09,-6.902016455852995591e+01,-8.141569429121304324e+01
1.004345000000000000e+09,-6.905150235890310739e+01,-8.161240338306112108e+01
1.004350000000000000e+09,-6.908323329932281354e+01,-8.181355440753470987e+01
1.004355000000000000e+09,-6.911536707208472308e+01,-8.201922742300706659e+01
1.004360000000000000e+09,-6.914791364379188110e+01,-8.222948758958835924e+01
1.004365000000000000e+09,-6.918088326482433104e+01,-8.244438060166386606e+01
1.004370000000000000e+09,-6.921428647917794308e+01,-8.266392709644820513e+01
1.004375000000000000e+09,-6.924813413469364320e+01,-8.288811583126596361e+01
1.004380000000000000e+09,-6.928243739369381160e+01,-8.311689538762637142e+01
1.004385000000000000e+09,-6.931720774401895824e+01,-8.335016412437086331e+01
1.004390000000000000e+09,-6.935245701052986078e+01,-8.358775806796276697e+01
1.004395000000000000e+09,-6.938819736703284491e+01,-8.382943639938565639e+01
1.004400000000000000e+09,-6.942444134869431593e+01,-8.407486418374104176e+01
1.004405000000000000e+09,-6.946120186494133009e+01,-8.432359200106814967e+01
1.004410000000000000e+09,-6.949849221286382317e+01,-8.457503219435649555e+01
1.004415000000000000e+09,-6.953632609114917784e+01,-8.482843157932742884e+01
1.004420000000000000e+09,-6.957471761456055503e+01,-8.508284069487757506e+01
1.004425000000000000e+09,-6.961368132898584804e+01,-8.533708005897777582e+01
1.004430000000000000e+09,-6.965323222706311412e+01,-8.558970448399477959e+01
1.004435000000000000e+09,-6.969338576441582234e+01,-8.583896735103141395e+01
1.004440000000000000e+09,-6.973415787652189124e+01,-8.608278787981772950e+01
1.004445000000000000e+09,-6.977556499621242381e+01,-8.631872584853897479e+01
1.004450000000000000e+09,-6.981762407183713037e+01,-8.654396981437039926e+01
1.004455000000000000e+09,-6.986035258612471921e+01,-8.675534640790573349e+01
1.004460000000000000e+09,-6.990376857572634606e+01,-8.694935926735905696e+01
1.004465000000000000e+09,-6.994789065147318752e+01,-8.712226597151826013e+01
1.004470000000000000e+09,-6.999273801938444706e+01,-8.727019912501079091e+01
1.004475000000000000e+09,-7.003833050239047964e+01,-8.738933287001914607e+01
1.004480000000000000e+09,-7.008468856282118509e+01,-8.747608841640195010e+01
1.004485000000000000e+09,-7.013183332564059924e+01,-8.752736259381357797e+01
1.004490000000000000e+09,-7.017978660245714195e+01,-8.754075412110393017e+01
1.004495000000000000e+09,-7.022857091626990211e+01,-8.751475640372548526e+01
1.004500000000000000e+09,-7.027820952696612267e+01,-8.744888622130127942e+01
1.004505000000000000e+09,-7.032872645755630003e+01,-8.734372600085484351e+01
1.004510000000000000e+09,-7.038014652110243219e+01,-8.720087204529720282e+01
1.004515000000000000e+09,-7.043249534831929282e+01,-8.702279804096079374e+01
1.004520000000000000e+09,-7.048579941579147601e+01,-8.681265734329619477e+01
1.004525000000000000e+09,-7.054008607475262238e+01,-8.657405509059293536e+01
1.004530000000000000e+09,-7.059538358034556893e+01,-8.631082098490094268e+01
1.004535000000000000e+09,-7.065172112123931925e+01,-8.602680719123506492e+01
1.004540000000000000e+09,-7.070912884951832211e+01,-8.572572633406791454e+01
1.004545000000000000e+09,-7.076763791067007503e+01,-8.541103509879420130e+01
1.004550000000000000e+09,-7.082728047345460709e+01,-8.508586153016450737e+01
1.004555000000000000e+09,-7.088808975950165348e+01,-8.475296953352554397e+01
1.004560000000000000e+09,-7.095010007228823667e+01,-8.441475212078432833e+01
1.004565000000000000e+09,-7.101334682520776198e+01,-8.407324489434114412e+01
1.004570000000000000e+09,-7.107786656833715710e+01,-8.373015233706745164e+01
1.004575000000000000e+09,-7.114369701343086660e+01,-8.338688102375260769e+01
1.004580000000000000e+09,-7.121087705657186007e+01,-8.304457545578151212e+01
1.004585000000000000e+09,-7.127944679786318716e+01,-8.270415361260978671e+01
1.004590000000000000e+09,-7.134944755731726218e+01,-8.236634042055725047e+01
1.004595000000000000e+09,-7.142092188608663150e+01,-8.203169815589811265e+01
1.004600000000000000e+09,-7.149391357188686413e+01,-8.170065336577620485e+01
1.004605000000000000e+09,-7.156846763737686956e+01,-8.137352025791044241e+01
1.004610000000000000e+09,-7.164463032992267699e+01,-8.105052073221985154e+01
1.004615000000000000e+09,-7.172244910100292259e+01,-8.073180134675126851e+01
1.004620000000000000e+09,-7.180197257312339332e+01,-8.041744756241283199e+01
1.004625000000000000e+09,-7.188325049175209358e+01,-8.010749562020494352e+01
1.004630000000000000e+09,-7.196633365934862070e+01,-7.980194238879215618e+01
1.004635000000000000e+09,-7.205127384808032787e+01,-7.950075349107265765e+01
1.004640000000000000e+09,-7.213812368710742362e+01,-7.920386998397725620e+01
1.004645000000000000e+09,-7.222693651971499662e+01,-7.891121382953683394e+01
1.004650000000000000e+09,-7.231776622471078042e+01,-7.862269236116034676e+01
1.004655000000000000e+09,-7.241066699540675700e+01,-7.833820191814589862e+01
1.004660000000000000e+09,-7.250569306850653106e+01,-7.805763079340921706e+01
1.004665000000000000e+09,-7.260289839376491727e+01,-7.778086161569014223e+01
1.004670000000000000e+09,-7.270233623371190390e+01,-7.750777326696518799e+01
1.004675000000000000e+09,-7.280405868088438126e+01,-7.723824241847894712e+01
1.004680000000000000e+09,-7.290811607776542758e+01,-7.697214475438551062e+01
1.004685000000000000e+09,-7.301455632229686898e+01,-7.670935593948537701e+01
1.004690000000000000e+09,-7.312342403858353634e+01,-7.644975237814105640e+01
1.004695000000000000e+09,-7.323475958924956331e+01,-7.619321180262789994e+01
1.004700000000000000e+09,-7.334859790190790818e+01,-7.593961372241545860e+01
1.004705000000000000e+09,-7.346496707768460510e+01,-7.568883976040703487e+01
1.004710000000000000e+09,-7.358388674467232704e+01,-7.544077389734486871e+01
1.004715000000000000e+09,-7.370536611341523781e+01,-7.519530264191507740e+01
1.004720000000000000e+09,-7.382940168537199099e+01,-7.495231514060631639e+01
1.004725000000000000e+09,-7.395597455807022413e+01,-7.471170323934201463e+01
1.004730000000000000e+09,-7.408504726363857174e+01,-7.447336150631731755e+01
1.004735000000000000e+09,-7.421656006976104436e+01,-7.423718722390009361e+01
1.004740000000000000e+09,-7.435042666493025365e+01,-7.400308035605570467e+01
1.004745000000000000e+09,-7.448652914348184595e+01,-7.377094349658248973e+01
1.004750000000000000e+09,-7.462471220164235319e+01,-7.354068180235061902e+01
1.004755000000000000e+09,-7.476477645475137024e+01,-7.331220291509747256e+01
1.004760000000000000e+09,-7.490647079022356536e+01,-7.308541687464285985e+01
1.004765000000000000e+09,-7.504948368365398892e+01,-7.286023602567729540e+01
1.004770000000000000e+09,-7.519343342987832557e+01,-7.263657492015978789e+01
1.004775000000000000e+09,-7.533785728247720215e+01,-7.241435021668597471e+01
1.004780000000000000e+09,-7.548219955934986558e+01,-7.219348057807196994e+01
1.004785000000000000e+09,-7.562579886615557712e+01,-7.197388656804911022e+01
1.004790000000000000e+09,-7.576787472098357057e+01,-7.175549054784482905e+01
1.004795000000000000e+09,-7.590751404018887172e+01,-7.153821657327500816e+01
1.004800000000000000e+09,-7.604365817235284908e+01,-7.132199029260654299e+01
1.004805000000000000e+09,-7.617509144473139315e+01,-7.110673884574569570e+01
1.004810000000000000e+09,-7.630043250701255886e+01,-7.089239076482228086e+01
1.004815000000000000e+09,-7.641813009691277614e+01,-7.067887587634662339e+01
1.004820000000000000e+09,-7.652646516906359864e+01,-7.046612520512702815e+01
1.004825000000000000e+09,-7.662356155457841567e+01,-7.025407087992063282e+01
1.004830000000000000e+09,-7.670740735930147025e+01,-7.004264604079853029e+01
1.004835000000000000e+09,-7.677588905043505463e+01,-6.983178474828717697e+01
1.004840000000000000e+09,-7.682683951048387883e+01,-6.962142189420967497e+01
1.004845000000000000e+09,-7.685810017487482071e+01,-6.941149311411503220e+01
1.004850000000000000e+09,-7.686759571790301493e+01,-6.920193470123182067e+01
1.004855000000000000e+09,-7.685341774403775617e+01,-6.899268352191630527e+01
1.004860000000000000e+09,-7.681391186883099920e+01,-6.878367693241546021e+01
1.004865000000000000e+09,-7.674776086529347197e+01,-6.857485269683409967e+01
1.004870000000000000e+09,-7.665405569048046175e+01,-6.836614890627092223e+01
1.004875000000000000e+09,-7.653234658614078967e+01,-6.815750389900293271e+01
1.004880000000000000e+09,-7.638266821193177236e+01,-6.794885618147188211e+01
1.004885000000000000e+09,-7.620553571463918274e+01,-6.774014435018210634e+01
1.004890000000000000e+09,-7.600191221796137597e+01,-6.753130701428116822e+01
1.004895000000000000e+09,-7.577315169774847448e+01,-6.732228271875399628e+01
1.004900000000000000e+09,-7.552092388077836915e+01,-6.711300986813022007e+01
1.004905000000000000e+09,-7.524712920822312867e+01,-6.690342665073784190e+01
1.004910000000000000e+09,-7.495381192890151567e+01,-6.669347096335710035e+01
1.004915000000000000e+09,-7.464307825735724577e+01,-6.648308033621691493e+01
1.004920000000000000e+09,-7.431702468029742192e+01,-6.627219185843358673e+01
1.004925000000000000e+09,-7.397767940213667259e+01,-6.606074210385256151e+01
1.004930000000000000e+09,-7.362695798517040657e+01,-6.584866705726496150e+01
1.004935000000000000e+09,-7.326663271112045095e+01,-6.563590204119749671e+01
1.004940000000000000e+09,-7.289831416210391524e+01,-6.542238164333360828e+01
1.004945000000000000e+09,-7.252344296737231844e+01,-6.520803964472544578e+01
1.004950000000000000e+09,-7.214328949468237795e+01,-6.499280894906068795e+01
1.004955000000000000e+09,-7.175895936528833374e+01,-6.477662151326396156e+01
1.004960000000000000e+09,-7.137140292976147293e+01,-6.455940827984241537e+01
1.004965000000000000e+09,-7.098142717025716308e+01,-6.434109911136690130e+01
1.004970000000000000e+09,-7.058970883317857670e+01,-6.412162272778120098e+01
1.004975000000000000e+09,-7.019680790657326952e+01,-6.390090664724592529e+01
1.004980000000000000e+09,-6.980318082121576140e+01,-6.367887713131285210e+01
1.004985000000000000e+09,-6.940919296811981098e+01,-6.345545913560756901e+01
1.004990000000000000e+09,-6.901513028931654503e+01,-6.323057626732009595e+01
1.004995000000000000e+09,-6.862120981971771982e+01,-6.300415075095387607e+01
1.005000000000000000e+09,-6.822758914419947018e+01,-6.277610340438074843e+01
1.005005000000000000e+09,-6.783437479146671478e+01,-6.254635362734592974e+01
1.005010000000000000e+09,-6.744162962341532364e+01,-6.231481940512067297e+01
1.005015000000000000e+09,-6.704937930051445960e+01,-6.208141733067606793e+01
1.005020000000000000e+09,-6.665761791395931368e+01,-6.184606264903504069e+01
1.005025000000000000e+09,-6.626631287959975225e+01,-6.160866932864556844e+01
1.005030000000000000e+09,-6.587540918667501444e+01,-6.136915016503807152e+01
1.005035000000000000e+09,-6.548483309122488549e+01,-6.112741692355122325e+01
1.005040000000000000e+09,-6.509449533808428612e+01,-6.088338052881791640e+01
1.005045000000000000e+09,-6.470429398969167778e+01,-6.063695131030416974e+01
1.005050000000000000e+09,-6.431411693444613320e+01,-6.038803931510078371e+01
1.005055000000000000e+09,-6.392384414195628750e+01,-6.013655470111242352e+01
1.005060000000000000e+09,-6.353334972815994064e+01,-5.988240822622971393e+01
1.005065000000000000e+09,-6.314250389066172886e+01,-5.962551185239482976e+01
1.005070000000000000e+09,-6.275117477177858660e+01,-5.936577948647992997e+01
1.005075000000000000e+09,-6.235923030660701016e+01,-5.910312788441534337e+01
1.005080000000000000e+09,-6.196654011361979997e+01,-5.883747774965145538e+01
1.005085000000000000e+09,-6.157297748746277222e+01,-5.856875506290173661e+01
1.005090000000000000e+09,-6.117842155661838888e+01,-5.829689268651008405e+01
1.005095000000000000e+09,-6.078275967385418710e+01,-5.802183229471480530e+01
1.005100000000000000e+09,-6.038589011343077573e+01,-5.774352668970458069e+01
1.005105000000000000e+09,-5.998772515728823862e+01,-5.746194257356107471e+01
1.005110000000000000e+09,-5.958819466114037766e+01,-5.717706385689997006e+01
1.005115000000000000e+09,-5.918725020301863537e+01,-5.688889559785580019e+01
1.005120000000000000e+09,-5.878486992766134733e+01,-5.659746867746366661e+01
1.005125000000000000e+09,-5.838106421230200738e+01,-5.630284533068626729e+01
1.005130000000000000e+09,-5.797588229099019230e+01,-5.600512566479969223e+01
1.005135000000000000e+09,-5.756941998345095612e+01,-5.570445530659392119e+01
1.005140000000000000e+09,-5.716182867909923004e+01,-5.540103432511389769e+01
1.005145000000000000e+09,-5.675332572303392453e+01,-5.509512757352032963e+01
1.005150000000000000e+09,-5.634420633478345053e+01,-5.478707657795376917e+01
1.005155000000000000e+09,-5.593485715362500343e+01,-5.447731306490158687e+01
1.005160000000000000e+09,-5.552577143917153535e+01,-5.416637415376047926e+01
1.005165000000000000e+09,-5.511756585050217438e+01,-5.385491913611454606e+01
1.005170000000000000e+09,-5.471099856700489283e+01,-5.354374760346182427e+01
1.005175000000000000e+09,-5.430698828440291948e+01,-5.323381845568444248e+01
1.005180000000000000e+09,-5.390663330598621883e+01,-5.292626900918331501e+01
1.005185000000000000e+09,-5.351122954000933873e+01,-5.262243301479972502e+01
1.005190000000000000e+09,-5.312228571196988014e+01,-5.232385589353008726e+01
1.005195000000000000e+09,-5.274153352702113295e+01,-5.203230492460504308e+01
1.005200000000000000e+09,-5.237092992770463695e+01,-5.174977153066105728e+01
1.005205000000000000e+09,-5.201264809054519844e+01,-5.147846230303861148e+01
1.005210000000000000e+09,-5.166905354884541168e+01,-5.122077515417786486e+01
1.005215000000000000e+09,-5.134266203032568399e+01,-5.097925718541448248e+01
1.005220000000000000e+09,-5.103607648987060941e+01,-5.075654175003433011e+01
1.005225000000000000e+09,-5.075190258930327047e+01,-5.055526396331931238e+01
1.005230000000000000e+09,-5.049264458007611722e+01,-5.037795661506322631e+01
1.005235000000000000e+09,-5.026058697275237819e+01,-5.022693186828490042e+01
1.005240000000000000e+09,-5.005767099669589726e+01,-5.010415774734535432e+01
1.005245000000000000e+09,-4.988537782408359078e+01,-5.001114138947046683e+01
1.005250000000000000e+09,-4.974463189703904931e+01,-4.994883239852627810e+01
1.005255000000000000e+09,-4.963573670300654328e+01,-4.991755864624800410e+01
1.005260000000000000e+09,-4.955835179472946095e+01,-4.991700331745096975e+01
1.005265000000000000e+09,-4.951151430924403485e+01,-4.994622645381541304e+01
1.005270000000000000e+09,-4.949370192893356091e+01,-5.000372793943348881e+01
1.005275000000000000e+09,-4.950292863955938572e+01,-5.008754328311318460e+01
1.005280000000000000e+09,-4.953686101505381600e+01,-5.019535992714118322e+01
1.005285000000000000e+09,-4.959294168264725045e+01,-5.032464073603686927e+01
1.005290000000000000e+09,-4.966850792103903700e+01,-5.047274261784242100e+01
1.005295000000000000e+09,-4.976089627847034791e+01,-5.063702116465195502e+01
1.005300000000000000e+09,-4.986752771017557961e+01,-5.081491581174545757e+01
1.005305000000000000e+09,-4.998597117982768623e+01,-5.100401345991141255e+01
1.005310000000000000e+09,-5.011398640045575803e+01,-5.120209123633522097e+01
1.005315000000000000e+09,-5.024954819293091646e+01,-5.140714087221161321e+01
1.005320000000000000e+09,-5.039085585698339287e+01,-5.161737809203590643e+01
1.005325000000000000e+09,-5.053633116959314719e+01,-5.183124062951697653e+01
1.005330000000000000e+09,-5.068460838071644758e+01,-5.204737824005478330e+01
1.005335000000000000e+09,-5.083451907951229742e+01,-5.226463758303139429e+01
1.005340000000000000e+09,-5.098507421574556986e+01,-5.248204425866131118e+01
1.005345000000000000e+09,-5.113544498554220752e+01,-5.269878370856236671e+01
1.005350000000000000e+09,-5.128494378596841585e+01,-5.291418218458565548e+01
1.005355000000000000e+09,-5.143300603128877668e+01,-5.312768857879946438e+01
1.005360000000000000e+09,-5.157917330702254333e+01,-5.333885759074859578e+01
1.005365000000000000e+09,-5.172307810617887469e+01,-5.354733447638624000e+01
1.005370000000000000e+09,-5.186443023052162005e+01,-5.375284146159106058e+01
1.005375000000000000e+09,-5.200300483269715812e+01,-5.395516579607925678e+01
1.005380000000000000e+09,-5.213863200913878870e+01,-5.415414935765694793e+01
1.005385000000000000e+09,-5.227118781690833060e+01,-5.434967967999530458e+01
1.005390000000000000e+09,-5.240058657099710615e+01,-5.454168226046497381e+01
1.005395000000000000e+09,-5.252677427528632137e+01,-5.473011400123503023e+01
1.005400000000000000e+09,-5.264972304541302606e+01,-5.491495764190687368e+01
1.005405000000000000e+09,-5.276942639155214465e+01,-5.509621705170950889e+01
1.005410000000000000e+09,-5.288589524137263709e+01,-5.527391326151441575e+01
1.005415000000000000e+09,-5.299915459649999150e+01,-5.544808112902796182e+01
1.005420000000000000e+09,-5.310924072877228497e+01,-5.561876654346767879e+01
1.005425000000000000e+09,-5.321619883473669432e+01,-5.578602408815392977e+01
1.005430000000000000e+09,-5.332008107811518727e+01,-5.594991509078653991e+01
1.005435000000000000e+09,-5.342094495993546133e+01,-5.611050600110598197e+01
1.005440000000000000e+09,-5.351885196485751806e+01,-5.626786704447195575e+01
1.005445000000000000e+09,-5.361386643997299473e+01,-5.642207110765279765e+01
1.005450000000000000e+09,-5.370605466901156433e+01,-5.657319281977204639e+01
1.005455000000000000e+09,-5.379548411061848157e+01,-5.672130779709590342e+01
1.005460000000000000e+09,-5.388222277417756345e+01,-5.686649202511586054e+01
1.005465000000000000e+09,-5.396633871093872870e+01,-5.700882135572537379e+01
1.005470000000000000e+09,-5.404789960162349871e+01,-5.714837110066727632e+01
1.005475000000000000e+09,-5.412697242468941283e+01,-5.728521570542425678e+01
1.005480000000000000e+09,-5.420362319195292855e+01,-5.741942849026919760e+01
1.005485000000000000e+09,-5.427791674043923109e+01,-5.755108144737354792e+01
1.005490000000000000e+09,-5.434991657099025986e+01,-5.768024508447520304e+01
1.005495000000000000e+09,-5.441968472578193428e+01,-5.780698830728628224e+01
1.005500000000000000e+09,-5.448728169811410993e+01,-5.793137833400840009e+01
1.005505000000000000e+09,-5.455276636891839814e+01,-5.805348063641378786e+01
1.005510000000000000e+09,-5.461619596527417286e+01,-5.817335890276942223e+01
1.005515000000000000e+09,-5.467762603703968693e+01,-5.829107501872753971e+01
1.005520000000000000e+09,-5.473711044832665351e+01,-5.840668906293895901e+01
1.005525000000000000e+09,-5.479470138100742815e+01,-5.852025931454340935e+01
1.005530000000000000e+09,-5.485044934798760607e+01,-5.863184227029378093e+01
1.005535000000000000e+09,-5.490440321430241966e+01,-5.874149266939870273e+01
1.005540000000000000e+09,-5.495661022440643251e+01,-5.884926352442192865e+01
1.005545000000000000e+09,-5.500711603430908525e+01,-5.895520615691498989e+01
1.005550000000000000e+09,-5.505596474744186253e+01,-5.905937023667541297e+01
1.005555000000000000e+09,-5.510319895330923856e+01,-5.916180382368188617e+01
1.005560000000000000e+09,-5.514885976814227320e+01,-5.926255341192873516e+01
1.005565000000000000e+09,-5.519298687691455996e+01,-5.936166397451887633e+01
1.005570000000000000e+09,-5.523561857618564375e+01,-5.945917900950431090e+01
1.005575000000000000e+09,-5.527679181735258851e+01,-5.955514058603559135e+01
1.005580000000000000e+09,-5.531654224991161328e+01,-5.964958939042816866e+01
1.005585000000000000e+09,-5.535490426448081536e+01,-5.974256477192252390e+01
1.005590000000000000e+09,-5.539191103533484295e+01,-5.983410478786771591e+01
1.005595000000000000e+09,-5.542759456224413128e+01,-5.992424624812542078e+01
1.005600000000000000e+09,-5.546198571151631285e+01,-6.001302475862016195e+01
1.005605000000000000e+09,-5.549511425607549597e+01,-6.010047476384070109e+01
1.005610000000000000e+09,-5.552700891453066845e+01,-6.018662958826592302e+01
1.005615000000000000e+09,-5.555769738914926847e+01,-6.027152147664420312e+01
1.005620000000000000e+09,-5.558720640270088609e+01,-6.035518163305881956e+01
1.005625000000000000e+09,-5.561556173413619319e+01,-6.043764025878498103e+01
1.005630000000000000e+09,-5.564278825308981880e+01,-6.051892658890110255e+01
1.005635000000000000e+09,-5.566890995320783020e+01,-6.059906892768592002e+01
1.005640000000000000e+09,-5.569394998427830501e+01,-6.067809468274680995e+01
1.005645000000000000e+09,-5.571793068322358522e+01,-6.075603039796667559e+01
1.005650000000000000e+09,-5.574087360391978052e+01,-6.083290178523653680e+01
1.005655000000000000e+09,-5.576279954589593046e+01,-6.090873375500777342e+01
1.005660000000000000e+09,-5.578372858193206696e+01,-6.098355044570688221e+01
1.005665000000000000e+09,-5.580368008457864448e+01,-6.105737525202598448e+01
1.005670000000000000e+09,-5.582267275163169273e+01,-6.113023085212929431e+01
1.005675000000000000e+09,-5.584072463058834046e+01,-6.120213923379657217e+01
1.005680000000000000e+09,-5.585785314212606778e+01,-6.127312171955107800e+01
1.005685000000000000e+09,-5.587407510262593036e+01,-6.134319899081138772e+01
1.005690000000000000e+09,-5.588940674578210377e+01,-6.141239111107107362e+01
1.005695000000000000e+09,-5.590386374332288710e+01,-6.148071754816697165e+01
1.005700000000000000e+09,-5.591746122488237347e+01,-6.154819719567679925e+01
1.005705000000000000e+09,-5.593021379705092500e+01,-6.161484839345006748e+01
1.005710000000000000e+09,-5.594213556163030887e+01,-6.168068894731603535e+01
1.005715000000000000e+09,-5.595324013314501599e+01,-6.174573614803308175e+01
1.005720000000000000e+09,-5.596354065561178714e+01,-6.181000678945839866e+01
1.005725000000000000e+09,-5.597304981861798012e+01,-6.187351718599807526e+01
1.005730000000000000e+09,-5.598177987271938605e+01,-6.193628318937025767e+01
1.005735000000000000e+09,-5.598974264421172364e+01,-6.199832020470057614e+01
1.005740000000000000e+09,-5.599694954926774670e+01,-6.205964320597295369e+01
1.005745000000000000e+09,-5.600341160749312763e+01,-6.212026675086877958e+01
1.005750000000000000e+09,-5.600913945491232937e+01,-6.218020499503289500e+01
1.005755000000000000e+09,-5.601414335640698994e+01,-6.223947170576199284e+01
1.005760000000000000e+09,-5.601843321764539496e+01,-6.229808027516003932e+01
1.005765000000000000e+09,-5.602201859649720461e+01,-6.235604373278361834e+01
1.005770000000000000e+09,-5.602490871398278216e+01,-6.241337475779033639e+01
1.005775000000000000e+09,-5.602711246475543305e+01,-6.247008569060838568e+01
1.005780000000000000e+09,-5.602863842715082399e+01,-6.252618854416660099e+01
1.005785000000000000e+09,-5.602949487281208718e+01,-6.258169501468433538e+01
1.005790000000000000e+09,-5.602968977591203981e+01,-6.263661649203801574e+01
1.005795000000000000e+09,-5.602923082198835658e+01,-6.269096406975019420e+01
1.005800000000000000e+09,-5.602812541640498978e+01,-6.274474855457923894e+01
1.005805000000000000e+09,-5.602638069246606278e+01,-6.279798047575594921e+01
1.005810000000000000e+09,-5.602400351918248589e+01,-6.285067009386409609e+01
1.005815000000000000e+09,-5.602100050870775760e+01,-6.290282740939271378e+01
1.005820000000000000e+09,-5.601737802347017237e+01,-6.295446217096966279e+01
1.005825000000000000e+09,-5.601314218299103231e+01,-6.300558388327179671e+01
1.005830000000000000e+09,-5.600829887042703348e+01,-6.305620181467077145e+01
1.005835000000000000e+09,-5.600285373882012152e+01,-6.310632500456642902e+01
1.005840000000000000e+09,-5.599681221709451506e+01,-6.315596227046661681e+01
1.005845000000000000e+09,-5.599017951578200325e+01,-6.320512221481401127e+01
1.005850000000000000e+09,-5.598296063251424215e+01,-6.325381323154464042e+01
1.005855000000000000e+09,-5.597516035726996364e+01,-6.330204351243219207e+01
1.005860000000000000e+09,-5.596678327739483905e+01,-6.334982105317789092e+01
1.005865000000000000e+09,-5.595783378240093242e+01,-6.339715365931134983e+01
1.005870000000000000e+09,-5.594831606855581896e+01,-6.344404895185653714e+01
1.005875000000000000e+09,-5.593823414326604393e+01,-6.349051437280758137e+01
1.005880000000000000e+09,-5.592759182926688055e+01,-6.353655719041613281e+01
1.005885000000000000e+09,-5.591639276861596386e+01,-6.358218450427796142e+01
1.005890000000000000e+09,-5.590464042650963705e+01,-6.362740325025596633e+01
1.005895000000000000e+09,-5.589233809492030502e+01,-6.367222020522817871e+01
1.005900000000000000e+09,-5.587948889606155944e+01,-6.371664199167106801e+01
1.005905000000000000e+09,-5.586609578568969425e+01,-6.376067508207484735e+01
1.005910000000000000e+09,-5.585216155624372192e+01,-6.380432580323392955e+01
1.005915000000000000e+09,-5.583768883983226061e+01,-6.384760034036312248e+01
1.005920000000000000e+09,-5.582268011106329908e+01,-6.389050474109127009e+01
1.005925000000000000e+09,-5.580713768974527511e+01,-6.393304491931025524e+01
1.005930000000000000e+09,-5.579106374342624974e+01,-6.397522665890988947e+01
1.005935000000000000e+09,-5.577446028980975967e+01,-6.401705561737384187e+01
1.005940000000000000e+09,-5.575732919902936402e+01,-6.405853732925466204e+01
1.005945000000000000e+09,-5.573967219580175936e+01,-6.409967720955501136e+01
1.005950000000000000e+09,-5.572149086144379027e+01,-6.414048055697412565e+01
1.005955000000000000e+09,-5.570278663577663281e+01,-6.418095255705881641e+01
1.005960000000000000e+09,-5.568356081889862708e+01,-6.422109828525472608e+01
1.005965000000000000e+09,-5.566381457284479239e+01,-6.426092270985651567e+01
1.005970000000000000e+09,-5.564354892314334933e+01,-6.430043069485664375e+01
1.005975000000000000e+09,-5.562276476023785676e+01,-6.433962700271581525e+01
1.005980000000000000e+09,-5.560146284081661605e+01,-6.437851629703584422e+01
1.005985000000000000e+09,-5.557964378902671143e+01,-6.441710314515079006e+01
1.005990000000000000e+09,-5.555730809758276223e+01,-6.445539202063511652e+01
1.005995000000000000e+09,-5.553445612877212767e+01,-6.449338730573643375e+01
1.006000000000000000e+09,-5.551108811535624454e+01,-6.453109329373273795e+01
1.006005000000000000e+09,-5.548720416137658162e+01,-6.456851419120941671e+01
1.006010000000000000e+09,-5.546280424284169186e+01,-6.460565412027523280e+01
1.006015000000000000e+09,-5.543788820834217290e+01,-6.464251712070765166e+01
1.006020000000000000e+09,-5.541245577955088208e+01,-6.467910715202532401e+01
1.006025000000000000e+09,-5.538650655162355463e+01,-6.471542809550977893e+01
1.006030000000000000e+09,-5.536003999351541438e+01,-6.475148375615856366e+01
1.006035000000000000e+09,-5.533305544818566801e+01,-6.478727786458004800e+01
1.006040000000000000e+09,-5.530555213273107285e+01,-6.482281407883124302e+01
1.006045000000000000e+09,-5.527752913839429993e+01,-6.485809598620582506e+01
1.006050000000000000e+09,-5.524898543050021971e+01,-6.489312710496621150e+01
1.006055000000000000e+09,-5.521991984828494537e+01,-6.492791088601700267e+01
1.006060000000000000e+09,-5.519033110463684721e+01,-6.496245071454671915e+01
1.006065000000000000e+09,-5.516021778573480816e+01,-6.499674991160435411e+01
1.006070000000000000e+09,-5.512957835060137768e+01,-6.503081173563741402e+01
1.006075000000000000e+09,-5.509841113054576311e+01,-6.506463938399051017e+01
1.006080000000000000e+09,-5.506671432851309334e+01,-6.509823599435178210e+01
1.006085000000000000e+09,-5.503448601835388132e+01,-6.513160464615951639e+01
1.006090000000000000e+09,-5.500172414396426745e+01,-6.516474836197886589e+01
1.006095000000000000e+09,-5.496842651834755600e+01,-6.519767010882448233e+01
1.006100000000000000e+09,-5.493459082256723036e+01,-6.523037279945769740e+01
1.006105000000000000e+09,-5.490021460459590230e+01,-6.526285929363776006e+01
1.006110000000000000e+09,-5.486529527806303008e+01,-6.529513239935050706e+01
1.006115000000000000e+09,-5.482983012089087538e+01,-6.532719487399108971e+01
1.006120000000000000e+09,-5.479381627383364162e+01,-6.535904942551546526e+01
1.006125000000000000e+09,-5.475725073888105499e+01,-6.539069871357096986e+01
1.006130000000000000e+09,-5.472013037758116383e+01,-6.542214535058516844e+01
1.006135000000000000e+09,-5.468245190922776544e+01,-6.545339190281988806e+01
1.006140000000000000e+09,-5.464421190892819880e+01,-6.548444089141891311e+01
1.006145000000000000e+09,-5.460540680556042048e+01,-6.551529479340494788e+01
1.006150000000000000e+09,-5.456603287959885051e+01,-6.554595604265671227e+01
1.006155000000000000e+09,-5.452608626081492105e+01,-6.557642703086474967e+01
1.006160000000000000e+09,-5.448556292584653704e+01,-6.560671010845949525e+01
1.006165000000000000e+09,-5.444445869563108431e+01,-6.563680758551134886e+01
1.006170000000000000e+09,-5.440276923269890830e+01,-6.566672173260542422e+01
1.006175000000000000e+09,-5.436049003832643223e+01,-6.569645478170430408e+01
1.006180000000000000e+09,-5.431761644953621015e+01,-6.572600892697883523e+01
1.006185000000000000e+09,-5.427414363595406854e+01,-6.575538632561483610e+01
1.006190000000000000e+09,-5.423006659649148276e+01,-6.578458909860793824e+01
1.006195000000000000e+09,-5.418538015587135703e+01,-6.581361933153451105e+01
1.006200000000000000e+09,-5.414007896100451944e+01,-6.584247907529712052e+01
1.006205000000000000e+09,-5.409415747715147660e+01,-6.587117034685886097e+01
1.006210000000000000e+09,-5.404760998393338411e+01,-6.589969512995648415e+01
1.006215000000000000e+09,-5.400043057113962419e+01,-6.592805537579032205e+01
1.006220000000000000e+09,-5.395261313434286166e+01,-6.595625300370613786e+01
1.006225000000000000e+09,-5.390415137030753101e+01,-6.598428990185145437e+01
1.006230000000000000e+09,-5.385503877218482671e+01,-6.601216792782220466e+01
1.006235000000000000e+09,-5.380526862449770675e+01,-6.603988890928332012e+01
1.006240000000000000e+09,-5.375483399786334360e+01,-6.606745464458859374e+01
1.006245000000000000e+09,-5.370372774351640999e+01,-6.609486690337341486e+01
1.006250000000000000e+09,-5.365194248755828710e+01,-6.612212742713394675e+01
1.006255000000000000e+09,-5.359947062493627357e+01,-6.614923792980013673e+01
1.006260000000000000e+09,-5.354630431316830652e+01,-6.617620009828713989e+01
1.006265000000000000e+09,-5.349243546576990127e+01,-6.620301559303266004e+01
1.006270000000000000e+09,-5.343785574538557626e+01,-6.622968604853103614e+01
1.006275000000000000e+09,-5.338255655660454835e+01,-6.625621307384054148e+01
1.006280000000000000e+09,-5.332652903845108483e+01,-6.628259825309308440e+01
1.006285000000000000e+09,-5.326976405652797553e+01,-6.630884314597548723e+01
1.006290000000000000e+09,-5.321225219480358248e+01,-6.633494928821788506e+01
1.006295000000000000e+09,-5.315398374701474182e+01,-6.636091819205429942e+01
1.006300000000000000e+09,-5.309494870768833152e+01,-6.638675134667992950e+01
1.006305000000000000e+09,-5.303513676272000765e+01,-6.641245021869991660e+01
1.006310000000000000e+09,-5.297453727954103897e+01,-6.643801625256296006e+01
1.006315000000000000e+09,-5.291313929681162875e+01,-6.646345087098173110e+01
1.006320000000000000e+09,-5.285093151363521713e+01,-6.648875547535627106e+01
1.006325000000000000e+09,-5.278790227826173975e+01,-6.651393144617543385e+01
1.006330000000000000e+09,-5.272403957625462567e+01,-6.653898014340950340e+01
1.006335000000000000e+09,-5.265933101809523720e+01,-6.656390290690464440e+01
1.006340000000000000e+09,-5.259376382618972912e+01,-6.658870105675643458e+01
1.006345000000000000e+09,-5.252732482124626756e+01,-6.661337589368199019e+01
1.006350000000000000e+09,-5.246000040800311837e+01,-6.663792869937692842e+01
1.006355000000000000e+09,-5.239177656023297658e+01,-6.666236073687601049e+01
1.006360000000000000e+09,-5.232263880501641751e+01,-6.668667325089248266e+01
1.006365000000000000e+09,-5.225257220626631494e+01,-6.671086746815674928e+01
1.006370000000000000e+09,-5.218156134736781837e+01,-6.673494459774855159e+01
1.006375000000000000e+09,-5.210959031298870059e+01,-6.675890583141841716e+01
1.006380000000000000e+09,-5.203664266994461229e+01,-6.678275234390169146e+01
1.006385000000000000e+09,-5.196270144708678629e+01,-6.680648529322982654e+01
1.006390000000000000e+09,-5.188774911414501645e+01,-6.683010582103270281e+01
1.006395000000000000e+09,-5.181176755948192891e+01,-6.685361505282843098e+01
1.006400000000000000e+09,-5.173473806664803476e+01,-6.687701409831998944e+01
1.006405000000000000e+09,-5.165664128970490054e+01,-6.690030405167145489e+01
1.006410000000000000e+09,-5.157745722724077098e+01,-6.692348599178937718e+01
1.006415000000000000e+09,-5.149716519496404743e+01,-6.694656098258795396e+01
1.006420000000000000e+09,-5.141574379678222328e+01,-6.696953007325870999e+01
1.006425000000000000e+09,-5.133317089431587021e+01,-6.699239429852792682e+01
1.006430000000000000e+09,-5.124942357469474530e+01,-6.701515467890783384e+01
1.006435000000000000e+09,-5.116447811654526845e+01,-6.703781222094939096e+01
1.006440000000000000e+09,-5.107830995403786289e+01,-6.706036791748157100e+01
1.006445000000000000e+09,-5.099089363889063264e+01,-6.708282274784919252e+01
1.006450000000000000e+09,-5.090220280010888843e+01,-6.710517767814891954e+01
1.006455000000000000e+09,-5.081221010143595151e+01,-6.712743366145383561e+01
1.006460000000000000e+09,-5.072088719621665120e+01,-6.714959163803936804e+01
1.006465000000000000e+09,-5.062820467959382142e+01,-6.717165253559892335e+01
1.006470000000000000e+09,-5.053413203776308649e+01,-6.719361726946110025e+01
1.006475000000000000e+09,-5.043863759412730730e+01,-6.721548674279824809e+01
1.006480000000000000e+09,-5.034168845214750831e+01,-6.723726184682902840e+01
1.006485000000000000e+09,-5.024325043452346051e+01,-6.725894346102543864e+01
1.006490000000000000e+09,-5.014328801856810003e+01,-6.728053245330502818e+01
1.006495000000000000e+09,-5.004176426739716987e+01,-6.730202968022506127e+01
1.006500000000000000e+09,-4.993864075663910285e+01,-6.732343598717308453e+01
1.006505000000000000e+09,-4.983387749630551866e+01,-6.734475220855276234e+01
1.006510000000000000e+09,-4.972743284746404413e+01,-6.736597916796026198e+01
1.006515000000000000e+09,-4.961926343323384003e+01,-6.738711767836976207e+01
1.006520000000000000e+09,-4.950932404370269779e+01,-6.740816854230408239e+01
1.006525000000000000e+09,-4.939756753426181746e+01,-6.742913255200504352e+01
1.006530000000000000e+09,-4.928394471676871547e+01,-6.745001048960139656e+01
1.006535000000000000e+09,-4.916840424292512779e+01,-6.747080312727545959e+01
1.006540000000000000e+09,-4.905089247926952822e+01,-6.749151122742289033e+01
1.006545000000000000e+09,-4.893135337298406995e+01,-6.751213554280718654e+01
1.006550000000000000e+09,-4.880972830773621496e+01,-6.753267681672075184e+01
1.006555000000000000e+09,-4.868595594864974885e+01,-6.755313578313293021e+01
1.006560000000000000e+09,-4.855997207545691197e+01,-6.757351316683866571e+01
1.006565000000000000e+09,-4.843170940262837831e+01,-6.759380968360602537e+01
1.006570000000000000e+09,-4.830109738544999232e+01,-6.761402604031933095e+01
1.006575000000000000e+09,-4.816806201055241843e+01,-6.763416293511792787e+01
1.006580000000000000e+09,-4.803252556943011342e+01,-6.765422105753539483e+01
1.006585000000000000e+09,-4.789440641336889826e+01,-6.767420108863520056e+01
1.006590000000000000e+09,-4.775361868781396879e+01,-6.769410370114295006e+01
1.006595000000000000e+09,-4.761007204427016148e+01,-6.771392955957323068e+01
1.006600000000000000e+09,-4.746367132721714199e+01,-6.773367932036276784e+01
1.006605000000000000e+09,-4.731431623366040640e+01,-6.775335363199202732e+01
1.006610000000000000e+09,-4.716190094229921215e+01,-6.777295313510802544e+01
1.006615000000000000e+09,-4.700631370909935924e+01,-6.779247846264644295e+01
1.006620000000000000e+09,-4.684743642559811860e+01,-6.781193023995001568e+01
1.006625000000000000e+09,-4.668514413585721456e+01,-6.783130908488195132e+01
1.006630000000000000e+09,-4.651930450731589417e+01,-6.785061560794363800e+01
1.006635000000000000e+09,-4.634977725037002472e+01,-6.786985041238378358e+01
1.006640000000000000e+09,-4.617641348071254015e+01,-6.788901409431042566e+01
1.006645000000000000e+09,-4.599905501761224969e+01,-6.790810724279492661e+01
1.006650000000000000e+09,-4.581753361042802908e+01,-6.792713043998236344e+01
1.006655000000000000e+09,-4.563167008470155395e+01,-6.794608426119370392e+01
1.006660000000000000e+09,-4.544127339773493190e+01,-6.796496927502565200e+01
1.006665000000000000e+09,-4.524613959227805537e+01,-6.798378604345431597e+01
1.006670000000000000e+09,-4.504605063523868580e+01,-6.800253512193225447e+01
1.006675000000000000e+09,-4.484077312648946645e+01,-6.802121705948266595e+01
1.006680000000000000e+09,-4.463005686038697917e+01,-6.803983239879870837e+01
1.006685000000000000e+09,-4.441363322050229812e+01,-6.805838167633314129e+01
1.006690000000000000e+09,-4.419121338454277748e+01,-6.807686542239081007e+01
1.006695000000000000e+09,-4.396248631325326528e+01,-6.809528416121989380e+01
1.006700000000000000e+09,-4.372711649314322813e+01,-6.811363841109826467e+01
1.006705000000000000e+09,-4.348474139798993576e+01,-6.813192868442146732e+01
1.006710000000000000e+09,-4.323496862889760450e+01,-6.815015548778629295e+01
1.006715000000000000e+09,-4.297737268651025033e+01,-6.816831932207790601e+01
1.006720000000000000e+09,-4.271149132204503474e+01,-6.818642068254808919e+01
1.006725000000000000e+09,-4.243682140605561415e+01,-6.820446005889840535e+01
1.006730000000000000e+09,-4.215281424533691279e+01,-6.822243793535909617e+01
1.006735000000000000e+09,-4.185887026937335520e+01,-6.824035479076827926e+01
1.006740000000000000e+09,-4.155433299881689635e+01,-6.825821109864494929e+01
1.006745000000000000e+09,-4.123848220016814992e+01,-6.827600732726936883e+01
1.006750000000000000e+09,-4.091052612584783077e+01,-6.829374393975406576e+01
1.006755000000000000e+09,-4.056959273860374537e+01,-6.831142139411595338e+01
1.006760000000000000e+09,-4.021471983027403496e+01,-6.832904014335065312e+01
1.006765000000000000e+09,-3.984484397483106477e+01,-6.834660063550133202e+01
1.006770000000000000e+09,-3.945878831916462559e+01,-6.836410331372816529e+01
1.006775000000000000e+09,-3.905524933630046291e+01,-6.838154861637373472e+01
1.006780000000000000e+09,-3.863278288550323225e+01,-6.839893697703567454e+01
1.006785000000000000e+09,-3.818979031107002697e+01,-6.841626882462755077e+01
1.006790000000000000e+09,-3.772450598443151648e+01,-6.843354458344379054e+01
1.006795000000000000e+09,-3.723498885333503949e+01,-6.845076467322564895e+01
1.006800000000000000e+09,-3.671912255580610918e+01,-6.846792950922288412e+01
1.006805000000000000e+09,-3.617463208391897211e+01,-6.848503950225324388e+01
1.006810000000000000e+09,-3.559913088090961253e+01,-6.850209505876493665e+01
1.006815000000000000e+09,-3.499022241239440234e+01,-6.851909658089593336e+01
1.006820000000000000e+09,-3.434569767596037337e+01,-6.853604446653224613e+01
1.006825000000000000e+09,-3.366389967153016727e+01,-6.855293910936376278e+01
1.006830000000000000e+09,-3.294437462481236167e+01,-6.856978089894313655e+01
1.006835000000000000e+09,-3.218900536137049784e+01,-6.858657022074103793e+01
1.006840000000000000e+09,-3.140392313741705266e+01,-6.860330745619896220e+01
1.006845000000000000e+09,-3.060257531013967025e+01,-6.861999298278495019e+01
1.006850000000000000e+09,-2.981020490125443345e+01,-6.863662717404692160e+01
1.006855000000000000e+09,-2.906918123668585707e+01,-6.865321039966224248e+01
1.006860000000000000e+09,-2.844228891511818702e+01,-6.866974302549184017e+01
1.006865000000000000e+09,-2.800734045939022110e+01,-6.868622541362950074e+01
1.006870000000000000e+09,-2.783607439337028566e+01,-6.870265792245024272e+01
1.006875000000000000e+09,-2.796234791095617211e+01,-6.871904090666173204e+01
1.006880000000000000e+09,-2.836340316221468072e+01,-6.873537471734989879e+01
1.006885000000000000e+09,-2.897271171025790437e+01,-6.875165970202874632e+01
1.006890000000000000e+09,-2.971142599036829779e+01,-6.876789620468348119e+01
1.006895000000000000e+09,-3.051277428206486775e+01,-6.878408456582010899e+01
1.006900000000000000e+09,-3.133027840789516105e+01,-6.880022512250832278e+01
1.006905000000000000e+09,-3.213559361579594764e+01,-6.881631820842545721e+01
1.006910000000000000e+09,-3.291324994287381855e+01,-6.883236415390231855e+01
1.006915000000000000e+09,-3.365590211342213678e+01,-6.884836328596463773e+01
1.006920000000000000e+09,-3.436097936202340009e+01,-6.886431592837514870e+01
1.006925000000000000e+09,-3.502856682674669742e+01,-6.888022240167630628e+01
1.006930000000000000e+09,-3.566013924691109338e+01,-6.889608302323175337e+01
1.006935000000000000e+09,-3.625782922146321141e+01,-6.891189810726365295e+01
1.006940000000000000e+09,-3.682401539266995627e+01,-6.892766796489704006e+01
1.006945000000000000e+09,-3.736109754835022301e+01,-6.894339290419603117e+01
1.006950000000000000e+09,-3.787137939221017291e+01,-6.895907323020281865e+01
1.006955000000000000e+09,-3.835701260898581921e+01,-6.897470924497466171e+01
1.006960000000000000e+09,-3.881997531083510466e+01,-6.899030124762491312e+01
1.006965000000000000e+09,-3.926206930902300485e+01,-6.900584953435682678e+01
1.006970000000000000e+09,-3.968492725619761785e+01,-6.902135439849817544e+01
1.006975000000000000e+09,-4.009002453752596296e+01,-6.903681613054240529e+01
1.006980000000000000e+09,-4.047869301823769916e+01,-6.905223501817948772e+01
1.006985000000000000e+09,-4.085213505253544497e+01,-6.906761134633137544e+01
1.006990000000000000e+09,-4.121143691150357569e+01,-6.908294539718697536e+01
1.006995000000000000e+09,-4.155758122231410567e+01,-6.909823745023574304e+01
1.007000000000000000e+09,-4.189145825848577687e+01,-6.911348778230082246e+01
1.007005000000000000e+09,-4.221387605847306190e+01,-6.912869666756967035e+01
1.007010000000000000e+09,-4.252556942289618291e+01,-6.914386437762941284e+01
1.007015000000000000e+09,-4.282720787622187686e+01,-6.915899118149759772e+01
1.007020000000000000e+09,-4.311940269254888847e+01,-6.917407734565094302e+01
1.007025000000000000e+09,-4.340271308727724886e+01,-6.918912313405884618e+01
1.007030000000000000e+09,-4.367765167154565376e+01,-6.920412880821412216e+01
1.007035000000000000e+09,-4.394468925875251841e+01,-6.921909462715949246e+01
1.007040000000000000e+09,-4.420425910395695723e+01,-6.923402084752000007e+01
1.007045000000000000e+09,-4.445676064718492171e+01,-6.924890772353217017e+01
1.007050000000000000e+09,-4.470256282367338230e+01,-6.926375550706923434e+01
1.007055000000000000e+09,-4.494200699583971215e+01,-6.927856444767378719e+01
1.007060000000000000e+09,-4.517540955474746767e+01,-6.929333479258221473e+01
1.007065000000000000e+09,-4.540306423254939006e+01,-6.930806678675364196e+01
1.007070000000000000e+09,-4.562524416181116038e+01,-6.932276067289565447e+01
1.007075000000000000e+09,-4.584220371309264408e+01,-6.933741669149239328e+01
1.007080000000000000e+09,-4.605418013750515627e+01,-6.935203508083023394e+01
1.007085000000000000e+09,-4.626139503797426755e+01,-6.936661607702190224e+01
1.007090000000000000e+09,-4.646405568951186638e+01,-6.938115991403532234e+01
1.007095000000000000e+09,-4.666235622609687539e+01,-6.939566682371577144e+01
1.007100000000000000e+09,-4.685647870970471729e+01,-6.941013703581104721e+01
1.007105000000000000e+09,-4.704659409487557298e+01,-6.942457077799765841e+01
1.007110000000000000e+09,-4.723286310057856952e+01,-6.943896827590310750e+01
1.007115000000000000e+09,-4.741543699958830871e+01,-6.945332975312955170e+01
1.007120000000000000e+09,-4.759445833453402486e+01,-6.946765543127874309e+01
1.007125000000000000e+09,-4.777006156825429173e+01,-6.948194552997351536e+01
1.007130000000000000e+09,-4.794237367567880881e+01,-6.949620026688133123e+01
1.007135000000000000e+09,-4.811151468315451041e+01,-6.951041985773551346e+01
1.007140000000000000e+09,-4.827759816077684718e+01,-6.952460451635988647e+01
1.007145000000000000e+09,-4.844073167235069377e+01,-6.953875445468769101e+01
1.007150000000000000e+09,-4.860101718731601750e+01,-6.955286988278409410e+01
1.007155000000000000e+09,-4.875855145834634641e+01,-6.956695100886847172e+01
1.007160000000000000e+09,-4.891342636795970122e+01,-6.958099803933495764e+01
1.007165000000000000e+09,-4.906572924710906136e+01,-6.959501117876983756e+01
1.007170000000000000e+09,-4.921554316839583976e+01,-6.960899062997756914e+01
1.007175000000000000e+09,-4.936294721627544391e+01,-6.962293659399679768e+01
1.007180000000000000e+09,-4.950801673632952316e+01,-6.963684927012023707e+01
1.007185000000000000e+09,-4.965082356558826859e+01,-6.965072885591612817e+01
1.007190000000000000e+09,-4.979143624547248947e+01,-6.966457554724603085e+01
1.007195000000000000e+09,-4.992992021901217470e+01,-6.967838953828538706e+01
1.007200000000000000e+09,-5.006633801355570057e+01,-6.969217102153862697e+01
1.007205000000000000e+09,-5.020074941041343664e+01,-6.970592018786236110e+01
1.007210000000000000e+09,-5.033321160235000491e+01,-6.971963722648105488e+01
1.007215000000000000e+09,-5.046377934005324306e+01,-6.973332232500429484e+01
1.007220000000000000e+09,-5.059250506845164352e+01,-6.974697566944595906e+01
1.007225000000000000e+09,-5.071943905371664130e+01,-6.976059744424247810e+01
1.007230000000000000e+09,-5.084462950166827966e+01,-6.977418783226721644e+01
1.007235000000000000e+09,-5.096812266833707383e+01,-6.978774701485006915e+01
1.007240000000000000e+09,-5.108996296322676756e+01,-6.980127517179381869e+01
1.007245000000000000e+09,-5.121019304584837073e+01,-6.981477248139044889e+01
1.007250000000000000e+09,-5.132885391607939596e+01,-6.982823912043613745e+01
1.007255000000000000e+09,-5.144598499881959697e+01,-6.984167526425007111e+01
1.007260000000000000e+09,-5.156162422330219641e+01,-6.985508108668921068e+01
1.007265000000000000e+09,-5.167580809752166715e+01,-6.986845676016227458e+01
1.007270000000000000e+09,-5.178857177810559875e+01,-6.988180245564873871e+01
1.007275000000000000e+09,-5.189994913596913051e+01,-6.989511834271128521e+01
1.007280000000000000e+09,-5.200997281802030869e+01,-6.990840458951203118e+01
1.007285000000000000e+09,-5.211867430528917566e+01,-6.992166136282779121e+01
1.007290000000000000e+09,-5.222608396757890148e+01,-6.993488882806451556e+01
1.007295000000000000e+09,-5.233223111500617364e+01,-6.994808714927073368e+01
1.007300000000000000e+09,-5.243714404661650974e+01,-6.996125648915406714e+01
1.007305000000000000e+09,-5.254085009621191205e+01,-6.997439700909403371e+01
1.007310000000000000e+09,-5.264337567566609266e+01,-6.998750886915645708e+01
1.007315000000000000e+09,-5.274474631577927397e+01,-7.000059222810600090e+01
1.007320000000000000e+09,-5.284498670498334150e+01,-7.001364724342255386e+01
1.007325000000000000e+09,-5.294412072589206275e+01,-7.002667407131222888e+01
1.007330000000000000e+09,-5.304217148991972408e+01,-7.003967286672103398e+01
1.007335000000000000e+09,-5.313916137006212637e+01,-7.005264378334973685e+01
1.007340000000000000e+09,-5.323511203196353847e+01,-7.006558697366520505e+01
1.007345000000000000e+09,-5.333004446335176851e+01,-7.007850258891238582e+01
1.007350000000000000e+09,-5.342397900199627969e+01,-7.009139077912946902e+01
1.007355000000000000e+09,-5.351693536222924052e+01,-7.010425169315918481e+01
1.007360000000000000e+09,-5.360893266009286151e+01,-7.011708547865995911e+01
1.007365000000000000e+09,-5.369998943730492158e+01,-7.012989228211938553e+01
1.007370000000000000e+09,-5.379012368398436195e+01,-7.014267224886675933e+01
1.007375000000000000e+09,-5.387935286028816506e+01,-7.015542552308367874e+01
1.007380000000000000e+09,-5.396769391699645269e+01,-7.016815224781518623e+01
1.007385000000000000e+09,-5.405516331510936823e+01,-7.018085256498403623e+01
1.007390000000000000e+09,-5.414177704451664397e+01,-7.019352661540006011e+01
1.007395000000000000e+09,-5.422755064176637063e+01,-7.020617453877105163e+01
1.007400000000000000e+09,-5.431249920705745637e+01,-7.021879647371507360e+01
1.007405000000000000e+09,-5.439663742037978267e+01,-7.023139255777235235e+01
1.007410000000000000e+09,-5.447997955695008443e+01,-7.024396292741312209e+01
1.007415000000000000e+09,-5.456253950196006741e+01,-7.025650771805094053e+01
1.007420000000000000e+09,-5.464433076463014061e+01,-7.026902706405304855e+01
1.007425000000000000e+09,-5.472536649165328981e+01,-7.028152109875020415e+01
1.007430000000000000e+09,-5.480565948004105792e+01,-7.029398995444631737e+01
1.007435000000000000e+09,-5.488522218940601505e+01,-7.030643376243034481e+01
1.007440000000000000e+09,-5.496406675371062533e+01,-7.031885265298581089e+01
1.007445000000000000e+09,-5.504220499251000831e+01,-7.033124675539977488e+01
1.007450000000000000e+09,-5.511964842171369838e+01,-7.034361619797394383e+01
1.007455000000000000e+09,-5.519640826389497335e+01,-7.035596110803454906e+01
1.007460000000000000e+09,-5.527249545815126908e+01,-7.036828161194000586e+01
1.007465000000000000e+09,-5.534792066958137013e+01,-7.038057783509341903e+01
1.007470000000000000e+09,-5.542269429835899075e+01,-7.039284990194938985e+01
1.007475000000000000e+09,-5.549682648840295940e+01,-7.040509793602441846e+01
1.007480000000000000e+09,-5.557032713575325999e+01,-7.041732205990624038e+01
1.007485000000000000e+09,-5.564320589656358607e+01,-7.042952239526221092e+01
1.007490000000000000e+09,-5.571547219479165847e+01,-7.044169906284993488e+01
1.007495000000000000e+09,-5.578713522958196336e+01,-7.045385218252272352e+01
1.007500000000000000e+09,-5.585820398235647843e+01,-7.046598187324212859e+01
1.007505000000000000e+09,-5.592868722363218126e+01,-7.047808825308484870e+01
1.007510000000000000e+09,-5.599859351955592501e+01,-7.049017143924996276e+01
1.007515000000000000e+09,-5.606793123823124603e+01,-7.050223154807059700e+01
1.007520000000000000e+09,-5.613670855574900997e+01,-7.051426869501969463e+01
1.007525000000000000e+09,-5.620493346201775609e+01,-7.052628299471811602e+01
1.007530000000000000e+09,-5.627261376638593049e+01,-7.053827456094492732e+01
1.007535000000000000e+09,-5.633975710302858886e+01,-7.055024350664456279e+01
1.007540000000000000e+09,-5.640637093614903108e+01,-7.056218994393232435e+01
1.007545000000000000e+09,-5.647246256498497985e+01,-7.057411398410641823e+01
1.007550000000000000e+09,-5.653803912863276082e+01,-7.058601573765292869e+01
1.007555000000000000e+09,-5.660310761069617058e+01,-7.059789531425460041e+01
1.007560000000000000e+09,-5.666767484376777730e+01,-7.060975282279693488e+01
1.007565000000000000e+09,-5.673174751374982350e+01,-7.062158837137840806e+01
1.007570000000000000e+09,-5.679533216402460738e+01,-7.063340206731611204e+01
1.007575000000000000e+09,-5.685843519946467239e+01,-7.064519401715182312e+01
1.007580000000000000e+09,-5.692106289032820143e+01,-7.065696432666223359e+01
1.007585000000000000e+09,-5.698322137599340209e+01,-7.066871310086482083e+01
1.007590000000000000e+09,-5.704491666857676080e+01,-7.068044044402383008e+01
1.007595000000000000e+09,-5.710615465642451483e+01,-7.069214645965831778e+01
1.007600000000000000e+09,-5.716694110748498048e+01,-7.070383125054993911e+01
1.007605000000000000e+09,-5.722728167256713050e+01,-7.071549491874863236e+01
1.007610000000000000e+09,-5.728718188848958448e+01,-7.072713756557806164e+01
1.007615000000000000e+09,-5.734664718112387760e+01,-7.073875929164614718e+01
1.007620000000000000e+09,-5.740568286834001555e+01,-7.075036019684824851e+01
1.007625000000000000e+09,-5.746429416284218661e+01,-7.076194038037496625e+01
1.007630000000000000e+09,-5.752248617493389560e+01,-7.077349994071842332e+01
1.007635000000000000e+09,-5.758026391518298226e+01,-7.078503897567954084e+01
1.007640000000000000e+09,-5.763763229697705270e+01,-7.079655758237275620e+01
1.007645000000000000e+09,-5.769459613904186313e+01,-7.080805585723362583e+01
1.007650000000000000e+09,-5.775116016784372874e+01,-7.081953389602466586e+01
1.007655000000000000e+09,-5.780732901993026474e+01,-7.083099179384068123e+01
1.007660000000000000e+09,-5.786310724419442408e+01,-7.084242964511653895e+01
1.007665000000000000e+09,-5.791849930406843328e+01,-7.085384754363103355e+01
1.007670000000000000e+09,-5.797350957965090856e+01,-7.086524558251505823e+01
1.007675000000000000e+09,-5.802814236975520856e+01,-7.087662385425535660e+01
1.007680000000000000e+09,-5.808240189392856223e+01,-7.088798245070124437e+01
1.007685000000000000e+09,-5.813629229436637047e+01,-7.089932146307143057e+01
1.007690000000000000e+09,-5.818981763779144956e+01,-7.091064098195720078e+01
1.007695000000000000e+09,-5.824298191728489371e+01,-7.092194109733060259e+01
1.007700000000000000e+09,-5.829578905404244438e+01,-7.093322189854836779e+01
1.007705000000000000e+09,-5.834824289908935668e+01,-7.094448347435724145e+01
1.007710000000000000e+09,-5.840034723494194679e+01,-7.095572591290105890e+01
1.007715000000000000e+09,-5.845210577722298240e+01,-7.096694930172488114e+01
1.007720000000000000e+09,-5.850352217621637863e+01,-7.097815372777935750e+01
1.007725000000000000e+09,-5.855460001840861395e+01,-7.098933927742861272e+01
1.007730000000000000e+09,-5.860534282794327510e+01,-7.100050603645327385e+01
1.007735000000000000e+09,-5.865575406806747338e+01,-7.101165409005628248e+01
1.007740000000000000e+09,-5.870583714251357321e+01,-7.102278352286757013e+01
1.007745000000000000e+09,-5.875559539686260990e+01,-7.103389441895036782e+01
1.007750000000000000e+09,-5.880503211986081880e+01,-7.104498686180467359e+01
1.007755000000000000e+09,-5.885415054467849671e+01,-7.105606093437255311e+01
1.007760000000000000e+09,-5.890295385017228114e+01,-7.106711671904383820e+01
1.007765000000000000e+09,-5.895144516208219443e+01,-7.107815429766066018e+01
1.007770000000000000e+09,-5.899962755420762761e+01,-7.108917375152051932e+01
1.007775000000000000e+09,-5.904750404954837961e+01,-7.110017516138350402e+01
1.007780000000000000e+09,-5.909507762141515030e+01,-7.111115860747590034e+01
1.007785000000000000e+09,-5.914235119451162603e+01,-7.112212416949434157e+01
1.007790000000000000e+09,-5.918932764597503393e+01,-7.113307192661039835e+01
1.007795000000000000e+09,-5.923600980641852232e+01,-7.114400195747650457e+01
1.007800000000000000e+09,-5.928240046090833459e+01,-7.115491434022874273e+01
1.007805000000000000e+09,-5.932850234993451721e+01,-7.116580915249176087e+01
1.007810000000000000e+09,-5.937431817036340220e+01,-7.117668647138367533e+01
1.007815000000000000e+09,-5.941985057634770584e+01,-7.118754637352030556e+01
1.007820000000000000e+09,-5.946510218022267225e+01,-7.119838893501852795e+01
1.007825000000000000e+09,-5.951007555337648114e+01,-7.120921423150134899e+01
1.007830000000000000e+09,-5.955477322710001431e+01,-7.122002233810289340e+01
1.007835000000000000e+09,-5.959919769340383766e+01,-7.123081332947010935e+01
1.007840000000000000e+09,-5.964335140584169892e+01,-7.124158727976929129e+01
1.007845000000000000e+09,-5.968723678027597401e+01,-7.125234426268930576e+01
1.007850000000000000e+09,-5.973085619565334525e+01,-7.126308435144557052e+01
1.007855000000000000e+09,-5.977421199474065361e+01,-7.127380761878333715e+01
1.007860000000000000e+09,-5.981730648486207258e+01,-7.128451413698294914e+01
1.007865000000000000e+09,-5.986014193859985966e+01,-7.129520397786330932e+01
1.007870000000000000e+09,-5.990272059448663100e+01,-7.130587721278476465e+01
1.007875000000000000e+09,-5.994504465767869306e+01,-7.131653391265447794e+01
1.007880000000000000e+09,-5.998711630061259825e+01,-7.132717414792949739e+01
1.007885000000000000e+09,-6.002893766364596928e+01,-7.133779798861931454e+01
1.007890000000000000e+09,-6.007051085568208038e+01,-7.134840550429231598e+01
1.007895000000000000e+09,-6.011183795478146408e+01,-7.135899676407728975e+01
1.007900000000000000e+09,-6.015292100875007719e+01,-7.136957183666672222e+01
1.007905000000000000e+09,-6.019376203572826967e+01,-7.138013079032278085e+01
1.007910000000000000e+09,-6.023436302475786164e+01,-7.139067369287849374e+01
1.007915000000000000e+09,-6.027472593632793973e+01,-7.140120061174275179e+01
1.007920000000000000e+09,-6.031485270291555878e+01,-7.141171161390244038e+01
1.007925000000000000e+09,-6.035474522952107890e+01,-7.142220676592754103e+01
1.007930000000000000e+09,-6.039440539417643805e+01,-7.143268613397340516e+01
1.007935000000000000e+09,-6.043383504844982923e+01,-7.144314978378395153e+01
1.007940000000000000e+09,-6.047303601793647232e+01,-7.145359778069644108e+01
1.007945000000000000e+09,-6.051201010274031944e+01,-7.146403018964350906e+01
1.007950000000000000e+09,-6.055075907793452927e+01,-7.147444707515600726e+01
1.007955000000000000e+09,-6.058928469403542749e+01,-7.148484850136821933e+01
1.007960000000000000e+09,-6.062758867743540492e+01,-7.149523453201990719e+01
1.007965000000000000e+09,-6.066567273084208978e+01,-7.150560523045812999e+01
1.007970000000000000e+09,-6.070353853371322828e+01,-7.151596065964315585e+01
1.007975000000000000e+09,-6.074118774266821674e+01,-7.152630088214991133e+01
1.007980000000000000e+09,-6.077862199189798531e+01,-7.153662596017156261e+01
1.007985000000000000e+09,-6.081584289356424478e+01,-7.154693595552130603e+01
1.007990000000000000e+09,-6.085285203818955324e+01,-7.155723092963788190e+01
1.007995000000000000e+09,-6.088965099503902678e+01,-7.156751094358685350e+01
1.008000000000000000e+09,-6.092624131249383623e+01,-7.157777605806307974e+01
1.008005000000000000e+09,-6.096262451841568719e+01,-7.158802633339560373e+01
1.008010000000000000e+09,-6.099880212050575778e+01,-7.159826182954928697e+01
1.008015000000000000e+09,-6.103477560664784107e+01,-7.160848260612718263e+01
1.008020000000000000e+09,-6.107054644525901210e+01,-7.161868872237472772e+01
1.008025000000000000e+09,-6.110611608561634966e+01,-7.162888023718184627e+01
1.008030000000000000e+09,-6.114148595819311538e+01,-7.163905720908648789e+01
1.008035000000000000e+09,-6.117665747496403128e+01,-7.164921969627526721e+01
1.008040000000000000e+09,-6.121163202973319528e+01,-7.165936775658900615e+01
1.008045000000000000e+09,-6.124641099843344705e+01,-7.166950144752422602e+01
1.008050000000000000e+09,-6.128099573942813549e+01,-7.167962082623498077e+01
1.008055000000000000e+09,-6.131538759380467951e+01,-7.168972594953676492e+01
1.008060000000000000e+09,-6.134958788566378018e+01,-7.169981687390956893e+01
1.008065000000000000e+09,-6.138359792239543822e+01,-7.170989365549822026e+01
1.008070000000000000e+09,-6.141741899496189916e+01,-7.171995635011766979e+01
1.008075000000000000e+09,-6.145105237816907362e+01,-7.173000501325412870e+01
1.008080000000000000e+09,-6.148449933091843178e+01,-7.174003970006694431e+01
1.008085000000000000e+09,-6.151776109648007207e+01,-7.175006046539344595e+01
1.008090000000000000e+09,-6.155083890273968450e+01,-7.176006736374898765e+01
1.008095000000000000e+09,-6.158373396244844145e+01,-7.177006044933118289e+01
1.008100000000000000e+09,-6.161644747346667828e+01,-7.178003977602098473e+01
1.008105000000000000e+09,-6.164898061900250070e+01,-7.179000539738611053e+01
1.008110000000000000e+09,-6.168133456784696023e+01,-7.179995736668351469e+01
1.008115000000000000e+09,-6.171351047459669559e+01,-7.180989573686029814e+01
1.008120000000000000e+09,-6.174550947989168037e+01,-7.181982056055844055e+01
1.008125000000000000e+09,-6.177733271062353992e+01,-7.182973189011514137e+01
1.008130000000000000e+09,-6.180898128015257953e+01,-7.183962977756563362e+01
1.008135000000000000e+09,-6.184045628852585708e+01,-7.184951427464629603e+01
1.008140000000000000e+09,-6.187175882267936800e+01,-7.185938543279638679e+01
1.008145000000000000e+09,-6.190288995664275973e+01,-7.186924330315940779e+01
1.008150000000000000e+09,-6.193385075173839738e+01,-7.187908793658667150e+01
1.008155000000000000e+09,-6.196464225677689797e+01,-7.188891938363954637e+01
1.008160000000000000e+09,-6.199526550824898408e+01,-7.189873769459056518e+01
1.008165000000000000e+09,-6.202572153051340820e+01,-7.190854291942574150e+01
1.008170000000000000e+09,-6.205601133598112540e+01,-7.191833510784807970e+01
1.008175000000000000e+09,-6.208613592529755465e+01,-7.192811430927841343e+01
1.008180000000000000e+09,-6.211609628751509860e+01,-7.193788057285726723e+01
1.008185000000000000e+09,-6.214589340027310271e+01,-7.194763394744828133e+01
1.008190000000000000e+09,-6.217552822997005535e+01,-7.195737448163968963e+01
1.008195000000000000e+09,-6.220500173191992843e+01,-7.196710222374538546e+01
1.008200000000000000e+09,-6.223431485052876866e+01,-7.197681722180844588e+01
1.008205000000000000e+09,-6.226346851944997240e+01,-7.198651952360242490e+01
1.008210000000000000e+09,-6.229246366174366756e+01,-7.199620917663398245e+01
1.008215000000000000e+09,-6.232130119003237922e+01,-7.200588622814272810e+01
1.008220000000000000e+09,-6.234998200665296508e+01,-7.201555072510645061e+01
1.008225000000000000e+09,-6.237850700380788282e+01,-7.202520271424097587e+01
1.008230000000000000e+09,-6.240687706370601973e+01,-7.203484224200187214e+01
1.008235000000000000e+09,-6.243509305871892678e+01,-7.204446935458749124e+01
1.008240000000000000e+09,-6.246315585151127436e+01,-7.205408409794091540e+01
1.008245000000000000e+09,-6.249106629518171019e+01,-7.206368651775002832e+01
1.008250000000000000e+09,-6.251882523340475473e+01,-7.207327665945170736e+01
1.008255000000000000e+09,-6.254643350056024786e+01,-7.208285456823249149e+01
1.008260000000000000e+09,-6.257389192186631988e+01,-7.209242028902968968e+01
1.008265000000000000e+09,-6.260120131350832651e+01,-7.210197386653510421e+01
1.008270000000000000e+09,-6.262836248276617113e+01,-7.211151534519508743e+01
1.008275000000000000e+09,-6.265537622813855023e+01,-7.212104476921336982e+01
1.008280000000000000e+09,-6.268224333946591997e+01,-7.213056218255195517e+01
1.008285000000000000e+09,-6.270896459805050682e+01,-7.214006762893345126e+01
1.008290000000000000e+09,-6.273554077677555085e+01,-7.214956115184325824e+01
1.008295000000000000e+09,-6.276197264021715227e+01,-7.215904279453005188e+01
1.008300000000000000e+09,-6.278826094476502817e+01,-7.216851260000817092e+01
1.008305000000000000e+09,-6.281440643872993235e+01,-7.217797061106003298e+01
1.008310000000000000e+09,-6.284040986245532423e+01,-7.218741687023582188e+01
1.008315000000000000e+09,-6.286627194842506583e+01,-7.219685141985739563e+01
1.008320000000000000e+09,-6.289199342137018789e+01,-7.220627430201894015e+01
1.008325000000000000e+09,-6.291757499837342493e+01,-7.221568555858740979e+01
1.008330000000000000e+09,-6.294301738897164711e+01,-7.222508523120635004e+01
1.008335000000000000e+09,-6.296832129525704858e+01,-7.223447336129645180e+01
1.008340000000000000e+09,-6.299348741197753299e+01,-7.224384999005670238e+01
1.008345000000000000e+09,-6.301851642662894903e+01,-7.225321515846610509e+01
1.008350000000000000e+09,-6.304340901956142318e+01,-7.226256890728623716e+01
1.008355000000000000e+09,-6.306816586406436898e+01,-7.227191127706177554e+01
1.008360000000000000e+09,-6.309278762646020056e+01,-7.228124230812170481e+01
1.008365000000000000e+09,-6.311727496620069644e+01,-7.229056204058230151e+01
1.008370000000000000e+09,-6.314162853595237834e+01,-7.229987051434788725e+01
1.008375000000000000e+09,-6.316584898168608220e+01,-7.230916776911092825e+01
1.008380000000000000e+09,-6.318993694276304041e+01,-7.231845384435602853e+01
1.008385000000000000e+09,-6.321389305202055198e+01,-7.232772877935991573e+01
1.008390000000000000e+09,-6.323771793585571999e+01,-7.233699261319296170e+01
1.008395000000000000e+09,-6.326141221430794559e+01,-7.234624538472050403e+01
1.008400000000000000e+09,-6.328497650113985173e+01,-7.235548713260490672e+01
1.008405000000000000e+09,-6.330841140391811450e+01,-7.236471789530732224e+01
1.008410000000000000e+09,-6.333171752408829036e+01,-7.237393771108671103e+01
1.008415000000000000e+09,-6.335489545705742387e+01,-7.238314661800424687e+01
1.008420000000000000e+09,-6.337794579226638092e+01,-7.239234465392360107e+01
1.008425000000000000e+09,-6.340086911326552865e+01,-7.240153185651078616e+01
1.008430000000000000e+09,-6.342366599778817715e+01,-7.241070826323782228e+01
1.008435000000000000e+09,-6.344633701782277058e+01,-7.241987391138320618e+01
1.008440000000000000e+09,-6.346888273968446725e+01,-7.242902883803209590e+01
1.008445000000000000e+09,-6.349130372408475154e+01,-7.243817308007959355e+01
1.008450000000000000e+09,-6.351360052620059804e+01,-7.244730667423073101e+01
1.008455000000000000e+09,-6.353577369574302480e+01,-7.245642965700251636e+01
1.008460000000000000e+09,-6.355782377702042396e+01,-7.246554206472401916e+01
1.008465000000000000e+09,-6.357975130900869232e+01,-7.247464393353928358e+01
1.008470000000000000e+09,-6.360155682541672206e+01,-7.248373529940769799e+01
1.008475000000000000e+09,-6.362324085474200785e+01,-7.249281619810494703e+01
1.008480000000000000e+09,-6.364480392034237610e+01,-7.250188666522481640e+01
1.008485000000000000e+09,-6.366624654049287813e+01,-7.251094673618079867e+01
1.008490000000000000e+09,-6.368756922844784185e+01,-7.251999644620580909e+01
1.008495000000000000e+09,-6.370877249250020213e+01,-7.252903583035529778e+01
1.008500000000000000e+09,-6.372985683604149898e+01,-7.253806492350707913e+01
1.008505000000000000e+09,-6.375082275761621986e+01,-7.254708376036292350e+01
1.008510000000000000e+09,-6.377167075098314086e+01,-7.255609237545003509e+01
1.008515000000000000e+09,-6.379240130517172247e+01,-7.256509080312190463e+01
1.008520000000000000e+09,-6.381301490453356706e+01,-7.257407907756002885e+01
1.008525000000000000e+09,-6.383351202879729414e+01,-7.258305723277329946e+01
1.008530000000000000e+09,-6.385389315312612268e+01,-7.259202530260209585e+01
1.008535000000000000e+09,-6.387415874816751682e+01,-7.260098332071687821e+01
1.008540000000000000e+09,-6.389430928010594357e+01,-7.260993132061992128e+01
1.008545000000000000e+09,-6.391434521071407460e+01,-7.261886933564765911e+01
1.008550000000000000e+09,-6.393426699740410868e+01,-7.262779739897014508e+01
1.008555000000000000e+09,-6.395407509327335305e+01,-7.263671554359302718e+01
1.008560000000000000e+09,-6.397376994716140786e+01,-7.264562380235869909e+01
1.008565000000000000e+09,-6.399335200369009868e+01,-7.265452220794696814e+01
1.008570000000000000e+09,-6.401282170331599275e+01,-7.266341079287671789e+01
1.008575000000000000e+09,-6.403217948237310964e+01,-7.267228958950566664e+01
1.008580000000000000e+09,-6.405142577312294350e+01,-7.268115863003319532e+01
1.008585000000000000e+09,-6.407056100380086150e+01,-7.269001794650066017e+01
1.008590000000000000e+09,-6.408958559865358495e+01,-7.269886757079119377e+01
1.008595000000000000e+09,-6.410849997799101629e+01,-7.270770753463304459e+01
1.008600000000000000e+09,-6.412730455822601527e+01,-7.271653786959919330e+01
1.008605000000000000e+09,-6.414599975191799786e+01,-7.272535860710773647e+01
1.008610000000000000e+09,-6.416458596781480139e+01,-7.273416977842450137e+01
1.008615000000000000e+09,-6.418306361089517509e+01,-7.274297141466357175e+01
1.008620000000000000e+09,-6.420143308240676561e+01,-7.275176354678703206e+01
1.008625000000000000e+09,-6.421969477991022757e+01,-7.276054620560756803e+01
1.008630000000000000e+09,-6.423784909731895709e+01,-7.276931942178849511e+01
1.008635000000000000e+09,-6.425589642493505949e+01,-7.277808322584573375e+01
1.008640000000000000e+09,-6.427383714948857119e+01,-7.278683764814641677e+01
1.008645000000000000e+09,-6.429167165417852914e+01,-7.279558271891312415e+01
1.008650000000000000e+09,-6.430940031870801477e+01,-7.280431846822256148e+01
1.008655000000000000e+09,-6.432702351932186957e+01,-7.281304492600659728e+01
1.008660000000000000e+09,-6.434454162884284756e+01,-7.282176212205442312e+01
1.008665000000000000e+09,-6.436195501670850661e+01,-7.283047008601261041e+01
1.008670000000000000e+09,-6.437926404900296973e+01,-7.283916884738567887e+01
1.008675000000000000e+09,-6.439646908849918816e+01,-7.284785843553781604e+01
1.008680000000000000e+09,-6.441357049468652463e+01,-7.285653887969377251e+01
1.008685000000000000e+09,-6.443056862380579730e+01,-7.286521020893869149e+01
1.008690000000000000e+09,-6.444746382888611436e+01,-7.287387245222025456e+01
1.008695000000000000e+09,-6.446425645977510044e+01,-7.288252563834892328e+01
1.008700000000000000e+09,-6.448094686317197954e+01,-7.289116979599914714e+01
1.008705000000000000e+09,-6.449753538265989050e+01,-7.289980495370924984e+01
1.008710000000000000e+09,-6.451402235873730717e+01,-7.290843113988370305e+01
1.008715000000000000e+09,-6.453040812884910338e+01,-7.291704838279332535e+01
1.008720000000000000e+09,-6.454669302741774572e+01,-7.292565671057560905e+01
1.008725000000000000e+09,-6.456287738587303693e+01,-7.293425615123652506e+01
1.008730000000000000e+09,-6.457896153268310968e+01,-7.294284673265092067e+01
1.008735000000000000e+09,-6.459494579338100095e+01,-7.295142848256253387e+01
1.008740000000000000e+09,-6.461083049059769223e+01,-7.296000142858675019e+01
1.008745000000000000e+09,-6.462661594408774590e+01,-7.296856559820940902e+01
1.008750000000000000e+09,-6.464230247076112335e+01,-7.297712101878894941e+01
1.008755000000000000e+09,-6.465789038470479966e+01,-7.298566771755619698e+01
1.008760000000000000e+09,-6.467337999721657127e+01,-7.299420572161616860e+01
1.008765000000000000e+09,-6.468877161682917176e+01,-7.300273505794824302e+01
1.008770000000000000e+09,-6.470406554933748566e+01,-7.301125575340675766e+01
1.008775000000000000e+09,-6.471926209782489536e+01,-7.301976783472228760e+01
1.008780000000000000e+09,-6.473436156269002595e+01,-7.302827132850278247e+01
1.008785000000000000e+09,-6.474936424166925519e+01,-7.303676626123261428e+01
1.008790000000000000e+09,-6.476427042986826166e+01,-7.304525265927526334e+01
1.008795000000000000e+09,-6.477908041978130882e+01,-7.305373054887370188e+01
1.008800000000000000e+09,-6.479379450131673934e+01,-7.306219995614929985e+01
1.008805000000000000e+09,-6.480841296182397571e+01,-7.307066090710533501e+01
1.008810000000000000e+09,-6.482293608611531965e+01,-7.307911342762614026e+01
1.008815000000000000e+09,-6.483736415649016749e+01,-7.308755754347758682e+01
1.008820000000000000e+09,-6.485169745275830167e+01,-7.309599328030853371e+01
1.008825000000000000e+09,-6.486593625226272763e+01,-7.310442066365138203e+01
1.008830000000000000e+09,-6.488008082990253911e+01,-7.311283971892316913e+01
1.008835000000000000e+09,-6.489413145815549910e+01,-7.312125047142470180e+01
1.008840000000000000e+09,-6.490808840709971150e+01,-7.312965294634328473e+01
1.008845000000000000e+09,-6.492195194443621631e+01,-7.313804716875259260e+01
1.008850000000000000e+09,-6.493572233550823114e+01,-7.314643316361259906e+01
1.008855000000000000e+09,-6.494939984332575023e+01,-7.315481095577132464e+01
1.008860000000000000e+09,-6.496298472858403272e+01,-7.316318056996556152e+01
1.008865000000000000e+09,-6.497647724968524585e+01,-7.317154203082019137e+01
1.008870000000000000e+09,-6.498987766275833167e+01,-7.317989536285060126e+01
1.008875000000000000e+09,-6.500318622167938543e+01,-7.318824059046208674e+01
1.008880000000000000e+09,-6.501640317809145131e+01,-7.319657773795161404e+01
1.008885000000000000e+09,-6.502952878142417603e+01,-7.320490682950666894e+01
1.008890000000000000e+09,-6.504256327891292244e+01,-7.321322788920812741e+01
1.008895000000000000e+09,-6.505550691561849419e+01,-7.322154094102972977e+01
1.008900000000000000e+09,-6.506835993444374822e+01,-7.322984600883808071e+01
1.008905000000000000e+09,-6.508112257615491103e+01,-7.323814311639470986e+01
1.008910000000000000e+09,-6.509379507940025178e+01,-7.324643228735621392e+01
1.008915000000000000e+09,-6.510637768072355414e+01,-7.325471354527378764e+01
1.008920000000000000e+09,-6.511887061458702419e+01,-7.326298691359569659e+01
1.008925000000000000e+09,-6.513127411338639661e+01,-7.327125241566677971e+01
1.008930000000000000e+09,-6.514358840746886870e+01,-7.327951007472864831e+01
1.008935000000000000e+09,-6.515581372514996872e+01,-7.328775991392167555e+01
1.008940000000000000e+09,-6.516795029273079365e+01,-7.329600195628412962e+01
1.008945000000000000e+09,-6.517999833451482061e+01,-7.330423622475433376e+01
1.008950000000000000e+09,-6.519195807282227406e+01,-7.331246274216931624e+01
1.008955000000000000e+09,-6.520382972801095889e+01,-7.332068153126728305e+01
1.008960000000000000e+09,-6.521561351848809807e+01,-7.332889261468741893e+01
1.008965000000000000e+09,-6.522730966072656145e+01,-7.333709601496957475e+01
1.008970000000000000e+09,-6.523891836928281407e+01,-7.334529175455664074e+01
1.008975000000000000e+09,-6.525043985681057279e+01,-7.335347985579407748e+01
1.008980000000000000e+09,-6.526187433407633876e+01,-7.336166034093008648e+01
1.008985000000000000e+09,-6.527322200997443247e+01,-7.336983323211696018e+01
1.008990000000000000e+09,-6.528448309154182994e+01,-7.337799855141176408e+01
1.008995000000000000e+09,-6.529565778397271458e+01,-7.338615632077629414e+01
1.009000000000000000e+09,-6.530674629063295811e+01,-7.339430656207741777e+01
1.009005000000000000e+09,-6.531774881307433134e+01,-7.340244929708859445e+01
1.009010000000000000e+09,-6.532866555104894246e+01,-7.341058454748969098e+01
1.009015000000000000e+09,-6.533949670252131625e+01,-7.341871233486757831e+01
1.009020000000000000e+09,-6.535024246368435286e+01,-7.342683268071708369e+01
1.009025000000000000e+09,-6.536090302897318338e+01,-7.343494560644124647e+01
1.009030000000000000e+09,-6.537147859107464853e+01,-7.344305113335137492e+01
1.009035000000000000e+09,-6.538196934094459323e+01,-7.345114928266853838e+01
1.009040000000000000e+09,-6.539237546781882315e+01,-7.345924007552368096e+01
1.009045000000000000e+09,-6.540269715922637772e+01,-7.346732353295760731e+01
1.009050000000000000e+09,-6.541293460100204982e+01,-7.347539967592203425e+01
1.009055000000000000e+09,-6.542308797729874925e+01,-7.348346852528044337e+01
1.009060000000000000e+09,-6.543315747060042042e+01,-7.349153010180815215e+01
1.009065000000000000e+09,-6.544314326173208940e+01,-7.349958442619177390e+01
1.009070000000000000e+09,-6.545304552987576585e+01,-7.350763151903225889e+01
1.009075000000000000e+09,-6.546286445257871378e+01,-7.351567140084307539e+01
1.009080000000000000e+09,-6.547260020576547390e+01,-7.352370409205137491e+01
1.009085000000000000e+09,-6.548225296375149185e+01,-7.353172961299921440e+01
1.009090000000000000e+09,-6.549182289925256839e+01,-7.353974798394344248e+01
1.009095000000000000e+09,-6.550131018339692446e+01,-7.354775922505538688e+01
1.009100000000000000e+09,-6.551071498573574559e+01,-7.355576335642317076e+01
1.009105000000000000e+09,-6.552003747425482061e+01,-7.356376039805090272e+01
1.009110000000000000e+09,-6.552927781538319607e+01,-7.357175036985873362e+01
1.009115000000000000e+09,-6.553843617400774235e+01,-7.357973329168504506e+01
1.009120000000000000e+09,-6.554751271347973329e+01,-7.358770918328529831e+01
1.009125000000000000e+09,-6.555650759562736596e+01,-7.359567806433332748e+01
1.009130000000000000e+09,-6.556542098076432978e+01,-7.360363995442121166e+01
1.009135000000000000e+09,-6.557425302770182896e+01,-7.361159487306042593e+01
1.009140000000000000e+09,-6.558300389375710893e+01,-7.361954283968213986e+01
1.009145000000000000e+09,-6.559167373476378771e+01,-7.362748387363679115e+01
1.009150000000000000e+09,-6.560026270508114976e+01,-7.363541799419574829e+01
1.009155000000000000e+09,-6.560877095760395150e+01,-7.364334522055141008e+01
1.009160000000000000e+09,-6.561719864377182887e+01,-7.365126557181662292e+01
1.009165000000000000e+09,-6.562554591357826439e+01,-7.365917906702671303e+01
1.009170000000000000e+09,-6.563381291558003738e+01,-7.366708572513917375e+01
1.009175000000000000e+09,-6.564199979690640419e+01,-7.367498556503396401e+01
1.009180000000000000e+09,-6.565010670326675779e+01,-7.368287860551343726e+01
1.009185000000000000e+09,-6.565813377896087388e+01,-7.369076486530448733e+01
1.009190000000000000e+09,-6.566608116688817631e+01,-7.369864436305715572e+01
1.009195000000000000e+09,-6.567394900855305195e+01,-7.370651711734591061e+01
1.009200000000000000e+09,-6.568173744407657466e+01,-7.371438314666997371e+01
1.009205000000000000e+09,-6.568944661220312753e+01,-7.372224246945424397e+01
1.009210000000000000e+09,-6.569707665030929888e+01,-7.373009510404781963e+01
1.009215000000000000e+09,-6.570462769441128614e+01,-7.373794106872703935e+01
1.009220000000000000e+09,-6.571209987917362128e+01,-7.374578038169428851e+01
1.009225000000000000e+09,-6.571949333791535253e+01,-7.375361306107802761e+01
1.009230000000000000e+09,-6.572680820262078782e+01,-7.376143912493478183e+01
1.009235000000000000e+09,-6.573404460394405646e+01,-7.376925859124811780e+01
1.009240000000000000e+09,-6.574120267121844563e+01,-7.377707147793006470e+01
1.009245000000000000e+09,-6.574828253246245424e+01,-7.378487780282006270e+01
1.009250000000000000e+09,-6.575528431438853261e+01,-7.379267758368706609e+01
1.009255000000000000e+09,-6.576220814240937784e+01,-7.380047083822928755e+01
1.009260000000000000e+09,-6.576905414064525246e+01,-7.380825758407348758e+01
1.009265000000000000e+09,-6.577582243193084821e+01,-7.381603783877736191e+01
1.009270000000000000e+09,-6.578251313782223519e+01,-7.382381161982856099e+01
1.009275000000000000e+09,-6.578912637860375412e+01,-7.383157894464473259e+01
1.009280000000000000e+09,-6.579566227329448225e+01,-7.383933983057551131e+01
1.009285000000000000e+09,-6.580212093965512565e+01,-7.384709429490159494e+01
1.009290000000000000e+09,-6.580850249419361830e+01,-7.385484235483490068e+01
1.009295000000000000e+09,-6.581480705217282434e+01,-7.386258402752031316e+01
1.009300000000000000e+09,-6.582103472761569662e+01,-7.387031933003460438e+01
1.009305000000000000e+09,-6.582718563331296480e+01,-7.387804827938798269e+01
1.009310000000000000e+09,-6.583325988082670222e+01,-7.388577089252309804e+01
1.009315000000000000e+09,-6.583925758049875299e+01,-7.389348718631669044e+01
1.009320000000000000e+09,-6.584517884145544997e+01,-7.390119717757960416e+01
1.009325000000000000e+09,-6.585102377161382492e+01,-7.390890088305637562e+01
1.009330000000000000e+09,-6.585679247768699440e+01,-7.391659831942655501e+01
1.009335000000000000e+09,-6.586248506519039836e+01,-7.392428950330497628e+01
1.009340000000000000e+09,-6.586810163844620547e+01,-7.393197445124089029e+01
1.009345000000000000e+09,-6.587364230058989278e+01,-7.393965317972009643e+01
1.009350000000000000e+09,-6.587910715357584479e+01,-7.394732570516393366e+01
1.009355000000000000e+09,-6.588449629818140352e+01,-7.395499204393055948e+01
1.009360000000000000e+09,-6.588980983401239655e+01,-7.396265221231389830e+01
1.009365000000000000e+09,-6.589504785950902033e+01,-7.397030622654594367e+01
1.009370000000000000e+09,-6.590021047195031656e+01,-7.397795410279559292e+01
1.009375000000000000e+09,-6.590529776745918866e+01,-7.398559585716911613e+01
1.009380000000000000e+09,-6.591030984100710555e+01,-7.399323150571125041e+01
1.009385000000000000e+09,-6.591524678641933122e+01,-7.400086106440511458e+01
1.009390000000000000e+09,-6.592010869637852011e+01,-7.400848454917183972e+01
1.009395000000000000e+09,-6.592489566243122567e+01,-7.401610197587234552e+01
1.009400000000000000e+09,-6.592960777499079938e+01,-7.402371336030651605e+01
1.009405000000000000e+09,-6.593424512334196663e+01,-7.403131871821354082e+01
1.009410000000000000e+09,-6.593880779564617001e+01,-7.403891806527289532e+01
1.009415000000000000e+09,-6.594329587894483780e+01,-7.404651141710442630e+01
1.009420000000000000e+09,-6.594770945916495464e+01,-7.405409878926840861e+01
1.009425000000000000e+09,-6.595204862112105104e+01,-7.406168019726555940e+01
1.009430000000000000e+09,-6.595631344852127143e+01,-7.406925565653827448e+01
1.009435000000000000e+09,-6.596050402397037260e+01,-7.407682518247067094e+01
1.009440000000000000e+09,-6.596462042897397282e+01,-7.408438879038760660e+01
1.009445000000000000e+09,-6.596866274394213292e+01,-7.409194649555708168e+01
1.009450000000000000e+09,-6.597263104819336377e+01,-7.409949831318920133e+01
1.009455000000000000e+09,-6.597652541995785214e+01,-7.410704425843616150e+01
1.009460000000000000e+09,-6.598034593638162448e+01,-7.411458434639396842e+01
1.009465000000000000e+09,-6.598409267353028440e+01,-7.412211859210158593e+01
1.009470000000000000e+09,-6.598776570639120109e+01,-7.412964701054110606e+01
1.009475000000000000e+09,-6.599136510887834106e+01,-7.413716961663901373e+01
1.009480000000000000e+09,-6.599489095383474080e+01,-7.414468642526584574e+01
1.009485000000000000e+09,-6.599834331303604529e+01,-7.415219745123663131e+01
1.009490000000000000e+09,-6.600172225719373387e+01,-7.415970270931060782e+01
1.009495000000000000e+09,-6.600502785595800503e+01,-7.416720221419249981e+01
1.009500000000000000e+09,-6.600826017792107336e+01,-7.417469598053217794e+01
1.009505000000000000e+09,-6.601141929061948588e+01,-7.418218402292497160e+01
1.009510000000000000e+09,-6.601450526053832846e+01,-7.418966635591210945e+01
1.009515000000000000e+09,-6.601751815311277483e+01,-7.419714299398114576e+01
1.009520000000000000e+09,-6.602045803273118452e+01,-7.420461395156539197e+01
1.009525000000000000e+09,-6.602332496273814400e+01,-7.421207924304538039e+01
1.009530000000000000e+09,-6.602611900543685408e+01,-7.421953888274839528e+01
1.009535000000000000e+09,-6.602884022209153159e+01,-7.422699288494921177e+01
1.009540000000000000e+09,-6.603148867293032254e+01,-7.423444126386908692e+01
1.009545000000000000e+09,-6.603406441714722064e+01,-7.424188403367810452e+01
1.009550000000000000e+09,-6.603656751290463944e+01,-7.424932120849388184e+01
1.009555000000000000e+09,-6.603899801733592767e+01,-7.425675280238193920e+01
1.009560000000000000e+09,-6.604135598654715977e+01,-7.426417882935695047e+01
1.009565000000000000e+09,-6.604364147561965126e+01,-7.427159930338196148e+01
1.009570000000000000e+09,-6.604585453861170663e+01,-7.427901423836905792e+01
1.009575000000000000e+09,-6.604799522856102101e+01,-7.428642364817959276e+01
1.009580000000000000e+09,-6.605006359748637124e+01,-7.429382754662472621e+01
1.009585000000000000e+09,-6.605205969638967645e+01,-7.430122594746489995e+01
1.009590000000000000e+09,-6.605398357525766073e+01,-7.430861886441100239e+01
1.009595000000000000e+09,-6.605583528306374319e+01,-7.431600631112402766e+01
1.009600000000000000e+09,-6.605761486776970060e+01,-7.432338830121581452e+01
1.009605000000000000e+09,-6.605932237632738691e+01,-7.433076484824822217e+01
1.009610000000000000e+09,-6.606095785468014014e+01,-7.433813596573480709e+01
1.009615000000000000e+09,-6.606252134776451612e+01,-7.434550166714041097e+01
1.009620000000000000e+09,-6.606401289951146794e+01,-7.435286196588070595e+01
1.009625000000000000e+09,-6.606543255284789495e+01,-7.436021687532370095e+01
1.009630000000000000e+09,-6.606678034969824864e+01,-7.436756640878954272e+01
1.009635000000000000e+09,-6.606805633098517205e+01,-7.437491057954976270e+01
1.009640000000000000e+09,-6.606926053663123355e+01,-7.438224940082905334e+01
1.009645000000000000e+09,-6.607039300555970840e+01,-7.438958288580492706e+01
1.009650000000000000e+09,-6.607145377569609934e+01,-7.439691104760694884e+01
1.009655000000000000e+09,-6.607244288396864818e+01,-7.440423389931859788e+01
1.009660000000000000e+09,-6.607336036630960052e+01,-7.441155145397654280e+01
1.009665000000000000e+09,-6.607420625765597322e+01,-7.441886372457113907e+01
1.009670000000000000e+09,-6.607498059195060591e+01,-7.442617072404617318e+01
1.009675000000000000e+09,-6.607568340214263003e+01,-7.443347246529980055e+01
1.009680000000000000e+09,-6.607631472018832142e+01,-7.444076896118474451e+01
1.009685000000000000e+09,-6.607687457705178247e+01,-7.444806022450754313e+01
1.009690000000000000e+09,-6.607736300270556740e+01,-7.445534626802989919e+01
1.009695000000000000e+09,-6.607778002613096646e+01,-7.446262710446875133e+01
1.009700000000000000e+09,-6.607812567531890124e+01,-7.446990274649537866e+01
1.009705000000000000e+09,-6.607839997726992465e+01,-7.447717320673704933e+01
1.009710000000000000e+09,-6.607860295799477512e+01,-7.448443849777673620e+01
1.009715000000000000e+09,-6.607873464251457563e+01,-7.449169863215300325e+01
1.009720000000000000e+09,-6.607879505486124572e+01,-7.449895362236003393e+01
1.009725000000000000e+09,-6.607878421807745895e+01,-7.450620348084889599e+01
1.009730000000000000e+09,-6.607870215421672810e+01,-7.451344822002711510e+01
1.009735000000000000e+09,-6.607854888434376051e+01,-7.452068785225812064e+01
1.009740000000000000e+09,-6.607832442853414534e+01,-7.452792238986293683e+01
1.009745000000000000e+09,-6.607802880587431105e+01,-7.453515184511965685e+01
1.009750000000000000e+09,-6.607766203446153952e+01,-7.454237623026311610e+01
1.009755000000000000e+09,-6.607722413140371032e+01,-7.454959555748604316e+01
1.009760000000000000e+09,-6.607671511281895960e+01,-7.455680983893907410e+01
1.009765000000000000e+09,-6.607613499383555222e+01,-7.456401908672991397e+01
1.009770000000000000e+09,-6.607548378859128491e+01,-7.457122331292524109e+01
1.009775000000000000e+09,-6.607476151023325883e+01,-7.457842252954947071e+01
1.009780000000000000e+09,-6.607396817091715491e+01,-7.458561674858613344e+01
1.009785000000000000e+09,-6.607310378180714849e+01,-7.459280598197641154e+01
1.009790000000000000e+09,-6.607216835307455938e+01,-7.459999024162135584e+01
1.009795000000000000e+09,-6.607116189389779493e+01,-7.460716953938080565e+01
1.009800000000000000e+09,-6.607008441246156849e+01,-7.461434388707348830e+01
1.009805000000000000e+09,-6.606893591595567727e+01,-7.462151329647804232e+01
1.009810000000000000e+09,-6.606771641057454758e+01,-7.462867777933286106e+01
1.009815000000000000e+09,-6.606642590151625427e+01,-7.463583734733543906e+01
1.009820000000000000e+09,-6.606506439298138389e+01,-7.464299201214421942e+01
1.009825000000000000e+09,-6.606363188817196885e+01,-7.465014178537755640e+01
1.009830000000000000e+09,-6.606212838929104691e+01,-7.465728667861378653e+01
1.009835000000000000e+09,-6.606055389754034479e+01,-7.466442670339225174e+01
1.009840000000000000e+09,-6.605890841312000816e+01,-7.467156187121328514e+01
1.009845000000000000e+09,-6.605719193522689636e+01,-7.467869219353778476e+01
1.009850000000000000e+09,-6.605540446205358762e+01,-7.468581768178781033e+01
1.009855000000000000e+09,-6.605354599078650324e+01,-7.469293834734702386e+01
1.009860000000000000e+09,-6.605161651760447228e+01,-7.470005420156059017e+01
1.009865000000000000e+09,-6.604961603767796419e+01,-7.470716525573492106e+01
1.009870000000000000e+09,-6.604754454516645978e+01,-7.471427152113879799e+01
1.009875000000000000e+09,-6.604540203321744229e+01,-7.472137300900294576e+01
1.009880000000000000e+09,-6.604318849396450730e+01,-7.472846973052003250e+01
1.009885000000000000e+09,-6.604090391852564323e+01,-7.473556169684536599e+01
1.009890000000000000e+09,-6.603854829700107132e+01,-7.474264891909717790e+01
1.009895000000000000e+09,-6.603612161847209450e+01,-7.474973140835552954e+01
1.009900000000000000e+09,-6.603362387099836894e+01,-7.475680917566405981e+01
1.009905000000000000e+09,-6.603105504161591455e+01,-7.476388223202961569e+01
1.009910000000000000e+09,-6.602841511633543803e+01,-7.477095058842215280e+01
1.009915000000000000e+09,-6.602570408014028658e+01,-7.477801425577445116e+01
1.009920000000000000e+09,-6.602292191698356305e+01,-7.478507324498393416e+01
1.009925000000000000e+09,-6.602006860978625014e+01,-7.479212756691114805e+01
1.009930000000000000e+09,-6.601714414043490819e+01,-7.479917723238051508e+01
1.009935000000000000e+09,-6.601414848977910310e+01,-7.480622225218085930e+01
1.009940000000000000e+09,-6.601108163762873460e+01,-7.481326263706534974e+01
1.009945000000000000e+09,-6.600794356275247310e+01,-7.482029839775101721e+01
1.009950000000000000e+09,-6.600473424287339697e+01,-7.482732954492011856e+01
1.009955000000000000e+09,-6.600145365466794090e+01,-7.483435608921918458e+01
1.009960000000000000e+09,-6.599810177376214426e+01,-7.484137804126031313e+01
1.009965000000000000e+09,-6.599467857472974686e+01,-7.484839541161980492e+01
1.009970000000000000e+09,-6.599118403108823827e+01,-7.485540821083965568e+01
1.009975000000000000e+09,-6.598761811529654153e+01,-7.486241644942755613e+01
1.009980000000000000e+09,-6.598398079875198619e+01,-7.486942013785605354e+01
1.009985000000000000e+09,-6.598027205178696875e+01,-7.487641928656384493e+01
1.009990000000000000e+09,-6.597649184366601105e+01,-7.488341390595564917e+01
1.009995000000000000e+09,-6.597264014258246334e+01,-7.489040400640162432e+01
1.010000000000000000e+09,-6.596871691565510787e+01,-7.489738959823846187e+01
1.010005000000000000e+09,-6.596472212892474829e+01,-7.490437069176942941e+01
1.010010000000000000e+09,-6.596065574735146697e+01,-7.491134729726346109e+01
1.010015000000000000e+09,-6.595651773480992119e+01,-7.491831942495701924e+01
1.010020000000000000e+09,-6.595230805408675678e+01,-7.492528708505290069e+01
1.010025000000000000e+09,-6.594802666687591852e+01,-7.493225028772084784e+01
1.010030000000000000e+09,-6.594367353377664642e+01,-7.493920904309744913e+01
1.010035000000000000e+09,-6.593924861428780559e+01,-7.494616336128710543e+01
1.010040000000000000e+09,-6.593475186680510092e+01,-7.495311325236109212e+01
1.010045000000000000e+09,-6.593018324861685642e+01,-7.496005872635825540e+01
1.010050000000000000e+09,-6.592554271589983728e+01,-7.496699979328522545e+01
1.010055000000000000e+09,-6.592083022371519974e+01,-7.497393646311657278e+01
1.010060000000000000e+09,-6.591604572600508050e+01,-7.498086874579435346e+01
1.010065000000000000e+09,-6.591118917558715395e+01,-7.498779665122906124e+01
1.010070000000000000e+09,-6.590626052415028369e+01,-7.499472018929955652e+01
1.010075000000000000e+09,-6.590125972225189344e+01,-7.500163936985259738e+01
1.010080000000000000e+09,-6.589618671931145855e+01,-7.500855420270367802e+01
1.010085000000000000e+09,-6.589104146360686798e+01,-7.501546469763722769e+01
1.010090000000000000e+09,-6.588582390226973473e+01,-7.502237086440636915e+01
1.010095000000000000e+09,-6.588053398128064941e+01,-7.502927271273242127e+01
1.010100000000000000e+09,-6.587517164546423487e+01,-7.503617025230673221e+01
1.010105000000000000e+09,-6.586973683848442818e+01,-7.504306349278957100e+01
1.010110000000000000e+09,-6.586422950283944999e+01,-7.504995244381008490e+01
1.010115000000000000e+09,-6.585864957985678814e+01,-7.505683711496746469e+01
1.010120000000000000e+09,-6.585299700968774061e+01,-7.506371751583044727e+01
1.010125000000000000e+09,-6.584727173130330868e+01,-7.507059365593707412e+01
1.010130000000000000e+09,-6.584147368248740406e+01,-7.507746554479558654e+01
1.010135000000000000e+09,-6.583560279983258567e+01,-7.508433319188428356e+01
1.010140000000000000e+09,-6.582965901873313896e+01,-7.509119660665150775e+01
1.010145000000000000e+09,-6.582364227338223372e+01,-7.509805579851584412e+01
1.010150000000000000e+09,-6.581755249676346864e+01,-7.510491077686612016e+01
1.010155000000000000e+09,-6.581138962064655118e+01,-7.511176155106230112e+01
1.010160000000000000e+09,-6.580515357558128642e+01,-7.511860813043404050e+01
1.010165000000000000e+09,-6.579884429089146636e+01,-7.512545052428255588e+01
1.010170000000000000e+09,-6.579246169466884453e+01,-7.513228874187988993e+01
1.010175000000000000e+09,-6.578600571376799167e+01,-7.513912279246858361e+01
1.010180000000000000e+09,-6.577947627379872131e+01,-7.514595268526286986e+01
1.010185000000000000e+09,-6.577287329911962388e+01,-7.515277842944837516e+01
1.010190000000000000e+09,-6.576619671283418711e+01,-7.515960003418128110e+01
1.010195000000000000e+09,-6.575944643678144530e+01,-7.516641750859035653e+01
1.010200000000000000e+09,-6.575262239153092025e+01,-7.517323086177546543e+01
1.010205000000000000e+09,-6.574572449637565796e+01,-7.518004010280841953e+01
1.010210000000000000e+09,-6.573875266932546424e+01,-7.518684524073255204e+01
1.010215000000000000e+09,-6.573170682710002666e+01,-7.519364628456375499e+01
1.010220000000000000e+09,-6.572458688512165281e+01,-7.520044324328998187e+01
1.010225000000000000e+09,-6.571739275750988440e+01,-7.520723612587084972e+01
1.010230000000000000e+09,-6.571012435707105226e+01,-7.521402494123913129e+01
1.010235000000000000e+09,-6.570278159529385675e+01,-7.522080969829987396e+01
1.010240000000000000e+09,-6.569536438234193554e+01,-7.522759040593031443e+01
1.010245000000000000e+09,-6.568787262704444174e+01,-7.523436707298090198e+01
1.010250000000000000e+09,-6.568030623688996172e+01,-7.524113970827497155e+01
1.010255000000000000e+09,-6.567266511801859963e+01,-7.524790832060830326e+01
1.010260000000000000e+09,-6.566494917521390562e+01,-7.525467291875015974e+01
1.010265000000000000e+09,-6.565715831189524465e+01,-7.526143351144311566e+01
1.010270000000000000e+09,-6.564929243010959681e+01,-7.526819010740310034e+01
1.010275000000000000e+09,-6.564135143052362764e+01,-7.527494271531850245e+01
1.010280000000000000e+09,-6.563333521241526114e+01,-7.528169134385257166e+01
1.010285000000000000e+09,-6.562524367366508216e+01,-7.528843600164162808e+01
1.010290000000000000e+09,-6.561707671074928783e+01,-7.529517669729540330e+01
1.010295000000000000e+09,-6.560883421872932786e+01,-7.530191343939799253e+01
1.010300000000000000e+09,-6.560051609124282379e+01,-7.530864623650752776e+01
1.010305000000000000e+09,-6.559212222049796992e+01,-7.531537509715570877e+01
1.010310000000000000e+09,-6.558365249726104196e+01,-7.532210002984898267e+01
1.010315000000000000e+09,-6.557510681084912108e+01,-7.532882104306776228e+01
1.010320000000000000e+09,-6.556648504912048736e+01,-7.533553814526720771e+01
1.010325000000000000e+09,-6.555778709846546803e+01,-7.534225134487645903e+01
1.010330000000000000e+09,-6.554901284379687354e+01,-7.534896065029971624e+01
1.010335000000000000e+09,-6.554016216853999310e+01,-7.535566606991619665e+01
1.010340000000000000e+09,-6.553123495462502035e+01,-7.536236761207905488e+01
1.010345000000000000e+09,-6.552223108247326877e+01,-7.536906528511720182e+01
1.010350000000000000e+09,-6.551315043099059210e+01,-7.537575909733442359e+01
1.010355000000000000e+09,-6.550399287755715250e+01,-7.538244905700929621e+01
1.010360000000000000e+09,-6.549475829801504290e+01,-7.538913517239609519e+01
1.010365000000000000e+09,-6.548544656665954733e+01,-7.539581745172442595e+01
1.010370000000000000e+09,-6.547605755622834067e+01,-7.540249590319888284e+01
1.010375000000000000e+09,-6.546659113789065998e+01,-7.540917053500027123e+01
1.010380000000000000e+09,-6.545704718123674581e+01,-7.541584135528468380e+01
1.010385000000000000e+09,-6.544742555426672936e+01,-7.542250837218415427e+01
1.010390000000000000e+09,-6.543772612337969008e+01,-7.542917159380634473e+01
1.010395000000000000e+09,-6.542794875336235805e+01,-7.543583102823528463e+01
1.010400000000000000e+09,-6.541809330737734740e+01,-7.544248668353073128e+01
1.010405000000000000e+09,-6.540815964695339346e+01,-7.544913856772862459e+01
1.010410000000000000e+09,-6.539814763197102820e+01,-7.545578668884135709e+01
1.010415000000000000e+09,-6.538805712065251896e+01,-7.546243105485777392e+01
1.010420000000000000e+09,-6.537788796954951920e+01,-7.546907167374273229e+01
1.010425000000000000e+09,-6.536764003353076191e+01,-7.547570855343808205e+01
1.010430000000000000e+09,-6.535731316576989514e+01,-7.548234170186233882e+01
1.010435000000000000e+09,-6.534690721773307587e+01,-7.548897112691021505e+01
1.010440000000000000e+09,-6.533642203916608082e+01,-7.549559683645395580e+01
1.010445000000000000e+09,-6.532585747808181509e+01,-7.550221883834241510e+01
1.010450000000000000e+09,-6.531521338074666971e+01,-7.550883714040169536e+01
1.010455000000000000e+09,-6.530448959166939460e+01,-7.551545175043445113e+01
1.010460000000000000e+09,-6.529368595358532446e+01,-7.552206267622135272e+01
1.010465000000000000e+09,-6.528280230744252322e+01,-7.552866992552000625e+01
1.010470000000000000e+09,-6.527183849239234803e+01,-7.553527350606506729e+01
1.010475000000000000e+09,-6.526079434577077620e+01,-7.554187342556936358e+01
1.010480000000000000e+09,-6.524966970308688019e+01,-7.554846969172318438e+01
1.010485000000000000e+09,-6.523846439800814778e+01,-7.555506231219381164e+01
1.010490000000000000e+09,-6.522717826234595861e+01,-7.556165129462711150e+01
1.010495000000000000e+09,-6.521581112604107489e+01,-7.556823664664653961e+01
1.010500000000000000e+09,-6.520436281714833626e+01,-7.557481837585362427e+01
1.010505000000000000e+09,-6.519283316182429644e+01,-7.558139648982736958e+01
1.010510000000000000e+09,-6.518122198430687320e+01,-7.558797099612569070e+01
1.010515000000000000e+09,-6.516952910690451972e+01,-7.559454190228429127e+01
1.010520000000000000e+09,-6.515775434998028004e+01,-7.560110921581726018e+01
1.010525000000000000e+09,-6.514589753193340016e+01,-7.560767294421685847e+01
1.010530000000000000e+09,-6.513395846918518828e+01,-7.561423309495464196e+01
1.010535000000000000e+09,-6.512193697616271493e+01,-7.562078967547948594e+01
1.010540000000000000e+09,-6.510983286528195890e+01,-7.562734269321977365e+01
1.010545000000000000e+09,-6.509764594693086792e+01,-7.563389215558279943e+01
1.010550000000000000e+09,-6.508537602945514777e+01,-7.564043806995385921e+01
1.010555000000000000e+09,-6.507302291913583758e+01,-7.564698044369770003e+01
1.010560000000000000e+09,-6.506058642017725901e+01,-7.565351928415816474e+01
1.010565000000000000e+09,-6.504806633468635368e+01,-7.566005459865797889e+01
1.010570000000000000e+09,-6.503546246265766229e+01,-7.566658639449882173e+01
1.010575000000000000e+09,-6.502277460195242043e+01,-7.567311467896193733e+01
1.010580000000000000e+09,-6.501000254827991398e+01,-7.567963945930796399e+01
1.010585000000000000e+09,-6.499714609518390773e+01,-7.568616074277647954e+01
1.010590000000000000e+09,-6.498420503401834480e+01,-7.569267853658702450e+01
1.010595000000000000e+09,-6.497117915393111787e+01,-7.569919284793860470e+01
1.010600000000000000e+09,-6.495806824184435868e+01,-7.570570368400957761e+01
1.010605000000000000e+09,-6.494487208243481291e+01,-7.571221105195844814e+01
1.010610000000000000e+09,-6.493159045811358965e+01,-7.571871495892339965e+01
1.010615000000000000e+09,-6.491822314900844049e+01,-7.572521541202218032e+01
1.010620000000000000e+09,-6.490476993294049635e+01,-7.573171241835305523e+01
1.010625000000000000e+09,-6.489123058540380384e+01,-7.573820598499385426e+01
1.010630000000000000e+09,-6.487760487954665223e+01,-7.574469611900322263e+01
1.010635000000000000e+09,-6.486389258615061237e+01,-7.575118282741895825e+01
1.010640000000000000e+09,-6.485009347360606569e+01,-7.575766611726004385e+01
1.010645000000000000e+09,-6.483620730789294839e+01,-7.576414599552568063e+01
1.010650000000000000e+09,-6.482223385255805681e+01,-7.577062246919491884e+01
1.010655000000000000e+09,-6.480817286869284999e+01,-7.577709554522805036e+01
1.010660000000000000e+09,-6.479402411491014391e+01,-7.578356523056578453e+01
1.010665000000000000e+09,-6.477978734732430155e+01,-7.579003153212900656e+01
1.010670000000000000e+09,-6.476546231952200117e+01,-7.579649445681991438e+01
1.010675000000000000e+09,-6.475104878254391849e+01,-7.580295401152146439e+01
1.010680000000000000e+09,-6.473654648486059671e+01,-7.580941020309720102e+01
1.010685000000000000e+09,-6.472195517234497686e+01,-7.581586303839182506e+01
1.010690000000000000e+09,-6.470727458825102474e+01,-7.582231252423105161e+01
1.010695000000000000e+09,-6.469250447318505337e+01,-7.582875866742193693e+01
1.010700000000000000e+09,-6.467764456508700732e+01,-7.583520147475225315e+01
1.010705000000000000e+09,-6.466269459919836038e+01,-7.584164095299122721e+01
1.010710000000000000e+09,-6.464765430803950608e+01,-7.584807710889003829e+01
1.010715000000000000e+09,-6.463252342138295603e+01,-7.585450994918014089e+01
1.010720000000000000e+09,-6.461730166622655247e+01,-7.586093948057519754e+01
1.010725000000000000e+09,-6.460198876676582813e+01,-7.586736570977058136e+01
1.010730000000000000e+09,-6.458658444436947832e+01,-7.587378864344258034e+01
1.010735000000000000e+09,-6.457108841754806861e+01,-7.588020828824971886e+01
1.010740000000000000e+09,-6.455550040192602523e+01,-7.588662465083223196e+01
1.010745000000000000e+09,-6.453982011021571452e+01,-7.589303773781215057e+01
1.010750000000000000e+09,-6.452404725218860904e+01,-7.589944755579318780e+01
1.010755000000000000e+09,-6.450818153464247473e+01,-7.590585411136125060e+01
1.010760000000000000e+09,-6.449222266137438453e+01,-7.591225741108439706e+01
1.010765000000000000e+09,-6.447617033314989499e+01,-7.591865746151243854e+01
1.010770000000000000e+09,-6.446002424767242189e+01,-7.592505426917759337e+01
1.010775000000000000e+09,-6.444378409955147902e+01,-7.593144784059442998e+01
1.010780000000000000e+09,-6.442744958027476798e+01,-7.593783818225946902e+01
1.010785000000000000e+09,-6.441102037816926895e+01,-7.594422530065210708e+01
1.010790000000000000e+09,-6.439449617837512108e+01,-7.595060920223374978e+01
1.010795000000000000e+09,-6.437787666281217014e+01,-7.595698989344852237e+01
1.010800000000000000e+09,-6.436116151014303455e+01,-7.596336738072318440e+01
1.010805000000000000e+09,-6.434435039574231041e+01,-7.596974167046687398e+01
1.010810000000000000e+09,-6.432744299166141388e+01,-7.597611276907204569e+01
1.010815000000000000e+09,-6.431043896659403458e+01,-7.598248068291310631e+01
1.010820000000000000e+09,-6.429333798584066528e+01,-7.598884541834783590e+01
1.010825000000000000e+09,-6.427613971127300374e+01,-7.599520698171700417e+01
1.010830000000000000e+09,-6.425884380129757290e+01,-7.600156537934383039e+01
1.010835000000000000e+09,-6.424144991081894318e+01,-7.600792061753531925e+01
1.010840000000000000e+09,-6.422395769120157638e+01,-7.601427270258091085e+01
1.010845000000000000e+09,-6.420636679023508009e+01,-7.602062164075336170e+01
1.010850000000000000e+09,-6.418867685209104934e+01,-7.602696743830901482e+01
1.010855000000000000e+09,-6.417088751728719842e+01,-7.603331010148733071e+01
1.010860000000000000e+09,-6.415299842264703045e+01,-7.603964963651058895e+01
1.010865000000000000e+09,-6.413500920125956384e+01,-7.604598604958536612e+01
1.010870000000000000e+09,-6.411691948243866079e+01,-7.605231934690121420e+01
1.010875000000000000e+09,-6.409872889168160270e+01,-7.605864953463139955e+01
1.010880000000000000e+09,-6.408043705062716811e+01,-7.606497661893246232e+01
1.010885000000000000e+09,-6.406204357701297170e+01,-7.607130060594502652e+01
1.010890000000000000e+09,-6.404354808463141069e+01,-7.607762150179340210e+01
1.010895000000000000e+09,-6.402495018328906440e+01,-7.608393931258534337e+01
1.010900000000000000e+09,-6.400624947875809312e+01,-7.609025404441258900e+01
1.010905000000000000e+09,-6.398744557273012390e+01,-7.609656570335131676e+01
1.010910000000000000e+09,-6.396853806277781729e+01,-7.610287429546070825e+01
1.010915000000000000e+09,-6.394952654229994948e+01,-7.610917982678469684e+01
1.010920000000000000e+09,-6.393041060047836766e+01,-7.611548230335115761e+01
1.010925000000000000e+09,-6.391118982222903355e+01,-7.612178173117213476e+01
1.010930000000000000e+09,-6.389186378815340106e+01,-7.612807811624337262e+01
1.010935000000000000e+09,-6.387243207448877058e+01,-7.613437146454563731e+01
1.010940000000000000e+09,-6.385289425305728628e+01,-7.614066178204367930e+01
1.010945000000000000e+09,-6.383324989121918236e+01,-7.614694907468643237e+01
1.010950000000000000e+09,-6.381349855181245090e+01,-7.615323334840755365e+01
1.010955000000000000e+09,-6.379363979310781474e+01,-7.615951460912515358e+01
1.010960000000000000e+09,-6.377367316875461256e+01,-7.616579286274169647e+01
1.010965000000000000e+09,-6.375359822772219331e+01,-7.617206811514438414e+01
1.010970000000000000e+09,-6.373341451424821003e+01,-7.617834037220535492e+01
1.010975000000000000e+09,-6.371312156778191849e+01,-7.618460963978081679e+01
1.010980000000000000e+09,-6.369271892292724147e+01,-7.619087592371238316e+01
1.010985000000000000e+09,-6.367220610938512948e+01,-7.619713922982614918e+01
1.010990000000000000e+09,-6.365158265189484865e+01,-7.620339956393345915e+01
1.010995000000000000e+09,-6.363084807017457223e+01,-7.620965693183002543e+01
1.011000000000000000e+09,-6.361000187886073576e+01,-7.621591133929693740e+01
1.011005000000000000e+09,-6.358904358744575802e+01,-7.622216279210056200e+01
1.011010000000000000e+09,-6.356797270021922230e+01,-7.622841129599160581e+01
1.011015000000000000e+09,-6.354678871619988456e+01,-7.623465685670683456e+01
1.011020000000000000e+09,-6.352549112907037454e+01,-7.624089947996787942e+01
1.011025000000000000e+09,-6.350407942711983367e+01,-7.624713917148105224e+01
1.011030000000000000e+09,-6.348255309316833461e+01,-7.625337593693905092e+01
1.011035000000000000e+09,-6.346091160450381352e+01,-7.625960978201929663e+01
1.011040000000000000e+09,-6.343915443281246525e+01,-7.626584071238445972e+01
1.011045000000000000e+09,-6.341728104410883304e+01,-7.627206873368332651e+01
1.011050000000000000e+09,-6.339529089866501721e+01,-7.627829385154970510e+01
1.011055000000000000e+09,-6.337318345093743233e+01,-7.628451607160346271e+01
1.011060000000000000e+09,-6.335095814949841753e+01,-7.629073539944936044e+01
1.011065000000000000e+09,-6.332861443695214376e+01,-7.629695184067854541e+01
1.011070000000000000e+09,-6.330615174986735383e+01,-7.630316540086782595e+01
1.011075000000000000e+09,-6.328356951869967162e+01,-7.630937608557931640e+01
1.011080000000000000e+09,-6.326086716770829810e+01,-7.631558390036138917e+01
1.011085000000000000e+09,-6.323804411488039534e+01,-7.632178885074858954e+01
1.011090000000000000e+09,-6.321509977184931017e+01,-7.632799094226048453e+01
1.011095000000000000e+09,-6.319203354381212279e+01,-7.633419018040351034e+01
1.011100000000000000e+09,-6.316884482944617218e+01,-7.634038657066977862e+01
1.011105000000000000e+09,-6.314553302082394026e+01,-7.634658011853781545e+01
1.011110000000000000e+09,-6.312209750332660008e+01,-7.635277082947153815e+01
1.011115000000000000e+09,-6.309853765555607197e+01,-7.635895870892183268e+01
1.011120000000000000e+09,-6.307485284924447200e+01,-7.636514376232571522e+01
1.011125000000000000e+09,-6.305104244916734757e+01,-7.637132599510604791e+01
1.011130000000000000e+09,-6.302710581304595649e+01,-7.637750541267244841e+01
1.011135000000000000e+09,-6.300304229145208978e+01,-7.638368202042093458e+01
1.011140000000000000e+09,-6.297885122772164834e+01,-7.638985582373356920e+01
1.011145000000000000e+09,-6.295453195784686784e+01,-7.639602682797932687e+01
1.011150000000000000e+09,-6.293008381038242049e+01,-7.640219503851362504e+01
1.011155000000000000e+09,-6.290550610634358009e+01,-7.640836046067823872e+01
1.011160000000000000e+09,-6.288079815910356274e+01,-7.641452309980189739e+01
1.011165000000000000e+09,-6.285595927428921925e+01,-7.642068296119964543e+01
1.011170000000000000e+09,-6.283098874967371472e+01,-7.642684005017385118e+01
1.011175000000000000e+09,-6.280588587507378406e+01,-7.643299437201284263e+01
1.011180000000000000e+09,-6.278064993222904633e+01,-7.643914593199224328e+01
1.011185000000000000e+09,-6.275528019469959418e+01,-7.644529473537487263e+01
1.011190000000000000e+09,-6.272977592775110622e+01,-7.645144078740952409e+01
1.011195000000000000e+09,-6.270413638823335134e+01,-7.645758409333296868e+01
1.011200000000000000e+09,-6.267836082446645207e+01,-7.646372465836839183e+01
1.011205000000000000e+09,-6.265244847611963053e+01,-7.646986248772594763e+01
1.011210000000000000e+09,-6.262639857408873922e+01,-7.647599758660332725e+01
1.011215000000000000e+09,-6.260021034037060872e+01,-7.648212996018516208e+01
1.011220000000000000e+09,-6.257388298794180059e+01,-7.648825961364296688e+01
1.011225000000000000e+09,-6.254741572061810473e+01,-7.649438655213587879e+01
1.011230000000000000e+09,-6.252080773293422311e+01,-7.650051078081034461e+01
1.011235000000000000e+09,-6.249405821000312500e+01,-7.650663230479990773e+01
1.011240000000000000e+09,-6.246716632738515784e+01,-7.651275112922539279e+01
1.011245000000000000e+09,-6.244013125094230077e+01,-7.651886725919534626e+01
1.011250000000000000e+09,-6.241295213670105824e+01,-7.652498069980565276e+01
1.011255000000000000e+09,-6.238562813070726065e+01,-7.653109145613936448e+01
1.011260000000000000e+09,-6.235815836887893227e+01,-7.653719953326755387e+01
1.011265000000000000e+09,-6.233054197685678588e+01,-7.654330493624880205e+01
1.011270000000000000e+09,-6.230277806985167643e+01,-7.654940767012891456e+01
1.011275000000000000e+09,-6.227486575248910583e+01,-7.655550773994173142e+01
1.011280000000000000e+09,-6.224680411865101348e+01,-7.656160515070871497e+01
1.011285000000000000e+09,-6.221859225131306914e+01,-7.656769990743933363e+01
1.011290000000000000e+09,-6.219022922238512763e+01,-7.657379201513010969e+01
1.011295000000000000e+09,-6.216171409253750824e+01,-7.657988147876621099e+01
1.011300000000000000e+09,-6.213304591102890839e+01,-7.658596830332052718e+01
1.011305000000000000e+09,-6.210422371554322041e+01,-7.659205249375314395e+01
1.011310000000000000e+09,-6.207524653199970999e+01,-7.659813405501313355e+01
1.011315000000000000e+09,-6.204611337437808061e+01,-7.660421299203707690e+01
1.011320000000000000e+09,-6.201682324453281581e+01,-7.661028930974947571e+01
1.011325000000000000e+09,-6.198737513200483562e+01,-7.661636301306306507e+01
1.011330000000000000e+09,-6.195776801382827159e+01,-7.662243410687902667e+01
1.011335000000000000e+09,-6.192800085433992763e+01,-7.662850259608602244e+01
1.011340000000000000e+09,-6.189807260497324393e+01,-7.663456848556143086e+01
1.011345000000000000e+09,-6.186798220405466964e+01,-7.664063178017084965e+01
1.011350000000000000e+09,-6.183772857660101607e+01,-7.664669248476818098e+01
1.011355000000000000e+09,-6.180731063410767945e+01,-7.665275060419526199e+01
1.011360000000000000e+09,-6.177672727432600652e+01,-7.665880614328268905e+01
1.011365000000000000e+09,-6.174597738104780120e+01,-7.666485910684957616e+01
1.011370000000000000e+09,-6.171505982387913036e+01,-7.667090949970301494e+01
1.011375000000000000e+09,-6.168397345801051301e+01,-7.667695732663879937e+01
1.011380000000000000e+09,-6.165271712398129722e+01,-7.668300259244173844e+01
1.011385000000000000e+09,-6.162128964744709236e+01,-7.668904530188419244e+01
1.011390000000000000e+09,-6.158968983892221871e+01,-7.669508545972801983e+01
1.011395000000000000e+09,-6.155791649354250694e+01,-7.670112307072356828e+01
1.011400000000000000e+09,-6.152596839080953828e+01,-7.670715813960924834e+01
1.011405000000000000e+09,-6.149384429432406307e+01,-7.671319067111295453e+01
1.011410000000000000e+09,-6.146154295152759062e+01,-7.671922066995099954e+01
1.011415000000000000e+09,-6.142906309342312454e+01,-7.672524814082855471e+01
1.011420000000000000e+09,-6.139640343431252489e+01,-7.673127308843943695e+01
1.011425000000000000e+09,-6.136356267149998445e+01,-7.673729551746666289e+01
1.011430000000000000e+09,-6.133053948501051877e+01,-7.674331543258192312e+01
1.011435000000000000e+09,-6.129733253729370546e+01,-7.674933283844586640e+01
1.011440000000000000e+09,-6.126394047292254896e+01,-7.675534773970821334e+01
1.011445000000000000e+09,-6.123036191828438746e+01,-7.676136014100782745e+01
1.011450000000000000e+09,-6.119659548127223303e+01,-7.676737004697217515e+01
1.011455000000000000e+09,-6.116263975095633043e+01,-7.677337746221826364e+01
1.011460000000000000e+09,-6.112849329725585079e+01,-7.677938239135218623e+01
1.011465000000000000e+09,-6.109415467060899374e+01,-7.678538483896912226e+01
1.011470000000000000e+09,-6.105962240163017185e+01,-7.679138480965312397e+01
1.011475000000000000e+09,-6.102489500075194684e+01,-7.679738230797808285e+01
1.011480000000000000e+09,-6.098997095787243694e+01,-7.680337733850699067e+01
1.011485000000000000e+09,-6.095484874198731973e+01,-7.680936990579149892e+01
1.011490000000000000e+09,-6.091952680081501370e+01,-7.681536001437359573e+01
1.011495000000000000e+09,-6.088400356041183414e+01,-7.682134766878427001e+01
1.011500000000000000e+09,-6.084827742478765344e+01,-7.682733287354351148e+01
1.011505000000000000e+09,-6.081234677548963674e+01,-7.683331563316123436e+01
1.011510000000000000e+09,-6.077620997120569513e+01,-7.683929595213692210e+01
1.011515000000000000e+09,-6.073986534734342513e+01,-7.684527383495907316e+01
1.011520000000000000e+09,-6.070331121559298282e+01,-7.685124928610622419e+01
1.011525000000000000e+09,-6.066654586349539358e+01,-7.685722231004616845e+01
1.011530000000000000e+09,-6.062956755398352016e+01,-7.686319291123693631e+01
1.011535000000000000e+09,-6.059237452493746900e+01,-7.686916109412513265e+01
1.011540000000000000e+09,-6.055496498869781874e+01,-7.687512686314795474e+01
1.011545000000000000e+09,-6.051733713159114814e+01,-7.688109022273229698e+01
1.011550000000000000e+09,-6.047948911343466705e+01,-7.688705117729423932e+01
1.011555000000000000e+09,-6.044141906703066525e+01,-7.689300973124007044e+01
1.011560000000000000e+09,-6.040312509764695648e+01,-7.689896588896613139e+01
1.011565000000000000e+09,-6.036460528249324398e+01,-7.690491965485796300e+01
1.011570000000000000e+09,-6.032585767016968248e+01,-7.691087103329155639e+01
1.011575000000000000e+09,-6.028688028010874689e+01,-7.691682002863272771e+01
1.011580000000000000e+09,-6.024767110201995024e+01,-7.692276664523689078e+01
1.011585000000000000e+09,-6.020822809528922903e+01,-7.692871088745000918e+01
1.011590000000000000e+09,-6.016854918838848221e+01,-7.693465275960770100e+01
1.011595000000000000e+09,-6.012863227826041879e+01,-7.694059226603593515e+01
1.011600000000000000e+09,-6.008847522968967780e+01,-7.694652941105034927e+01
1.011605000000000000e+09,-6.004807587465806762e+01,-7.695246419895698864e+01
1.011610000000000000e+09,-6.000743201168184271e+01,-7.695839663405220676e+01
1.011615000000000000e+09,-5.996654140514255715e+01,-7.696432672062212532e+01
1.011620000000000000e+09,-5.992540178457468159e+01,-7.697025446294354367e+01
1.011625000000000000e+09,-5.988401084396819130e+01,-7.697617986528318568e+01
1.011630000000000000e+09,-5.984236624103560587e+01,-7.698210293189808340e+01
1.011635000000000000e+09,-5.980046559645293769e+01,-7.698802366703580446e+01
1.011640000000000000e+09,-5.975830649309684617e+01,-7.699394207493422471e+01
1.011645000000000000e+09,-5.971588647525291549e+01,-7.699985815982125814e+01
1.011650000000000000e+09,-5.967320304780485429e+01,-7.700577192591546805e+01
1.011655000000000000e+09,-5.963025367540218724e+01,-7.701168337742615222e+01
1.011660000000000000e+09,-5.958703578160595526e+01,-7.701759251855276034e+01
1.011665000000000000e+09,-5.954354674801141556e+01,-7.702349935348496501e+01
1.011670000000000000e+09,-5.949978391334713024e+01,-7.702940388640362812e+01
1.011675000000000000e+09,-5.945574457254801359e+01,-7.703530612147984868e+01
1.011680000000000000e+09,-5.941142597581242057e+01,-7.704120606287499129e+01
1.011685000000000000e+09,-5.936682532761462028e+01,-7.704710371474160979e+01
1.011690000000000000e+09,-5.932193978570906268e+01,-7.705299908122279362e+01
1.011695000000000000e+09,-5.927676646009778949e+01,-7.705889216645191198e+01
1.011700000000000000e+09,-5.923130241197080181e+01,-7.706478297455345228e+01
1.011705000000000000e+09,-5.918554465261705388e+01,-7.707067150964260804e+01
1.011710000000000000e+09,-5.913949014230473722e+01,-7.707655777582533574e+01
1.011715000000000000e+09,-5.909313578913000242e+01,-7.708244177719802792e+01
1.011720000000000000e+09,-5.904647844783286814e+01,-7.708832351784836590e+01
1.011725000000000000e+09,-5.899951491857745367e+01,-7.709420300185497865e+01
1.011730000000000000e+09,-5.895224194570715071e+01,-7.710008023328681759e+01
1.011735000000000000e+09,-5.890465621644555227e+01,-7.710595521620416548e+01
1.011740000000000000e+09,-5.885675435956790125e+01,-7.711182795465846596e+01
1.011745000000000000e+09,-5.880853294405405052e+01,-7.711769845269149926e+01
1.011750000000000000e+09,-5.875998847766281585e+01,-7.712356671433643385e+01
1.011755000000000000e+09,-5.871111740549508795e+01,-7.712943274361778379e+01
1.011760000000000000e+09,-5.866191610850191296e+01,-7.713529654455038553e+01
1.011765000000000000e+09,-5.861238090194976280e+01,-7.714115812114079063e+01
1.011770000000000000e+09,-5.856250803383979076e+01,-7.714701747738644144e+01
1.011775000000000000e+09,-5.851229368327709324e+01,-7.715287461727601226e+01
1.011780000000000000e+09,-5.846173395880300205e+01,-7.715872954478916768e+01
1.011785000000000000e+09,-5.841082489664409394e+01,-7.716458226389693209e+01
1.011790000000000000e+09,-5.835956245894821848e+01,-7.717043277856168970e+01
1.011795000000000000e+09,-5.830794253194420662e+01,-7.717628109273670134e+01
1.011800000000000000e+09,-5.825596092403510795e+01,-7.718212721036684343e+01
1.011805000000000000e+09,-5.820361336385155226e+01,-7.718797113538828114e+01
1.011810000000000000e+09,-5.815089549823245818e+01,-7.719381287172824102e+01
1.011815000000000000e+09,-5.809780289014363319e+01,-7.719965242330577837e+01
1.011820000000000000e+09,-5.804433101652761451e+01,-7.720548979403102408e+01
1.011825000000000000e+09,-5.799047526609777492e+01,-7.721132498780545461e+01
1.011830000000000000e+09,-5.793623093702669280e+01,-7.721715800852223310e+01
1.011835000000000000e+09,-5.788159323460497063e+01,-7.722298886006606722e+01
1.011840000000000000e+09,-5.782655726878626723e+01,-7.722881754631296758e+01
1.011845000000000000e+09,-5.777111805167670866e+01,-7.723464407113040409e+01
1.011850000000000000e+09,-5.771527049491729855e+01,-7.724046843837759013e+01
1.011855000000000000e+09,-5.765900940698798394e+01,-7.724629065190542576e+01
1.011860000000000000e+09,-5.760232949044489459e+01,-7.725211071555591502e+01
1.011865000000000000e+09,-5.754522533901790382e+01,-7.725792863316334547e+01
1.011870000000000000e+09,-5.748769143464539155e+01,-7.726374440855336445e+01
1.011875000000000000e+09,-5.742972214439238599e+01,-7.726955804554305018e+01
1.011880000000000000e+09,-5.737131171726423418e+01,-7.727536954794172175e+01
1.011885000000000000e+09,-5.731245428090916505e+01,-7.728117891955010066e+01
1.011890000000000000e+09,-5.725314383820269626e+01,-7.728698616416073719e+01
1.011895000000000000e+09,-5.719337426372596411e+01,-7.729279128555799616e+01
1.011900000000000000e+09,-5.713313930008087027e+01,-7.729859428751792905e+01
1.011905000000000000e+09,-5.707243255412127070e+01,-7.730439517380888503e+01
1.011910000000000000e+09,-5.701124749302260852e+01,-7.731019394819031731e+01
1.011915000000000000e+09,-5.694957744019771440e+01,-7.731599061441420417e+01
1.011920000000000000e+09,-5.688741557108671998e+01,-7.732178517622449476e+01
1.011925000000000000e+09,-5.682475490877819624e+01,-7.732757763735637013e+01
1.011930000000000000e+09,-5.676158831947002170e+01,-7.733336800153756485e+01
1.011935000000000000e+09,-5.669790850775756041e+01,-7.733915627248799751e+01
1.011940000000000000e+09,-5.663370801176025537e+01,-7.734494245391881861e+01
1.011945000000000000e+09,-5.656897919802170804e+01,-7.735072654953397375e+01
1.011950000000000000e+09,-5.650371425626949673e+01,-7.735650856302909517e+01
1.011955000000000000e+09,-5.643790519392819505e+01,-7.736228849809221231e+01
1.011960000000000000e+09,-5.637154383044968853e+01,-7.736806635840284230e+01
1.011965000000000000e+09,-5.630462179139290413e+01,-7.737384214763331158e+01
1.011970000000000000e+09,-5.623713050228091959e+01,-7.737961586944797432e+01
1.011975000000000000e+09,-5.616906118224214595e+01,-7.738538752750295657e+01
1.011980000000000000e+09,-5.610040483734125161e+01,-7.739115712544698056e+01
1.011985000000000000e+09,-5.603115225368391350e+01,-7.739692466692110884e+01
1.011990000000000000e+09,-5.596129399022274953e+01,-7.740269015555821852e+01
1.011995000000000000e+09,-5.589082037127023739e+01,-7.740845359498383971e+01
1.012000000000000000e+09,-5.581972147869833378e+01,-7.741421498881570074e+01
1.012005000000000000e+09,-5.574798714382717435e+01,-7.741997434066371397e+01
1.012010000000000000e+09,-5.567560693894439794e+01,-7.742573165413035952e+01
1.012015000000000000e+09,-5.560257016847941713e+01,-7.743148693281042938e+01
1.012020000000000000e+09,-5.552886585981183032e+01,-7.743724018029122647e+01
1.012025000000000000e+09,-5.545448275367018454e+01,-7.744299140015202454e+01
1.012030000000000000e+09,-5.537940929409620594e+01,-7.744874059596500615e+01
1.012035000000000000e+09,-5.530363361799654598e+01,-7.745448777129493578e+01
1.012040000000000000e+09,-5.522714354421496097e+01,-7.746023292969832141e+01
1.012045000000000000e+09,-5.514992656211886413e+01,-7.746597607472503455e+01
1.012050000000000000e+09,-5.507196981966729510e+01,-7.747171720991710231e+01
1.012055000000000000e+09,-5.499326011095547528e+01,-7.747745633880884952e+01
1.012060000000000000e+09,-5.491378386313667193e+01,-7.748319346492779403e+01
1.012065000000000000e+09,-5.483352712280512264e+01,-7.748892859179348136e+01
1.012070000000000000e+09,-5.475247554168721109e+01,-7.749466172291862165e+01
1.012075000000000000e+09,-5.467061436169473154e+01,-7.750039286180788167e+01
1.012080000000000000e+09,-5.458792839922720930e+01,-7.750612201195927753e+01
1.012085000000000000e+09,-5.450440202875397233e+01,-7.751184917686329356e+01
1.012090000000000000e+09,-5.442001916558088226e+01,-7.751757436000275447e+01
1.012095000000000000e+09,-5.433476324777548427e+01,-7.752329756485377743e+01
1.012100000000000000e+09,-5.424861721719683771e+01,-7.752901879488503312e+01
1.012105000000000000e+09,-5.416156349957702787e+01,-7.753473805355775994e+01
1.012110000000000000e+09,-5.407358398359649243e+01,-7.754045534432621878e+01
1.012115000000000000e+09,-5.398465999888849609e+01,-7.754617067063765035e+01
1.012120000000000000e+09,-5.389477229292941729e+01,-7.755188403593169255e+01
1.012125000000000000e+09,-5.380390100668824971e+01,-7.755759544364106262e+01
1.012130000000000000e+09,-5.371202564903817489e+01,-7.756330489719155707e+01
1.012135000000000000e+09,-5.361912506976625536e+01,-7.756901240000181019e+01
1.012140000000000000e+09,-5.352517743119744864e+01,-7.757471795548300975e+01
1.012145000000000000e+09,-5.343016017819999064e+01,-7.758042156703977810e+01
1.012150000000000000e+09,-5.333405000660675199e+01,-7.758612323806954691e+01
1.012155000000000000e+09,-5.323682282986263203e+01,-7.759182297196248612e+01
1.012160000000000000e+09,-5.313845374380792919e+01,-7.759752077210214338e+01
1.012165000000000000e+09,-5.303891698946330280e+01,-7.760321664186496093e+01
1.012170000000000000e+09,-5.293818591370524729e+01,-7.760891058462033243e+01
1.012175000000000000e+09,-5.283623292762632673e+01,-7.761460260373092979e+01
1.012180000000000000e+09,-5.273302946247432033e+01,-7.762029270255236213e+01
1.012185000000000000e+09,-5.262854592302603862e+01,-7.762598088443333211e+01
1.012190000000000000e+09,-5.252275163808352687e+01,-7.763166715271582063e+01
1.012195000000000000e+09,-5.241561480803697748e+01,-7.763735151073484531e+01
1.012200000000000000e+09,-5.230710244918478224e+01,-7.764303396181881567e+01
1.012205000000000000e+09,-5.219718033460260642e+01,-7.764871450928887953e+01
1.012210000000000000e+09,-5.208581293129853407e+01,-7.765439315645991769e+01
1.012215000000000000e+09,-5.197296333336802121e+01,-7.766006990663983345e+01
1.012220000000000000e+09,-5.185859319087533947e+01,-7.766574476312960940e+01
1.012225000000000000e+09,-5.174266263402768118e+01,-7.767141772922370535e+01
1.012230000000000000e+09,-5.162513019243904466e+01,-7.767708880821011519e+01
1.012235000000000000e+09,-5.150595270894876165e+01,-7.768275800336940051e+01
1.012240000000000000e+09,-5.138508524758569962e+01,-7.768842531797622541e+01
1.012245000000000000e+09,-5.126248099527212787e+01,-7.769409075529827646e+01
1.012250000000000000e+09,-5.113809115664010818e+01,-7.769975431859676007e+01
1.012255000000000000e+09,-5.101186484152635359e+01,-7.770541601112597618e+01
1.012260000000000000e+09,-5.088374894433113127e+01,-7.771107583613387249e+01
1.012265000000000000e+09,-5.075368801473119618e+01,-7.771673379686194494e+01
1.012270000000000000e+09,-5.062162411887786817e+01,-7.772238989654483987e+01
1.012275000000000000e+09,-5.048749669027824183e+01,-7.772804413841072346e+01
1.012280000000000000e+09,-5.035124236942445464e+01,-7.773369652568167965e+01
1.012285000000000000e+09,-5.021279483118351550e+01,-7.773934706157261587e+01
1.012290000000000000e+09,-5.007208459873850614e+01,-7.774499574929241419e+01
1.012295000000000000e+09,-4.992903884290227978e+01,-7.775064259204367545e+01
1.012300000000000000e+09,-4.978358116545501133e+01,-7.775628759302185244e+01
1.012305000000000000e+09,-4.963563136479143623e+01,-7.776193075541667099e+01
1.012310000000000000e+09,-4.948510518236531652e+01,-7.776757208241127728e+01
1.012315000000000000e+09,-4.933191402789879731e+01,-7.777321157718230893e+01
1.012320000000000000e+09,-4.917596468126931342e+01,-7.777884924290000868e+01
1.012325000000000000e+09,-4.901715896869171729e+01,-7.778448508272842332e+01
1.012330000000000000e+09,-4.885539341053014795e+01,-7.779011909982546058e+01
1.012335000000000000e+09,-4.869055883781010152e+01,-7.779575129734210748e+01
1.012340000000000000e+09,-4.852253997394730334e+01,-7.780138167842363828e+01
1.012345000000000000e+09,-4.835121497817256397e+01,-7.780701024620894657e+01
1.012350000000000000e+09,-4.817645494623545233e+01,-7.781263700383047421e+01
1.012355000000000000e+09,-4.799812336366493781e+01,-7.781826195441450977e+01
1.012360000000000000e+09,-4.781607550631383674e+01,-7.782388510108137325e+01
1.012365000000000000e+09,-4.763015778201928185e+01,-7.782950644694471976e+01
1.012370000000000000e+09,-4.744020700655433842e+01,-7.783512599511239216e+01
1.012375000000000000e+09,-4.724604960607938153e+01,-7.784074374868592372e+01
1.012380000000000000e+09,-4.704750073725836756e+01,-7.784635971076096439e+01
1.012385000000000000e+09,-4.684436331499902195e+01,-7.785197388442651345e+01
1.012390000000000000e+09,-4.663642693639231140e+01,-7.785758627276584320e+01
1.012395000000000000e+09,-4.642346668782959540e+01,-7.786319687885630003e+01
1.012400000000000000e+09,-4.620524182051629225e+01,-7.786880570576850857e+01
1.012405000000000000e+09,-4.598149427733630290e+01,-7.787441275656763651e+01
1.012410000000000000e+09,-4.575194705186937227e+01,-7.788001803431274084e+01
1.012415000000000000e+09,-4.551630235759663634e+01,-7.788562154205639843e+01
1.012420000000000000e+09,-4.527423958189714881e+01,-7.789122328284580021e+01
1.012425000000000000e+09,-4.502541299655383256e+01,-7.789682325972169963e+01
1.012430000000000000e+09,-4.476944919207754481e+01,-7.790242147571916576e+01
1.012435000000000000e+09,-4.450594419913745980e+01,-7.790801793386710017e+01
1.012440000000000000e+09,-4.423446025569000994e+01,-7.791361263718843588e+01
1.012445000000000000e+09,-4.395452217357451019e+01,-7.791920558870054947e+01
1.012450000000000000e+09,-4.366561325367597846e+01,-7.792479679141445104e+01
1.012455000000000000e+09,-4.336717069418722303e+01,-7.793038624833549477e+01
1.012460000000000000e+09,-4.305858043423594239e+01,-7.793597396246335052e+01
1.012465000000000000e+09,-4.273917137413639011e+01,-7.794155993679132166e+01
1.012470000000000000e+09,-4.240820891846986029e+01,-7.794714417430736830e+01
1.012475000000000000e+09,-4.206488780123081028e+01,-7.795272667799351041e+01
1.012480000000000000e+09,-4.170832417892312094e+01,-7.795830745082567148e+01
1.012485000000000000e+09,-4.133754702810261961e+01,-7.796388649577433227e+01
1.012490000000000000e+09,-4.095148897248457587e+01,-7.796946381580406182e+01
1.012495000000000000e+09,-4.054897681618250971e+01,-7.797503941387385851e+01
1.012500000000000000e+09,-4.012872231353198060e+01,-7.798061329293646793e+01
1.012505000000000000e+09,-3.968931412738913878e+01,-7.798618545593946294e+01
1.012510000000000000e+09,-3.922921262394675068e+01,-7.799175590582463258e+01
1.012515000000000000e+09,-3.874675030044666357e+01,-7.799732464552764100e+01
1.012520000000000000e+09,-3.824014253614969761e+01,-7.800289167797905066e+01
1.012525000000000000e+09,-3.770751648632796815e+01,-7.800845700610342703e+01
1.012530000000000000e+09,-3.714697110748188180e+01,-7.801402063281962285e+01
1.012535000000000000e+09,-3.655668982333348538e+01,-7.801958256104109068e+01
1.012540000000000000e+09,-3.593514127859636176e+01,-7.802514279367568406e+01
1.012545000000000000e+09,-3.528142600782892657e+01,-7.803070133362545846e+01
1.012550000000000000e+09,-3.459586139323868537e+01,-7.803625818378689871e+01
1.012555000000000000e+09,-3.388094626924907971e+01,-7.804181334705111794e+01
1.012560000000000000e+09,-3.314290278511005283e+01,-7.804736682630378652e+01
1.012565000000000000e+09,-3.239401703704243829e+01,-7.805291862442446416e+01
1.012570000000000000e+09,-3.165586685716601778e+01,-7.805846874428762305e+01
1.012575000000000000e+09,-3.096294863656256524e+01,-7.806401718876244900e+01
1.012580000000000000e+09,-3.036479158939227929e+01,-7.806956396071198867e+01
1.012585000000000000e+09,-2.992253282449733121e+01,-7.807510906299442865e+01
1.012590000000000000e+09,-2.969556005035281387e+01,-7.808065249846234224e+01
1.012595000000000000e+09,-2.971992760534931222e+01,-7.808619426996241941e+01
1.012600000000000000e+09,-2.999146946634931865e+01,-7.809173438033649006e+01
1.012605000000000000e+09,-3.046788964410307443e+01,-7.809727283242089868e+01
1.012610000000000000e+09,-3.108791585065077356e+01,-7.810280962904610647e+01
1.012615000000000000e+09,-3.179196583543625820e+01,-7.810834477303777135e+01
1.012620000000000000e+09,-3.253340193476355324e+01,-7.811387826721592376e+01
1.012625000000000000e+09,-3.328048854393897926e+01,-7.811941011439526505e+01
1.012630000000000000e+09,-3.401373591251432771e+01,-7.812494031738506806e+01
1.012635000000000000e+09,-3.472226000149235148e+01,-7.813046887898950388e+01
1.012640000000000000e+09,-3.540071599106902767e+01,-7.813599580200727246e+01
1.012645000000000000e+09,-3.604712748885724949e+01,-7.814152108923173046e+01
1.012650000000000000e+09,-3.666147425666935078e+01,-7.814704474345099072e+01
1.012655000000000000e+09,-3.724481498323132911e+01,-7.815256676744829178e+01
1.012660000000000000e+09,-3.779875786617359523e+01,-7.815808716400083256e+01
1.012665000000000000e+09,-3.832514818596266792e+01,-7.816360593588120764e+01
1.012670000000000000e+09,-3.882588831084452607e+01,-7.816912308585669678e+01
1.012675000000000000e+09,-3.930283747945536277e+01,-7.817463861668925063e+01
1.012680000000000000e+09,-3.975775916806661314e+01,-7.818015253113540552e+01
1.012685000000000000e+09,-4.019229653237534450e+01,-7.818566483194709349e+01
1.012690000000000000e+09,-4.060796414974471702e+01,-7.819117552187059061e+01
1.012695000000000000e+09,-4.100614897785216328e+01,-7.819668460364725604e+01
1.012700000000000000e+09,-4.138811628471806614e+01,-7.820219208001307720e+01
1.012705000000000000e+09,-4.175501802295909215e+01,-7.820769795369935196e+01
1.012710000000000000e+09,-4.210790216411088238e+01,-7.821320222743176487e+01
1.012715000000000000e+09,-4.244772214010470179e+01,-7.821870490393115460e+01
1.012720000000000000e+09,-4.277534592131875968e+01,-7.822420598591351393e+01
1.012725000000000000e+09,-4.309156449041731207e+01,-7.822970547608923653e+01
1.012730000000000000e+09,-4.339709960821310375e+01,-7.823520337716402651e+01
1.012735000000000000e+09,-4.369261084713098597e+01,-7.824069969183854312e+01
1.012740000000000000e+09,-4.397870191294526165e+01,-7.824619442280837234e+01
1.012745000000000000e+09,-4.425592629921570875e+01,-7.825168757276389897e+01
1.012750000000000000e+09,-4.452479232967428402e+01,-7.825717914439067613e+01
1.012755000000000000e+09,-4.478576764704953916e+01,-7.826266914036959577e+01
1.012760000000000000e+09,-4.503928320621927384e+01,-7.826815756337579444e+01
1.012765000000000000e+09,-4.528573682609065543e+01,-7.827364441608008860e+01
1.012770000000000000e+09,-4.552549635031093089e+01,-7.827912970114839197e+01
1.012775000000000000e+09,-4.575890246201980460e+01,-7.828461342124103339e+01
1.012780000000000000e+09,-4.598627119332909530e+01,-7.829009557901413530e+01
1.012785000000000000e+09,-4.620789616511562770e+01,-7.829557617711870421e+01
1.012790000000000000e+09,-4.642405058912130755e+01,-7.830105521820038916e+01
1.012795000000000000e+09,-4.663498906018762824e+01,-7.830653270490073226e+01
1.012800000000000000e+09,-4.684094916299271461e+01,-7.831200863985583283e+01
1.012805000000000000e+09,-4.704215291495203388e+01,-7.831748302569727116e+01
1.012810000000000000e+09,-4.723880806387285247e+01,-7.832295586505151164e+01
1.012815000000000000e+09,-4.743110925715927806e+01,-7.832842716054034327e+01
1.012820000000000000e+09,-4.761923909673653554e+01,-7.833389691478093653e+01
1.012825000000000000e+09,-4.780336909255770195e+01,-7.833936513038516125e+01
1.012830000000000000e+09,-4.798366052577555507e+01,-7.834483180996042506e+01
1.012835000000000000e+09,-4.816026523138874893e+01,-7.835029695610963074e+01
1.012840000000000000e+09,-4.833332630893919912e+01,-7.835576057143028095e+01
1.012845000000000000e+09,-4.850297876895847082e+01,-7.836122265851555824e+01
1.012850000000000000e+09,-4.866935012176357134e+01,-7.836668321995384190e+01
1.012855000000000000e+09,-4.883256091453844050e+01,-7.837214225832892112e+01
1.012860000000000000e+09,-4.899272522200015345e+01,-7.837759977621936969e+01
1.012865000000000000e+09,-4.914995109530050144e+01,-7.838305577619955500e+01
1.012870000000000000e+09,-4.930434097319668751e+01,-7.838851026083919749e+01
1.012875000000000000e+09,-4.945599205925321940e+01,-7.839396323270278799e+01
1.012880000000000000e+09,-4.960499666830059340e+01,-7.839941469435073884e+01
1.012885000000000000e+09,-4.975144254507574715e+01,-7.840486464833870173e+01
1.012890000000000000e+09,-4.989541315760372697e+01,-7.841031309721726927e+01
1.012895000000000000e+09,-5.003698796777179325e+01,-7.841576004353296980e+01
1.012900000000000000e+09,-5.017624268097663531e+01,-7.842120548982741468e+01
1.012905000000000000e+09,-5.031324947688798233e+01,-7.842664943863759675e+01
1.012910000000000000e+09,-5.044807722296758357e+01,-7.843209189249604663e+01
1.012915000000000000e+09,-5.058079167218081551e+01,-7.843753285393064800e+01
1.012920000000000000e+09,-5.071145564634115033e+01,-7.844297232546487919e+01
1.012925000000000000e+09,-5.084012920627922938e+01,-7.844841030961728734e+01
1.012930000000000000e+09,-5.096686980995035299e+01,-7.845384680890218476e+01
1.012935000000000000e+09,-5.109173245948213093e+01,-7.845928182582960630e+01
1.012940000000000000e+09,-5.121476983806906702e+01,-7.846471536290428617e+01
1.012945000000000000e+09,-5.133603243753658774e+01,-7.847014742262709319e+01
1.012950000000000000e+09,-5.145556867732574347e+01,-7.847557800749451928e+01
1.012955000000000000e+09,-5.157342501554732905e+01,-7.848100711999778412e+01
1.012960000000000000e+09,-5.168964605279614943e+01,-7.848643476262454044e+01
1.012965000000000000e+09,-5.180427462918943604e+01,-7.849186093785746721e+01
1.012970000000000000e+09,-5.191735191521562598e+01,-7.849728564817486642e+01
1.012975000000000000e+09,-5.202891749683193012e+01,-7.850270889605072000e+01
1.012980000000000000e+09,-5.213900945524356700e+01,-7.850813068395446237e+01
1.012985000000000000e+09,-5.224766444175541835e+01,-7.851355101435137840e+01
1.012990000000000000e+09,-5.235491774805490195e+01,-7.851896988970193547e+01
1.012995000000000000e+09,-5.246080337225436097e+01,-7.852438731246245140e+01
1.013000000000000000e+09,-5.256535408099870921e+01,-7.852980328508509444e+01
1.013005000000000000e+09,-5.266860146788960151e+01,-7.853521781001708746e+01
1.013010000000000000e+09,-5.277057600854088548e+01,-7.854063088970190165e+01
1.013015000000000000e+09,-5.287130711244263637e+01,-7.854604252657830443e+01
1.013020000000000000e+09,-5.297082317182758970e+01,-7.855145272308079996e+01
1.013025000000000000e+09,-5.306915160785741392e+01,-7.855686148163962912e+01
1.013030000000000000e+09,-5.316631891417239331e+01,-7.856226880468072693e+01
1.013035000000000000e+09,-5.326235069806091360e+01,-7.856767469462585041e+01
1.013040000000000000e+09,-5.335727171937632818e+01,-7.857307915389203856e+01
1.013045000000000000e+09,-5.345110592735088062e+01,-7.857848218489249348e+01
1.013050000000000000e+09,-5.354387649544423766e+01,-7.858388379003612556e+01
1.013055000000000000e+09,-5.363560585432503558e+01,-7.858928397172718405e+01
1.013060000000000000e+09,-5.372631572317991555e+01,-7.859468273236620917e+01
1.013065000000000000e+09,-5.381602713932872462e+01,-7.860008007434922206e+01
1.013070000000000000e+09,-5.390476048635588313e+01,-7.860547600006793800e+01
1.013075000000000000e+09,-5.399253552082530661e+01,-7.861087051191016428e+01
1.013080000000000000e+09,-5.407937139761872913e+01,-7.861626361225930282e+01
1.013085000000000000e+09,-5.416528669402842411e+01,-7.862165530349446385e+01
1.013090000000000000e+09,-5.425029943265683130e+01,-7.862704558799083543e+01
1.013095000000000000e+09,-5.433442710319647517e+01,-7.863243446811934234e+01
1.013100000000000000e+09,-5.441768668315474144e+01,-7.863782194624687349e+01
1.013105000000000000e+09,-5.450009465758424199e+01,-7.864320802473579874e+01
1.013110000000000000e+09,-5.458166703787525620e+01,-7.864859270594462259e+01
1.013115000000000000e+09,-5.466241937966618991e+01,-7.865397599222796998e+01
1.013120000000000000e+09,-5.474236679990199406e+01,-7.865935788593577627e+01
1.013125000000000000e+09,-5.482152399313263658e+01,-7.866473838941422514e+01
1.013130000000000000e+09,-5.489990524705157071e+01,-7.867011750500569178e+01
1.013135000000000000e+09,-5.497752445729710757e+01,-7.867549523504766285e+01
1.013140000000000000e+09,-5.505439514164662995e+01,-7.868087158187439911e+01
1.013145000000000000e+09,-5.513053045353073855e+01,-7.868624654781575600e+01
1.013150000000000000e+09,-5.520594319496809987e+01,-7.869162013519722620e+01
1.013155000000000000e+09,-5.528064582892979217e+01,-7.869699234634072127e+01
1.013160000000000000e+09,-5.535465049116591985e+01,-7.870236318356410266e+01
1.013165000000000000e+09,-5.542796900152531947e+01,-7.870773264918099699e+01
1.013170000000000000e+09,-5.550061287477355165e+01,-7.871310074550098079e+01
1.013175000000000000e+09,-5.557259333099600696e+01,-7.871846747482989315e+01
1.013180000000000000e+09,-5.564392130550847071e+01,-7.872383283946946619e+01
1.013185000000000000e+09,-5.571460745838324158e+01,-7.872919684171735355e+01
1.013190000000000000e+09,-5.578466218359242390e+01,-7.873455948386725822e+01
1.013195000000000000e+09,-5.585409561775066578e+01,-7.873992076820924524e+01
1.013200000000000000e+09,-5.592291764851608349e+01,-7.874528069702896005e+01
1.013205000000000000e+09,-5.599113792264912348e+01,-7.875063927260826802e+01
1.013210000000000000e+09,-5.605876585374861776e+01,-7.875599649722539652e+01
1.013215000000000000e+09,-5.612581062968041579e+01,-7.876135237315445181e+01
1.013220000000000000e+09,-5.619228121971278256e+01,-7.876670690266530528e+01
1.013225000000000000e+09,-5.625818638137290151e+01,-7.877206008802447457e+01
1.013230000000000000e+09,-5.632353466703946054e+01,-7.877741193149442722e+01
1.013235000000000000e+09,-5.638833443026825165e+01,-7.878276243533336753e+01
1.013240000000000000e+09,-5.645259383189910096e+01,-7.878811160179616024e+01
1.013245000000000000e+09,-5.651632084592073113e+01,-7.879345943313366263e+01
1.013250000000000000e+09,-5.657952326508890906e+01,-7.879880593159258240e+01
1.013255000000000000e+09,-5.664220870638288119e+01,-7.880415109941613139e+01
1.013260000000000000e+09,-5.670438461622136117e+01,-7.880949493884372714e+01
1.013265000000000000e+09,-5.676605827550111627e+01,-7.881483745211053815e+01
1.013270000000000000e+09,-5.682723680444902215e+01,-7.882017864144843600e+01
1.013275000000000000e+09,-5.688792716729750509e+01,-7.882551850908505742e+01
1.013280000000000000e+09,-5.694813617679404416e+01,-7.883085705724469960e+01
1.013285000000000000e+09,-5.700787049853450128e+01,-7.883619428814749597e+01
1.013290000000000000e+09,-5.706713665517839473e+01,-7.884153020400978562e+01
1.013295000000000000e+09,-5.712594103047003102e+01,-7.884686480704475287e+01
1.013300000000000000e+09,-5.718428987314234746e+01,-7.885219809946084979e+01
1.013305000000000000e+09,-5.724218930069404365e+01,-7.885753008346360104e+01
1.013310000000000000e+09,-5.729964530301516845e+01,-7.886286076125460909e+01
1.013315000000000000e+09,-5.735666374589975192e+01,-7.886819013503139786e+01
1.013320000000000000e+09,-5.741325037443611734e+01,-7.887351820698808069e+01
1.013325000000000000e+09,-5.746941081628477832e+01,-7.887884497931521821e+01
1.013330000000000000e+09,-5.752515058483233190e+01,-7.888417045419922147e+01
1.013335000000000000e+09,-5.758047508227332401e+01,-7.888949463382314775e+01
1.013340000000000000e+09,-5.763538960254552990e+01,-7.889481752036641637e+01
1.013345000000000000e+09,-5.768989933420336058e+01,-7.890013911600455287e+01
1.013350000000000000e+09,-5.774400936317323385e+01,-7.890545942290944481e+01
1.013355000000000000e+09,-5.779772467544287196e+01,-7.891077844324944124e+01
1.013360000000000000e+09,-5.785105015964202124e+01,-7.891609617918939534e+01
1.013365000000000000e+09,-5.790399060955084565e+01,-7.892141263289006758e+01
1.013370000000000000e+09,-5.795655072652606776e+01,-7.892672780650903519e+01
1.013375000000000000e+09,-5.800873512185000891e+01,-7.893204170220015214e+01
1.013380000000000000e+09,-5.806054831900549829e+01,-7.893735432211340708e+01
1.013385000000000000e+09,-5.811199475587940100e+01,-7.894266566839552013e+01
1.013390000000000000e+09,-5.816307878689951139e+01,-7.894797574318955924e+01
1.013395000000000000e+09,-5.821380468509507011e+01,-7.895328454863479806e+01
1.013400000000000000e+09,-5.826417664411408737e+01,-7.895859208686712805e+01
1.013405000000000000e+09,-5.831419878015672253e+01,-7.896389836001888796e+01
1.013410000000000000e+09,-5.836387513387187909e+01,-7.896920337021899172e+01
1.013415000000000000e+09,-5.841320967216469029e+01,-7.897450711959228897e+01
1.013420000000000000e+09,-5.846220628998913327e+01,-7.897980961026065927e+01
1.013425000000000000e+09,-5.851086881205758061e+01,-7.898511084434231577e+01
1.013430000000000000e+09,-5.855920099451141425e+01,-7.899041082395157787e+01
1.013435000000000000e+09,-5.860720652654021023e+01,-7.899570955119975224e+01
1.013440000000000000e+09,-5.865488903195536352e+01,-7.900100702819449339e+01
1.013445000000000000e+09,-5.870225207070831175e+01,-7.900630325703977519e+01
1.013450000000000000e+09,-5.874929914038168022e+01,-7.901159823983631725e+01
1.013455000000000000e+09,-5.879603367762788935e+01,-7.901689197868122960e+01
1.013460000000000000e+09,-5.884245905955921074e+01,-7.902218447566829695e+01
1.013465000000000000e+09,-5.888857860510551490e+01,-7.902747573288758076e+01
1.013470000000000000e+09,-5.893439557634260950e+01,-7.903276575242593083e+01
1.013475000000000000e+09,-5.897991317976681813e+01,-7.903805453636680056e+01
1.013480000000000000e+09,-5.902513456754267196e+01,-7.904334208678992013e+01
1.013485000000000000e+09,-5.907006283871423591e+01,-7.904862840577190752e+01
1.013490000000000000e+09,-5.911470104038434670e+01,-7.905391349538582801e+01
1.013495000000000000e+09,-5.915905216885093409e+01,-7.905919735770122259e+01
1.013500000000000000e+09,-5.920311917073844654e+01,-7.906447999478439215e+01
1.013505000000000000e+09,-5.924690494406501529e+01,-7.906976140869832648e+01
1.013510000000000000e+09,-5.929041233929833510e+01,-7.907504160150224948e+01
1.013515000000000000e+09,-5.933364416038975975e+01,-7.908032057525251446e+01
1.013520000000000000e+09,-5.937660316576342012e+01,-7.908559833200179412e+01
1.013525000000000000e+09,-5.941929206929778218e+01,-7.909087487379950687e+01
1.013530000000000000e+09,-5.946171354125394259e+01,-7.909615020269153263e+01
1.013535000000000000e+09,-5.950387020921318282e+01,-7.910142432072076701e+01
1.013540000000000000e+09,-5.954576465896452930e+01,-7.910669722992649611e+01
1.013545000000000000e+09,-5.958739943537935346e+01,-7.911196893234469485e+01
1.013550000000000000e+09,-5.962877704326132289e+01,-7.911723943000806969e+01
1.013555000000000000e+09,-5.966989994817612342e+01,-7.912250872494622911e+01
1.013560000000000000e+09,-5.971077057725162263e+01,-7.912777681918495887e+01
1.013565000000000000e+09,-5.975139131997211450e+01,-7.913304371474728782e+01
1.013570000000000000e+09,-5.979176452894581928e+01,-7.913830941365274896e+01
1.013575000000000000e+09,-5.983189252063696273e+01,-7.914357391791743623e+01
1.013580000000000000e+09,-5.987177757610958651e+01,-7.914883722955440248e+01
1.013585000000000000e+09,-5.991142194172896041e+01,-7.915409935057343205e+01
1.013590000000000000e+09,-5.995082782985490155e+01,-7.915936028298102656e+01
1.013595000000000000e+09,-5.998999741951621445e+01,-7.916462002878017756e+01
1.013600000000000000e+09,-6.002893285706858251e+01,-7.916987858997099181e+01
1.013605000000000000e+09,-6.006763625683763763e+01,-7.917513596855036440e+01
1.013610000000000000e+09,-6.010610970173723899e+01,-7.918039216651149559e+01
1.013615000000000000e+09,-6.014435524389536880e+01,-7.918564718584489981e+01
1.013620000000000000e+09,-6.018237490523615918e+01,-7.919090102853775193e+01
1.013625000000000000e+09,-6.022017067806287116e+01,-7.919615369657371673e+01
1.013630000000000000e+09,-6.025774452563290851e+01,-7.920140519193363104e+01
1.013635000000000000e+09,-6.029509838270561772e+01,-7.920665551659500636e+01
1.013640000000000000e+09,-6.033223415608442508e+01,-7.921190467253228462e+01
1.013645000000000000e+09,-6.036915372514472722e+01,-7.921715266171651137e+01
1.013650000000000000e+09,-6.040585894234928332e+01,-7.922239948611569105e+01
1.013655000000000000e+09,-6.044235163375148545e+01,-7.922764514769484379e+01
1.013660000000000000e+09,-6.047863359948689777e+01,-7.923288964841555071e+01
1.013665000000000000e+09,-6.051470661425339870e+01,-7.923813299023629497e+01
1.013670000000000000e+09,-6.055057242778153892e+01,-7.924337517511285967e+01
1.013675000000000000e+09,-6.058623276528699364e+01,-7.924861620499713410e+01
1.013680000000000000e+09,-6.062168932792545206e+01,-7.925385608183857755e+01
1.013685000000000000e+09,-6.065694379323123542e+01,-7.925909480758340919e+01
1.013690000000000000e+09,-6.069199781553231787e+01,-7.926433238417428129e+01
1.013695000000000000e+09,-6.072685302638203098e+01,-7.926956881355127393e+01
1.013700000000000000e+09,-6.076151103496050609e+01,-7.927480409765115610e+01
1.013705000000000000e+09,-6.079597342847526420e+01,-7.928003823840776931e+01
1.013710000000000000e+09,-6.083024177255160225e+01,-7.928527123775165819e+01
1.013715000000000000e+09,-6.086431761161408360e+01,-7.929050309761042570e+01
1.013720000000000000e+09,-6.089820246926120006e+01,-7.929573381990874736e+01
1.013725000000000000e+09,-6.093189784862352809e+01,-7.930096340656784548e+01
1.013730000000000000e+09,-6.096540523273407075e+01,-7.930619185950632755e+01
1.013735000000000000e+09,-6.099872608486533920e+01,-7.931141918063968888e+01
1.013740000000000000e+09,-6.103186184887234589e+01,-7.931664537188001418e+01
1.013745000000000000e+09,-6.106481394953324582e+01,-7.932187043513691549e+01
1.013750000000000000e+09,-6.109758379287107033e+01,-7.932709437231667948e+01
1.013755000000000000e+09,-6.113017276647482134e+01,-7.933231718532253751e+01
1.013760000000000000e+09,-6.116258223981269992e+01,-7.933753887605489297e+01
1.013765000000000000e+09,-6.119481356453839993e+01,-7.934275944641103706e+01
1.013770000000000000e+09,-6.122686807479097837e+01,-7.934797889828553252e+01
1.013775000000000000e+09,-6.125874708748845876e+01,-7.935319723356938937e+01
1.013780000000000000e+09,-6.129045190261524567e+01,-7.935841445415123019e+01
1.013785000000000000e+09,-6.132198380350460809e+01,-7.936363056191653698e+01
1.013790000000000000e+09,-6.135334405710935357e+01,-7.936884555874756586e+01
1.013795000000000000e+09,-6.138453391427890438e+01,-7.937405944652402923e+01
1.013800000000000000e+09,-6.141555461001861005e+01,-7.937927222712255571e+01
1.013805000000000000e+09,-6.144640736374962842e+01,-7.938448390241651964e+01
1.013810000000000000e+09,-6.147709337956247566e+01,-7.938969447427679427e+01
1.013815000000000000e+09,-6.150761384646515495e+01,-7.939490394457118327e+01
1.013820000000000000e+09,-6.153796993862641784e+01,-7.940011231516459134e+01
1.013825000000000000e+09,-6.156816281561396664e+01,-7.940531958791881095e+01
1.013830000000000000e+09,-6.159819362262795295e+01,-7.941052576469303403e+01
1.013835000000000000e+09,-6.162806349073082401e+01,-7.941573084734343979e+01
1.013840000000000000e+09,-6.165777353706688757e+01,-7.942093483772319473e+01
1.013845000000000000e+09,-6.168732486508780966e+01,-7.942613773768263741e+01
1.013850000000000000e+09,-6.171671856476901752e+01,-7.943133954906950578e+01
1.013855000000000000e+09,-6.174595571281042083e+01,-7.943654027372821247e+01
1.013860000000000000e+09,-6.177503737285476149e+01,-7.944173991350058373e+01
1.013865000000000000e+09,-6.180396459568481049e+01,-7.944693847022571731e+01
1.013870000000000000e+09,-6.183273841942317972e+01,-7.945213594573939986e+01
1.013875000000000000e+09,-6.186135986972750089e+01,-7.945733234187497374e+01
1.013880000000000000e+09,-6.188982995998138392e+01,-7.946252766046283966e+01
1.013885000000000000e+09,-6.191814969148321524e+01,-7.946772190333066987e+01
1.013890000000000000e+09,-6.194632005362437610e+01,-7.947291507230305285e+01
1.013895000000000000e+09,-6.197434202408062731e+01,-7.947810716920189122e+01
1.013900000000000000e+09,-6.200221656897910805e+01,-7.948329819584641598e+01
1.013905000000000000e+09,-6.202994464307294464e+01,-7.948848815405277435e+01
1.013910000000000000e+09,-6.205752718991688965e+01,-7.949367704563464088e+01
1.013915000000000000e+09,-6.208496514203001482e+01,-7.949886487240264898e+01
1.013920000000000000e+09,-6.211225942106059961e+01,-7.950405163616468940e+01
1.013925000000000000e+09,-6.213941093794688442e+01,-7.950923733872593857e+01
1.013930000000000000e+09,-6.216642059307594081e+01,-7.951442198188895816e+01
1.013935000000000000e+09,-6.219328927643311289e+01,-7.951960556745301290e+01
1.013940000000000000e+09,-6.222001786776459653e+01,-7.952478809721517905e+01
1.013945000000000000e+09,-6.224660723671593132e+01,-7.952996957296954861e+01
1.013950000000000000e+09,-6.227305824298472459e+01,-7.953514999650758455e+01
1.013955000000000000e+09,-6.229937173645915038e+01,-7.954032936961759503e+01
1.013960000000000000e+09,-6.232554855736414368e+01,-7.954550769408575661e+01
1.013965000000000000e+09,-6.235158953640082302e+01,-7.955068497169524733e+01
1.013970000000000000e+09,-6.237749549487332246e+01,-7.955586120422623253e+01
1.013975000000000000e+09,-6.240326724483243481e+01,-7.956103639345657541e+01
1.013980000000000000e+09,-6.242890558920166200e+01,-7.956621054116155278e+01
1.013985000000000000e+09,-6.245441132190680378e+01,-7.957138364911294559e+01
1.013990000000000000e+09,-6.247978522800252676e+01,-7.957655571908073000e+01
1.013995000000000000e+09,-6.250502808379640385e+01,-7.958172675283174158e+01
1.014000000000000000e+09,-6.253014065697187363e+01,-7.958689675213037162e+01
1.014005000000000000e+09,-6.255512370670315647e+01,-7.959206571873792768e+01
1.014010000000000000e+09,-6.257997798378252696e+01,-7.959723365441344356e+01
1.014015000000000000e+09,-6.260470423072726476e+01,-7.960240056091321037e+01
1.014020000000000000e+09,-6.262930318189415146e+01,-7.960756643999063442e+01
1.014025000000000000e+09,-6.265377556359578648e+01,-7.961273129339667776e+01
1.014030000000000000e+09,-6.267812209420642944e+01,-7.961789512287980131e+01
1.014035000000000000e+09,-6.270234348427059246e+01,-7.962305793018538225e+01
1.014040000000000000e+09,-6.272644043660888968e+01,-7.962821971705643875e+01
1.014045000000000000e+09,-6.275041364642299868e+01,-7.963338048523357315e+01
1.014050000000000000e+09,-6.277426380139323214e+01,-7.963854023645421876e+01
1.014055000000000000e+09,-6.279799158178817464e+01,-7.964369897245362040e+01
1.014060000000000000e+09,-6.282159766055428918e+01,-7.964885669496436549e+01
1.014065000000000000e+09,-6.284508270341842007e+01,-7.965401340571628452e+01
1.014070000000000000e+09,-6.286844736897866426e+01,-7.965916910643673532e+01
1.014075000000000000e+09,-6.289169230880357730e+01,-7.966432379885029036e+01
1.014080000000000000e+09,-6.291481816752080647e+01,-7.966947748467931945e+01
1.014085000000000000e+09,-6.293782558290854467e+01,-7.967463016564312284e+01
1.014090000000000000e+09,-6.296071518598476757e+01,-7.967978184345878390e+01
1.014095000000000000e+09,-6.298348760109479372e+01,-7.968493251984078540e+01
1.014100000000000000e+09,-6.300614344599743077e+01,-7.969008219650075375e+01
1.014105000000000000e+09,-6.302868333194982142e+01,-7.969523087514808424e+01
1.014110000000000000e+09,-6.305110786379152898e+01,-7.970037855748955735e+01
1.014115000000000000e+09,-6.307341764002312345e+01,-7.970552524522922511e+01
1.014120000000000000e+09,-6.309561325289102740e+01,-7.971067094006875209e+01
1.014125000000000000e+09,-6.311769528846683386e+01,-7.971581564370724493e+01
1.014130000000000000e+09,-6.313966432672182805e+01,-7.972095935784142284e+01
1.014135000000000000e+09,-6.316152094160378283e+01,-7.972610208416513444e+01
1.014140000000000000e+09,-6.318326570111653950e+01,-7.973124382436989777e+01
1.014145000000000000e+09,-6.320489916739098391e+01,-7.973638458014495711e+01
1.014150000000000000e+09,-6.322642189675881497e+01,-7.974152435317654408e+01
1.014155000000000000e+09,-6.324783443982448716e+01,-7.974666314514874443e+01
1.014160000000000000e+09,-6.326913734153669111e+01,-7.975180095774332756e+01
1.014165000000000000e+09,-6.329033114125379456e+01,-7.975693779263886540e+01
1.014170000000000000e+09,-6.331141637282054546e+01,-7.976207365151219619e+01
1.014175000000000000e+09,-6.333239356462720338e+01,-7.976720853603730177e+01
1.014180000000000000e+09,-6.335326323968074291e+01,-7.977234244788579076e+01
1.014185000000000000e+09,-6.337402591566605281e+01,-7.977747538872674227e+01
1.014190000000000000e+09,-6.339468210501500778e+01,-7.978260736022680533e+01
1.014195000000000000e+09,-6.341523231496638857e+01,-7.978773836405031261e+01
1.014200000000000000e+09,-6.343567704762889292e+01,-7.979286840185875462e+01
1.014205000000000000e+09,-6.345601680004242695e+01,-7.979799747531151866e+01
1.014210000000000000e+09,-6.347625206423832367e+01,-7.980312558606567563e+01
1.014215000000000000e+09,-6.349638332729868750e+01,-7.980825273577536905e+01
1.014220000000000000e+09,-6.351641107141481513e+01,-7.981337892609266760e+01
1.014225000000000000e+09,-6.353633577394543863e+01,-7.981850415866730941e+01
1.014230000000000000e+09,-6.355615790747032179e+01,-7.982362843514619044e+01
1.014235000000000000e+09,-6.357587793985057090e+01,-7.982875175717421712e+01
1.014240000000000000e+09,-6.359549633427968729e+01,-7.983387412639359582e+01
1.014245000000000000e+09,-6.361501354934216579e+01,-7.983899554444450075e+01
1.014250000000000000e+09,-6.363443003905921813e+01,-7.984411601296415029e+01
1.014255000000000000e+09,-6.365374625294862199e+01,-7.984923553358784432e+01
1.014260000000000000e+09,-6.367296263607268259e+01,-7.985435410794838162e+01
1.014265000000000000e+09,-6.369207962908966891e+01,-7.985947173767600304e+01
1.014270000000000000e+09,-6.371109766830402066e+01,-7.986458842439870409e+01
1.014275000000000000e+09,-6.373001718571624963e+01,-7.986970416974224918e+01
1.014280000000000000e+09,-6.374883860906871291e+01,-7.987481897532971686e+01
1.014285000000000000e+09,-6.376756236189702065e+01,-7.987993284278218198e+01
1.014290000000000000e+09,-6.378618886357776319e+01,-7.988504577371810456e+01
1.014295000000000000e+09,-6.380471852936863542e+01,-7.989015776975361405e+01
1.014300000000000000e+09,-6.382315177046123722e+01,-7.989526883250258038e+01
1.014305000000000000e+09,-6.384148899402248389e+01,-7.990037896357650027e+01
1.014310000000000000e+09,-6.385973060323983930e+01,-7.990548816458478143e+01
1.014315000000000000e+09,-6.387787699736486502e+01,-7.991059643713393257e+01
1.014320000000000000e+09,-6.389592857175639296e+01,-7.991570378282857234e+01
1.014325000000000000e+09,-6.391388571792367657e+01,-7.992081020327110252e+01
1.014330000000000000e+09,-6.393174882356471755e+01,-7.992591570006109691e+01
1.014335000000000000e+09,-6.394951827261426303e+01,-7.993102027479635296e+01
1.014340000000000000e+09,-6.396719444527838760e+01,-7.993612392907212438e+01
1.014345000000000000e+09,-6.398477771807514358e+01,-7.994122666448123482e+01
1.014350000000000000e+09,-6.400226846387734270e+01,-7.994632848261444735e+01
1.014355000000000000e+09,-6.401966705194870144e+01,-7.995142938506036501e+01
1.014360000000000000e+09,-6.403697384798287828e+01,-7.995652937340472022e+01
1.014365000000000000e+09,-6.405418921414113242e+01,-7.996162844923154012e+01
1.014370000000000000e+09,-6.407131350908956335e+01,-7.996672661412246441e+01
1.014375000000000000e+09,-6.408834708803583169e+01,-7.997182386965670275e+01
1.014380000000000000e+09,-6.410529030276512685e+01,-7.997692021741117685e+01
1.014385000000000000e+09,-6.412214350167599264e+01,-7.998201565896079046e+01
1.014390000000000000e+09,-6.413890702981589698e+01,-7.998711019587808835e+01
1.014395000000000000e+09,-6.415558122891343373e+01,-7.999220382973317101e+01
1.014400000000000000e+09,-6.417216643741556936e+01,-7.999729656209412099e+01
1.014405000000000000e+09,-6.418866299052180580e+01,-8.000238839452690343e+01
1.014410000000000000e+09,-6.420507122021180635e+01,-8.000747932859476919e+01
1.014415000000000000e+09,-6.422139145528436188e+01,-8.001256936585912172e+01
1.014420000000000000e+09,-6.423762402138638095e+01,-8.001765850787919021e+01
1.014425000000000000e+09,-6.425376924104539000e+01,-8.002274675621185906e+01
1.014430000000000000e+09,-6.426982743370078310e+01,-8.002783411241155420e+01
1.014435000000000000e+09,-6.428579891573475891e+01,-8.003292057803092518e+01
1.014440000000000000e+09,-6.430168400050339983e+01,-8.003800615462017731e+01
1.014445000000000000e+09,-6.431748299836374372e+01,-8.004309084372729899e+01
1.014450000000000000e+09,-6.433319621670912625e+01,-8.004817464689816120e+01
1.014455000000000000e+09,-6.434882395999335358e+01,-8.005325756567657436e+01
1.014460000000000000e+09,-6.436436652975993411e+01,-8.005833960160373408e+01
1.014465000000000000e+09,-6.437982422467341337e+01,-8.006342075621910226e+01
1.014470000000000000e+09,-6.439519734054509570e+01,-8.006850103105983862e+01
1.014475000000000000e+09,-6.441048617036115331e+01,-8.007358042766074391e+01
1.014480000000000000e+09,-6.442569100430998219e+01,-8.007865894755465774e+01
1.014485000000000000e+09,-6.444081212980894691e+01,-8.008373659227217445e+01
1.014490000000000000e+09,-6.445584983153101177e+01,-8.008881336334187040e+01
1.014495000000000000e+09,-6.447080439143076092e+01,-8.009388926228996297e+01
1.014500000000000000e+09,-6.448567608877014834e+01,-8.009896429064045265e+01
1.014505000000000000e+09,-6.450046520014461748e+01,-8.010403844991564881e+01
1.014510000000000000e+09,-6.451517199950588122e+01,-8.010911174163517501e+01
1.014515000000000000e+09,-6.452979675818995986e+01,-8.011418416731687842e+01
1.014520000000000000e+09,-6.454433974493933590e+01,-8.011925572847647459e+01
1.014525000000000000e+09,-6.455880122592768089e+01,-8.012432642662713533e+01
1.014530000000000000e+09,-6.457318146478351650e+01,-8.012939626328051190e+01
1.014535000000000000e+09,-6.458748072261366246e+01,-8.013446523994581128e+01
1.014540000000000000e+09,-6.460169925802631496e+01,-8.013953335812996670e+01
1.014545000000000000e+09,-6.461583732715388351e+01,-8.014460061933820612e+01
1.014550000000000000e+09,-6.462989518367540143e+01,-8.014966702507335583e+01
1.014555000000000000e+09,-6.464387307883933431e+01,-8.015473257683636632e+01
1.014560000000000000e+09,-6.465777126148330467e+01,-8.015979727612581485e+01
1.014565000000000000e+09,-6.467158997805830722e+01,-8.016486112443840284e+01
1.014570000000000000e+09,-6.468532947265047994e+01,-8.016992412326874273e+01
1.014575000000000000e+09,-6.469898998699756021e+01,-8.017498627410924428e+01
1.014580000000000000e+09,-6.471257176051469173e+01,-8.018004757845028507e+01
1.014585000000000000e+09,-6.472607503031240128e+01,-8.018510803778040952e+01
1.014590000000000000e+09,-6.473950003121716179e+01,-8.019016765358556142e+01
1.014595000000000000e+09,-6.475284699579145808e+01,-8.019522642735006457e+01
1.014600000000000000e+09,-6.476611615435335523e+01,-8.020028436055619636e+01
1.014605000000000000e+09,-6.477930773499588213e+01,-8.020534145468400311e+01
1.014610000000000000e+09,-6.479242196360621620e+01,-8.021039771121139950e+01
1.014615000000000000e+09,-6.480545906388454114e+01,-8.021545313161445279e+01
1.014620000000000000e+09,-6.481841925736310372e+01,-8.022050771736728336e+01
1.014625000000000000e+09,-6.483130276342281206e+01,-8.022556146994145365e+01
1.014630000000000000e+09,-6.484410979931412555e+01,-8.023061439080713342e+01
1.014635000000000000e+09,-6.485684058017304210e+01,-8.023566648143219027e+01
1.014640000000000000e+09,-6.486949531903934485e+01,-8.024071774328233175e+01
1.014645000000000000e+09,-6.488207422687396786e+01,-8.024576817782140381e+01
1.014650000000000000e+09,-6.489457751257614859e+01,-8.025081778651127706e+01
1.014655000000000000e+09,-6.490700538300046674e+01,-8.025586657081166209e+01
1.014660000000000000e+09,-6.491935804297364143e+01,-8.026091453218043625e+01
1.014665000000000000e+09,-6.493163569531094481e+01,-8.026596167207327426e+01
1.014670000000000000e+09,-6.494383854083304186e+01,-8.027100799194420233e+01
1.014675000000000000e+09,-6.495596677838028654e+01,-8.027605349324473138e+01
1.014680000000000000e+09,-6.496802060483089747e+01,-8.028109817742475229e+01
1.014685000000000000e+09,-6.498000021511687407e+01,-8.028614204593226589e+01
1.014690000000000000e+09,-6.499190580223576319e+01,-8.029118510021289978e+01
1.014695000000000000e+09,-6.500373755727017056e+01,-8.029622734171056209e+01
1.014700000000000000e+09,-6.501549566940069269e+01,-8.030126877186731349e+01
1.014705000000000000e+09,-6.502718032592116515e+01,-8.030630939212279884e+01
1.014710000000000000e+09,-6.503879171225344180e+01,-8.031134920391522769e+01
1.014715000000000000e+09,-6.505033001196220255e+01,-8.031638820868056428e+01
1.014720000000000000e+09,-6.506179540676761519e+01,-8.032142640785268384e+01
1.014725000000000000e+09,-6.507318807656160686e+01,-8.032646380286381316e+01
1.014730000000000000e+09,-6.508450819942162013e+01,-8.033150039514409002e+01
1.014735000000000000e+09,-6.509575595162283435e+01,-8.033653618612180480e+01
1.014740000000000000e+09,-6.510693150765170856e+01,-8.034157117722304520e+01
1.014745000000000000e+09,-6.511803504022135769e+01,-8.034660536987226465e+01
1.014750000000000000e+09,-6.512906672028319122e+01,-8.035163876549182760e+01
1.014755000000000000e+09,-6.514002671704032821e+01,-8.035667136550216583e+01
1.014760000000000000e+09,-6.515091519796045816e+01,-8.036170317132192054e+01
1.014765000000000000e+09,-6.516173232878890076e+01,-8.036673418436770078e+01
1.014770000000000000e+09,-6.517247827355930667e+01,-8.037176440605418293e+01
1.014775000000000000e+09,-6.518315319460971580e+01,-8.037679383779403963e+01
1.014780000000000000e+09,-6.519375725259106957e+01,-8.038182248099845140e+01
1.014785000000000000e+09,-6.520429060648143604e+01,-8.038685033707631078e+01
1.014790000000000000e+09,-6.521475341359608535e+01,-8.039187740743459187e+01
1.014795000000000000e+09,-6.522514582960104690e+01,-8.039690369347864873e+01
1.014800000000000000e+09,-6.523546800852503225e+01,-8.040192919661177484e+01
1.014805000000000000e+09,-6.524572010276760636e+01,-8.040695391823520310e+01
1.014810000000000000e+09,-6.525590226311405218e+01,-8.041197785974871692e+01
1.014815000000000000e+09,-6.526601463874469289e+01,-8.041700102254989702e+01
1.014820000000000000e+09,-6.527605737724624646e+01,-8.042202340803447669e+01
1.014825000000000000e+09,-6.528603062462264006e+01,-8.042704501759637026e+01
1.014830000000000000e+09,-6.529593452530603770e+01,-8.043206585262780095e+01
1.014835000000000000e+09,-6.530576922216604885e+01,-8.043708591451871825e+01
1.014840000000000000e+09,-6.531553485652173663e+01,-8.044210520465752268e+01
1.014845000000000000e+09,-6.532523156815200593e+01,-8.044712372443069626e+01
1.014850000000000000e+09,-6.533485949530428627e+01,-8.045214147522295889e+01
1.014855000000000000e+09,-6.534441877470460724e+01,-8.045715845841691305e+01
1.014860000000000000e+09,-6.535390954156908094e+01,-8.046217467539358381e+01
1.014865000000000000e+09,-6.536333192961228633e+01,-8.046719012753212041e+01
1.014870000000000000e+09,-6.537268607105723106e+01,-8.047220481620956889e+01
1.014875000000000000e+09,-6.538197209664477327e+01,-8.047721874280144050e+01
1.014880000000000000e+09,-6.539119013564334182e+01,-8.048223190868151278e+01
1.014885000000000000e+09,-6.540034031585659591e+01,-8.048724431522123268e+01
1.014890000000000000e+09,-6.540942276363547592e+01,-8.049225596379068293e+01
1.014895000000000000e+09,-6.541843760388458406e+01,-8.049726685575811302e+01
1.014900000000000000e+09,-6.542738496007120830e+01,-8.050227699248958402e+01
1.014905000000000000e+09,-6.543626495423565359e+01,-8.050728637534970744e+01
1.014910000000000000e+09,-6.544507770699856053e+01,-8.051229500570129005e+01
1.014915000000000000e+09,-6.545382333756973026e+01,-8.051730288490506382e+01
1.014920000000000000e+09,-6.546250196375650887e+01,-8.052231001432021174e+01
1.014925000000000000e+09,-6.547111370197202973e+01,-8.052731639530395569e+01
1.014930000000000000e+09,-6.547965866724334205e+01,-8.053232202921194016e+01
1.014935000000000000e+09,-6.548813697321945426e+01,-8.053732691739769223e+01
1.014940000000000000e+09,-6.549654873217924944e+01,-8.054233106121324681e+01
1.014945000000000000e+09,-6.550489405503959972e+01,-8.054733446200881986e+01
1.014950000000000000e+09,-6.551317305136187485e+01,-8.055233712113266620e+01
1.014955000000000000e+09,-6.552138582936130717e+01,-8.055733903993136380e+01
1.014960000000000000e+09,-6.552953249591300278e+01,-8.056234021974992743e+01
1.014965000000000000e+09,-6.553761315656097963e+01,-8.056734066193136812e+01
1.014970000000000000e+09,-6.554562791552274348e+01,-8.057234036781680686e+01
1.014975000000000000e+09,-6.555357687569917857e+01,-8.057733933874601462e+01
1.014980000000000000e+09,-6.556146013868018940e+01,-8.058233757605677283e+01
1.014985000000000000e+09,-6.556927780475204770e+01,-8.058733508108491606e+01
1.014990000000000000e+09,-6.557702997290414260e+01,-8.059233185516492881e+01
1.014995000000000000e+09,-6.558471674083611447e+01,-8.059732789962944821e+01
1.015000000000000000e+09,-6.559233820496336875e+01,-8.060232321580892290e+01
1.015005000000000000e+09,-6.559989446042506245e+01,-8.060731780503269306e+01
1.015010000000000000e+09,-6.560738560109071216e+01,-8.061231166862822306e+01
1.015015000000000000e+09,-6.561481171956432945e+01,-8.061730480792078879e+01
1.015020000000000000e+09,-6.562217290719328844e+01,-8.062229722423451506e+01
1.015025000000000000e+09,-6.562946925407314325e+01,-8.062728891889143767e+01
1.015030000000000000e+09,-6.563670084905409396e+01,-8.063227989321207190e+01
1.015035000000000000e+09,-6.564386777974686993e+01,-8.063727014851514241e+01
1.015040000000000000e+09,-6.565097013252869829e+01,-8.064225968611751227e+01
1.015045000000000000e+09,-6.565800799254921571e+01,-8.064724850733482242e+01
1.015050000000000000e+09,-6.566498144373601065e+01,-8.065223661348031214e+01
1.015055000000000000e+09,-6.567189056880040710e+01,-8.065722400586599861e+01
1.015060000000000000e+09,-6.567873544924319162e+01,-8.066221068580226472e+01
1.015065000000000000e+09,-6.568551616535921767e+01,-8.066719665459737598e+01
1.015070000000000000e+09,-6.569223279624409884e+01,-8.067218191355820522e+01
1.015075000000000000e+09,-6.569888541979862850e+01,-8.067716646399000524e+01
1.015080000000000000e+09,-6.570547411273415150e+01,-8.068215030719598246e+01
1.015085000000000000e+09,-6.571199895057780793e+01,-8.068713344447806435e+01
1.015090000000000000e+09,-6.571846000767749274e+01,-8.069211587713631673e+01
1.015095000000000000e+09,-6.572485735720682953e+01,-8.069709760646921382e+01
1.015100000000000000e+09,-6.573119107117003068e+01,-8.070207863377331137e+01
1.015105000000000000e+09,-6.573746122040675743e+01,-8.070705896034374405e+01
1.015110000000000000e+09,-6.574366787459693739e+01,-8.071203858747406912e+01
1.015115000000000000e+09,-6.574981110226474357e+01,-8.071701751645578327e+01
1.015120000000000000e+09,-6.575589097078402290e+01,-8.072199574857921789e+01
1.015125000000000000e+09,-6.576190754638291480e+01,-8.072697328513264381e+01
1.015130000000000000e+09,-6.576786089414670755e+01,-8.073195012740285392e+01
1.015135000000000000e+09,-6.577375107802393472e+01,-8.073692627667504951e+01
1.015140000000000000e+09,-6.577957816082962950e+01,-8.074190173423259864e+01
1.015145000000000000e+09,-6.578534220424985790e+01,-8.074687650135764727e+01
1.015150000000000000e+09,-6.579104326884559839e+01,-8.075185057933001076e+01
1.015155000000000000e+09,-6.579668141405691983e+01,-8.075682396942853813e+01
1.015160000000000000e+09,-6.580225669820700318e+01,-8.076179667293021680e+01
1.015165000000000000e+09,-6.580776917850522523e+01,-8.076676869111005885e+01
1.015170000000000000e+09,-6.581321891105255872e+01,-8.077174002524203900e+01
1.015175000000000000e+09,-6.581860595084384613e+01,-8.077671067659821347e+01
1.015180000000000000e+09,-6.582393035177162233e+01,-8.078168064644884794e+01
1.015185000000000000e+09,-6.582919216663044892e+01,-8.078664993606301437e+01
1.015190000000000000e+09,-6.583439144711985591e+01,-8.079161854670785203e+01
1.015195000000000000e+09,-6.583952824384778069e+01,-8.079658647964892282e+01
1.015200000000000000e+09,-6.584460260633414919e+01,-8.080155373615029646e+01
1.015205000000000000e+09,-6.584961458301397386e+01,-8.080652031747442265e+01
1.015210000000000000e+09,-6.585456422124066478e+01,-8.081148622488215949e+01
1.015215000000000000e+09,-6.585945156728914185e+01,-8.081645145963256027e+01
1.015220000000000000e+09,-6.586427666635898959e+01,-8.082141602298338512e+01
1.015225000000000000e+09,-6.586903956257748405e+01,-8.082637991619077411e+01
1.015230000000000000e+09,-6.587374029900213657e+01,-8.083134314050897729e+01
1.015235000000000000e+09,-6.587837891762413278e+01,-8.083630569719092307e+01
1.015240000000000000e+09,-6.588295545937124587e+01,-8.084126758748809038e+01
1.015245000000000000e+09,-6.588746996410959866e+01,-8.084622881265002547e+01
1.015250000000000000e+09,-6.589192247064738694e+01,-8.085118937392479666e+01
1.015255000000000000e+09,-6.589631301673702524e+01,-8.085614927255930695e+01
1.015260000000000000e+09,-6.590064163907769057e+01,-8.086110850979819986e+01
1.015265000000000000e+09,-6.590490837331788043e+01,-8.086606708688513834e+01
1.015270000000000000e+09,-6.590911325405782861e+01,-8.087102500506198055e+01
1.015275000000000000e+09,-6.591325631485187841e+01,-8.087598226556906411e+01
1.015280000000000000e+09,-6.591733758821031586e+01,-8.088093886964512080e+01
1.015285000000000000e+09,-6.592135710560258133e+01,-8.088589481852739027e+01
1.015290000000000000e+09,-6.592531489745850592e+01,-8.089085011345162002e+01
1.015295000000000000e+09,-6.592921099317052835e+01,-8.089580475565186646e+01
1.015300000000000000e+09,-6.593304542109618183e+01,-8.090075874636070807e+01
1.015305000000000000e+09,-6.593681820855965725e+01,-8.090571208680934490e+01
1.015310000000000000e+09,-6.594052938185382118e+01,-8.091066477822708691e+01
1.015315000000000000e+09,-6.594417896624204900e+01,-8.091561682184200777e+01
1.015320000000000000e+09,-6.594776698596007236e+01,-8.092056821888070317e+01
1.015325000000000000e+09,-6.595129346421727234e+01,-8.092551897056787880e+01
1.015330000000000000e+09,-6.595475842319912374e+01,-8.093046907812700397e+01
1.015335000000000000e+09,-6.595816188406801928e+01,-8.093541854278002745e+01
1.015340000000000000e+09,-6.596150386696520229e+01,-8.094036736574742008e+01
1.015345000000000000e+09,-6.596478439101188940e+01,-8.094531554824774844e+01
1.015350000000000000e+09,-6.596800347431118894e+01,-8.095026309149858434e+01
1.015355000000000000e+09,-6.597116113394895365e+01,-8.095520999671576590e+01
1.015360000000000000e+09,-6.597425738599528700e+01,-8.096015626511344010e+01
1.015365000000000000e+09,-6.597729224550570848e+01,-8.096510189790461709e+01
1.015370000000000000e+09,-6.598026572652231891e+01,-8.097004689630061591e+01
1.015375000000000000e+09,-6.598317784207486625e+01,-8.097499126151105031e+01
1.015380000000000000e+09,-6.598602860418182559e+01,-8.097993499474443979e+01
1.015385000000000000e+09,-6.598881802385132289e+01,-8.098487809720768382e+01
1.015390000000000000e+09,-6.599154611108210133e+01,-8.098982057010607605e+01
1.015395000000000000e+09,-6.599421287486420340e+01,-8.099476241464344639e+01
1.015400000000000000e+09,-6.599681832318007935e+01,-8.099970363202224632e+01
1.015405000000000000e+09,-6.599936246300508458e+01,-8.100464422344336413e+01
1.015410000000000000e+09,-6.600184530030811914e+01,-8.100958419010622436e+01
1.015415000000000000e+09,-6.600426684005239508e+01,-8.101452353320871680e+01
1.015420000000000000e+09,-6.600662708619593388e+01,-8.101946225394763701e+01
1.015425000000000000e+09,-6.600892604169200695e+01,-8.102440035351763470e+01
1.015430000000000000e+09,-6.601116370848959036e+01,-8.102933783311246430e+01
1.015435000000000000e+09,-6.601334008753380544e+01,-8.103427469392435967e+01
1.015440000000000000e+09,-6.601545517876610347e+01,-8.103921093714365043e+01
1.015445000000000000e+09,-6.601750898112464938e+01,-8.104414656395972827e+01
1.015450000000000000e+09,-6.601950149254444966e+01,-8.104908157556026538e+01
1.015455000000000000e+09,-6.602143270995750868e+01,-8.105401597313164075e+01
1.015460000000000000e+09,-6.602330262929285709e+01,-8.105894975785859913e+01
1.015465000000000000e+09,-6.602511124547662291e+01,-8.106388293092450681e+01
1.015470000000000000e+09,-6.602685855243197466e+01,-8.106881549351149374e+01
1.015475000000000000e+09,-6.602854454307902188e+01,-8.107374744679985668e+01
1.015480000000000000e+09,-6.603016920933464462e+01,-8.107867879196872707e+01
1.015485000000000000e+09,-6.603173254211222343e+01,-8.108360953019590056e+01
1.015490000000000000e+09,-6.603323453132146881e+01,-8.108853966265742486e+01
1.015495000000000000e+09,-6.603467516586798070e+01,-8.109346919052809710e+01
1.015500000000000000e+09,-6.603605443365287897e+01,-8.109839811498139284e+01
1.015505000000000000e+09,-6.603737232157241976e+01,-8.110332643718912493e+01
1.015510000000000000e+09,-6.603862881551729913e+01,-8.110825415832189833e+01
1.015515000000000000e+09,-6.603982390037228356e+01,-8.111318127954875479e+01
1.015520000000000000e+09,-6.604095756001532891e+01,-8.111810780203757076e+01
1.015525000000000000e+09,-6.604202977731718249e+01,-8.112303372695433268e+01
1.015530000000000000e+09,-6.604304053414034570e+01,-8.112795905546404640e+01
1.015535000000000000e+09,-6.604398981133840607e+01,-8.113288378873035356e+01
1.015540000000000000e+09,-6.604487758875509940e+01,-8.113780792791499152e+01
1.015545000000000000e+09,-6.604570384522344284e+01,-8.114273147417890186e+01
1.015550000000000000e+09,-6.604646855856454124e+01,-8.114765442868127820e+01
1.015555000000000000e+09,-6.604717170558689077e+01,-8.115257679257982204e+01
1.015560000000000000e+09,-6.604781326208492942e+01,-8.115749856703126852e+01
1.015565000000000000e+09,-6.604839320283778648e+01,-8.116241975319050539e+01
1.015570000000000000e+09,-6.604891150160837299e+01,-8.116734035221148247e+01
1.015575000000000000e+09,-6.604936813114198912e+01,-8.117226036524627375e+01
1.015580000000000000e+09,-6.604976306316473256e+01,-8.117717979344590162e+01
1.015585000000000000e+09,-6.605009626838226211e+01,-8.118209863796003845e+01
1.015590000000000000e+09,-6.605036771647826299e+01,-8.118701689993669390e+01
1.015595000000000000e+09,-6.605057737611291202e+01,-8.119193458052276924e+01
1.015600000000000000e+09,-6.605072521492112969e+01,-8.119685168086382987e+01
1.015605000000000000e+09,-6.605081119951135804e+01,-8.120176820210375013e+01
1.015610000000000000e+09,-6.605083529546301691e+01,-8.120668414538531010e+01
1.015615000000000000e+09,-6.605079746732539547e+01,-8.121159951185001091e+01
1.015620000000000000e+09,-6.605069767861569119e+01,-8.121651430263760574e+01
1.015625000000000000e+09,-6.605053589181676443e+01,-8.122142851888681037e+01
1.015630000000000000e+09,-6.605031206837549007e+01,-8.122634216173497634e+01
1.015635000000000000e+09,-6.605002616870012844e+01,-8.123125523231806255e+01
1.015640000000000000e+09,-6.604967815215923110e+01,-8.123616773177046468e+01
1.015645000000000000e+09,-6.604926797707845765e+01,-8.124107966122556945e+01
1.015650000000000000e+09,-6.604879560073881350e+01,-8.124599102181527144e+01
1.015655000000000000e+09,-6.604826097937420570e+01,-8.125090181466998729e+01
1.015660000000000000e+09,-6.604766406816912649e+01,-8.125581204091899679e+01
1.015665000000000000e+09,-6.604700482125610961e+01,-8.126072170169025810e+01
1.015670000000000000e+09,-6.604628319171351336e+01,-8.126563079811019463e+01
1.015675000000000000e+09,-6.604549913156259322e+01,-8.127053933130399344e+01
1.015680000000000000e+09,-6.604465259176461700e+01,-8.127544730239571891e+01
1.015685000000000000e+09,-6.604374352221918798e+01,-8.128035471250765909e+01
1.015690000000000000e+09,-6.604277187176036534e+01,-8.128526156276120673e+01
1.015695000000000000e+09,-6.604173758815437623e+01,-8.129016785427621983e+01
1.015700000000000000e+09,-6.604064061809657460e+01,-8.129507358817144791e+01
1.015705000000000000e+09,-6.603948090720844277e+01,-8.129997876556386416e+01
1.015710000000000000e+09,-6.603825840003460712e+01,-8.130488338756968858e+01
1.015715000000000000e+09,-6.603697304003951274e+01,-8.130978745530353535e+01
1.015720000000000000e+09,-6.603562476960496497e+01,-8.131469096987856915e+01
1.015725000000000000e+09,-6.603421353002545402e+01,-8.131959393240694567e+01
1.015730000000000000e+09,-6.603273926150612283e+01,-8.132449634399955585e+01
1.015735000000000000e+09,-6.603120190315915750e+01,-8.132939820576551426e+01
1.015740000000000000e+09,-6.602960139299972298e+01,-8.133429951881311126e+01
1.015745000000000000e+09,-6.602793766794283670e+01,-8.133920028424924453e+01
1.015750000000000000e+09,-6.602621066379973058e+01,-8.134410050317941909e+01
1.015755000000000000e+09,-6.602442031527412780e+01,-8.134900017670786099e+01
1.015760000000000000e+09,-6.602256655595842005e+01,-8.135389930593753149e+01
1.015765000000000000e+09,-6.602064931832997274e+01,-8.135879789197019818e+01
1.015770000000000000e+09,-6.601866853374703226e+01,-8.136369593590612226e+01
1.015775000000000000e+09,-6.601662413244490324e+01,-8.136859343884445650e+01
1.015780000000000000e+09,-6.601451604353158586e+01,-8.137349040188317417e+01
1.015785000000000000e+09,-6.601234419498442207e+01,-8.137838682611864272e+01
1.015790000000000000e+09,-6.601010851364483756e+01,-8.138328271264620639e+01
1.015795000000000000e+09,-6.600780892521464693e+01,-8.138817806256007259e+01
1.015800000000000000e+09,-6.600544535425164838e+01,-8.139307287695268656e+01
1.015805000000000000e+09,-6.600301772416506196e+01,-8.139796715691562667e+01
1.015810000000000000e+09,-6.600052595721108162e+01,-8.140286090353930604e+01
1.015815000000000000e+09,-6.599796997448825664e+01,-8.140775411791251770e+01
1.015820000000000000e+09,-6.599534969593273104e+01,-8.141264680112286101e+01
1.015825000000000000e+09,-6.599266504031358238e+01,-8.141753895425692633e+01
1.015830000000000000e+09,-6.598991592522772009e+01,-8.142243057839989717e+01
1.015835000000000000e+09,-6.598710226709573590e+01,-8.142732167463564963e+01
1.015840000000000000e+09,-6.598422398115596366e+01,-8.143221224404685188e+01
1.015845000000000000e+09,-6.598128098145909348e+01,-8.143710228771507786e+01
1.015850000000000000e+09,-6.597827318086486059e+01,-8.144199180672029570e+01
1.015855000000000000e+09,-6.597520049103475515e+01,-8.144688080214159243e+01
1.015860000000000000e+09,-6.597206282242761688e+01,-8.145176927505671927e+01
1.015865000000000000e+09,-6.596886008429412129e+01,-8.145665722654206320e+01
1.015870000000000000e+09,-6.596559218467113794e+01,-8.146154465767283170e+01
1.015875000000000000e+09,-6.596225903037615979e+01,-8.146643156952302434e+01
1.015880000000000000e+09,-6.595886052700139146e+01,-8.147131796316563168e+01
1.015885000000000000e+09,-6.595539657890904550e+01,-8.147620383967195323e+01
1.015890000000000000e+09,-6.595186708922325636e+01,-8.148108920011232215e+01
1.015895000000000000e+09,-6.594827195982605872e+01,-8.148597404555601997e+01
1.015900000000000000e+09,-6.594461109135122001e+01,-8.149085837707070823e+01
1.015905000000000000e+09,-6.594088438317677969e+01,-8.149574219572308209e+01
1.015910000000000000e+09,-6.593709173341987650e+01,-8.150062550257872829e+01
1.015915000000000000e+09,-6.593323303893005516e+01,-8.150550829870167036e+01
1.015920000000000000e+09,-6.592930819528288566e+01,-8.151039058515500813e+01
1.015925000000000000e+09,-6.592531709677334106e+01,-8.151527236300051982e+01
1.015930000000000000e+09,-6.592125963640928887e+01,-8.152015363329883257e+01
1.015935000000000000e+09,-6.591713570590462723e+01,-8.152503439710935140e+01
1.015940000000000000e+09,-6.591294519567250632e+01,-8.152991465549013128e+01
1.015945000000000000e+09,-6.590868799481816609e+01,-8.153479440949830348e+01
1.015950000000000000e+09,-6.590436399113283983e+01,-8.153967366018952134e+01
1.015955000000000000e+09,-6.589997307108542657e+01,-8.154455240861844345e+01
1.015960000000000000e+09,-6.589551511981487408e+01,-8.154943065583853468e+01
1.015965000000000000e+09,-6.589099002112524772e+01,-8.155430840290179617e+01
1.015970000000000000e+09,-6.588639765747568333e+01,-8.155918565085934802e+01
1.015975000000000000e+09,-6.588173790997403501e+01,-8.156406240076114500e+01
1.015980000000000000e+09,-6.587701065836898806e+01,-8.156893865365559293e+01
1.015985000000000000e+09,-6.587221578104237096e+01,-8.157381441059021654e+01
1.015990000000000000e+09,-6.586735315500109778e+01,-8.157868967261134685e+01
1.015995000000000000e+09,-6.586242265586902533e+01,-8.158356444076416381e+01
1.016000000000000000e+09,-6.585742415788014625e+01,-8.158843871609228415e+01
1.016005000000000000e+09,-6.585235753386760393e+01,-8.159331249963871358e+01
1.016010000000000000e+09,-6.584722265525783769e+01,-8.159818579244502246e+01
1.016015000000000000e+09,-6.584201939206189991e+01,-8.160305859555143115e+01
1.016020000000000000e+09,-6.583674761286542321e+01,-8.160793090999732158e+01
1.016025000000000000e+09,-6.583140718482104603e+01,-8.161280273682079667e+01
1.016030000000000000e+09,-6.582599797363930350e+01,-8.161767407705858091e+01
1.016035000000000000e+09,-6.582051984357973140e+01,-8.162254493174657455e+01
1.016040000000000000e+09,-6.581497265744144443e+01,-8.162741530191931361e+01
1.016045000000000000e+09,-6.580935627655551912e+01,-8.163228518861026828e+01
1.016050000000000000e+09,-6.580367056077257359e+01,-8.163715459285158715e+01
1.016055000000000000e+09,-6.579791536845642952e+01,-8.164202351567448090e+01
1.016060000000000000e+09,-6.579209055647262971e+01,-8.164689195810905176e+01
1.016065000000000000e+09,-6.578619598018039483e+01,-8.165175992118389559e+01
1.016070000000000000e+09,-6.578023149342114095e+01,-8.165662740592678404e+01
1.016075000000000000e+09,-6.577419694850819099e+01,-8.166149441336432346e+01
1.016080000000000000e+09,-6.576809219621952707e+01,-8.166636094452174177e+01
1.016085000000000000e+09,-6.576191708578444661e+01,-8.167122700042338579e+01
1.016090000000000000e+09,-6.575567146487465209e+01,-8.167609258209247969e+01
1.016095000000000000e+09,-6.574935517959349340e+01,-8.168095769055079813e+01
1.016100000000000000e+09,-6.574296807446530977e+01,-8.168582232681927735e+01
1.016105000000000000e+09,-6.573650999242418891e+01,-8.169068649191780196e+01
1.016110000000000000e+09,-6.572998077480450263e+01,-8.169555018686459391e+01
1.016115000000000000e+09,-6.572338026132806021e+01,-8.170041341267733515e+01
1.016120000000000000e+09,-6.571670829009275394e+01,-8.170527617037240020e+01
1.016125000000000000e+09,-6.570996469756268255e+01,-8.171013846096494149e+01
1.016130000000000000e+09,-6.570314931855656937e+01,-8.171500028546903138e+01
1.016135000000000000e+09,-6.569626198623423363e+01,-8.171986164489766225e+01
1.016140000000000000e+09,-6.568930253208623071e+01,-8.172472254026271798e+01
1.016145000000000000e+09,-6.568227078592137502e+01,-8.172958297257483196e+01
1.016150000000000000e+09,-6.567516657585466078e+01,-8.173444294284367118e+01
1.016155000000000000e+09,-6.566798972829444381e+01,-8.173930245207796474e+01
1.016160000000000000e+09,-6.566074006793192552e+01,-8.174416150128487857e+01
1.016165000000000000e+09,-6.565341741772459727e+01,-8.174902009147069748e+01
1.016170000000000000e+09,-6.564602159888721644e+01,-8.175387822364079682e+01
1.016175000000000000e+09,-6.563855243087652980e+01,-8.175873589879924452e+01
1.016180000000000000e+09,-6.563100973137996164e+01,-8.176359311794884377e+01
1.016185000000000000e+09,-6.562339331629999606e+01,-8.176844988209170140e+01
1.016190000000000000e+09,-6.561570299974211196e+01,-8.177330619222864527e+01
1.016195000000000000e+09,-6.560793859400070005e+01,-8.177816204935915323e+01
1.016200000000000000e+09,-6.560009990954517889e+01,-8.178301745448202098e+01
1.016205000000000000e+09,-6.559218675500582663e+01,-8.178787240859477947e+01
1.016210000000000000e+09,-6.558419893715961280e+01,-8.179272691269378015e+01
1.016215000000000000e+09,-6.557613626091561798e+01,-8.179758096777445076e+01
1.016220000000000000e+09,-6.556799852930006978e+01,-8.180243457483106795e+01
1.016225000000000000e+09,-6.555978554344299880e+01,-8.180728773485671468e+01
1.016230000000000000e+09,-6.555149710256084461e+01,-8.181214044884357861e+01
1.016235000000000000e+09,-6.554313300394318276e+01,-8.181699271778268212e+01
1.016240000000000000e+09,-6.553469304293476227e+01,-8.182184454266408125e+01
1.016245000000000000e+09,-6.552617701292409436e+01,-8.182669592447646778e+01
1.016250000000000000e+09,-6.551758470532331557e+01,-8.183154686420765245e+01
1.016255000000000000e+09,-6.550891590955419019e+01,-8.183639736284460753e+01
1.016260000000000000e+09,-6.550017041303149767e+01,-8.184124742137278474e+01
1.016265000000000000e+09,-6.549134800114636334e+01,-8.184609704077678316e+01
1.016270000000000000e+09,-6.548244845724920538e+01,-8.185094622204036341e+01
1.016275000000000000e+09,-6.547347156263442969e+01,-8.185579496614568029e+01
1.016280000000000000e+09,-6.546441709652116003e+01,-8.186064327407436281e+01
1.016285000000000000e+09,-6.545528483603520442e+01,-8.186549114680684625e+01
1.016290000000000000e+09,-6.544607455619556902e+01,-8.187033858532217323e+01
1.016295000000000000e+09,-6.543678602989194815e+01,-8.187518559059878953e+01
1.016300000000000000e+09,-6.542741902786900710e+01,-8.188003216361374825e+01
1.016305000000000000e+09,-6.541797331870741061e+01,-8.188487830534339196e+01
1.016310000000000000e+09,-6.540844866880524933e+01,-8.188972401676265633e+01
1.016315000000000000e+09,-6.539884484235916773e+01,-8.189456929884558178e+01
1.016320000000000000e+09,-6.538916160134478162e+01,-8.189941415256532764e+01
1.016325000000000000e+09,-6.537939870549968191e+01,-8.190425857889366057e+01
1.016330000000000000e+09,-6.536955591229893514e+01,-8.190910257880159406e+01
1.016335000000000000e+09,-6.535963297693955099e+01,-8.191394615325906159e+01
1.016340000000000000e+09,-6.534962965231984811e+01,-8.191878930323481711e+01
1.016345000000000000e+09,-6.533954568901646098e+01,-8.192363202969661984e+01
1.016350000000000000e+09,-6.532938083526623529e+01,-8.192847433361139053e+01
1.016355000000000000e+09,-6.531913483694202682e+01,-8.193331621594489889e+01
1.016360000000000000e+09,-6.530880743753652951e+01,-8.193815767766164981e+01
1.016365000000000000e+09,-6.529839837813567271e+01,-8.194299871972540927e+01
1.016370000000000000e+09,-6.528790739739919502e+01,-8.194783934309904794e+01
1.016375000000000000e+09,-6.527733423153799208e+01,-8.195267954874387328e+01
1.016380000000000000e+09,-6.526667861429160666e+01,-8.195751933762066699e+01
1.016385000000000000e+09,-6.525594027690493704e+01,-8.196235871068907386e+01
1.016390000000000000e+09,-6.524511894810723334e+01,-8.196719766890754499e+01
1.016395000000000000e+09,-6.523421435408604907e+01,-8.197203621323370726e+01
1.016400000000000000e+09,-6.522322621846288371e+01,-8.197687434462415013e+01
1.016405000000000000e+09,-6.521215426227404066e+01,-8.198171206403424094e+01
1.016410000000000000e+09,-6.520099820394074186e+01,-8.198654937241866492e+01
1.016415000000000000e+09,-6.518975775924717198e+01,-8.199138627073079988e+01
1.016420000000000000e+09,-6.517843264131479941e+01,-8.199622275992336995e+01
1.016425000000000000e+09,-6.516702256057695308e+01,-8.200105884094755027e+01
1.016430000000000000e+09,-6.515552722475305814e+01,-8.200589451475406122e+01
1.016435000000000000e+09,-6.514394633882193375e+01,-8.201072978229242949e+01
1.016440000000000000e+09,-6.513227960499811786e+01,-8.201556464451093120e+01
1.016445000000000000e+09,-6.512052672269926745e+01,-8.202039910235717457e+01
1.016450000000000000e+09,-6.510868738852408910e+01,-8.202523315677781568e+01
1.016455000000000000e+09,-6.509676129622411622e+01,-8.203006680871800427e+01
1.016460000000000000e+09,-6.508474813667284309e+01,-8.203490005912254901e+01
1.016465000000000000e+09,-6.507264759783956265e+01,-8.203973290893489434e+01
1.016470000000000000e+09,-6.506045936476006375e+01,-8.204456535909747572e+01
1.016475000000000000e+09,-6.504818311950725729e+01,-8.204939741055186175e+01
1.016480000000000000e+09,-6.503581854116175975e+01,-8.205422906423864049e+01
1.016485000000000000e+09,-6.502336530578163831e+01,-8.205906032109754733e+01
1.016490000000000000e+09,-6.501082308637205642e+01,-8.206389118206683975e+01
1.016495000000000000e+09,-6.499819155285433681e+01,-8.206872164808432046e+01
1.016500000000000000e+09,-6.498547037203397281e+01,-8.207355172008666955e+01
1.016505000000000000e+09,-6.497265920757129720e+01,-8.207838139900941599e+01
1.016510000000000000e+09,-6.495975771994616821e+01,-8.208321068578725033e+01
1.016515000000000000e+09,-6.494676556642463083e+01,-8.208803958135396783e+01
1.016520000000000000e+09,-6.493368240103130518e+01,-8.209286808664224111e+01
1.016525000000000000e+09,-6.492050787450946814e+01,-8.209769620258371958e+01
1.016530000000000000e+09,-6.490724163429010218e+01,-8.210252393010938476e+01
1.016535000000000000e+09,-6.489388332445658136e+01,-8.210735127014912393e+01
1.016540000000000000e+09,-6.488043258570951366e+01,-8.211217822363153118e+01
1.016545000000000000e+09,-6.486688905533114280e+01,-8.211700479148468901e+01
1.016550000000000000e+09,-6.485325236714845687e+01,-8.212183097463552883e+01
1.016555000000000000e+09,-6.483952215149983545e+01,-8.212665677400993047e+01
1.016560000000000000e+09,-6.482569803519118068e+01,-8.213148219053302057e+01
1.016565000000000000e+09,-6.481177964146414183e+01,-8.213630722512888838e+01
1.016570000000000000e+09,-6.479776658995700700e+01,-8.214113187872050048e+01
1.016575000000000000e+09,-6.478365849666262477e+01,-8.214595615223011293e+01
1.016580000000000000e+09,-6.476945497389151285e+01,-8.215078004657898703e+01
1.016585000000000000e+09,-6.475515563023111554e+01,-8.215560356268731823e+01
1.016590000000000000e+09,-6.474076007050526016e+01,-8.216042670147439253e+01
1.016595000000000000e+09,-6.472626789573276085e+01,-8.216524946385858641e+01
1.016600000000000000e+09,-6.471167870308568126e+01,-8.217007185075745213e+01
1.016605000000000000e+09,-6.469699208584673045e+01,-8.217489386308729138e+01
1.016610000000000000e+09,-6.468220763336630341e+01,-8.217971550176370954e+01
1.016615000000000000e+09,-6.466732493101777379e+01,-8.218453676770141669e+01
1.016620000000000000e+09,-6.465234356015606920e+01,-8.218935766181390079e+01
1.016625000000000000e+09,-6.463726309806827430e+01,-8.219417818501395345e+01
1.016630000000000000e+09,-6.462208311793065718e+01,-8.219899833821347102e+01
1.016635000000000000e+09,-6.460680318876148931e+01,-8.220381812232317031e+01
1.016640000000000000e+09,-6.459142287537395077e+01,-8.220863753825300080e+01
1.016645000000000000e+09,-6.457594173832804074e+01,-8.221345658691214453e+01
1.016650000000000000e+09,-6.456035933388211845e+01,-8.221827526920841933e+01
1.016655000000000000e+09,-6.454467521394352048e+01,-8.222309358604914564e+01
1.016660000000000000e+09,-6.452888892601831117e+01,-8.222791153834050704e+01
1.016665000000000000e+09,-6.451300001315972565e+01,-8.223272912698782022e+01
1.016670000000000000e+09,-6.449700801391942662e+01,-8.223754635289543558e+01
1.016675000000000000e+09,-6.448091246229131457e+01,-8.224236321696680818e+01
1.016680000000000000e+09,-6.446471288765748398e+01,-8.224717972010459732e+01
1.016685000000000000e+09,-6.444840881474073058e+01,-8.225199586321028278e+01
1.016690000000000000e+09,-6.443199976354223679e+01,-8.225681164718463378e+01
1.016695000000000000e+09,-6.441548524928936104e+01,-8.226162707292760956e+01
1.016700000000000000e+09,-6.439886478237821166e+01,-8.226644214133786193e+01
1.016705000000000000e+09,-6.438213786831607877e+01,-8.227125685331344584e+01
1.016710000000000000e+09,-6.436530400766291393e+01,-8.227607120975149257e+01
1.016715000000000000e+09,-6.434836269597106195e+01,-8.228088521154825230e+01
1.016720000000000000e+09,-6.433131342372885797e+01,-8.228569885959883834e+01
1.016725000000000000e+09,-6.431415567629142060e+01,-8.229051215479762504e+01
1.016730000000000000e+09,-6.429688893382541437e+01,-8.229532509803824780e+01
1.016735000000000000e+09,-6.427951267124491608e+01,-8.230013769021310566e+01
1.016740000000000000e+09,-6.426202635814324537e+01,-8.230494993221384448e+01
1.016745000000000000e+09,-6.424442945873065014e+01,-8.230976182493145643e+01
1.016750000000000000e+09,-6.422672143176711756e+01,-8.231457336925549839e+01
1.016755000000000000e+09,-6.420890173049494365e+01,-8.231938456607517196e+01
1.016760000000000000e+09,-6.419096980256929896e+01,-8.232419541627859871e+01
1.016765000000000000e+09,-6.417292508999263134e+01,-8.232900592075280599e+01
1.016770000000000000e+09,-6.415476702903552564e+01,-8.233381608038419586e+01
1.016775000000000000e+09,-6.413649505017311014e+01,-8.233862589605820403e+01
1.016780000000000000e+09,-6.411810857800672636e+01,-8.234343536865941360e+01
1.016785000000000000e+09,-6.409960703119388370e+01,-8.234824449907137023e+01
1.016790000000000000e+09,-6.408098982236835184e+01,-8.235305328817688064e+01
1.016795000000000000e+09,-6.406225635806239893e+01,-8.235786173685801259e+01
1.016800000000000000e+09,-6.404340603863641945e+01,-8.236266984599551222e+01
1.016805000000000000e+09,-6.402443825819086953e+01,-8.236747761646964250e+01
1.016810000000000000e+09,-6.400535240448972729e+01,-8.237228504915975691e+01
1.016815000000000000e+09,-6.398614785887762224e+01,-8.237709214494407206e+01
1.016820000000000000e+09,-6.396682399619623993e+01,-8.238189890470016508e+01
1.016825000000000000e+09,-6.394738018469850971e+01,-8.238670532930478885e+01
1.016830000000000000e+09,-6.392781578596580516e+01,-8.239151141963354519e+01
1.016835000000000000e+09,-6.390813015481570147e+01,-8.239631717656143906e+01
1.016840000000000000e+09,-6.388832263921259624e+01,-8.240112260096248065e+01
1.016845000000000000e+09,-6.386839258018039800e+01,-8.240592769370996962e+01
1.016850000000000000e+09,-6.384833931171022670e+01,-8.241073245567602612e+01
1.016855000000000000e+09,-6.382816216066183301e+01,-8.241553688773214503e+01
1.016860000000000000e+09,-6.380786044667158308e+01,-8.242034099074905384e+01
1.016865000000000000e+09,-6.378743348205428987e+01,-8.242514476559627212e+01
1.016870000000000000e+09,-6.376688057170419199e+01,-8.242994821314282206e+01
1.016875000000000000e+09,-6.374620101299341712e+01,-8.243475133425670265e+01
1.016880000000000000e+09,-6.372539409567409763e+01,-8.243955412980503183e+01
1.016885000000000000e+09,-6.370445910176477611e+01,-8.244435660065411753e+01
1.016890000000000000e+09,-6.368339530545372895e+01,-8.244915874766940078e+01
1.016895000000000000e+09,-6.366220197298527950e+01,-8.245396057171572579e+01
1.016900000000000000e+09,-6.364087836255468744e+01,-8.245876207365641619e+01
1.016905000000000000e+09,-6.361942372419160563e+01,-8.246356325435469614e+01
1.016910000000000000e+09,-6.359783729964512844e+01,-8.246836411467268135e+01
1.016915000000000000e+09,-6.357611832227674142e+01,-8.247316465547135067e+01
1.016920000000000000e+09,-6.355426601693258704e+01,-8.247796487761121398e+01
1.016925000000000000e+09,-6.353227959982828565e+01,-8.248276478195187167e+01
1.016930000000000000e+09,-6.351015827842564931e+01,-8.248756436935184411e+01
1.016935000000000000e+09,-6.348790125130826567e+01,-8.249236364066922533e+01
1.016940000000000000e+09,-6.346550770805371400e+01,-8.249716259676090147e+01
1.016945000000000000e+09,-6.344297682910848835e+01,-8.250196123848303387e+01
1.016950000000000000e+09,-6.342030778565163018e+01,-8.250675956669104494e+01
1.016955000000000000e+09,-6.339749973946066319e+01,-8.251155758223944758e+01
1.016960000000000000e+09,-6.337455184277956022e+01,-8.251635528598198732e+01
1.016965000000000000e+09,-6.335146323817969716e+01,-8.252115267877142912e+01
1.016970000000000000e+09,-6.332823305841341011e+01,-8.252594976145984162e+01
1.016975000000000000e+09,-6.330486042627399002e+01,-8.253074653489854029e+01
1.016980000000000000e+09,-6.328134445444777612e+01,-8.253554299993773213e+01
1.016985000000000000e+09,-6.325768424536470746e+01,-8.254033915742709837e+01
1.016990000000000000e+09,-6.323387889104482440e+01,-8.254513500821539651e+01
1.016995000000000000e+09,-6.320992747294834402e+01,-8.254993055315047457e+01
1.017000000000000000e+09,-6.318582906180675707e+01,-8.255472579307941317e+01
1.017005000000000000e+09,-6.316158271747116970e+01,-8.255952072884863924e+01
1.017010000000000000e+09,-6.313718748874700282e+01,-8.256431536130349969e+01
1.017015000000000000e+09,-6.311264241322100332e+01,-8.256910969128860245e+01
1.017020000000000000e+09,-6.308794651709487766e+01,-8.257390371964791598e+01
1.017025000000000000e+09,-6.306309881501015013e+01,-8.257869744722442817e+01
1.017030000000000000e+09,-6.303809830987071194e+01,-8.258349087486030271e+01
1.017035000000000000e+09,-6.301294399266197388e+01,-8.258828400339702114e+01
1.017040000000000000e+09,-6.298763484226635967e+01,-8.259307683367516972e+01
1.017045000000000000e+09,-6.296216982527524664e+01,-8.259786936653446787e+01
1.017050000000000000e+09,-6.293654789579719022e+01,-8.260266160281395287e+01
1.017055000000000000e+09,-6.291076799526117469e+01,-8.260745354335186619e+01
1.017060000000000000e+09,-6.288482905222164021e+01,-8.261224518898552560e+01
1.017065000000000000e+09,-6.285872998214821905e+01,-8.261703654055148149e+01
1.017070000000000000e+09,-6.283246968722268377e+01,-8.262182759888563055e+01
1.017075000000000000e+09,-6.280604705612602601e+01,-8.262661836482283206e+01
1.017080000000000000e+09,-6.277946096382247987e+01,-8.263140883919733426e+01
1.017085000000000000e+09,-6.275271027133908319e+01,-8.263619902284254692e+01
1.017090000000000000e+09,-6.272579382554071259e+01,-8.264098891659114088e+01
1.017095000000000000e+09,-6.269871045890057815e+01,-8.264577852127473534e+01
1.017100000000000000e+09,-6.267145898926600722e+01,-8.265056783772443794e+01
1.017105000000000000e+09,-6.264403821961808205e+01,-8.265535686677060312e+01
1.017110000000000000e+09,-6.261644693783254212e+01,-8.266014560924244847e+01
1.017115000000000000e+09,-6.258868391642455009e+01,-8.266493406596873683e+01
1.017120000000000000e+09,-6.256074791229305276e+01,-8.266972223777743523e+01
1.017125000000000000e+09,-6.253263766647231137e+01,-8.267451012549543066e+01
1.017130000000000000e+09,-6.250435190385437068e+01,-8.267929772994911275e+01
1.017135000000000000e+09,-6.247588933292449553e+01,-8.268408505196404690e+01
1.017140000000000000e+09,-6.244724864548349785e+01,-8.268887209236496005e+01
1.017145000000000000e+09,-6.241842851636527456e+01,-8.269365885197572652e+01
1.017150000000000000e+09,-6.238942760314839120e+01,-8.269844533161958111e+01
1.017155000000000000e+09,-6.236024454586016930e+01,-8.270323153211899125e+01
1.017160000000000000e+09,-6.233087796668210956e+01,-8.270801745429552909e+01
1.017165000000000000e+09,-6.230132646962937315e+01,-8.271280309896994254e+01
1.017170000000000000e+09,-6.227158864024826102e+01,-8.271758846696263845e+01
1.017175000000000000e+09,-6.224166304529375537e+01,-8.272237355909257417e+01
1.017180000000000000e+09,-6.221154823239480436e+01,-8.272715837617846546e+01
1.017185000000000000e+09,-6.218124272972411859e+01,-8.273194291903821806e+01
1.017190000000000000e+09,-6.215074504565404112e+01,-8.273672718848855823e+01
1.017195000000000000e+09,-6.212005366840592302e+01,-8.274151118534592797e+01
1.017200000000000000e+09,-6.208916706569187483e+01,-8.274629491042573193e+01
1.017205000000000000e+09,-6.205808368434833255e+01,-8.275107836454282051e+01
1.017210000000000000e+09,-6.202680194996135299e+01,-8.275586154851100673e+01
1.017215000000000000e+09,-6.199532026648351746e+01,-8.276064446314356360e+01
1.017220000000000000e+09,-6.196363701584049011e+01,-8.276542710925291146e+01
1.017225000000000000e+09,-6.193175055753595615e+01,-8.277020948765070330e+01
1.017230000000000000e+09,-6.189965922823439115e+01,-8.277499159914789573e+01
1.017235000000000000e+09,-6.186736134134012133e+01,-8.277977344455479169e+01
1.017240000000000000e+09,-6.183485518658081759e+01,-8.278455502468055727e+01
1.017245000000000000e+09,-6.180213902955402716e+01,-8.278933634033404587e+01
1.017250000000000000e+09,-6.176921111128471154e+01,-8.279411739232315881e+01
1.017255000000000000e+09,-6.173606964776367789e+01,-8.279889818145494473e+01
1.017260000000000000e+09,-6.170271282947661007e+01,-8.280367870853592649e+01
1.017265000000000000e+09,-6.166913882092192267e+01,-8.280845897437173164e+01
1.017270000000000000e+09,-6.163534576011549859e+01,-8.281323897976744774e+01
1.017275000000000000e+09,-6.160133175809266959e+01,-8.281801872552698285e+01
1.017280000000000000e+09,-6.156709489837570004e+01,-8.282279821245393236e+01
1.017285000000000000e+09,-6.153263323645683158e+01,-8.282757744135111011e+01
1.017290000000000000e+09,-6.149794479925392920e+01,-8.283235641302020724e+01
1.017295000000000000e+09,-6.146302758454645243e+01,-8.283713512826260228e+01
1.017300000000000000e+09,-6.142787956041149755e+01,-8.284191358787884951e+01
1.017305000000000000e+09,-6.139249866463823935e+01,-8.284669179266843742e+01
1.017310000000000000e+09,-6.135688280412932016e+01,-8.285146974343061288e+01
1.017315000000000000e+09,-6.132102985428745257e+01,-8.285624744096352856e+01
1.017320000000000000e+09,-6.128493765838656060e+01,-8.286102488606489658e+01
1.017325000000000000e+09,-6.124860402692710437e+01,-8.286580207953129218e+01
1.017330000000000000e+09,-6.121202673697520424e+01,-8.287057902215890692e+01
1.017335000000000000e+09,-6.117520353148327672e+01,-8.287535571474313656e+01
1.017340000000000000e+09,-6.113813211860136221e+01,-8.288013215807852418e+01
1.017345000000000000e+09,-6.110081017095632205e+01,-8.288490835295895920e+01
1.017350000000000000e+09,-6.106323532491876449e+01,-8.288968430017776257e+01
1.017355000000000000e+09,-6.102540517986746949e+01,-8.289446000052717523e+01
1.017360000000000000e+09,-6.098731729740337926e+01,-8.289923545479902600e+01
1.017365000000000000e+09,-6.094896920056768153e+01,-8.290401066378439054e+01
1.017370000000000000e+09,-6.091035837302941047e+01,-8.290878562827337817e+01
1.017375000000000000e+09,-6.087148225825320225e+01,-8.291356034905564343e+01
1.017380000000000000e+09,-6.083233825864490285e+01,-8.291833482692001667e+01
1.017385000000000000e+09,-6.079292373467253441e+01,-8.292310906265475978e+01
1.017390000000000000e+09,-6.075323600397404533e+01,-8.292788305704706886e+01
1.017395000000000000e+09,-6.071327234041483933e+01,-8.293265681088378471e+01
1.017400000000000000e+09,-6.067302997315287172e+01,-8.293743032495086709e+01
1.017405000000000000e+09,-6.063250608566056599e+01,-8.294220360003353676e+01
1.017410000000000000e+09,-6.059169781471292993e+01,-8.294697663691643186e+01
1.017415000000000000e+09,-6.055060224936344326e+01,-8.295174943638338050e+01
1.017420000000000000e+09,-6.050921642988282656e+01,-8.295652199921750025e+01
1.017425000000000000e+09,-6.046753734666970814e+01,-8.296129432620122657e+01
1.017430000000000000e+09,-6.042556193912897555e+01,-8.296606641811638383e+01
1.017435000000000000e+09,-6.038328709452946441e+01,-8.297083827574394377e+01
1.017440000000000000e+09,-6.034070964680139326e+01,-8.297560989986413915e+01
1.017445000000000000e+09,-6.029782637533661216e+01,-8.298038129125674800e+01
1.017450000000000000e+09,-6.025463400372451872e+01,-8.298515245070069568e+01
1.017455000000000000e+09,-6.021112919847199407e+01,-8.298992337897405491e+01
1.017460000000000000e+09,-6.016730856766545799e+01,-8.299469407685442945e+01
1.017465000000000000e+09,-6.012316865961267354e+01,-8.299946454511879779e+01
1.017470000000000000e+09,-6.007870596143515485e+01,-8.300423478454302995e+01
1.017475000000000000e+09,-6.003391689762077021e+01,-8.300900479590266912e+01
1.017480000000000000e+09,-5.998879782853327924e+01,-8.301377457997260478e+01
1.017485000000000000e+09,-5.994334504887721948e+01,-8.301854413752667483e+01
1.017490000000000000e+09,-5.989755478611670725e+01,-8.302331346933831924e+01
1.017495000000000000e+09,-5.985142319884606366e+01,-8.302808257618026744e+01
1.017500000000000000e+09,-5.980494637510898315e+01,-8.303285145882449569e+01
1.017505000000000000e+09,-5.975812033067613527e+01,-8.303762011804212761e+01
1.017510000000000000e+09,-5.971094100725144926e+01,-8.304238855460404523e+01
1.017515000000000000e+09,-5.966340427063058627e+01,-8.304715676927997947e+01
1.017520000000000000e+09,-5.961550590882295353e+01,-8.305192476283917813e+01
1.017525000000000000e+09,-5.956724163007483241e+01,-8.305669253605024949e+01
1.017530000000000000e+09,-5.951860706086157649e+01,-8.306146008968110550e+01
1.017535000000000000e+09,-5.946959774380312069e+01,-8.306622742449887653e+01
1.017540000000000000e+09,-5.942020913551495909e+01,-8.307099454126998239e+01
1.017545000000000000e+09,-5.937043660438757087e+01,-8.307576144076053026e+01
1.017550000000000000e+09,-5.932027542830467581e+01,-8.308052812373539098e+01
1.017555000000000000e+09,-5.926972079226744938e+01,-8.308529459095910852e+01
1.017560000000000000e+09,-5.921876778595142810e+01,-8.309006084319563001e+01
1.017565000000000000e+09,-5.916741140119149378e+01,-8.309482688120806415e+01
1.017570000000000000e+09,-5.911564652937433095e+01,-8.309959270575872381e+01
1.017575000000000000e+09,-5.906346795873211164e+01,-8.310435831760946712e+01
1.017580000000000000e+09,-5.901087037156516146e+01,-8.310912371752151273e+01
1.017585000000000000e+09,-5.895784834135895380e+01,-8.311388890625516979e+01
1.017590000000000000e+09,-5.890439632980475437e+01,-8.311865388457027848e+01
1.017595000000000000e+09,-5.885050868371530441e+01,-8.312341865322601109e+01
1.017600000000000000e+09,-5.879617963184766438e+01,-8.312818321298067303e+01
1.017605000000000000e+09,-5.874140328157962898e+01,-8.313294756459217183e+01
1.017610000000000000e+09,-5.868617361551450529e+01,-8.313771170881766182e+01
1.017615000000000000e+09,-5.863048448794177148e+01,-8.314247564641341626e+01
1.017620000000000000e+09,-5.857432962116175190e+01,-8.314723937813539578e+01
1.017625000000000000e+09,-5.851770260170282967e+01,-8.315200290473860889e+01
1.017630000000000000e+09,-5.846059687637458069e+01,-8.315676622697773723e+01
1.017635000000000000e+09,-5.840300574821694113e+01,-8.316152934560641086e+01
1.017640000000000000e+09,-5.834492237225084921e+01,-8.316629226137779085e+01
1.017645000000000000e+09,-5.828633975110932397e+01,-8.317105497504462619e+01
1.017650000000000000e+09,-5.822725073049092970e+01,-8.317581748735841529e+01
1.017655000000000000e+09,-5.816764799444506906e+01,-8.318057979907059973e+01
1.017660000000000000e+09,-5.810752406047654262e+01,-8.318534191093178265e+01
1.017665000000000000e+09,-5.804687127447679984e+01,-8.319010382369155820e+01
1.017670000000000000e+09,-5.798568180543713879e+01,-8.319486553809943530e+01
1.017675000000000000e+09,-5.792394763997055662e+01,-8.319962705490391386e+01
1.017680000000000000e+09,-5.786166057663099593e+01,-8.320438837485301065e+01
1.017685000000000000e+09,-5.779881221999892205e+01,-8.320914949869396082e+01
1.017690000000000000e+09,-5.773539397451912691e+01,-8.321391042717337427e+01
1.017695000000000000e+09,-5.767139703811757556e+01,-8.321867116103746298e+01
1.017700000000000000e+09,-5.760681239554779154e+01,-8.322343170103135890e+01
1.017705000000000000e+09,-5.754163081147051173e+01,-8.322819204789986713e+01
1.017710000000000000e+09,-5.747584282324783800e+01,-8.323295220238722436e+01
1.017715000000000000e+09,-5.740943873345778314e+01,-8.323771216523661565e+01
1.017720000000000000e+09,-5.734240860205514423e+01,-8.324247193719099869e+01
1.017725000000000000e+09,-5.727474223825898036e+01,-8.324723151899260642e+01
1.017730000000000000e+09,-5.720642919206879640e+01,-8.325199091138281915e+01
1.017735000000000000e+09,-5.713745874540784087e+01,-8.325675011510257661e+01
1.017740000000000000e+09,-5.706781990291587903e+01,-8.326150913089216488e+01
1.017745000000000000e+09,-5.699750138231055985e+01,-8.326626795949131576e+01
1.017750000000000000e+09,-5.692649160437638756e+01,-8.327102660163879477e+01
1.017755000000000000e+09,-5.685477868245178712e+01,-8.327578505807308318e+01
1.017760000000000000e+09,-5.678235041149535078e+01,-8.328054332953198013e+01
1.017765000000000000e+09,-5.670919425664354918e+01,-8.328530141675247478e+01
1.017770000000000000e+09,-5.663529734125411608e+01,-8.329005932047110150e+01
1.017775000000000000e+09,-5.656064643440088702e+01,-8.329481704142368415e+01
1.017780000000000000e+09,-5.648522793780908557e+01,-8.329957458034542128e+01
1.017785000000000000e+09,-5.640902787215456016e+01,-8.330433193797097147e+01
1.017790000000000000e+09,-5.633203186273364338e+01,-8.330908911503426850e+01
1.017795000000000000e+09,-5.625422512448825785e+01,-8.331384611226860670e+01
1.017800000000000000e+09,-5.617559244625223158e+01,-8.331860293040682564e+01
1.017805000000000000e+09,-5.609611817428869784e+01,-8.332335957018086958e+01
1.017810000000000000e+09,-5.601578619500574518e+01,-8.332811603232249809e+01
1.017815000000000000e+09,-5.593457991682613084e+01,-8.333287231756224855e+01
1.017820000000000000e+09,-5.585248225115725518e+01,-8.333762842663057313e+01
1.017825000000000000e+09,-5.576947559240405639e+01,-8.334238436025708552e+01
1.017830000000000000e+09,-5.568554179699194151e+01,-8.334714011917068888e+01
1.017835000000000000e+09,-5.560066216126321592e+01,-8.335189570409991688e+01
1.017840000000000000e+09,-5.551481739830150985e+01,-8.335665111577253583e+01
1.017845000000000000e+09,-5.542798761351080117e+01,-8.336140635491561568e+01
1.017850000000000000e+09,-5.534015227889254618e+01,-8.336616142225578585e+01
1.017855000000000000e+09,-5.525129020598689777e+01,-8.337091631851896523e+01
1.017860000000000000e+09,-5.516137951733927025e+01,-8.337567104443066057e+01
1.017865000000000000e+09,-5.507039761641902231e+01,-8.338042560071541232e+01
1.017870000000000000e+09,-5.497832115588489899e+01,-8.338517998809741982e+01
1.017875000000000000e+09,-5.488512600408751041e+01,-8.338993420730021455e+01
1.017880000000000000e+09,-5.479078720969029348e+01,-8.339468825904663163e+01
1.017885000000000000e+09,-5.469527896428155600e+01,-8.339944214405905143e+01
1.017890000000000000e+09,-5.459857456283545218e+01,-8.340419586305927169e+01
1.017895000000000000e+09,-5.450064636189772216e+01,-8.340894941676820906e+01
1.017900000000000000e+09,-5.440146573527360374e+01,-8.341370280590645336e+01
1.017905000000000000e+09,-5.430100302712536120e+01,-8.341845603119394070e+01
1.017910000000000000e+09,-5.419922750222945496e+01,-8.342320909334992507e+01
1.017915000000000000e+09,-5.409610729321281042e+01,-8.342796199309306360e+01
1.017920000000000000e+09,-5.399160934454212679e+01,-8.343271473114158709e+01
1.017925000000000000e+09,-5.388569935302469815e+01,-8.343746730821303004e+01
1.017930000000000000e+09,-5.377834170455817286e+01,-8.344221972502407425e+01
1.017935000000000000e+09,-5.366949940684395415e+01,-8.344697198229125945e+01
1.017940000000000000e+09,-5.355913401774782301e+01,-8.345172408073028691e+01
1.017945000000000000e+09,-5.344720556899705599e+01,-8.345647602105623264e+01
1.017950000000000000e+09,-5.333367248477809852e+01,-8.346122780398360419e+01
1.017955000000000000e+09,-5.321849149488927821e+01,-8.346597943022646859e+01
1.017960000000000000e+09,-5.310161754203782181e+01,-8.347073090049812549e+01
1.017965000000000000e+09,-5.298300368265454807e+01,-8.347548221551133452e+01
1.017970000000000000e+09,-5.286260098085947590e+01,-8.348023337597838633e+01
1.017975000000000000e+09,-5.274035839489300770e+01,-8.348498438261074739e+01
1.017980000000000000e+09,-5.261622265540540866e+01,-8.348973523611948622e+01
1.017985000000000000e+09,-5.249013813489430191e+01,-8.349448593721504608e+01
1.017990000000000000e+09,-5.236204670750760215e+01,-8.349923648660735864e+01
1.017995000000000000e+09,-5.223188759839268158e+01,-8.350398688500553135e+01
1.018000000000000000e+09,-5.209959722153137562e+01,-8.350873713311828794e+01
1.018005000000000000e+09,-5.196510900519851361e+01,-8.351348723165388321e+01
1.018010000000000000e+09,-5.182835320372915078e+01,-8.351823718131969088e+01
1.018015000000000000e+09,-5.168925669433864556e+01,-8.352298698282262990e+01
1.018020000000000000e+09,-5.154774275764413005e+01,-8.352773663686932082e+01
1.018025000000000000e+09,-5.140373084022193240e+01,-8.353248614416520468e+01
1.018030000000000000e+09,-5.125713629746872613e+01,-8.353723550541570830e+01
1.018035000000000000e+09,-5.110787011478478803e+01,-8.354198472132553377e+01
1.018040000000000000e+09,-5.095583860492422446e+01,-8.354673379259853050e+01
1.018045000000000000e+09,-5.080094307891904748e+01,-8.355148271993837739e+01
1.018050000000000000e+09,-5.064307948804206205e+01,-8.355623150404790067e+01
1.018055000000000000e+09,-5.048213803348792794e+01,-8.356098014562957133e+01
1.018060000000000000e+09,-5.031800274046971566e+01,-8.356572864538505030e+01
1.018065000000000000e+09,-5.015055099267937067e+01,-8.357047700401557222e+01
1.018070000000000000e+09,-4.997965302279099831e+01,-8.357522522222188854e+01
1.018075000000000000e+09,-4.980517135407084339e+01,-8.357997330070391229e+01
1.018080000000000000e+09,-4.962696018724617630e+01,-8.358472124016122962e+01
1.018085000000000000e+09,-4.944486472648293329e+01,-8.358946904129295774e+01
1.018090000000000000e+09,-4.925872043706525005e+01,-8.359421670479719069e+01
1.018095000000000000e+09,-4.906835222657279161e+01,-8.359896423137192301e+01
1.018100000000000000e+09,-4.887357354014505972e+01,-8.360371162171433923e+01
1.018105000000000000e+09,-4.867418535909287414e+01,-8.360845887652131125e+01
1.018110000000000000e+09,-4.846997509065034393e+01,-8.361320599648870200e+01
1.018115000000000000e+09,-4.826071533464726571e+01,-8.361795298231227491e+01
1.018120000000000000e+09,-4.804616251128879867e+01,-8.362269983468713974e+01
1.018125000000000000e+09,-4.782605533131810205e+01,-8.362744655430745411e+01
1.018130000000000000e+09,-4.760011308736027047e+01,-8.363219314186734721e+01
1.018135000000000000e+09,-4.736803374212804840e+01,-8.363693959806016665e+01
1.018140000000000000e+09,-4.712949178523026461e+01,-8.364168592357859211e+01
1.018145000000000000e+09,-4.688413582624390585e+01,-8.364643211911496223e+01
1.018150000000000000e+09,-4.663158588674885863e+01,-8.365117818536094774e+01
1.018155000000000000e+09,-4.637143034853855994e+01,-8.365592412300765091e+01
1.018160000000000000e+09,-4.610322250861275961e+01,-8.366066993274570507e+01
1.018165000000000000e+09,-4.582647668512248629e+01,-8.366541561526501880e+01
1.018170000000000000e+09,-4.554066380999539376e+01,-8.367016117125533015e+01
1.018175000000000000e+09,-4.524520643654273044e+01,-8.367490660140533976e+01
1.018180000000000000e+09,-4.493947308172081989e+01,-8.367965190640350670e+01
1.018185000000000000e+09,-4.462277181589919905e+01,-8.368439708693779266e+01
1.018190000000000000e+09,-4.429434300807382385e+01,-8.368914214369532090e+01
1.018195000000000000e+09,-4.395335113410454397e+01,-8.369388707736291622e+01
1.018200000000000000e+09,-4.359887556586710389e+01,-8.369863188862686343e+01
1.018205000000000000e+09,-4.322990028474177393e+01,-8.370337657817265153e+01
1.018210000000000000e+09,-4.284530251859877126e+01,-8.370812114668554216e+01
1.018215000000000000e+09,-4.244384040649673295e+01,-8.371286559485020007e+01
1.018220000000000000e+09,-4.202413998505628001e+01,-8.371760992335043738e+01
1.018225000000000000e+09,-4.158468212242611628e+01,-8.372235413286992411e+01
1.018230000000000000e+09,-4.112379059961380534e+01,-8.372709822409156288e+01
1.018235000000000000e+09,-4.063962352054178950e+01,-8.373184219769788683e+01
1.018240000000000000e+09,-4.013017190813187796e+01,-8.373658605437059066e+01
1.018245000000000000e+09,-3.959327220474600040e+01,-8.374132979479122696e+01
1.018250000000000000e+09,-3.902664428411532782e+01,-8.374607341964056673e+01
1.018255000000000000e+09,-3.842797493832816258e+01,-8.375081692959879831e+01
1.018260000000000000e+09,-3.779508105569408372e+01,-8.375556032534581163e+01
1.018265000000000000e+09,-3.712621078844682643e+01,-8.376030360756075765e+01
1.018270000000000000e+09,-3.642058078990091019e+01,-8.376504677692233258e+01
1.018275000000000000e+09,-3.567931004130271333e+01,-8.376978983410867841e+01
1.018280000000000000e+09,-3.490699791963529464e+01,-8.377453277979745394e+01
1.018285000000000000e+09,-3.411428042406152628e+01,-8.377927561466590589e+01
1.018290000000000000e+09,-3.332166578619359143e+01,-8.378401833939031462e+01
1.018295000000000000e+09,-3.256445242450629962e+01,-8.378876095464696050e+01
1.018300000000000000e+09,-3.189688818305543805e+01,-8.379350346111135650e+01
1.018305000000000000e+09,-3.139053766202752627e+01,-8.379824585945831927e+01
1.018310000000000000e+09,-3.111963902879218224e+01,-8.380298815036252336e+01
1.018315000000000000e+09,-3.113285663017959592e+01,-8.380773033449790432e+01
1.018320000000000000e+09,-3.142830997808086124e+01,-8.381247241253772984e+01
1.018325000000000000e+09,-3.195462776544221484e+01,-8.381721438515499756e+01
1.018330000000000000e+09,-3.263696488791293149e+01,-8.382195625302219355e+01
1.018335000000000000e+09,-3.340464880102080514e+01,-8.382669801681110755e+01
1.018340000000000000e+09,-3.420477027700116679e+01,-8.383143967719304612e+01
1.018345000000000000e+09,-3.500319337461947811e+01,-8.383618123483890372e+01
1.018350000000000000e+09,-3.578022762382872912e+01,-8.384092269041897794e+01
1.018355000000000000e+09,-3.652575262438607240e+01,-8.384566404460304057e+01
1.018360000000000000e+09,-3.723547300106197611e+01,-8.385040529806035181e+01
1.018365000000000000e+09,-3.790843983562538000e+01,-8.385514645145981660e+01
1.018370000000000000e+09,-3.854552611808682627e+01,-8.385988750546957249e+01
1.018375000000000000e+09,-3.914852657336085429e+01,-8.386462846075730226e+01
1.018380000000000000e+09,-3.971964067388255160e+01,-8.386936931799043293e+01
1.018385000000000000e+09,-4.026118338127011498e+01,-8.387411007783553885e+01
1.018390000000000000e+09,-4.077542887872895250e+01,-8.387885074095876803e+01
1.018395000000000000e+09,-4.126453104887594492e+01,-8.388359130802604113e+01
1.018400000000000000e+09,-4.173048770488002646e+01,-8.388833177970228405e+01
1.018405000000000000e+09,-4.217512933090829108e+01,-8.389307215665238004e+01
1.018410000000000000e+09,-4.260012114521352089e+01,-8.389781243954040235e+01
1.018415000000000000e+09,-4.300697201412393156e+01,-8.390255262903012579e+01
1.018420000000000000e+09,-4.339704650352942394e+01,-8.390729272578460041e+01
1.018425000000000000e+09,-4.377157797102520931e+01,-8.391203273046649258e+01
1.018430000000000000e+09,-4.413168154861644865e+01,-8.391677264373809919e+01
1.018435000000000000e+09,-4.447836641850419426e+01,-8.392151246626086447e+01
1.018440000000000000e+09,-4.481254710494909688e+01,-8.392625219869609055e+01
1.018445000000000000e+09,-4.513505368678750074e+01,-8.393099184170444005e+01
1.018450000000000000e+09,-4.544664093700080798e+01,-8.393573139594592192e+01
1.018455000000000000e+09,-4.574799644806306276e+01,-8.394047086208026087e+01
1.018460000000000000e+09,-4.603974782651270914e+01,-8.394521024076665583e+01
1.018465000000000000e+09,-4.632246904929615994e+01,-8.394994953266377991e+01
1.018470000000000000e+09,-4.659668607350176472e+01,-8.395468873842966673e+01
1.018475000000000000e+09,-4.686288178678040595e+01,-8.395942785872207992e+01
1.018480000000000000e+09,-4.712150037759126064e+01,-8.396416689419824309e+01
1.018485000000000000e+09,-4.737295119695965440e+01,-8.396890584551464087e+01
1.018490000000000000e+09,-4.761761217501177157e+01,-8.397364471332758740e+01
1.018495000000000000e+09,-4.785583284801236914e+01,-8.397838349829282834e+01
1.018500000000000000e+09,-4.808793704456540752e+01,-8.398312220106534198e+01
1.018505000000000000e+09,-4.831422527357447905e+01,-8.398786082230000716e+01
1.018510000000000000e+09,-4.853497685076028745e+01,-8.399259936265107740e+01
1.018515000000000000e+09,-4.875045179577402621e+01,-8.399733782277208149e+01
1.018520000000000000e+09,-4.896089252803428593e+01,-8.400207620331642033e+01
1.018525000000000000e+09,-4.916652538518432891e+01,-8.400681450493677005e+01
1.018530000000000000e+09,-4.936756198540564355e+01,-8.401155272828545151e+01
1.018535000000000000e+09,-4.956420045183389789e+01,-8.401629087401414608e+01
1.018540000000000000e+09,-4.975662651503644440e+01,-8.402102894277416567e+01
1.018545000000000000e+09,-4.994501450747272742e+01,-8.402576693521650952e+01
1.018550000000000000e+09,-5.012952826203893864e+01,-8.403050485199116793e+01
1.018555000000000000e+09,-5.031032192549197646e+01,-8.403524269374814537e+01
1.018560000000000000e+09,-5.048754069581307391e+01,-8.403998046113693476e+01
1.018565000000000000e+09,-5.066132149191710710e+01,-8.404471815480617636e+01
1.018570000000000000e+09,-5.083179356285015160e+01,-8.404945577540432566e+01
1.018575000000000000e+09,-5.099907904272160408e+01,-8.405419332357944029e+01
1.018580000000000000e+09,-5.116329345706461140e+01,-8.405893079997878203e+01
1.018585000000000000e+09,-5.132454618552370107e+01,-8.406366820524937111e+01
1.018590000000000000e+09,-5.148294088525378953e+01,-8.406840554003765931e+01
1.018595000000000000e+09,-5.163857587891186540e+01,-8.407314280498978576e+01
1.018600000000000000e+09,-5.179154451068988152e+01,-8.407788000075112222e+01
1.018605000000000000e+09,-5.194193547345722095e+01,-8.408261712796672782e+01
1.018610000000000000e+09,-5.208983310975366976e+01,-8.408735418728133482e+01
1.018615000000000000e+09,-5.223531768903860240e+01,-8.409209117933882283e+01
1.018620000000000000e+09,-5.237846566346358657e+01,-8.409682810478300041e+01
1.018625000000000000e+09,-5.251934990404343040e+01,-8.410156496425699402e+01
1.018630000000000000e+09,-5.265803991894780722e+01,-8.410630175840339007e+01
1.018635000000000000e+09,-5.279460205565471398e+01,-8.411103848786451920e+01
1.018640000000000000e+09,-5.292909968818537436e+01,-8.411577515328205834e+01
1.018645000000000000e+09,-5.306159339081807502e+01,-8.412051175529742864e+01
1.018650000000000000e+09,-5.319214109939131419e+01,-8.412524829455124120e+01
1.018655000000000000e+09,-5.332079826124144262e+01,-8.412998477168395084e+01
1.018660000000000000e+09,-5.344761797471999643e+01,-8.413472118733557181e+01
1.018665000000000000e+09,-5.357265111910633948e+01,-8.413945754214518047e+01
1.018670000000000000e+09,-5.369594647579516788e+01,-8.414419383675202369e+01
1.018675000000000000e+09,-5.381755084128536737e+01,-8.414893007179455253e+01
1.018680000000000000e+09,-5.393750913275718517e+01,-8.415366624791056438e+01
1.018685000000000000e+09,-5.405586448678386091e+01,-8.415840236573785660e+01
1.018690000000000000e+09,-5.417265835164315035e+01,-8.416313842591348759e+01
1.018695000000000000e+09,-5.428793057377983189e+01,-8.416787442907394734e+01
1.018700000000000000e+09,-5.440171947882943471e+01,-8.417261037585558370e+01
1.018705000000000000e+09,-5.451406194761068491e+01,-8.417734626689401978e+01
1.018710000000000000e+09,-5.462499348745464545e+01,-8.418208210282459447e+01
1.018715000000000000e+09,-5.473454829920822107e+01,-8.418681788428199297e+01
1.018720000000000000e+09,-5.484275934022103627e+01,-8.419155361190064468e+01
1.018725000000000000e+09,-5.494965838360439392e+01,-8.419628928631446740e+01
1.018730000000000000e+09,-5.505527607399698553e+01,-8.420102490815676788e+01
1.018735000000000000e+09,-5.515964198014272313e+01,-8.420576047806054021e+01
1.018740000000000000e+09,-5.526278464441449501e+01,-8.421049599665855112e+01
1.018745000000000000e+09,-5.536473162955319083e+01,-8.421523146458255837e+01
1.018750000000000000e+09,-5.546550956278321109e+01,-8.421996688246424867e+01
1.018755000000000000e+09,-5.556514417748253720e+01,-8.422470225093493923e+01
1.018760000000000000e+09,-5.566366035256748290e+01,-8.422943757062520831e+01
1.018765000000000000e+09,-5.576108214974023980e+01,-8.423417284216527889e+01
1.018770000000000000e+09,-5.585743284873639425e+01,-8.423890806618513238e+01
1.018775000000000000e+09,-5.595273498070312712e+01,-8.424364324331401122e+01
1.018780000000000000e+09,-5.604701035980298940e+01,-8.424837837418087361e+01
1.018785000000000000e+09,-5.614028011320623790e+01,-8.425311345941415198e+01
1.018790000000000000e+09,-5.623256470952234309e+01,-8.425784849964193768e+01
1.018795000000000000e+09,-5.632388398574414623e+01,-8.426258349549175364e+01
1.018800000000000000e+09,-5.641425717290027109e+01,-8.426731844759068224e+01
1.018805000000000000e+09,-5.650370292036977560e+01,-8.427205335656557850e+01
1.018810000000000000e+09,-5.659223931901397719e+01,-8.427678822304250161e+01
1.018815000000000000e+09,-5.667988392316971868e+01,-8.428152304764731184e+01
1.018820000000000000e+09,-5.676665377157723924e+01,-8.428625783100548574e+01
1.018825000000000000e+09,-5.685256540728346408e+01,-8.429099257374176091e+01
1.018830000000000000e+09,-5.693763489662698873e+01,-8.429572727648067598e+01
1.018835000000000000e+09,-5.702187784730888609e+01,-8.430046193984630065e+01
1.018840000000000000e+09,-5.710530942560437495e+01,-8.430519656446227827e+01
1.018845000000000000e+09,-5.718794437278936726e+01,-8.430993115095164114e+01
1.018850000000000000e+09,-5.726979702082844170e+01,-8.431466569993717997e+01
1.018855000000000000e+09,-5.735088130731865874e+01,-8.431940021204127333e+01
1.018860000000000000e+09,-5.743121078977489447e+01,-8.432413468788554667e+01
1.018865000000000000e+09,-5.751079865927263057e+01,-8.432886912809158275e+01
1.018870000000000000e+09,-5.758965775348863048e+01,-8.433360353328039594e+01
1.018875000000000000e+09,-5.766780056914933539e+01,-8.433833790407233266e+01
1.018880000000000000e+09,-5.774523927398315948e+01,-8.434307224108762568e+01
1.018885000000000000e+09,-5.782198571809416876e+01,-8.434780654494593932e+01
1.018890000000000000e+09,-5.789805144489743327e+01,-8.435254081626658262e+01
1.018895000000000000e+09,-5.797344770155609694e+01,-8.435727505566831042e+01
1.018900000000000000e+09,-5.804818544900841459e+01,-8.436200926376943698e+01
1.018905000000000000e+09,-5.812227537156391577e+01,-8.436674344118804925e+01
1.018910000000000000e+09,-5.819572788607174374e+01,-8.437147758854159463e+01
1.018915000000000000e+09,-5.826855315076806363e+01,-8.437621170644710844e+01
1.018920000000000000e+09,-5.834076107371852515e+01,-8.438094579552149810e+01
1.018925000000000000e+09,-5.841236132093651889e+01,-8.438567985638070468e+01
1.018930000000000000e+09,-5.848336332417262895e+01,-8.439041388964064083e+01
1.018935000000000000e+09,-5.855377628839647031e+01,-8.439514789591684973e+01
1.018940000000000000e+09,-5.862360919896900668e+01,-8.439988187582413559e+01
1.018945000000000000e+09,-5.869287082855846904e+01,-8.440461582997704681e+01
1.018950000000000000e+09,-5.876156974377331466e+01,-8.440934975898971970e+01
1.018955000000000000e+09,-5.882971431152811448e+01,-8.441408366347593528e+01
1.018960000000000000e+09,-5.889731270517636830e+01,-8.441881754404886351e+01
1.018965000000000000e+09,-5.896437291042346374e+01,-8.442355140132134750e+01
1.018970000000000000e+09,-5.903090273099223140e+01,-8.442828523590594614e+01
1.018975000000000000e+09,-5.909690979408958356e+01,-8.443301904841450778e+01
1.018980000000000000e+09,-5.916240155566712389e+01,-8.443775283945871024e+01
1.018985000000000000e+09,-5.922738530549000302e+01,-8.444248660964979081e+01
1.018990000000000000e+09,-5.929186817200459103e+01,-8.444722035959833306e+01
1.018995000000000000e+09,-5.935585712706735961e+01,-8.445195408991479269e+01
1.019000000000000000e+09,-5.941935899045444103e+01,-8.445668780120905694e+01
1.019005000000000000e+09,-5.948238043423489785e+01,-8.446142149409064359e+01
1.019010000000000000e+09,-5.954492798699794776e+01,-8.446615516916865829e+01
1.019015000000000000e+09,-5.960700803790839331e+01,-8.447088882705168089e+01
1.019020000000000000e+09,-5.966862684063190869e+01,-8.447562246834822020e+01
1.019025000000000000e+09,-5.972979051712084697e+01,-8.448035609366583287e+01
1.019030000000000000e+09,-5.979050506126904452e+01,-8.448508970361204717e+01
1.019035000000000000e+09,-5.985077634244063916e+01,-8.448982329879407871e+01
1.019040000000000000e+09,-5.991061010887842997e+01,-8.449455687981823360e+01
1.019045000000000000e+09,-5.997001199099652524e+01,-8.449929044729091743e+01
1.019050000000000000e+09,-6.002898750456413524e+01,-8.450402400181795315e+01
1.019055000000000000e+09,-6.008754205377127278e+01,-8.450875754400453843e+01
1.019060000000000000e+09,-6.014568093421314643e+01,-8.451349107445581410e+01
1.019065000000000000e+09,-6.020340933576436271e+01,-8.451822459377623886e+01
1.019070000000000000e+09,-6.026073234534966616e+01,-8.452295810257012931e+01
1.019075000000000000e+09,-6.031765494963334362e+01,-8.452769160144109151e+01
1.019080000000000000e+09,-6.037418203763262881e+01,-8.453242509099254676e+01
1.019085000000000000e+09,-6.043031840322679216e+01,-8.453715857182749005e+01
1.019090000000000000e+09,-6.048606874759710195e+01,-8.454189204454831952e+01
1.019095000000000000e+09,-6.054143768158684935e+01,-8.454662550975726276e+01
1.019100000000000000e+09,-6.059642972798901894e+01,-8.455135896805613527e+01
1.019105000000000000e+09,-6.065104932374910618e+01,-8.455609242004611303e+01
1.019110000000000000e+09,-6.070530082213146272e+01,-8.456082586632820153e+01
1.019115000000000000e+09,-6.075918849477768902e+01,-8.456555930750303673e+01
1.019120000000000000e+09,-6.081271653372294850e+01,-8.457029274417058673e+01
1.019125000000000000e+09,-6.086588905335889876e+01,-8.457502617693059221e+01
1.019130000000000000e+09,-6.091871009231780221e+01,-8.457975960638250967e+01
1.019135000000000000e+09,-6.097118361531022401e+01,-8.458449303312526979e+01
1.019140000000000000e+09,-6.102331351490516198e+01,-8.458922645775722060e+01
1.019145000000000000e+09,-6.107510361325704906e+01,-8.459395988087672436e+01
1.019150000000000000e+09,-6.112655766378126287e+01,-8.459869330308143276e+01
1.019155000000000000e+09,-6.117767935278023828e+01,-8.460342672496867067e+01
1.019160000000000000e+09,-6.122847230102162541e+01,-8.460816014713543609e+01
1.019165000000000000e+09,-6.127894006527240833e+01,-8.461289357017832913e+01
1.019170000000000000e+09,-6.132908613977852497e+01,-8.461762699469340987e+01
1.019175000000000000e+09,-6.137891395772144421e+01,-8.462236042127649682e+01
1.019180000000000000e+09,-6.142842689261329525e+01,-8.462709385052303901e+01
1.019185000000000000e+09,-6.147762825966186284e+01,-8.463182728302791702e+01
1.019190000000000000e+09,-6.152652131709491812e+01,-8.463656071938579828e+01
1.019195000000000000e+09,-6.157510926744714652e+01,-8.464129416019089547e+01
1.019200000000000000e+09,-6.162339525881093749e+01,-8.464602760603708020e+01
1.019205000000000000e+09,-6.167138238605214440e+01,-8.465076105751762725e+01
1.019210000000000000e+09,-6.171907369199223581e+01,-8.465549451522569768e+01
1.019215000000000000e+09,-6.176647216855950973e+01,-8.466022797975399783e+01
1.019220000000000000e+09,-6.181358075789952267e+01,-8.466496145169463716e+01
1.019225000000000000e+09,-6.186040235347168448e+01,-8.466969493163959726e+01
1.019230000000000000e+09,-6.190693980110879835e+01,-8.467442842018043336e+01
1.019235000000000000e+09,-6.195319590002961263e+01,-8.467916191790808966e+01
1.019240000000000000e+09,-6.199917340385872677e+01,-8.468389542541345349e+01
1.019245000000000000e+09,-6.204487502159211942e+01,-8.468862894328678692e+01
1.019250000000000000e+09,-6.209030341854771962e+01,-8.469336247211811042e+01
1.019255000000000000e+09,-6.213546121728909810e+01,-8.469809601249690445e+01
1.019260000000000000e+09,-6.218035099852481551e+01,-8.470282956501243632e+01
1.019265000000000000e+09,-6.222497530198591420e+01,-8.470756313025353279e+01
1.019270000000000000e+09,-6.226933662727026331e+01,-8.471229670880859430e+01
1.019275000000000000e+09,-6.231343743469081886e+01,-8.471703030126568024e+01
1.019280000000000000e+09,-6.235728014606934977e+01,-8.472176390821248049e+01
1.019285000000000000e+09,-6.240086714552702318e+01,-8.472649753023628705e+01
1.019290000000000000e+09,-6.244420078026142562e+01,-8.473123116792395138e+01
1.019295000000000000e+09,-6.248728336128885985e+01,-8.473596482186223966e+01
1.019300000000000000e+09,-6.253011716417609023e+01,-8.474069849263700860e+01
1.019305000000000000e+09,-6.257270442975205782e+01,-8.474543218083420015e+01
1.019310000000000000e+09,-6.261504736480195277e+01,-8.475016588703925891e+01
1.019315000000000000e+09,-6.265714814274380728e+01,-8.475489961183724574e+01
1.019320000000000000e+09,-6.269900890428840512e+01,-8.475963335581270996e+01
1.019325000000000000e+09,-6.274063175808298354e+01,-8.476436711955000192e+01
1.019330000000000000e+09,-6.278201878134066050e+01,-8.476910090363305983e+01
1.019335000000000000e+09,-6.282317202044650628e+01,-8.477383470864539561e+01
1.019340000000000000e+09,-6.286409349156333803e+01,-8.477856853517013747e+01
1.019345000000000000e+09,-6.290478518121639695e+01,-8.478330238379024308e+01
1.019350000000000000e+09,-6.294524904684823241e+01,-8.478803625508801645e+01
1.019355000000000000e+09,-6.298548701739007072e+01,-8.479277014964550574e+01
1.019360000000000000e+09,-6.302550099379631376e+01,-8.479750406804453178e+01
1.019365000000000000e+09,-6.306529284957545656e+01,-8.480223801086623325e+01
1.019370000000000000e+09,-6.310486443130706391e+01,-8.480697197869174886e+01
1.019375000000000000e+09,-6.314421755914652579e+01,-8.481170597210149253e+01
1.019380000000000000e+09,-6.318335402731961636e+01,-8.481643999167589243e+01
1.019385000000000000e+09,-6.322227560459634788e+01,-8.482117403799465194e+01
1.019390000000000000e+09,-6.326098403477654841e+01,-8.482590811163724709e+01
1.019395000000000000e+09,-6.329948103713559249e+01,-8.483064221318302600e+01
1.019400000000000000e+09,-6.333776830687504855e+01,-8.483537634321039889e+01
1.019405000000000000e+09,-6.337584751556874352e+01,-8.484011050229801754e+01
1.019410000000000000e+09,-6.341372031158548594e+01,-8.484484469102395110e+01
1.019415000000000000e+09,-6.345138832050956523e+01,-8.484957890996562924e+01
1.019420000000000000e+09,-6.348885314555026582e+01,-8.485431315970055266e+01
1.019425000000000000e+09,-6.352611636794218697e+01,-8.485904744080559681e+01
1.019430000000000000e+09,-6.356317954733667364e+01,-8.486378175385743816e+01
1.019435000000000000e+09,-6.360004422218444375e+01,-8.486851609943221320e+01
1.019440000000000000e+09,-6.363671191010982398e+01,-8.487325047810577416e+01
1.019445000000000000e+09,-6.367318410827805764e+01,-8.487798489045377437e+01
1.019450000000000000e+09,-6.370946229374759184e+01,-8.488271933705119920e+01
1.019455000000000000e+09,-6.374554792382865287e+01,-8.488745381847289195e+01
1.019460000000000000e+09,-6.378144243641992261e+01,-8.489218833529341168e+01
1.019465000000000000e+09,-6.381714725034519375e+01,-8.489692288808666376e+01
1.019470000000000000e+09,-6.385266376568090863e+01,-8.490165747742639724e+01
1.019475000000000000e+09,-6.388799336407707585e+01,-8.490639210388616220e+01
1.019480000000000000e+09,-6.392313740907111708e+01,-8.491112676803874137e+01
1.019485000000000000e+09,-6.395809724639498484e+01,-8.491586147045693167e+01
1.019490000000000000e+09,-6.399287420427590689e+01,-8.492059621171299000e+01
1.019495000000000000e+09,-6.402746959373197910e+01,-8.492533099237900274e+01
1.019500000000000000e+09,-6.406188470885366826e+01,-8.493006581302630309e+01
1.019505000000000000e+09,-6.409612082709909942e+01,-8.493480067422635216e+01
1.019510000000000000e+09,-6.413017920955839202e+01,-8.493953557655007103e+01
1.019515000000000000e+09,-6.416406110122531459e+01,-8.494427052056781235e+01
1.019520000000000000e+09,-6.419776773126886837e+01,-8.494900550684995721e+01
1.019525000000000000e+09,-6.423130031328727796e+01,-8.495374053596633246e+01
1.019530000000000000e+09,-6.426466004556340295e+01,-8.495847560848632440e+01
1.019535000000000000e+09,-6.429784811131357003e+01,-8.496321072497920568e+01
1.019540000000000000e+09,-6.433086567893263918e+01,-8.496794588601376574e+01
1.019545000000000000e+09,-6.436371390222649325e+01,-8.497268109215841037e+01
1.019550000000000000e+09,-6.439639392065872414e+01,-8.497741634398127530e+01
1.019555000000000000e+09,-6.442890685956727737e+01,-8.498215164205012684e+01
1.019560000000000000e+09,-6.446125383039665735e+01,-8.498688698693246124e+01
1.019565000000000000e+09,-6.449343593091197135e+01,-8.499162237919522056e+01
1.019570000000000000e+09,-6.452545424542216779e+01,-8.499635781940519053e+01
1.019575000000000000e+09,-6.455730984498666203e+01,-8.500109330812887265e+01
1.019580000000000000e+09,-6.458900378762388073e+01,-8.500582884593212896e+01
1.019585000000000000e+09,-6.462053711851463333e+01,-8.501056443338075042e+01
1.019590000000000000e+09,-6.465191087020134830e+01,-8.501530007104015851e+01
1.019595000000000000e+09,-6.468312606278355759e+01,-8.502003575947526315e+01
1.019600000000000000e+09,-6.471418370410948739e+01,-8.502477149925081790e+01
1.019605000000000000e+09,-6.474508478996396832e+01,-8.502950729093113580e+01
1.019610000000000000e+09,-6.477583030425391541e+01,-8.503424313508025989e+01
1.019615000000000000e+09,-6.480642121918430121e+01,-8.503897903226180688e+01
1.019620000000000000e+09,-6.483685849544144730e+01,-8.504371498303910926e+01
1.019625000000000000e+09,-6.486714308236793158e+01,-8.504845098797515845e+01
1.019630000000000000e+09,-6.489727591812280139e+01,-8.505318704763261906e+01
1.019635000000000000e+09,-6.492725792986043132e+01,-8.505792316257377195e+01
1.019640000000000000e+09,-6.495709003388913061e+01,-8.506265933336064222e+01
1.019645000000000000e+09,-6.498677313583320370e+01,-8.506739556055480023e+01
1.019650000000000000e+09,-6.501630813079118809e+01,-8.507213184471760314e+01
1.019655000000000000e+09,-6.504569590349207431e+01,-8.507686818641005289e+01
1.019660000000000000e+09,-6.507493732844308454e+01,-8.508160458619271083e+01
1.019665000000000000e+09,-6.510403327008476992e+01,-8.508634104462588255e+01
1.019670000000000000e+09,-6.513298458293759552e+01,-8.509107756226964625e+01
1.019675000000000000e+09,-6.516179211174149088e+01,-8.509581413968362540e+01
1.019680000000000000e+09,-6.519045669159729073e+01,-8.510055077742697449e+01
1.019685000000000000e+09,-6.521897914811093244e+01,-8.510528747605883382e+01
1.019690000000000000e+09,-6.524736029752533284e+01,-8.511002423613783208e+01
1.019695000000000000e+09,-6.527560094685523495e+01,-8.511476105822218585e+01
1.019700000000000000e+09,-6.530370189401850212e+01,-8.511949794286998383e+01
1.019705000000000000e+09,-6.533166392796633204e+01,-8.512423489063885995e+01
1.019710000000000000e+09,-6.535948782880441854e+01,-8.512897190208617815e+01
1.019715000000000000e+09,-6.538717436792806836e+01,-8.513370897776881918e+01
1.019720000000000000e+09,-6.541472430813486483e+01,-8.513844611824366382e+01
1.019725000000000000e+09,-6.544213840374567326e+01,-8.514318332406688228e+01
1.019730000000000000e+09,-6.546941740072787752e+01,-8.514792059579454531e+01
1.019735000000000000e+09,-6.549656203680586941e+01,-8.515265793398236838e+01
1.019740000000000000e+09,-6.552357304158113038e+01,-8.515739533918583959e+01
1.019745000000000000e+09,-6.555045113663362599e+01,-8.516213281195985019e+01
1.019750000000000000e+09,-6.557719703564190183e+01,-8.516687035285913510e+01
1.019755000000000000e+09,-6.560381144448595592e+01,-8.517160796243823029e+01
1.019760000000000000e+09,-6.563029506135427482e+01,-8.517634564125108909e+01
1.019765000000000000e+09,-6.565664857684799927e+01,-8.518108338985146588e+01
1.019770000000000000e+09,-6.568287267408433650e+01,-8.518582120879301556e+01
1.019775000000000000e+09,-6.570896802879326515e+01,-8.519055909862855458e+01
1.019780000000000000e+09,-6.573493530942151608e+01,-8.519529705991102730e+01
1.019785000000000000e+09,-6.576077517723055621e+01,-8.520003509319300861e+01
1.019790000000000000e+09,-6.578648828638355894e+01,-8.520477319902641966e+01
1.019795000000000000e+09,-6.581207528404904394e+01,-8.520951137796330954e+01
1.019800000000000000e+09,-6.583753681048840178e+01,-8.521424963055508783e+01
1.019805000000000000e+09,-6.586287349914771028e+01,-8.521898795735302201e+01
1.019810000000000000e+09,-6.588808597674696443e+01,-8.522372635890796744e+01
1.019815000000000000e+09,-6.591317486336797060e+01,-8.522846483577043841e+01
1.019820000000000000e+09,-6.593814077254153005e+01,-8.523320338849083555e+01
1.019825000000000000e+09,-6.596298431132773032e+01,-8.523794201761899103e+01
1.019830000000000000e+09,-6.598770608040868524e+01,-8.524268072370448124e+01
1.019835000000000000e+09,-6.601230667416234610e+01,-8.524741950729675466e+01
1.019840000000000000e+09,-6.603678668074414304e+01,-8.525215836894467714e+01
1.019845000000000000e+09,-6.606114668217102803e+01,-8.525689730919701503e+01
1.019850000000000000e+09,-6.608538725439595396e+01,-8.526163632860205155e+01
1.019855000000000000e+09,-6.610950896738559379e+01,-8.526637542770799882e+01
1.019860000000000000e+09,-6.613351238519598496e+01,-8.527111460706245794e+01
1.019865000000000000e+09,-6.615739806604685214e+01,-8.527585386721285943e+01
1.019870000000000000e+09,-6.618116656239484996e+01,-8.528059320870650595e+01
1.019875000000000000e+09,-6.620481842100542735e+01,-8.528533263208993276e+01
1.019880000000000000e+09,-6.622835418302373967e+01,-8.529007213790987407e+01
1.019885000000000000e+09,-6.625177438404521979e+01,-8.529481172671246725e+01
1.019890000000000000e+09,-6.627507955418064967e+01,-8.529955139904350858e+01
1.019895000000000000e+09,-6.629827021812879195e+01,-8.530429115544863805e+01
1.019900000000000000e+09,-6.632134689523947202e+01,-8.530903099647318300e+01
1.019905000000000000e+09,-6.634431009957964420e+01,-8.531377092266198758e+01
1.019910000000000000e+09,-6.636716033999783804e+01,-8.531851093455982493e+01
1.019915000000000000e+09,-6.638989812018735392e+01,-8.532325103271091393e+01
1.019920000000000000e+09,-6.641252393874866300e+01,-8.532799121765948769e+01
1.019925000000000000e+09,-6.643503828925069854e+01,-8.533273148994913981e+01
1.019930000000000000e+09,-6.645744166029125211e+01,-8.533747185012327918e+01
1.019935000000000000e+09,-6.647973453555718493e+01,-8.534221229872522940e+01
1.019940000000000000e+09,-6.650191739387889811e+01,-8.534695283629761775e+01
1.019945000000000000e+09,-6.652399070929607205e+01,-8.535169346338301466e+01
1.019950000000000000e+09,-6.654595495110706338e+01,-8.535643418052380582e+01
1.019955000000000000e+09,-6.656781058392552097e+01,-8.536117498826169481e+01
1.019960000000000000e+09,-6.658955806773944630e+01,-8.536591588713834255e+01
1.019965000000000000e+09,-6.661119785796208248e+01,-8.537065687769525368e+01
1.019970000000000000e+09,-6.663273040548605763e+01,-8.537539796047320806e+01
1.019975000000000000e+09,-6.665415615673582295e+01,-8.538013913601305660e+01
1.019980000000000000e+09,-6.667547555371935175e+01,-8.538488040485518127e+01
1.019985000000000000e+09,-6.669668903407911387e+01,-8.538962176753982192e+01
1.019990000000000000e+09,-6.671779703114216886e+01,-8.539436322460666418e+01
1.019995000000000000e+09,-6.673879997396952035e+01,-8.539910477659523735e+01
1.020000000000000000e+09,-6.675969828740558398e+01,-8.540384642404484339e+01
1.020005000000000000e+09,-6.678049239212296584e+01,-8.540858816749434368e+01
1.020010000000000000e+09,-6.680118270467434627e+01,-8.541333000748245752e+01
1.020015000000000000e+09,-6.682176963753575194e+01,-8.541807194454746366e+01
1.020020000000000000e+09,-6.684225359915325271e+01,-8.542281397922742769e+01
1.020025000000000000e+09,-6.686263499398802423e+01,-8.542755611206011679e+01
1.020030000000000000e+09,-6.688291422256075691e+01,-8.543229834358288599e+01
1.020035000000000000e+09,-6.690309168149545371e+01,-8.543704067433313298e+01
1.020040000000000000e+09,-6.692316776356263119e+01,-8.544178310484747385e+01
1.020045000000000000e+09,-6.694314285772176731e+01,-8.544652563566268100e+01
1.020050000000000000e+09,-6.696301734916383452e+01,-8.545126826731497260e+01
1.020055000000000000e+09,-6.698279161934985382e+01,-8.545601100034022579e+01
1.020060000000000000e+09,-6.700246604605499101e+01,-8.546075383527434610e+01
1.020065000000000000e+09,-6.702204100340945558e+01,-8.546549677265267064e+01
1.020070000000000000e+09,-6.704151686193144144e+01,-8.547023981301018125e+01
1.020075000000000000e+09,-6.706089398857325534e+01,-8.547498295688193082e+01
1.020080000000000000e+09,-6.708017274675610508e+01,-8.547972620480238959e+01
1.020085000000000000e+09,-6.709935349640855407e+01,-8.548446955730575780e+01
1.020090000000000000e+09,-6.711843659400383899e+01,-8.548921301492605096e+01
1.020095000000000000e+09,-6.713742239259647704e+01,-8.549395657819690086e+01
1.020100000000000000e+09,-6.715631124185927092e+01,-8.549870024765182563e+01
1.020105000000000000e+09,-6.717510348811545384e+01,-8.550344402382380338e+01
1.020110000000000000e+09,-6.719379947438072520e+01,-8.550818790724569851e+01
1.020115000000000000e+09,-6.721239954039175757e+01,-8.551293189845011966e+01
1.020120000000000000e+09,-6.723090402264107013e+01,-8.551767599796923491e+01
1.020125000000000000e+09,-6.724931325441407637e+01,-8.552242020633494235e+01
1.020130000000000000e+09,-6.726762756581956637e+01,-8.552716452407914005e+01
1.020135000000000000e+09,-6.728584728382313074e+01,-8.553190895173304398e+01
1.020140000000000000e+09,-6.730397273227941923e+01,-8.553665348982777061e+01
1.020145000000000000e+09,-6.732200423196464101e+01,-8.554139813889435118e+01
1.020150000000000000e+09,-6.733994210060467367e+01,-8.554614289946306371e+01
1.020155000000000000e+09,-6.735778665291245204e+01,-8.555088777206435680e+01
1.020160000000000000e+09,-6.737553820061197030e+01,-8.555563275722819583e+01
1.020165000000000000e+09,-6.739319705247234538e+01,-8.556037785548426200e+01
1.020170000000000000e+09,-6.741076351433407865e+01,-8.556512306736202333e+01
1.020175000000000000e+09,-6.742823788914165561e+01,-8.556986839339052153e+01
1.020180000000000000e+09,-6.744562047697291973e+01,-8.557461383409879829e+01
1.020185000000000000e+09,-6.746291157506183822e+01,-8.557935939001529846e+01
1.020190000000000000e+09,-6.748011147783282127e+01,-8.558410506166838161e+01
1.020195000000000000e+09,-6.749722047692526417e+01,-8.558885084958616574e+01
1.020200000000000000e+09,-6.751423886122138640e+01,-8.559359675429625725e+01
1.020205000000000000e+09,-6.753116691687324646e+01,-8.559834277632617727e+01
1.020210000000000000e+09,-6.754800492732911721e+01,-8.560308891620320537e+01
1.020215000000000000e+09,-6.756475317336033015e+01,-8.560783517445429425e+01
1.020220000000000000e+09,-6.758141193308411232e+01,-8.561258155160595607e+01
1.020225000000000000e+09,-6.759798148199492118e+01,-8.561732804818473141e+01
1.020230000000000000e+09,-6.761446209298425458e+01,-8.562207466471663508e+01
1.020235000000000000e+09,-6.763085403636600290e+01,-8.562682140172746870e+01
1.020240000000000000e+09,-6.764715757990376233e+01,-8.563156825974283493e+01
1.020245000000000000e+09,-6.766337298883269114e+01,-8.563631523928810907e+01
1.020250000000000000e+09,-6.767950052588372500e+01,-8.564106234088812641e+01
1.020255000000000000e+09,-6.769554045130712439e+01,-8.564580956506772225e+01
1.020260000000000000e+09,-6.771149302289609295e+01,-8.565055691235139079e+01
1.020265000000000000e+09,-6.772735849600684332e+01,-8.565530438326327101e+01
1.020270000000000000e+09,-6.774313712358664930e+01,-8.566005197832737394e+01
1.020275000000000000e+09,-6.775882915619052937e+01,-8.566479969806727013e+01
1.020280000000000000e+09,-6.777443484200638579e+01,-8.566954754300640218e+01
1.020285000000000000e+09,-6.778995442687394757e+01,-8.567429551366785745e+01
1.020290000000000000e+09,-6.780538815430935529e+01,-8.567904361057446749e+01
1.020295000000000000e+09,-6.782073626552401890e+01,-8.568379183424897860e+01
1.020300000000000000e+09,-6.783599899944587719e+01,-8.568854018521348337e+01
1.020305000000000000e+09,-6.785117659273988977e+01,-8.569328866399013123e+01
1.020310000000000000e+09,-6.786626927982827340e+01,-8.569803727110081581e+01
1.020315000000000000e+09,-6.788127729291038293e+01,-8.570278600706683392e+01
1.020320000000000000e+09,-6.789620086198242177e+01,-8.570753487240951074e+01
1.020325000000000000e+09,-6.791104021485733711e+01,-8.571228386764998675e+01
1.020330000000000000e+09,-6.792579557718187289e+01,-8.571703299330876291e+01
1.020335000000000000e+09,-6.794046717245868194e+01,-8.572178224990639706e+01
1.020340000000000000e+09,-6.795505522206221372e+01,-8.572653163796309173e+01
1.020345000000000000e+09,-6.796955994526028633e+01,-8.573128115799880788e+01
1.020350000000000000e+09,-6.798398155922720321e+01,-8.573603081053312280e+01
1.020355000000000000e+09,-6.799832027906656151e+01,-8.574078059608547164e+01
1.020360000000000000e+09,-6.801257631782658564e+01,-8.574553051517506219e+01
1.020365000000000000e+09,-6.802674988651794763e+01,-8.575028056832067591e+01
1.020370000000000000e+09,-6.804084119413101917e+01,-8.575503075604096637e+01
1.020375000000000000e+09,-6.805485044765333669e+01,-8.575978107885433133e+01
1.020380000000000000e+09,-6.806877785208396858e+01,-8.576453153727881329e+01
1.020385000000000000e+09,-6.808262361045483146e+01,-8.576928213183228422e+01
1.020390000000000000e+09,-6.809638792384221517e+01,-8.577403286303226082e+01
1.020395000000000000e+09,-6.811007099138579690e+01,-8.577878373139625978e+01
1.020400000000000000e+09,-6.812367301030209887e+01,-8.578353473744110147e+01
1.020405000000000000e+09,-6.813719417590307614e+01,-8.578828588168363467e+01
1.020410000000000000e+09,-6.815063468160965954e+01,-8.579303716464062290e+01
1.020415000000000000e+09,-6.816399471896750129e+01,-8.579778858682801967e+01
1.020420000000000000e+09,-6.817727447766210958e+01,-8.580254014876211954e+01
1.020425000000000000e+09,-6.819047414553364206e+01,-8.580729185095869127e+01
1.020430000000000000e+09,-6.820359390859162829e+01,-8.581204369393306308e+01
1.020435000000000000e+09,-6.821663395102947902e+01,-8.581679567820067689e+01
1.020440000000000000e+09,-6.822959445523919442e+01,-8.582154780427654828e+01
1.020445000000000000e+09,-6.824247560182369909e+01,-8.582630007267526651e+01
1.020450000000000000e+09,-6.825527756961344039e+01,-8.583105248391146347e+01
1.020455000000000000e+09,-6.826800053567792759e+01,-8.583580503849937315e+01
1.020460000000000000e+09,-6.828064467534191806e+01,-8.584055773695304481e+01
1.020465000000000000e+09,-6.829321016219439855e+01,-8.584531057978615820e+01
1.020470000000000000e+09,-6.830569716810622083e+01,-8.585006356751222256e+01
1.020475000000000000e+09,-6.831810586324087353e+01,-8.585481670064450554e+01
1.020480000000000000e+09,-6.833043641606789720e+01,-8.585956997969590532e+01
1.020485000000000000e+09,-6.834268899337543246e+01,-8.586432340517927742e+01
1.020490000000000000e+09,-6.835486376028326561e+01,-8.586907697760709368e+01
1.020495000000000000e+09,-6.836696088025354356e+01,-8.587383069749152753e+01
1.020500000000000000e+09,-6.837898051510494213e+01,-8.587858456534459606e+01
1.020505000000000000e+09,-6.839092282502515729e+01,-8.588333858167813162e+01
1.020510000000000000e+09,-6.840278796857919019e+01,-8.588809274700352603e+01
1.020515000000000000e+09,-6.841457610272502166e+01,-8.589284706183201479e+01
1.020520000000000000e+09,-6.842628738282319034e+01,-8.589760152667466286e+01
1.020525000000000000e+09,-6.843792196264863037e+01,-8.590235614204225101e+01
1.020530000000000000e+09,-6.844947999440191211e+01,-8.590711090844516207e+01
1.020535000000000000e+09,-6.846096162872038349e+01,-8.591186582639377889e+01
1.020540000000000000e+09,-6.847236701468946762e+01,-8.591662089639810063e+01
1.020545000000000000e+09,-6.848369629985168672e+01,-8.592137611896779958e+01
1.020550000000000000e+09,-6.849494963022098659e+01,-8.592613149461244859e+01
1.020555000000000000e+09,-6.850612715028998423e+01,-8.593088702384142152e+01
1.020560000000000000e+09,-6.851722900304066854e+01,-8.593564270716362330e+01
1.020565000000000000e+09,-6.852825532995662172e+01,-8.594039854508787357e+01
1.020570000000000000e+09,-6.853920627103117624e+01,-8.594515453812275041e+01
1.020575000000000000e+09,-6.855008196477959359e+01,-8.594991068677663293e+01
1.020580000000000000e+09,-6.856088254824544492e+01,-8.595466699155744550e+01
1.020585000000000000e+09,-6.857160815701372769e+01,-8.595942345297304144e+01
1.020590000000000000e+09,-6.858225892521875267e+01,-8.596418007153116037e+01
1.020595000000000000e+09,-6.859283498555400627e+01,-8.596893684773891664e+01
1.020600000000000000e+09,-6.860333646928137341e+01,-8.597369378210350988e+01
1.020605000000000000e+09,-6.861376350624077247e+01,-8.597845087513191231e+01
1.020610000000000000e+09,-6.862411622485784335e+01,-8.598320812733051355e+01
1.020615000000000000e+09,-6.863439475215454877e+01,-8.598796553920585950e+01
1.020620000000000000e+09,-6.864459921375841134e+01,-8.599272311126411239e+01
1.020625000000000000e+09,-6.865472973390815525e+01,-8.599748084401105075e+01
1.020630000000000000e+09,-6.866478643546568605e+01,-8.600223873795238205e+01
1.020635000000000000e+09,-6.867476943992285499e+01,-8.600699679359362904e+01
1.020640000000000000e+09,-6.868467886741014183e+01,-8.601175501143991653e+01
1.020645000000000000e+09,-6.869451483670498249e+01,-8.601651339199621304e+01
1.020650000000000000e+09,-6.870427746523978385e+01,-8.602127193576714603e+01
1.020655000000000000e+09,-6.871396686911027984e+01,-8.602603064325741400e+01
1.020660000000000000e+09,-6.872358316308198312e+01,-8.603078951497104754e+01
1.020665000000000000e+09,-6.873312646060090003e+01,-8.603554855141214830e+01
1.020670000000000000e+09,-6.874259687379851869e+01,-8.604030775308457635e+01
1.020675000000000000e+09,-6.875199451349978119e+01,-8.604506712049172279e+01
1.020680000000000000e+09,-6.876131948923192283e+01,-8.604982665413699294e+01
1.020685000000000000e+09,-6.877057190923068219e+01,-8.605458635452356475e+01
1.020690000000000000e+09,-6.877975188044788979e+01,-8.605934622215403351e+01
1.020695000000000000e+09,-6.878885950855857345e+01,-8.606410625753120769e+01
1.020700000000000000e+09,-6.879789489796802116e+01,-8.606886646115736994e+01
1.020705000000000000e+09,-6.880685815181870169e+01,-8.607362683353478872e+01
1.020710000000000000e+09,-6.881574937199718534e+01,-8.607838737516529193e+01
1.020715000000000000e+09,-6.882456865914078037e+01,-8.608314808655057959e+01
1.020720000000000000e+09,-6.883331611264453898e+01,-8.608790896819218119e+01
1.020725000000000000e+09,-6.884199183066672845e+01,-8.609267002059121410e+01
1.020730000000000000e+09,-6.885059591013678926e+01,-8.609743124424878147e+01
1.020735000000000000e+09,-6.885912844676076361e+01,-8.610219263966563119e+01
1.020740000000000000e+09,-6.886758953502771874e+01,-8.610695420734222694e+01
1.020745000000000000e+09,-6.887597926821592864e+01,-8.611171594777897553e+01
1.020750000000000000e+09,-6.888429773839899894e+01,-8.611647786147598538e+01
1.020755000000000000e+09,-6.889254503645179284e+01,-8.612123994893300960e+01
1.020760000000000000e+09,-6.890072125205635700e+01,-8.612600221064974448e+01
1.020765000000000000e+09,-6.890882647370770542e+01,-8.613076464712555946e+01
1.020770000000000000e+09,-6.891686078871968846e+01,-8.613552725885980976e+01
1.020775000000000000e+09,-6.892482428322988142e+01,-8.614029004635122533e+01
1.020780000000000000e+09,-6.893271704220606466e+01,-8.614505301009857874e+01
1.020785000000000000e+09,-6.894053914945195061e+01,-8.614981615060058573e+01
1.020790000000000000e+09,-6.894829068761059432e+01,-8.615457946835520886e+01
1.020795000000000000e+09,-6.895597173817178316e+01,-8.615934296386078017e+01
1.020800000000000000e+09,-6.896358238147615793e+01,-8.616410663761504907e+01
1.020805000000000000e+09,-6.897112269672061302e+01,-8.616887049011550914e+01
1.020810000000000000e+09,-6.897859276196315648e+01,-8.617363452185968242e+01
1.020815000000000000e+09,-6.898599265412796910e+01,-8.617839873334469303e+01
1.020820000000000000e+09,-6.899332244901022193e+01,-8.618316312506756560e+01
1.020825000000000000e+09,-6.900058222128083685e+01,-8.618792769752488425e+01
1.020830000000000000e+09,-6.900777204449117619e+01,-8.619269245121323308e+01
1.020835000000000000e+09,-6.901489199107784600e+01,-8.619745738662892620e+01
1.020840000000000000e+09,-6.902194213236644771e+01,-8.620222250426795085e+01
1.020845000000000000e+09,-6.902892253857721983e+01,-8.620698780462619482e+01
1.020850000000000000e+09,-6.903583327882857645e+01,-8.621175328819930428e+01
1.020855000000000000e+09,-6.904267442114162634e+01,-8.621651895548262701e+01
1.020860000000000000e+09,-6.904944603244443613e+01,-8.622128480697134023e+01
1.020865000000000000e+09,-6.905614817857608045e+01,-8.622605084316056434e+01
1.020870000000000000e+09,-6.906278092429074889e+01,-8.623081706454487971e+01
1.020875000000000000e+09,-6.906934433326172496e+01,-8.623558347161882409e+01
1.020880000000000000e+09,-6.907583846808533679e+01,-8.624035006487679311e+01
1.020885000000000000e+09,-6.908226339028489349e+01,-8.624511684481294083e+01
1.020890000000000000e+09,-6.908861916031381156e+01,-8.624988381192099496e+01
1.020895000000000000e+09,-6.909490583756019078e+01,-8.625465096669472587e+01
1.020900000000000000e+09,-6.910112348035048058e+01,-8.625941830962760548e+01
1.020905000000000000e+09,-6.910727214595165435e+01,-8.626418584121279309e+01
1.020910000000000000e+09,-6.911335189057625428e+01,-8.626895356194336273e+01
1.020915000000000000e+09,-6.911936276938500612e+01,-8.627372147231213262e+01
1.020920000000000000e+09,-6.912530483649027246e+01,-8.627848957281165099e+01
1.020925000000000000e+09,-6.913117814495937807e+01,-8.628325786393433816e+01
1.020930000000000000e+09,-6.913698274681784994e+01,-8.628802634617241551e+01
1.020935000000000000e+09,-6.914271869305206053e+01,-8.629279502001770652e+01
1.020940000000000000e+09,-6.914838603361295100e+01,-8.629756388596206307e+01
1.020945000000000000e+09,-6.915398481741895864e+01,-8.630233294449696757e+01
1.020950000000000000e+09,-6.915951509235841854e+01,-8.630710219611388823e+01
1.020955000000000000e+09,-6.916497690529246256e+01,-8.631187164130369638e+01
1.020960000000000000e+09,-6.917037030205834469e+01,-8.631664128055743390e+01
1.020965000000000000e+09,-6.917569532747172900e+01,-8.632141111436587266e+01
1.020970000000000000e+09,-6.918095202532938970e+01,-8.632618114321930136e+01
1.020975000000000000e+09,-6.918614043841182593e+01,-8.633095136760809396e+01
1.020980000000000000e+09,-6.919126060848584814e+01,-8.633572178802239705e+01
1.020985000000000000e+09,-6.919631257630653920e+01,-8.634049240495193089e+01
1.020990000000000000e+09,-6.920129638162059393e+01,-8.634526321888635891e+01
1.020995000000000000e+09,-6.920621206316766916e+01,-8.635003423031521663e+01
1.021000000000000000e+09,-6.921105965868321164e+01,-8.635480543972767009e+01
1.021005000000000000e+09,-6.921583920490013497e+01,-8.635957684761272901e+01
1.021010000000000000e+09,-6.922055073755144861e+01,-8.636434845445926101e+01
1.021015000000000000e+09,-6.922519429137237523e+01,-8.636912026075589210e+01
1.021020000000000000e+09,-6.922976990010150189e+01,-8.637389226699096412e+01
1.021025000000000000e+09,-6.923427759648363633e+01,-8.637866447365269096e+01
1.021030000000000000e+09,-6.923871741227118548e+01,-8.638343688122913022e+01
1.021035000000000000e+09,-6.924308937822608812e+01,-8.638820949020804107e+01
1.021040000000000000e+09,-6.924739352412152016e+01,-8.639298230107692689e+01
1.021045000000000000e+09,-6.925162987874361420e+01,-8.639775531432340472e+01
1.021050000000000000e+09,-6.925579846989283794e+01,-8.640252853043443793e+01
1.021055000000000000e+09,-6.925989932438585583e+01,-8.640730194989700408e+01
1.021060000000000000e+09,-6.926393246805702120e+01,-8.641207557319802390e+01
1.021065000000000000e+09,-6.926789792575951310e+01,-8.641684940082404864e+01
1.021070000000000000e+09,-6.927179572136668639e+01,-8.642162343326135954e+01
1.021075000000000000e+09,-6.927562587777379122e+01,-8.642639767099615256e+01
1.021080000000000000e+09,-6.927938841689882565e+01,-8.643117211451442472e+01
1.021085000000000000e+09,-6.928308335968384313e+01,-8.643594676430198831e+01
1.021090000000000000e+09,-6.928671072609606085e+01,-8.644072162084432875e+01
1.021095000000000000e+09,-6.929027053512893985e+01,-8.644549668462688885e+01
1.021100000000000000e+09,-6.929376280480299499e+01,-8.645027195613474191e+01
1.021105000000000000e+09,-6.929718755216713078e+01,-8.645504743585294705e+01
1.021110000000000000e+09,-6.930054479329908190e+01,-8.645982312426630756e+01
1.021115000000000000e+09,-6.930383454330640802e+01,-8.646459902185927149e+01
1.021120000000000000e+09,-6.930705681632731796e+01,-8.646937512911632950e+01
1.021125000000000000e+09,-6.931021162553123816e+01,-8.647415144652150332e+01
1.021130000000000000e+09,-6.931329898311949478e+01,-8.647892797455904201e+01
1.021135000000000000e+09,-6.931631890032589638e+01,-8.648370471371249835e+01
1.021140000000000000e+09,-6.931927138741721706e+01,-8.648848166446552455e+01
1.021145000000000000e+09,-6.932215645369365120e+01,-8.649325882730164494e+01
1.021150000000000000e+09,-6.932497410748919719e+01,-8.649803620270377280e+01
1.021155000000000000e+09,-6.932772435617204110e+01,-8.650281379115513403e+01
1.021160000000000000e+09,-6.933040720614476982e+01,-8.650759159313857083e+01
1.021165000000000000e+09,-6.933302266284459847e+01,-8.651236960913648488e+01
1.021170000000000000e+09,-6.933557073074351251e+01,-8.651714783963146260e+01
1.021175000000000000e+09,-6.933805141334839561e+01,-8.652192628510567829e+01
1.021180000000000000e+09,-6.934046471320104388e+01,-8.652670494604117835e+01
1.021185000000000000e+09,-6.934281063187813743e+01,-8.653148382291976759e+01
1.021190000000000000e+09,-6.934508916999115513e+01,-8.653626291622310873e+01
1.021195000000000000e+09,-6.934730032718617565e+01,-8.654104222643269395e+01
1.021200000000000000e+09,-6.934944410214380639e+01,-8.654582175402970279e+01
1.021205000000000000e+09,-6.935152049257877138e+01,-8.655060149949522952e+01
1.021210000000000000e+09,-6.935352949523966970e+01,-8.655538146331025473e+01
1.021215000000000000e+09,-6.935547110590859177e+01,-8.656016164595534690e+01
1.021220000000000000e+09,-6.935734531940066461e+01,-8.656494204791101765e+01
1.021225000000000000e+09,-6.935915212956342657e+01,-8.656972266965763652e+01
1.021230000000000000e+09,-6.936089152927651469e+01,-8.657450351167524616e+01
1.021235000000000000e+09,-6.936256351045084045e+01,-8.657928457444381820e+01
1.021240000000000000e+09,-6.936416806402795032e+01,-8.658406585844311110e+01
1.021245000000000000e+09,-6.936570517997932939e+01,-8.658884736415272698e+01
1.021250000000000000e+09,-6.936717484730552030e+01,-8.659362909205182746e+01
1.021255000000000000e+09,-6.936857705403537011e+01,-8.659841104261977307e+01
1.021260000000000000e+09,-6.936991178722496443e+01,-8.660319321633556910e+01
1.021265000000000000e+09,-6.937117903295677479e+01,-8.660797561367785136e+01
1.021270000000000000e+09,-6.937237877633850758e+01,-8.661275823512532668e+01
1.021275000000000000e+09,-6.937351100150200978e+01,-8.661754108115650297e+01
1.021280000000000000e+09,-6.937457569160230264e+01,-8.662232415224950444e+01
1.021285000000000000e+09,-6.937557282881600429e+01,-8.662710744888242687e+01
1.021290000000000000e+09,-6.937650239434029231e+01,-8.663189097153319551e+01
1.021295000000000000e+09,-6.937736436839145426e+01,-8.663667472067940878e+01
1.021300000000000000e+09,-6.937815873020353763e+01,-8.664145869679857981e+01
1.021305000000000000e+09,-6.937888545802678664e+01,-8.664624290036806542e+01
1.021310000000000000e+09,-6.937954452912622116e+01,-8.665102733186508033e+01
1.021315000000000000e+09,-6.938013591977990302e+01,-8.665581199176644134e+01
1.021320000000000000e+09,-6.938065960527738696e+01,-8.666059688054892263e+01
1.021325000000000000e+09,-6.938111555991788748e+01,-8.666538199868924153e+01
1.021330000000000000e+09,-6.938150375700877248e+01,-8.667016734666363220e+01
1.021335000000000000e+09,-6.938182416886336057e+01,-8.667495292494842829e+01
1.021340000000000000e+09,-6.938207676679888891e+01,-8.667973873401965079e+01
1.021345000000000000e+09,-6.938226152113530532e+01,-8.668452477435312176e+01
1.021350000000000000e+09,-6.938237840119241184e+01,-8.668931104642459218e+01
1.021355000000000000e+09,-6.938242737528810267e+01,-8.669409755070947199e+01
1.021360000000000000e+09,-6.938240841073624665e+01,-8.669888428768319955e+01
1.021365000000000000e+09,-6.938232147384428572e+01,-8.670367125782078688e+01
1.021370000000000000e+09,-6.938216652991111744e+01,-8.670845846159723180e+01
1.021375000000000000e+09,-6.938194354322446600e+01,-8.671324589948737582e+01
1.021380000000000000e+09,-6.938165247705913430e+01,-8.671803357196573359e+01
1.021385000000000000e+09,-6.938129329367329490e+01,-8.672282147950681974e+01
1.021390000000000000e+09,-6.938086595430699788e+01,-8.672760962258480788e+01
1.021395000000000000e+09,-6.938037041917945658e+01,-8.673239800167380054e+01
1.021400000000000000e+09,-6.937980664748570803e+01,-8.673718661724763024e+01
1.021405000000000000e+09,-6.937917459739438186e+01,-8.674197546978012952e+01
1.021410000000000000e+09,-6.937847422604474446e+01,-8.674676455974471878e+01
1.021415000000000000e+09,-6.937770548954377148e+01,-8.675155388761479003e+01
1.021420000000000000e+09,-6.937686834296322047e+01,-8.675634345386356472e+01
1.021425000000000000e+09,-6.937596274033660393e+01,-8.676113325896410799e+01
1.021430000000000000e+09,-6.937498863465604870e+01,-8.676592330338908710e+01
1.021435000000000000e+09,-6.937394597786921224e+01,-8.677071358761131137e+01
1.021440000000000000e+09,-6.937283472087574410e+01,-8.677550411210327752e+01
1.021445000000000000e+09,-6.937165481352478480e+01,-8.678029487733712699e+01
1.021450000000000000e+09,-6.937040620461064577e+01,-8.678508588378512911e+01
1.021455000000000000e+09,-6.936908884186929924e+01,-8.678987713191929743e+01
1.021460000000000000e+09,-6.936770267197624662e+01,-8.679466862221131862e+01
1.021465000000000000e+09,-6.936624764054130310e+01,-8.679946035513280833e+01
1.021470000000000000e+09,-6.936472369210582656e+01,-8.680425233115539640e+01
1.021475000000000000e+09,-6.936313077013868167e+01,-8.680904455075008741e+01
1.021480000000000000e+09,-6.936146881703260192e+01,-8.681383701438818434e+01
1.021485000000000000e+09,-6.935973777410009689e+01,-8.681862972254053545e+01
1.021490000000000000e+09,-6.935793758156950162e+01,-8.682342267567801741e+01
1.021495000000000000e+09,-6.935606817858173656e+01,-8.682821587427106635e+01
1.021500000000000000e+09,-6.935412950318441005e+01,-8.683300931879016105e+01
1.021505000000000000e+09,-6.935212149232927459e+01,-8.683780300970565236e+01
1.021510000000000000e+09,-6.935004408186780722e+01,-8.684259694748749325e+01
1.021515000000000000e+09,-6.934789720654586631e+01,-8.684739113260559407e+01
1.021520000000000000e+09,-6.934568080000011037e+01,-8.685218556552989355e+01
1.021525000000000000e+09,-6.934339479475328005e+01,-8.685698024672970519e+01
1.021530000000000000e+09,-6.934103912220960808e+01,-8.686177517667459824e+01
1.021535000000000000e+09,-6.933861371264993068e+01,-8.686657035583388620e+01
1.021540000000000000e+09,-6.933611849522809223e+01,-8.687136578467642778e+01
1.021545000000000000e+09,-6.933355339796393935e+01,-8.687616146367128067e+01
1.021550000000000000e+09,-6.933091834774056395e+01,-8.688095739328716149e+01
1.021555000000000000e+09,-6.932821327029805047e+01,-8.688575357399264476e+01
1.021560000000000000e+09,-6.932543809022951109e+01,-8.689055000625612024e+01
1.021565000000000000e+09,-6.932259273097459129e+01,-8.689534669054583560e+01
1.021570000000000000e+09,-6.931967711481513561e+01,-8.690014362732996744e+01
1.021575000000000000e+09,-6.931669116286967380e+01,-8.690494081707626606e+01
1.021580000000000000e+09,-6.931363479508800651e+01,-8.690973826025255278e+01
1.021585000000000000e+09,-6.931050793024569145e+01,-8.691453595732650683e+01
1.021590000000000000e+09,-6.930731048593848698e+01,-8.691933390876539534e+01
1.021595000000000000e+09,-6.930404237857671035e+01,-8.692413211503655646e+01
1.021600000000000000e+09,-6.930070352337945394e+01,-8.692893057660702993e+01
1.021605000000000000e+09,-6.929729383436851720e+01,-8.693372929394391235e+01
1.021610000000000000e+09,-6.929381322436347546e+01,-8.693852826751374607e+01
1.021615000000000000e+09,-6.929026160497437559e+01,-8.694332749778325820e+01
1.021620000000000000e+09,-6.928663888659539793e+01,-8.694812698521901950e+01
1.021625000000000000e+09,-6.928294497840091992e+01,-8.695292673028706076e+01
1.021630000000000000e+09,-6.927917978833664847e+01,-8.695772673345366854e+01
1.021635000000000000e+09,-6.927534322311456094e+01,-8.696252699518483098e+01
1.021640000000000000e+09,-6.927143518820602708e+01,-8.696732751594620936e+01
1.021645000000000000e+09,-6.926745558783545675e+01,-8.697212829620355024e+01
1.021650000000000000e+09,-6.926340432497300981e+01,-8.697692933642231594e+01
1.021655000000000000e+09,-6.925928130132923854e+01,-8.698173063706782671e+01
1.021660000000000000e+09,-6.925508641734660387e+01,-8.698653219860526065e+01
1.021665000000000000e+09,-6.925081957219256878e+01,-8.699133402149961114e+01
1.021670000000000000e+09,-6.924648066375364408e+01,-8.699613610621577209e+01
1.021675000000000000e+09,-6.924206958862812655e+01,-8.700093845321832475e+01
1.021680000000000000e+09,-6.923758624211751567e+01,-8.700574106297187882e+01
1.021685000000000000e+09,-6.923303051822010445e+01,-8.701054393594090186e+01
1.021690000000000000e+09,-6.922840230962331987e+01,-8.701534707258942092e+01
1.021695000000000000e+09,-6.922370150769602049e+01,-8.702015047338157672e+01
1.021700000000000000e+09,-6.921892800248085109e+01,-8.702495413878136787e+01
1.021705000000000000e+09,-6.921408168268635563e+01,-8.702975806925239510e+01
1.021710000000000000e+09,-6.920916243567904758e+01,-8.703456226525835859e+01
1.021715000000000000e+09,-6.920417014747511075e+01,-8.703936672726270274e+01
1.021720000000000000e+09,-6.919910470273340763e+01,-8.704417145572855929e+01
1.021725000000000000e+09,-6.919396598474534699e+01,-8.704897645111924476e+01
1.021730000000000000e+09,-6.918875387542813371e+01,-8.705378171389762088e+01
1.021735000000000000e+09,-6.918346825531423860e+01,-8.705858724452662045e+01
1.021740000000000000e+09,-6.917810900354602666e+01,-8.706339304346876418e+01
1.021745000000000000e+09,-6.917267599786386256e+01,-8.706819911118664379e+01
1.021750000000000000e+09,-6.916716911459873529e+01,-8.707300544814268051e+01
1.021755000000000000e+09,-6.916158822866304945e+01,-8.707781205479895448e+01
1.021760000000000000e+09,-6.915593321354145928e+01,-8.708261893161761691e+01
1.021765000000000000e+09,-6.915020394128131898e+01,-8.708742607906057742e+01
1.021770000000000000e+09,-6.914440028248469616e+01,-8.709223349758948984e+01
1.021775000000000000e+09,-6.913852210629714534e+01,-8.709704118766603642e+01
1.021780000000000000e+09,-6.913256928039807292e+01,-8.710184914975161519e+01
1.021785000000000000e+09,-6.912654167099243807e+01,-8.710665738430769522e+01
1.021790000000000000e+09,-6.912043914280084778e+01,-8.711146589179514876e+01
1.021795000000000000e+09,-6.911426155904774760e+01,-8.711627467267521752e+01
1.021800000000000000e+09,-6.910800878145275306e+01,-8.712108372740868845e+01
1.021805000000000000e+09,-6.910168067021997729e+01,-8.712589305645610693e+01
1.021810000000000000e+09,-6.909527708402758606e+01,-8.713070266027821731e+01
1.021815000000000000e+09,-6.908879788001689803e+01,-8.713551253933542284e+01
1.021820000000000000e+09,-6.908224291378358828e+01,-8.714032269408781417e+01
1.021825000000000000e+09,-6.907561203936296579e+01,-8.714513312499559561e+01
1.021830000000000000e+09,-6.906890510922247017e+01,-8.714994383251877252e+01
1.021835000000000000e+09,-6.906212197425016086e+01,-8.715475481711713712e+01
1.021840000000000000e+09,-6.905526248374145837e+01,-8.715956607925024002e+01
1.021845000000000000e+09,-6.904832648538969408e+01,-8.716437761937774553e+01
1.021850000000000000e+09,-6.904131382527211258e+01,-8.716918943795903374e+01
1.021855000000000000e+09,-6.903422434784214090e+01,-8.717400153545314367e+01
1.021860000000000000e+09,-6.902705789591342977e+01,-8.717881391231932753e+01
1.021865000000000000e+09,-6.901981431064987760e+01,-8.718362656901653907e+01
1.021870000000000000e+09,-6.901249343155298277e+01,-8.718843950600346204e+01
1.021875000000000000e+09,-6.900509509644939499e+01,-8.719325272373873759e+01
1.021880000000000000e+09,-6.899761914147805442e+01,-8.719806622268096419e+01
1.021885000000000000e+09,-6.899006540107909302e+01,-8.720288000328844191e+01
1.021890000000000000e+09,-6.898243370797887053e+01,-8.720769406601937135e+01
1.021895000000000000e+09,-6.897472389317648833e+01,-8.721250841133191045e+01
1.021900000000000000e+09,-6.896693578593436769e+01,-8.721732303968379085e+01
1.021905000000000000e+09,-6.895906921376065668e+01,-8.722213795153297156e+01
1.021910000000000000e+09,-6.895112400239769102e+01,-8.722695314733707050e+01
1.021915000000000000e+09,-6.894309997580789684e+01,-8.723176862755360617e+01
1.021920000000000000e+09,-6.893499695615980727e+01,-8.723658439263984121e+01
1.021925000000000000e+09,-6.892681476381392258e+01,-8.724140044305300989e+01
1.021930000000000000e+09,-6.891855321730798778e+01,-8.724621677925028962e+01
1.021935000000000000e+09,-6.891021213334475704e+01,-8.725103340168850252e+01
1.021940000000000000e+09,-6.890179132677270957e+01,-8.725585031082448495e+01
1.021945000000000000e+09,-6.889329061057527781e+01,-8.726066750711494535e+01
1.021950000000000000e+09,-6.888470979585535758e+01,-8.726548499101630796e+01
1.021955000000000000e+09,-6.887604869181770084e+01,-8.727030276298498279e+01
1.021960000000000000e+09,-6.886730710575521641e+01,-8.727512082347718092e+01
1.021965000000000000e+09,-6.885848484303286909e+01,-8.727993917294908499e+01
1.021970000000000000e+09,-6.884958170707180614e+01,-8.728475781185650817e+01
1.021975000000000000e+09,-6.884059749933315686e+01,-8.728957674065539152e+01
1.021980000000000000e+09,-6.883153201930178966e+01,-8.729439595980142030e+01
1.021985000000000000e+09,-6.882238506446971371e+01,-8.729921546975005242e+01
1.021990000000000000e+09,-6.881315643031935281e+01,-8.730403527095673155e+01
1.021995000000000000e+09,-6.880384591030603758e+01,-8.730885536387680190e+01
1.022000000000000000e+09,-6.879445329584277147e+01,-8.731367574896525241e+01
1.022005000000000000e+09,-6.878497837627983813e+01,-8.731849642667714306e+01
1.022010000000000000e+09,-6.877542093888911268e+01,-8.732331739746743438e+01
1.022015000000000000e+09,-6.876578076884561597e+01,-8.732813866179066054e+01
1.022020000000000000e+09,-6.875605764920938157e+01,-8.733296022010156889e+01
1.022025000000000000e+09,-6.874625136090710953e+01,-8.733778207285453732e+01
1.022030000000000000e+09,-6.873636168271342228e+01,-8.734260422050391526e+01
1.022035000000000000e+09,-6.872638839123209209e+01,-8.734742666350386742e+01
1.022040000000000000e+09,-6.871633126087681376e+01,-8.735224940230844481e+01
1.022045000000000000e+09,-6.870619006385130945e+01,-8.735707243737164163e+01
1.022050000000000000e+09,-6.869596457013182089e+01,-8.736189576914709676e+01
1.022055000000000000e+09,-6.868565454744447152e+01,-8.736671939808849174e+01
1.022060000000000000e+09,-6.867525976124453280e+01,-8.737154332464952233e+01
1.022065000000000000e+09,-6.866477997470082073e+01,-8.737636754928334426e+01
1.022070000000000000e+09,-6.865421494866959051e+01,-8.738119207244331221e+01
1.022075000000000000e+09,-6.864356444167616189e+01,-8.738601689458261035e+01
1.022080000000000000e+09,-6.863282820989309130e+01,-8.739084201615405334e+01
1.022085000000000000e+09,-6.862200600711857135e+01,-8.739566743761061218e+01
1.022090000000000000e+09,-6.861109758475456033e+01,-8.740049315940501629e+01
1.022095000000000000e+09,-6.860010269178404485e+01,-8.740531918198990979e+01
1.022100000000000000e+09,-6.858902107475128673e+01,-8.741014550581761000e+01
1.022105000000000000e+09,-6.857785247773348658e+01,-8.741497213134059052e+01
1.022110000000000000e+09,-6.856659664232269336e+01,-8.741979905901101233e+01
1.022115000000000000e+09,-6.855525330760187330e+01,-8.742462628928088009e+01
1.022120000000000000e+09,-6.854382221011829301e+01,-8.742945382260224108e+01
1.022125000000000000e+09,-6.853230308386170577e+01,-8.743428165942688679e+01
1.022130000000000000e+09,-6.852069566023943992e+01,-8.743910980020643819e+01
1.022135000000000000e+09,-6.850899966805162933e+01,-8.744393824539255888e+01
1.022140000000000000e+09,-6.849721483346613127e+01,-8.744876699543655718e+01
1.022145000000000000e+09,-6.848534087999311737e+01,-8.745359605078994036e+01
1.022150000000000000e+09,-6.847337752845932357e+01,-8.745842541190368991e+01
1.022155000000000000e+09,-6.846132449698185951e+01,-8.746325507922888676e+01
1.022160000000000000e+09,-6.844918150094116527e+01,-8.746808505321659766e+01
1.022165000000000000e+09,-6.843694825295656869e+01,-8.747291533431740618e+01
1.022170000000000000e+09,-6.842462446285601629e+01,-8.747774592298215168e+01
1.022175000000000000e+09,-6.841220983764776520e+01,-8.748257681966138932e+01
1.022180000000000000e+09,-6.839970408149804371e+01,-8.748740802480537582e+01
1.022185000000000000e+09,-6.838710689569637680e+01,-8.749223953886453842e+01
1.022190000000000000e+09,-6.837441797862996395e+01,-8.749707136228906279e+01
1.022195000000000000e+09,-6.836163702575380796e+01,-8.750190349552887881e+01
1.022200000000000000e+09,-6.834876372956115631e+01,-8.750673593903400160e+01
1.022205000000000000e+09,-6.833579777955347367e+01,-8.751156869325419052e+01
1.022210000000000000e+09,-6.832273886220927750e+01,-8.751640175863919069e+01
1.022215000000000000e+09,-6.830958666095659737e+01,-8.752123513563846302e+01
1.022220000000000000e+09,-6.829634085613513150e+01,-8.752606882470146843e+01
1.022225000000000000e+09,-6.828300112497024088e+01,-8.753090282627752572e+01
1.022230000000000000e+09,-6.826956714154029271e+01,-8.753573714081575474e+01
1.022235000000000000e+09,-6.825603857674047958e+01,-8.754057176876527535e+01
1.022240000000000000e+09,-6.824241509825250773e+01,-8.754540671057510792e+01
1.022245000000000000e+09,-6.822869637051012148e+01,-8.755024196669390335e+01
1.022250000000000000e+09,-6.821488205466516774e+01,-8.755507753757041201e+01
1.022255000000000000e+09,-6.820097180855223939e+01,-8.755991342365327057e+01
1.022260000000000000e+09,-6.818696528665702772e+01,-8.756474962539090257e+01
1.022265000000000000e+09,-6.817286214007384615e+01,-8.756958614323154677e+01
1.022270000000000000e+09,-6.815866201647638434e+01,-8.757442297762358407e+01
1.022275000000000000e+09,-6.814436456007695142e+01,-8.757926012901501167e+01
1.022280000000000000e+09,-6.812996941159279629e+01,-8.758409759785379833e+01
1.022285000000000000e+09,-6.811547620820482507e+01,-8.758893538458787020e+01
1.022290000000000000e+09,-6.810088458351869178e+01,-8.759377348966488341e+01
1.022295000000000000e+09,-6.808619416753225551e+01,-8.759861191353249410e+01
1.022300000000000000e+09,-6.807140458658919613e+01,-8.760345065663818787e+01
1.022305000000000000e+09,-6.805651546334247826e+01,-8.760828971942935084e+01
1.022310000000000000e+09,-6.804152641671311130e+01,-8.761312910235326967e+01
1.022315000000000000e+09,-6.802643706184899486e+01,-8.761796880585706049e+01
1.022320000000000000e+09,-6.801124701008311035e+01,-8.762280883038775414e+01
1.022325000000000000e+09,-6.799595586889033427e+01,-8.762764917639236728e+01
1.022330000000000000e+09,-6.798056324184821619e+01,-8.763248984431754707e+01
1.022335000000000000e+09,-6.796506872858574866e+01,-8.763733083460999751e+01
1.022340000000000000e+09,-6.794947192474579367e+01,-8.764217214771640840e+01
1.022345000000000000e+09,-6.793377242193933796e+01,-8.764701378408307164e+01
1.022350000000000000e+09,-6.791796980769602499e+01,-8.765185574415642122e+01
1.022355000000000000e+09,-6.790206366542085448e+01,-8.765669802838269220e+01
1.022360000000000000e+09,-6.788605357434623500e+01,-8.766154063720790646e+01
1.022365000000000000e+09,-6.786993910948433495e+01,-8.766638357107807167e+01
1.022370000000000000e+09,-6.785371984157768566e+01,-8.767122683043916709e+01
1.022375000000000000e+09,-6.783739533705390556e+01,-8.767607041573681670e+01
1.022380000000000000e+09,-6.782096515796777680e+01,-8.768091432741671554e+01
1.022385000000000000e+09,-6.780442886195835683e+01,-8.768575856592447337e+01
1.022390000000000000e+09,-6.778778600219271766e+01,-8.769060313170544418e+01
1.022395000000000000e+09,-6.777103612731754367e+01,-8.769544802520492510e+01
1.022400000000000000e+09,-6.775417878140115135e+01,-8.770029324686817063e+01
1.022405000000000000e+09,-6.773721350388269968e+01,-8.770513879714023631e+01
1.022410000000000000e+09,-6.772013982951661148e+01,-8.770998467646607821e+01
1.022415000000000000e+09,-6.770295728831685267e+01,-8.771483088529055294e+01
1.022420000000000000e+09,-6.768566540550038724e+01,-8.771967742405854551e+01
1.022425000000000000e+09,-6.766826370142968017e+01,-8.772452429321452883e+01
1.022430000000000000e+09,-6.765075169155446133e+01,-8.772937149320301842e+01
1.022435000000000000e+09,-6.763312888635148568e+01,-8.773421902446868614e+01
1.022440000000000000e+09,-6.761539479126783192e+01,-8.773906688745555016e+01
1.022445000000000000e+09,-6.759754890665458049e+01,-8.774391508260794126e+01
1.022450000000000000e+09,-6.757959072770897535e+01,-8.774876361036994865e+01
1.022455000000000000e+09,-6.756151974440615504e+01,-8.775361247118564734e+01
1.022460000000000000e+09,-6.754333544144355983e+01,-8.775846166549870020e+01
1.022465000000000000e+09,-6.752503729816726263e+01,-8.776331119375299750e+01
1.022470000000000000e+09,-6.750662478850996706e+01,-8.776816105639227317e+01
1.022475000000000000e+09,-6.748809738092295163e+01,-8.777301125385990588e+01
1.022480000000000000e+09,-6.746945453830764450e+01,-8.777786178659944483e+01
1.022485000000000000e+09,-6.745069571794526553e+01,-8.778271265505424026e+01
1.022490000000000000e+09,-6.743182037142979368e+01,-8.778756385966745768e+01
1.022495000000000000e+09,-6.741282794459176841e+01,-8.779241540088224838e+01
1.022500000000000000e+09,-6.739371787742435060e+01,-8.779726727914164996e+01
1.022505000000000000e+09,-6.737448960401741260e+01,-8.780211949488847267e+01
1.022510000000000000e+09,-6.735514255247304050e+01,-8.780697204856564042e+01
1.022515000000000000e+09,-6.733567614483354191e+01,-8.781182494061575028e+01
1.022520000000000000e+09,-6.731608979700261841e+01,-8.781667817148154143e+01
1.022525000000000000e+09,-6.729638291866615418e+01,-8.782153174160534093e+01
1.022530000000000000e+09,-6.727655491321183945e+01,-8.782638565142954690e+01
1.022535000000000000e+09,-6.725660517764625013e+01,-8.783123990139662851e+01
1.022540000000000000e+09,-6.723653310251646076e+01,-8.783609449194844387e+01
1.022545000000000000e+09,-6.721633807181592601e+01,-8.784094942352732005e+01
1.022550000000000000e+09,-6.719601946290696048e+01,-8.784580469657518620e+01
1.022555000000000000e+09,-6.717557664643226190e+01,-8.785066031153375832e+01
1.022560000000000000e+09,-6.715500898622124737e+01,-8.785551626884492293e+01
1.022565000000000000e+09,-6.713431583920421986e+01,-8.786037256895028236e+01
1.022570000000000000e+09,-6.711349655531452640e+01,-8.786522921229149574e+01
1.022575000000000000e+09,-6.709255047740468569e+01,-8.787008619930986697e+01
1.022580000000000000e+09,-6.707147694114135561e+01,-8.787494353044684203e+01
1.022585000000000000e+09,-6.705027527491330375e+01,-8.787980120614366797e+01
1.022590000000000000e+09,-6.702894479973184616e+01,-8.788465922684142129e+01
1.022595000000000000e+09,-6.700748482913054715e+01,-8.788951759298122113e+01
1.022600000000000000e+09,-6.698589466906220480e+01,-8.789437630500401610e+01
1.022605000000000000e+09,-6.696417361779899124e+01,-8.789923536335058429e+01
1.022610000000000000e+09,-6.694232096582175018e+01,-8.790409476846167536e+01
1.022615000000000000e+09,-6.692033599571145430e+01,-8.790895452077808159e+01
1.022620000000000000e+09,-6.689821798204897618e+01,-8.791381462074016895e+01
1.022625000000000000e+09,-6.687596619129342912e+01,-8.791867506878844551e+01
1.022630000000000000e+09,-6.685357988167399412e+01,-8.792353586536327725e+01
1.022635000000000000e+09,-6.683105830307347617e+01,-8.792839701090498750e+01
1.022640000000000000e+09,-6.680840069691085148e+01,-8.793325850585350167e+01
1.022645000000000000e+09,-6.678560629602175425e+01,-8.793812035064911470e+01
1.022650000000000000e+09,-6.676267432453558115e+01,-8.794298254573169515e+01
1.022655000000000000e+09,-6.673960399775697283e+01,-8.794784509154101215e+01
1.022660000000000000e+09,-6.671639452202892073e+01,-8.795270798851694849e+01
1.022665000000000000e+09,-6.669304509461387909e+01,-8.795757123709913117e+01
1.022670000000000000e+09,-6.666955490356193081e+01,-8.796243483772707350e+01
1.022675000000000000e+09,-6.664592312757203274e+01,-8.796729879084031722e+01
1.022680000000000000e+09,-6.662214893586073572e+01,-8.797216309687820512e+01
1.022685000000000000e+09,-6.659823148802277615e+01,-8.797702775627999472e+01
1.022690000000000000e+09,-6.657416993389038851e+01,-8.798189276948488668e+01
1.022695000000000000e+09,-6.654996341338980415e+01,-8.798675813693195380e+01
1.022700000000000000e+09,-6.652561105639516370e+01,-8.799162385906028305e+01
1.022705000000000000e+09,-6.650111198257972944e+01,-8.799648993630860616e+01
1.022710000000000000e+09,-6.647646530126412756e+01,-8.800135636911579695e+01
1.022715000000000000e+09,-6.645167011126079615e+01,-8.800622315792068662e+01
1.022720000000000000e+09,-6.642672550072101956e+01,-8.801109030316166582e+01
1.022725000000000000e+09,-6.640163054696876088e+01,-8.801595780527739521e+01
1.022730000000000000e+09,-6.637638431633598657e+01,-8.802082566470632230e+01
1.022735000000000000e+09,-6.635098586400633280e+01,-8.802569388188666721e+01
1.022740000000000000e+09,-6.632543423383370396e+01,-8.803056245725676376e+01
1.022745000000000000e+09,-6.629972845817488292e+01,-8.803543139125473260e+01
1.022750000000000000e+09,-6.627386755771181015e+01,-8.804030068431865175e+01
1.022755000000000000e+09,-6.624785054127157480e+01,-8.804517033688642869e+01
1.022760000000000000e+09,-6.622167640564298097e+01,-8.805004034939599933e+01
1.022765000000000000e+09,-6.619534413538818285e+01,-8.805491072228511484e+01
1.022770000000000000e+09,-6.616885270265791519e+01,-8.805978145599146956e+01
1.022775000000000000e+09,-6.614220106698483903e+01,-8.806465255095262989e+01
1.022780000000000000e+09,-6.611538817509591581e+01,-8.806952400760616229e+01
1.022785000000000000e+09,-6.608841296070897897e+01,-8.807439582638947684e+01
1.022790000000000000e+09,-6.606127434431988377e+01,-8.807926800773978471e+01
1.022795000000000000e+09,-6.603397123299708937e+01,-8.808414055209455285e+01
1.022800000000000000e+09,-6.600650252016527020e+01,-8.808901345989069398e+01
1.022805000000000000e+09,-6.597886708538625555e+01,-8.809388673156539085e+01
1.022810000000000000e+09,-6.595106379413533659e+01,-8.809876036755559880e+01
1.022815000000000000e+09,-6.592309149757284104e+01,-8.810363436829824479e+01
1.022820000000000000e+09,-6.589494903231138778e+01,-8.810850873422999996e+01
1.022825000000000000e+09,-6.586663522017795458e+01,-8.811338346578763492e+01
1.022830000000000000e+09,-6.583814886797003396e+01,-8.811825856340787766e+01
1.022835000000000000e+09,-6.580948876721305396e+01,-8.812313402752704405e+01
1.022840000000000000e+09,-6.578065369389967998e+01,-8.812800985858169156e+01
1.022845000000000000e+09,-6.575164240823686157e+01,-8.813288605700824974e+01
1.022850000000000000e+09,-6.572245365438097053e+01,-8.813776262324283550e+01
1.022855000000000000e+09,-6.569308616016851943e+01,-8.814263955772169368e+01
1.022860000000000000e+09,-6.566353863684138048e+01,-8.814751686088099802e+01
1.022865000000000000e+09,-6.563380977876593647e+01,-8.815239453315666651e+01
1.022870000000000000e+09,-6.560389826314644779e+01,-8.815727257498460290e+01
1.022875000000000000e+09,-6.557380274973206724e+01,-8.816215098680068252e+01
1.022880000000000000e+09,-6.554352188051626626e+01,-8.816702976904070965e+01
1.022885000000000000e+09,-6.551305427943663062e+01,-8.817190892214030384e+01
1.022890000000000000e+09,-6.548239855205567039e+01,-8.817678844653499937e+01
1.022895000000000000e+09,-6.545155328524012361e+01,-8.818166834266044418e+01
1.022900000000000000e+09,-6.542051704684739377e+01,-8.818654861095191677e+01
1.022905000000000000e+09,-6.538928838537816546e+01,-8.819142925184470982e+01
1.022910000000000000e+09,-6.535786582964270508e+01,-8.819631026577431498e+01
1.022915000000000000e+09,-6.532624788841103225e+01,-8.820119165317558441e+01
1.022920000000000000e+09,-6.529443305005693787e+01,-8.820607341448382499e+01
1.022925000000000000e+09,-6.526241978219378836e+01,-8.821095555013391731e+01
1.022930000000000000e+09,-6.523020653130078017e+01,-8.821583806056088406e+01
1.022935000000000000e+09,-6.519779172234954956e+01,-8.822072094619946370e+01
1.022940000000000000e+09,-6.516517375840018644e+01,-8.822560420748445154e+01
1.022945000000000000e+09,-6.513235102021600653e+01,-8.823048784485055762e+01
1.022950000000000000e+09,-6.509932186585488978e+01,-8.823537185873227884e+01
1.022955000000000000e+09,-6.506608463024495848e+01,-8.824025624956416891e+01
1.022960000000000000e+09,-6.503263762476407805e+01,-8.824514101778071051e+01
1.022965000000000000e+09,-6.499897913680203487e+01,-8.825002616381613052e+01
1.022970000000000000e+09,-6.496510742931390325e+01,-8.825491168810481213e+01
1.022975000000000000e+09,-6.493102074036157489e+01,-8.825979759108091116e+01
1.022980000000000000e+09,-6.489671728265352613e+01,-8.826468387317844133e+01
1.022985000000000000e+09,-6.486219524305055018e+01,-8.826957053483155846e+01
1.022990000000000000e+09,-6.482745278209087303e+01,-8.827445757647413416e+01
1.022995000000000000e+09,-6.479248803347880425e+01,-8.827934499854018213e+01
1.023000000000000000e+09,-6.475729910357846109e+01,-8.828423280146323293e+01
1.023005000000000000e+09,-6.472188407087946871e+01,-8.828912098567720079e+01
1.023010000000000000e+09,-6.468624098545591039e+01,-8.829400955161572995e+01
1.023015000000000000e+09,-6.465036786842831873e+01,-8.829889849971222304e+01
1.023020000000000000e+09,-6.461426271138169852e+01,-8.830378783040026747e+01
1.023025000000000000e+09,-6.457792347579365355e+01,-8.830867754411328008e+01
1.023030000000000000e+09,-6.454134809243846860e+01,-8.831356764128450720e+01
1.023035000000000000e+09,-6.450453446077810327e+01,-8.831845812234726623e+01
1.023040000000000000e+09,-6.446748044833628910e+01,-8.832334898773474663e+01
1.023045000000000000e+09,-6.443018389006526547e+01,-8.832824023787993895e+01
1.023050000000000000e+09,-6.439264258768136528e+01,-8.833313187321591897e+01
1.023055000000000000e+09,-6.435485430899227310e+01,-8.833802389417562040e+01
1.023060000000000000e+09,-6.431681678721388096e+01,-8.834291630119201955e+01
1.023065000000000000e+09,-6.427852772026272987e+01,-8.834780909469772325e+01
1.023070000000000000e+09,-6.423998477002194818e+01,-8.835270227512557994e+01
1.023075000000000000e+09,-6.420118556160326762e+01,-8.835759584290823909e+01
1.023080000000000000e+09,-6.416212768258159826e+01,-8.836248979847815122e+01
1.023085000000000000e+09,-6.412280868221100150e+01,-8.836738414226786631e+01
1.023090000000000000e+09,-6.408322607061846554e+01,-8.837227887470989174e+01
1.023095000000000000e+09,-6.404337731798705136e+01,-8.837717399623647907e+01
1.023100000000000000e+09,-6.400325985369042314e+01,-8.838206950727990829e+01
1.023105000000000000e+09,-6.396287106544025391e+01,-8.838696540827237413e+01
1.023110000000000000e+09,-6.392220829838177565e+01,-8.839186169964611395e+01
1.023115000000000000e+09,-6.388126885418508749e+01,-8.839675838183305245e+01
1.023120000000000000e+09,-6.384004999009327719e+01,-8.840165545526519963e+01
1.023125000000000000e+09,-6.379854891795212524e+01,-8.840655292037453705e+01
1.023130000000000000e+09,-6.375676280323150991e+01,-8.841145077759280468e+01
1.023135000000000000e+09,-6.371468876398466108e+01,-8.841634902735185619e+01
1.023140000000000000e+09,-6.367232386980641934e+01,-8.842124767008331787e+01
1.023145000000000000e+09,-6.362966514075135649e+01,-8.842614670621885864e+01
1.023150000000000000e+09,-6.358670954622322569e+01,-8.843104613618999110e+01
1.023155000000000000e+09,-6.354345400383139264e+01,-8.843594596042828471e+01
1.023160000000000000e+09,-6.349989537822423813e+01,-8.844084617936505310e+01
1.023165000000000000e+09,-6.345603047987212619e+01,-8.844574679343168100e+01
1.023170000000000000e+09,-6.341185606382494910e+01,-8.845064780305943941e+01
1.023175000000000000e+09,-6.336736882844177643e+01,-8.845554920867959936e+01
1.023180000000000000e+09,-6.332256541407579675e+01,-8.846045101072313344e+01
1.023185000000000000e+09,-6.327744240171092827e+01,-8.846535320962125581e+01
1.023190000000000000e+09,-6.323199631157638123e+01,-8.847025580580495330e+01
1.023195000000000000e+09,-6.318622360171022478e+01,-8.847515879970508479e+01
1.023200000000000000e+09,-6.314012066648236043e+01,-8.848006219175255183e+01
1.023205000000000000e+09,-6.309368383507138844e+01,-8.848496598237817068e+01
1.023210000000000000e+09,-6.304690936990791528e+01,-8.848987017201255867e+01
1.023215000000000000e+09,-6.299979346503984345e+01,-8.849477476108651786e+01
1.023220000000000000e+09,-6.295233224448745091e+01,-8.849967975003059451e+01
1.023225000000000000e+09,-6.290452176052730948e+01,-8.850458513927523541e+01
1.023230000000000000e+09,-6.285635799191471307e+01,-8.850949092925097261e+01
1.023235000000000000e+09,-6.280783684207037254e+01,-8.851439712038816765e+01
1.023240000000000000e+09,-6.275895413719979388e+01,-8.851930371311723889e+01
1.023245000000000000e+09,-6.270970562435580575e+01,-8.852421070786830626e+01
1.023250000000000000e+09,-6.266008696944007283e+01,-8.852911810507158918e+01
1.023255000000000000e+09,-6.261009375514103681e+01,-8.853402590515733550e+01
1.023260000000000000e+09,-6.255972147880594747e+01,-8.853893410855548041e+01
1.023265000000000000e+09,-6.250896555024458223e+01,-8.854384271569601594e+01
1.023270000000000000e+09,-6.245782128945950973e+01,-8.854875172700907626e+01
1.023275000000000000e+09,-6.240628392431374749e+01,-8.855366114292425550e+01
1.023280000000000000e+09,-6.235434858809928471e+01,-8.855857096387151728e+01
1.023285000000000000e+09,-6.230201031705040293e+01,-8.856348119028056942e+01
1.023290000000000000e+09,-6.224926404774916477e+01,-8.856839182258113397e+01
1.023295000000000000e+09,-6.219610461448119310e+01,-8.857330286120274820e+01
1.023300000000000000e+09,-6.214252674645575070e+01,-8.857821430657500628e+01
1.023305000000000000e+09,-6.208852506496691603e+01,-8.858312615912745969e+01
1.023310000000000000e+09,-6.203409408044365847e+01,-8.858803841928940415e+01
1.023315000000000000e+09,-6.197922818940097045e+01,-8.859295108749030589e+01
1.023320000000000000e+09,-6.192392167128319613e+01,-8.859786416415948906e+01
1.023325000000000000e+09,-6.186816868520949697e+01,-8.860277764972605041e+01
1.023330000000000000e+09,-6.181196326658333362e+01,-8.860769154461928565e+01
1.023335000000000000e+09,-6.175529932359187058e+01,-8.861260584926836259e+01
1.023340000000000000e+09,-6.169817063360589060e+01,-8.861752056410216483e+01
1.023345000000000000e+09,-6.164057083940324588e+01,-8.862243568954986017e+01
1.023350000000000000e+09,-6.158249344529390612e+01,-8.862735122604024696e+01
1.023355000000000000e+09,-6.152393181308895720e+01,-8.863226717400237931e+01
1.023360000000000000e+09,-6.146487915792472734e+01,-8.863718353386488502e+01
1.023365000000000000e+09,-6.140532854393305939e+01,-8.864210030605663349e+01
1.023370000000000000e+09,-6.134527287974808729e+01,-8.864701749100635197e+01
1.023375000000000000e+09,-6.128470491386093499e+01,-8.865193508914252618e+01
1.023380000000000000e+09,-6.122361722975955445e+01,-8.865685310089384075e+01
1.023385000000000000e+09,-6.116200224093468307e+01,-8.866177152668890926e+01
1.023390000000000000e+09,-6.109985218566819754e+01,-8.866669036695597583e+01
1.023395000000000000e+09,-6.103715912160944157e+01,-8.867160962212361142e+01
1.023400000000000000e+09,-6.097391492016576819e+01,-8.867652929262013117e+01
1.023405000000000000e+09,-6.091011126065963310e+01,-8.868144937887376500e+01
1.023410000000000000e+09,-6.084573962425810123e+01,-8.868636988131282806e+01
1.023415000000000000e+09,-6.078079128766111694e+01,-8.869129080036540813e+01
1.023420000000000000e+09,-6.071525731653676416e+01,-8.869621213645970670e+01
1.023425000000000000e+09,-6.064912855869165753e+01,-8.870113389002369786e+01
1.023430000000000000e+09,-6.058239563696300678e+01,-8.870605606148544098e+01
1.023435000000000000e+09,-6.051504894181648808e+01,-8.871097865127295279e+01
1.023440000000000000e+09,-6.044707862365221729e+01,-8.871590165981399423e+01
1.023445000000000000e+09,-6.037847458476345963e+01,-8.872082508753642571e+01
1.023450000000000000e+09,-6.030922647096880240e+01,-8.872574893486813608e+01
1.023455000000000000e+09,-6.023932366291986540e+01,-8.873067320223671572e+01
1.023460000000000000e+09,-6.016875526697941012e+01,-8.873559789006991139e+01
1.023465000000000000e+09,-6.009751010575211438e+01,-8.874052299879538452e+01
1.023470000000000000e+09,-6.002557670818486457e+01,-8.874544852884058344e+01
1.023475000000000000e+09,-5.995294329923576981e+01,-8.875037448063307011e+01
1.023480000000000000e+09,-5.987959778908623321e+01,-8.875530085460030705e+01
1.023485000000000000e+09,-5.980552776186797104e+01,-8.876022765116974256e+01
1.023490000000000000e+09,-5.973072046390182521e+01,-8.876515487076864019e+01
1.023495000000000000e+09,-5.965516279135336930e+01,-8.877008251382429194e+01
1.023500000000000000e+09,-5.957884127738469715e+01,-8.877501058076406082e+01
1.023505000000000000e+09,-5.950174207867892306e+01,-8.877993907201499724e+01
1.023510000000000000e+09,-5.942385096132207423e+01,-8.878486798800429369e+01
1.023515000000000000e+09,-5.934515328604991424e+01,-8.878979732915907164e+01
1.023520000000000000e+09,-5.926563399277628719e+01,-8.879472709590629620e+01
1.023525000000000000e+09,-5.918527758438199271e+01,-8.879965728867297514e+01
1.023530000000000000e+09,-5.910406810971807090e+01,-8.880458790788600254e+01
1.023535000000000000e+09,-5.902198914577736844e+01,-8.880951895397240037e+01
1.023540000000000000e+09,-5.893902377898541545e+01,-8.881445042735882112e+01
1.023545000000000000e+09,-5.885515458555797608e+01,-8.881938232847210202e+01
1.023550000000000000e+09,-5.877036361086539529e+01,-8.882431465773906609e+01
1.023555000000000000e+09,-5.868463234776547921e+01,-8.882924741558623793e+01
1.023560000000000000e+09,-5.859794171378956662e+01,-8.883418060244032688e+01
1.023565000000000000e+09,-5.851027202715914655e+01,-8.883911421872795700e+01
1.023570000000000000e+09,-5.842160298158287191e+01,-8.884404826487551077e+01
1.023575000000000000e+09,-5.833191361964541244e+01,-8.884898274130958384e+01
1.023580000000000000e+09,-5.824118230482958580e+01,-8.885391764845658713e+01
1.023585000000000000e+09,-5.814938669200157051e+01,-8.885885298674290311e+01
1.023590000000000000e+09,-5.805650369628616403e+01,-8.886378875659482901e+01
1.023595000000000000e+09,-5.796250946022201589e+01,-8.886872495843869046e+01
1.023600000000000000e+09,-5.786737931907785537e+01,-8.887366159270072785e+01
1.023605000000000000e+09,-5.777108776423462189e+01,-8.887859865980703944e+01
1.023610000000000000e+09,-5.767360840441411085e+01,-8.888353616018386560e+01
1.023615000000000000e+09,-5.757491392474848624e+01,-8.888847409425736146e+01
1.023620000000000000e+09,-5.747497604341752719e+01,-8.889341246245339789e+01
1.023625000000000000e+09,-5.737376546570687452e+01,-8.889835126519807318e+01
1.023630000000000000e+09,-5.727125183536077202e+01,-8.890329050291738611e+01
1.023635000000000000e+09,-5.716740368297205066e+01,-8.890823017603719336e+01
1.023640000000000000e+09,-5.706218837122020204e+01,-8.891317028498326636e+01
1.023645000000000000e+09,-5.695557203671543789e+01,-8.891811083018166073e+01
1.023650000000000000e+09,-5.684751952822770704e+01,-8.892305181205787790e+01
1.023655000000000000e+09,-5.673799434092931193e+01,-8.892799323103778875e+01
1.023660000000000000e+09,-5.662695854651107652e+01,-8.893293508754709364e+01
1.023665000000000000e+09,-5.651437271868076806e+01,-8.893787738201142190e+01
1.023670000000000000e+09,-5.640019585381202205e+01,-8.894282011485630335e+01
1.023675000000000000e+09,-5.628438528625079584e+01,-8.894776328650726782e+01
1.023680000000000000e+09,-5.616689659795417811e+01,-8.895270689738998726e+01
1.023685000000000000e+09,-5.604768352192436964e+01,-8.895765094792972150e+01
1.023690000000000000e+09,-5.592669783895659918e+01,-8.896259543855197194e+01
1.023695000000000000e+09,-5.580388926713710163e+01,-8.896754036968218315e+01
1.023700000000000000e+09,-5.567920534347688744e+01,-8.897248574174555813e+01
1.023705000000000000e+09,-5.555259129700686316e+01,-8.897743155516747038e+01
1.023710000000000000e+09,-5.542398991259138086e+01,-8.898237781037309446e+01
1.023715000000000000e+09,-5.529334138463660508e+01,-8.898732450778774705e+01
1.023720000000000000e+09,-5.516058315982419202e+01,-8.899227164783651745e+01
1.023725000000000000e+09,-5.502564976779601125e+01,-8.899721923094446652e+01
1.023730000000000000e+09,-5.488847263875753413e+01,-8.900216725753681146e+01
1.023735000000000000e+09,-5.474897990681692761e+01,-8.900711572803848526e+01
1.023740000000000000e+09,-5.460709619753715316e+01,-8.901206464287449194e+01
1.023745000000000000e+09,-5.446274239839372910e+01,-8.901701400246989238e+01
1.023750000000000000e+09,-5.431583541034525808e+01,-8.902196380724942060e+01
1.023755000000000000e+09,-5.416628787869532857e+01,-8.902691405763806642e+01
1.023760000000000000e+09,-5.401400790115765460e+01,-8.903186475406073441e+01
1.023765000000000000e+09,-5.385889871084494018e+01,-8.903681589694203069e+01
1.023770000000000000e+09,-5.370085833149861543e+01,-8.904176748670684560e+01
1.023775000000000000e+09,-5.353977920214386899e+01,-8.904671952377984212e+01
1.023780000000000000e+09,-5.337554776790905464e+01,-8.905167200858576848e+01
1.023785000000000000e+09,-5.320804403329668020e+01,-8.905662494154917397e+01
1.023790000000000000e+09,-5.303714107377609821e+01,-8.906157832309469313e+01
1.023795000000000000e+09,-5.286270450115563335e+01,-8.906653215364693210e+01
1.023800000000000000e+09,-5.268459187739777860e+01,-8.907148643363032647e+01
1.023805000000000000e+09,-5.250265207099629805e+01,-8.907644116346941132e+01
1.023810000000000000e+09,-5.231672454919441151e+01,-8.908139634358867909e+01
1.023815000000000000e+09,-5.212663859849547521e+01,-8.908635197441243747e+01
1.023820000000000000e+09,-5.193221246466457330e+01,-8.909130805636509365e+01
1.023825000000000000e+09,-5.173325240266940739e+01,-8.909626458987106901e+01
1.023830000000000000e+09,-5.152955162515156218e+01,-8.910122157535452914e+01
1.023835000000000000e+09,-5.132088913671892527e+01,-8.910617901323981016e+01
1.023840000000000000e+09,-5.110702843962855724e+01,-8.911113690395113451e+01
1.023845000000000000e+09,-5.088771609405618079e+01,-8.911609524791275305e+01
1.023850000000000000e+09,-5.066268011419107609e+01,-8.912105404554870347e+01
1.023855000000000000e+09,-5.043162817810279819e+01,-8.912601329728312294e+01
1.023860000000000000e+09,-5.019424562685781410e+01,-8.913097300354024810e+01
1.023865000000000000e+09,-4.995019322431652853e+01,-8.913593316474390349e+01
1.023870000000000000e+09,-4.969910464530190097e+01,-8.914089378131826891e+01
1.023875000000000000e+09,-4.944058365528502463e+01,-8.914585485368729678e+01
1.023880000000000000e+09,-4.917420093990937602e+01,-8.915081638227484007e+01
1.023885000000000000e+09,-4.889949053717953120e+01,-8.915577836750489382e+01
1.023890000000000000e+09,-4.861594581996666165e+01,-8.916074080980131100e+01
1.023895000000000000e+09,-4.832301497101062893e+01,-8.916570370958801561e+01
1.023900000000000000e+09,-4.802009588793275441e+01,-8.917066706728866166e+01
1.023905000000000000e+09,-4.770653045305263618e+01,-8.917563088332713050e+01
1.023910000000000000e+09,-4.738159810373197445e+01,-8.918059515812723248e+01
1.023915000000000000e+09,-4.704450864572429936e+01,-8.918555989211249369e+01
1.023920000000000000e+09,-4.669439427040365587e+01,-8.919052508570675286e+01
1.023925000000000000e+09,-4.633030077346435860e+01,-8.919549073933366401e+01
1.023930000000000000e+09,-4.595117804072859968e+01,-8.920045685341668218e+01
1.023935000000000000e+09,-4.555586998554480971e+01,-8.920542342837954664e+01
1.023940000000000000e+09,-4.514310432699205933e+01,-8.921039046464578348e+01
1.023945000000000000e+09,-4.471148294031239345e+01,-8.921535796263884777e+01
1.023950000000000000e+09,-4.425947408440781317e+01,-8.922032592278227980e+01
1.023955000000000000e+09,-4.378540876446042773e+01,-8.922529434549952043e+01
1.023960000000000000e+09,-4.328748507129455447e+01,-8.923026323121410996e+01
1.023965000000000000e+09,-4.276378697543221108e+01,-8.923523258034927608e+01
1.023970000000000000e+09,-4.221232844088081748e+01,-8.924020239332850224e+01
1.023975000000000000e+09,-4.163114102834057206e+01,-8.924517267057510139e+01
1.023980000000000000e+09,-4.101843525686917502e+01,-8.925014341251238648e+01
1.023985000000000000e+09,-4.037288579701843361e+01,-8.925511461956358517e+01
1.023990000000000000e+09,-3.969412209275110115e+01,-8.926008629215206724e+01
1.023995000000000000e+09,-3.898355330134235430e+01,-8.926505843070094670e+01
1.024000000000000000e+09,-3.824571836888735277e+01,-8.927003103563342279e+01
1.024005000000000000e+09,-3.749040532272217519e+01,-8.927500410737278003e+01
1.024010000000000000e+09,-3.673573875084755258e+01,-8.927997764634207556e+01
1.024015000000000000e+09,-3.601205079764061168e+01,-8.928495165296433811e+01
1.024020000000000000e+09,-3.536518732633484774e+01,-8.928992612766278114e+01
1.024025000000000000e+09,-3.485570254630928844e+01,-8.929490107086044759e+01
1.024030000000000000e+09,-3.454868746591724005e+01,-8.929987648298029512e+01
1.024035000000000000e+09,-3.449265500727918266e+01,-8.930485236444540931e+01
1.024040000000000000e+09,-3.469761809558266918e+01,-8.930982871567874781e+01
1.024045000000000000e+09,-3.512994985686521687e+01,-8.931480553710318304e+01
1.024050000000000000e+09,-3.572882202533744334e+01,-8.931978282914170109e+01
1.024055000000000000e+09,-3.642971536293941881e+01,-8.932476059221721698e+01
1.024060000000000000e+09,-3.717977103367127256e+01,-8.932973882675256050e+01
1.024065000000000000e+09,-3.794209710863943030e+01,-8.933471753317058983e+01
1.024070000000000000e+09,-3.869368536746890896e+01,-8.933969671189414896e+01
1.024075000000000000e+09,-3.942151395440755834e+01,-8.934467636334603924e+01
1.024080000000000000e+09,-4.011904692965480734e+01,-8.934965648794899096e+01
1.024085000000000000e+09,-4.078370211971896708e+01,-8.935463708612573441e+01
1.024090000000000000e+09,-4.141519354293586019e+01,-8.935961815829911359e+01
1.024095000000000000e+09,-4.201450249871739828e+01,-8.936459970489167404e+01
1.024100000000000000e+09,-4.258325894743514795e+01,-8.936958172632613184e+01
1.024105000000000000e+09,-4.312337826257931539e+01,-8.937456422302524572e+01
1.024110000000000000e+09,-4.363685302413789202e+01,-8.937954719541151860e+01
1.024115000000000000e+09,-4.412563760189156881e+01,-8.938453064390759550e+01
1.024120000000000000e+09,-4.459158769749387830e+01,-8.938951456893612146e+01
1.024125000000000000e+09,-4.503643208163349954e+01,-8.939449897091952835e+01
1.024130000000000000e+09,-4.546176289315148722e+01,-8.939948385028043276e+01
1.024135000000000000e+09,-4.586903636085779823e+01,-8.940446920744136605e+01
1.024140000000000000e+09,-4.625957910782052096e+01,-8.940945504282478851e+01
1.024145000000000000e+09,-4.663459718006585319e+01,-8.941444135685317463e+01
1.024150000000000000e+09,-4.699518613378825194e+01,-8.941942814994895627e+01
1.024155000000000000e+09,-4.734234123227230384e+01,-8.942441542253463638e+01
1.024160000000000000e+09,-4.767696723403307146e+01,-8.942940317503256153e+01
1.024165000000000000e+09,-4.799988751077691518e+01,-8.943439140786506414e+01
1.024170000000000000e+09,-4.831185238482969879e+01,-8.943938012145463290e+01
1.024175000000000000e+09,-4.861354666323958895e+01,-8.944436931622354336e+01
1.024180000000000000e+09,-4.890559639479802456e+01,-8.944935899259407108e+01
1.024185000000000000e+09,-4.918857490061870408e+01,-8.945434915098869055e+01
1.024190000000000000e+09,-4.946300814088172615e+01,-8.945933979182950679e+01
1.024195000000000000e+09,-4.972937948308362621e+01,-8.946433091553885220e+01
1.024200000000000000e+09,-4.998813393573199448e+01,-8.946932252253898810e+01
1.024205000000000000e+09,-5.023968190747182661e+01,-8.947431461325221846e+01
1.024210000000000000e+09,-5.048440254645932868e+01,-8.947930718810056305e+01
1.024215000000000000e+09,-5.072264670962112376e+01,-8.948430024750638268e+01
1.024220000000000000e+09,-5.095473960548542891e+01,-8.948929379189181077e+01
1.024225000000000000e+09,-5.118098314982888297e+01,-8.949428782167896657e+01
1.024230000000000000e+09,-5.140165806834862394e+01,-8.949928233728998350e+01
1.024235000000000000e+09,-5.161702577632211586e+01,-8.950427733914709449e+01
1.024240000000000000e+09,-5.182733006173171475e+01,-8.950927282767224824e+01
1.024245000000000000e+09,-5.203279859484550229e+01,-8.951426880328760660e+01
1.024250000000000000e+09,-5.223364428442938845e+01,-8.951926526641527460e+01
1.024255000000000000e+09,-5.243006649816483389e+01,-8.952426221747717250e+01
1.024260000000000000e+09,-5.262225216287145457e+01,-8.952925965689550480e+01
1.024265000000000000e+09,-5.281037675776342155e+01,-8.953425758509217758e+01
1.024270000000000000e+09,-5.299460521287669934e+01,-8.953925600248929584e+01
1.024275000000000000e+09,-5.317509272284912214e+01,-8.954425490950870881e+01
1.024280000000000000e+09,-5.335198548535239382e+01,-8.954925430657246466e+01
1.024285000000000000e+09,-5.352542137210831896e+01,-8.955425419410261156e+01
1.024290000000000000e+09,-5.369553053953940491e+01,-8.955925457252092770e+01
1.024295000000000000e+09,-5.386243598551214262e+01,-8.956425544224943280e+01
1.024300000000000000e+09,-5.402625405746030651e+01,-8.956925680371011822e+01
1.024305000000000000e+09,-5.418709491693290659e+01,-8.957425865732467685e+01
1.024310000000000000e+09,-5.434506296485697163e+01,-8.957926100351515686e+01
1.024315000000000000e+09,-5.450025723137742517e+01,-8.958426384270337905e+01
1.024320000000000000e+09,-5.465277173370834873e+01,-8.958926717531126371e+01
1.024325000000000000e+09,-5.480269580500742421e+01,-8.959427100176054637e+01
1.024330000000000000e+09,-5.495011439712713752e+01,-8.959927532247313309e+01
1.024335000000000000e+09,-5.509510835946920082e+01,-8.960428013787087309e+01
1.024340000000000000e+09,-5.523775469630059121e+01,-8.960928544837548770e+01
1.024345000000000000e+09,-5.537812680444339719e+01,-8.961429125440881194e+01
1.024350000000000000e+09,-5.551629469301644093e+01,-8.961929755639263817e+01
1.024355000000000000e+09,-5.565232518688610241e+01,-8.962430435474873036e+01
1.024360000000000000e+09,-5.578628211520899072e+01,-8.962931164989882404e+01
1.024365000000000000e+09,-5.591822648635505288e+01,-8.963431944226476844e+01
1.024370000000000000e+09,-5.604821665032761757e+01,-8.963932773226814277e+01
1.024375000000000000e+09,-5.617630844983339244e+01,-8.964433652033072519e+01
1.024380000000000000e+09,-5.630255536076014522e+01,-8.964934580687427967e+01
1.024385000000000000e+09,-5.642700862310663013e+01,-8.965435559232057017e+01
1.024390000000000000e+09,-5.654971736299849283e+01,-8.965936587709109062e+01
1.024395000000000000e+09,-5.667072870660135209e+01,-8.966437666160766184e+01
1.024400000000000000e+09,-5.679008788649922934e+01,-8.966938794629199094e+01
1.024405000000000000e+09,-5.690783834109456762e+01,-8.967439973156561450e+01
1.024410000000000000e+09,-5.702402180770033624e+01,-8.967941201785029648e+01
1.024415000000000000e+09,-5.713867840964418576e+01,-8.968442480556763030e+01
1.024420000000000000e+09,-5.725184673792865908e+01,-8.968943809513929466e+01
1.024425000000000000e+09,-5.736356392781868152e+01,-8.969445188698685456e+01
1.024430000000000000e+09,-5.747386573073568172e+01,-8.969946618153200291e+01
1.024435000000000000e+09,-5.758278658177140841e+01,-8.970448097919627628e+01
1.024440000000000000e+09,-5.769035966319489006e+01,-8.970949628040128232e+01
1.024445000000000000e+09,-5.779661696417556982e+01,-8.971451208556865708e+01
1.024450000000000000e+09,-5.790158933699135702e+01,-8.971952839512005085e+01
1.024455000000000000e+09,-5.800530654999801072e+01,-8.972454520947690071e+01
1.024460000000000000e+09,-5.810779733758486998e+01,-8.972956252906085695e+01
1.024465000000000000e+09,-5.820908944726380696e+01,-8.973458035429352719e+01
1.024470000000000000e+09,-5.830920968413956729e+01,-8.973959868559637698e+01
1.024475000000000000e+09,-5.840818395291084641e+01,-8.974461752339097131e+01
1.024480000000000000e+09,-5.850603729757160920e+01,-8.974963686809898888e+01
1.024485000000000000e+09,-5.860279393893451072e+01,-8.975465672014179574e+01
1.024490000000000000e+09,-5.869847731019675052e+01,-8.975967707994098532e+01
1.024495000000000000e+09,-5.879311009053946435e+01,-8.976469794791813683e+01
1.024500000000000000e+09,-5.888671423701999430e+01,-8.976971932449480107e+01
1.024505000000000000e+09,-5.897931101476224569e+01,-8.977474121009235830e+01
1.024510000000000000e+09,-5.907092102563127867e+01,-8.977976360513241616e+01
1.024515000000000000e+09,-5.916156423540799381e+01,-8.978478651003652544e+01
1.024520000000000000e+09,-5.925125999960836509e+01,-8.978980992522609483e+01
1.024525000000000000e+09,-5.934002708800732506e+01,-8.979483385112267513e+01
1.024530000000000000e+09,-5.942788370794706054e+01,-8.979985828814777449e+01
1.024535000000000000e+09,-5.951484752650134880e+01,-8.980488323672288686e+01
1.024540000000000000e+09,-5.960093569156227034e+01,-8.980990869726943515e+01
1.024545000000000000e+09,-5.968616485191483889e+01,-8.981493467020902699e+01
1.024550000000000000e+09,-5.977055117633706516e+01,-8.981996115596301422e+01
1.024555000000000000e+09,-5.985411037183040861e+01,-8.982498815495290501e+01
1.024560000000000000e+09,-5.993685770096021059e+01,-8.983001566760029277e+01
1.024565000000000000e+09,-6.001880799842712122e+01,-8.983504369432660042e+01
1.024570000000000000e+09,-6.009997568682486246e+01,-8.984007223555323662e+01
1.024575000000000000e+09,-6.018037479174367377e+01,-8.984510129170172377e+01
1.024580000000000000e+09,-6.026001895614381709e+01,-8.985013086319354159e+01
1.024585000000000000e+09,-6.033892145410440833e+01,-8.985516095045012719e+01
1.024590000000000000e+09,-6.041709520395870925e+01,-8.986019155389293189e+01
1.024595000000000000e+09,-6.049455278085450516e+01,-8.986522267394352070e+01
1.024600000000000000e+09,-6.057130642875131343e+01,-8.987025431102324546e+01
1.024605000000000000e+09,-6.064736807192577572e+01,-8.987528646555362855e+01
1.024610000000000000e+09,-6.072274932597139951e+01,-8.988031913795617811e+01
1.024615000000000000e+09,-6.079746150830097662e+01,-8.988535232865228863e+01
1.024620000000000000e+09,-6.087151564826185535e+01,-8.989038603806343986e+01
1.024625000000000000e+09,-6.094492249678410900e+01,-8.989542026661105467e+01
1.024630000000000000e+09,-6.101769253564597761e+01,-8.990045501471675493e+01
1.024635000000000000e+09,-6.108983598635490608e+01,-8.990549028280186405e+01
1.024640000000000000e+09,-6.116136281866610602e+01,-8.991052607128784757e+01
1.024645000000000000e+09,-6.123228275875888471e+01,-8.991556238059632733e+01
1.024650000000000000e+09,-6.130260529706779948e+01,-8.992059921114858412e+01
1.024655000000000000e+09,-6.137233969584296744e+01,-8.992563656336615452e+01
1.024660000000000000e+09,-6.144149499635931022e+01,-8.993067443767066038e+01
1.024665000000000000e+09,-6.151008002587020229e+01,-8.993571283448333986e+01
1.024670000000000000e+09,-6.157810340430076224e+01,-8.994075175422581481e+01
1.024675000000000000e+09,-6.164557355065609556e+01,-8.994579119731955075e+01
1.024680000000000000e+09,-6.171249868921245252e+01,-8.995083116418605584e+01
1.024685000000000000e+09,-6.177888685543117475e+01,-8.995587165524676720e+01
1.024690000000000000e+09,-6.184474590170089670e+01,-8.996091267092317878e+01
1.024695000000000000e+09,-6.191008350282579187e+01,-8.996595421163684136e+01
1.024700000000000000e+09,-6.197490716132488586e+01,-8.997099627780920628e+01
1.024705000000000000e+09,-6.203922421253292185e+01,-8.997603886986175326e+01
1.024710000000000000e+09,-6.210304182951659868e+01,-8.998108198821611836e+01
1.024715000000000000e+09,-6.216636702779937451e+01,-8.998612563329362501e+01
1.024720000000000000e+09,-6.222920666993753969e+01,-8.999116980551592349e+01
1.024725000000000000e+09,-6.229156746992211424e+01,-8.999621450530453615e+01
1.024730000000000000e+09,-6.235345599739967781e+01,-9.000125973308090011e+01
1.024735000000000000e+09,-6.241487868178938925e+01,-9.000630548926662300e+01
1.024740000000000000e+09,-6.247584181621947153e+01,-9.001135177428317036e+01
1.024745000000000000e+09,-6.253635156134052409e+01,-9.001639858855226350e+01
1.024750000000000000e+09,-6.259641394900405942e+01,-9.002144593249522586e+01
1.024755000000000000e+09,-6.265603488581460567e+01,-9.002649380653369349e+01
1.024760000000000000e+09,-6.271522015656238125e+01,-9.003154221108935928e+01
1.024765000000000000e+09,-6.277397542752575532e+01,-9.003659114658356089e+01
1.024770000000000000e+09,-6.283230624969636580e+01,-9.004164061343807646e+01
1.024775000000000000e+09,-6.289021806185292007e+01,-9.004669061207438574e+01
1.024780000000000000e+09,-6.294771619355542924e+01,-9.005174114291408216e+01
1.024785000000000000e+09,-6.300480586804914651e+01,-9.005679220637878757e+01
1.024790000000000000e+09,-6.306149220505300690e+01,-9.006184380289016644e+01
1.024795000000000000e+09,-6.311778022346810957e+01,-9.006689593286971274e+01
1.024800000000000000e+09,-6.317367484399613886e+01,-9.007194859673913356e+01
1.024805000000000000e+09,-6.322918089167328048e+01,-9.007700179491997972e+01
1.024810000000000000e+09,-6.328430309832306477e+01,-9.008205552783405778e+01
1.024815000000000000e+09,-6.333904610493098630e+01,-9.008710979590281909e+01
1.024820000000000000e+09,-6.339341446394413992e+01,-9.009216459954799916e+01
1.024825000000000000e+09,-6.344741264150056281e+01,-9.009721993919134775e+01
1.024830000000000000e+09,-6.350104501957854808e+01,-9.010227581525440144e+01
1.024835000000000000e+09,-6.355431589809781912e+01,-9.010733222815893839e+01
1.024840000000000000e+09,-6.360722949694768147e+01,-9.011238917832667994e+01
1.024845000000000000e+09,-6.365978995793241779e+01,-9.011744666617921951e+01
1.024850000000000000e+09,-6.371200134669611259e+01,-9.012250469213836368e+01
1.024855000000000000e+09,-6.376386765455876571e+01,-9.012756325662577694e+01
1.024860000000000000e+09,-6.381539280030907690e+01,-9.013262236006332273e+01
1.024865000000000000e+09,-6.386658063194172996e+01,-9.013768200287262289e+01
1.024870000000000000e+09,-6.391743492834280005e+01,-9.014274218547549822e+01
1.024875000000000000e+09,-6.396795940092727051e+01,-9.014780290829372689e+01
1.024880000000000000e+09,-6.401815769521674326e+01,-9.015286417174903022e+01
1.024885000000000000e+09,-6.406803339240001094e+01,-9.015792597626328586e+01
1.024890000000000000e+09,-6.411759001081166787e+01,-9.016298832225830040e+01
1.024895000000000000e+09,-6.416683100738704582e+01,-9.016805121015585200e+01
1.024900000000000000e+09,-6.421575977908310051e+01,-9.017311464037774726e+01
1.024905000000000000e+09,-6.426437966424141734e+01,-9.017817861334594909e+01
1.024910000000000000e+09,-6.431269394392209904e+01,-9.018324312948223564e+01
1.024915000000000000e+09,-6.436070584319790555e+01,-9.018830818920847037e+01
1.024920000000000000e+09,-6.440841853241214210e+01,-9.019337379294655932e+01
1.024925000000000000e+09,-6.445583512840129004e+01,-9.019843994111849383e+01
1.024930000000000000e+09,-6.450295869568371643e+01,-9.020350663414602366e+01
1.024935000000000000e+09,-6.454979224761549972e+01,-9.020857387245118275e+01
1.024940000000000000e+09,-6.459633874751621363e+01,-9.021364165645599087e+01
1.024945000000000000e+09,-6.464260110975513385e+01,-9.021870998658224039e+01
1.024950000000000000e+09,-6.468858220082549337e+01,-9.022377886325200791e+01
1.024955000000000000e+09,-6.473428484037215469e+01,-9.022884828688729897e+01
1.024960000000000000e+09,-6.477971180220029623e+01,-9.023391825791006227e+01
1.024965000000000000e+09,-6.482486581525542135e+01,-9.023898877674228913e+01
1.024970000000000000e+09,-6.486974956457727615e+01,-9.024405984380615564e+01
1.024975000000000000e+09,-6.491436569222848618e+01,-9.024913145952359628e+01
1.024980000000000000e+09,-6.495871679819872213e+01,-9.025420362431668764e+01
1.024985000000000000e+09,-6.500280544128516169e+01,-9.025927633860757737e+01
1.024990000000000000e+09,-6.504663413995169208e+01,-9.026434960281832787e+01
1.024995000000000000e+09,-6.509020537315747390e+01,-9.026942341737108677e+01
1.025000000000000000e+09,-6.513352158117908175e+01,-9.027449778268794489e+01
1.025005000000000000e+09,-6.517658516640484834e+01,-9.027957269919113514e+01
1.025010000000000000e+09,-6.521939849409265832e+01,-9.028464816730276254e+01
1.025015000000000000e+09,-6.526196389313932400e+01,-9.028972418744498896e+01
1.025020000000000000e+09,-6.530428365680623415e+01,-9.029480076004014677e+01
1.025025000000000000e+09,-6.534636004343651905e+01,-9.029987788551036942e+01
1.025030000000000000e+09,-6.538819527715246238e+01,-9.030495556427783299e+01
1.025035000000000000e+09,-6.542979154853564694e+01,-9.031003379676499776e+01
1.025040000000000000e+09,-6.547115101529188053e+01,-9.031511258339403980e+01
1.025045000000000000e+09,-6.551227580289020125e+01,-9.032019192458724888e+01
1.025050000000000000e+09,-6.555316800520958509e+01,-9.032527182076692895e+01
1.025055000000000000e+09,-6.559382968514046297e+01,-9.033035227235549769e+01
1.025060000000000000e+09,-6.563426287518697677e+01,-9.033543327977524484e+01
1.025065000000000000e+09,-6.567446957806087937e+01,-9.034051484344858807e+01
1.025070000000000000e+09,-6.571445176724721193e+01,-9.034559696379795923e+01
1.025075000000000000e+09,-6.575421138756428263e+01,-9.035067964124573336e+01
1.025080000000000000e+09,-6.579375035570853925e+01,-9.035576287621435654e+01
1.025085000000000000e+09,-6.583307056078814412e+01,-9.036084666912631747e+01
1.025090000000000000e+09,-6.587217386483497705e+01,-9.036593102040407643e+01
1.025095000000000000e+09,-6.591106210332671367e+01,-9.037101593047017900e+01
1.025100000000000000e+09,-6.594973708566740811e+01,-9.037610139974704282e+01
1.025105000000000000e+09,-6.598820059568014074e+01,-9.038118742865745503e+01
1.025110000000000000e+09,-6.602645439207228151e+01,-9.038627401762371960e+01
1.025115000000000000e+09,-6.606450020890460451e+01,-9.039136116706858104e+01
1.025120000000000000e+09,-6.610233975604357681e+01,-9.039644887741472701e+01
1.025125000000000000e+09,-6.613997471958927576e+01,-9.040153714908456095e+01
1.025130000000000000e+09,-6.617740676232051555e+01,-9.040662598250094106e+01
1.025135000000000000e+09,-6.621463752410849679e+01,-9.041171537808656922e+01
1.025140000000000000e+09,-6.625166862232978815e+01,-9.041680533626401939e+01
1.025145000000000000e+09,-6.628850165226847935e+01,-9.042189585745609293e+01
1.025150000000000000e+09,-6.632513818751081658e+01,-9.042698694208559118e+01
1.025155000000000000e+09,-6.636157978032403548e+01,-9.043207859057518760e+01
1.025160000000000000e+09,-6.639782796203928683e+01,-9.043717080334779723e+01
1.025165000000000000e+09,-6.643388424341912923e+01,-9.044226358082619299e+01
1.025170000000000000e+09,-6.646975011501162101e+01,-9.044735692343331834e+01
1.025175000000000000e+09,-6.650542704750205303e+01,-9.045245083159193200e+01
1.025180000000000000e+09,-6.654091649206365844e+01,-9.045754530572493479e+01
1.025185000000000000e+09,-6.657621988068879659e+01,-9.046264034625544070e+01
1.025190000000000000e+09,-6.661133862651952597e+01,-9.046773595360620845e+01
1.025195000000000000e+09,-6.664627412416976426e+01,-9.047283212820030940e+01
1.025200000000000000e+09,-6.668102775004187777e+01,-9.047792887046074384e+01
1.025205000000000000e+09,-6.671560086262874734e+01,-9.048302618081054050e+01
1.025210000000000000e+09,-6.674999480282875197e+01,-9.048812405967274231e+01
1.025215000000000000e+09,-6.678421089422960222e+01,-9.049322250747052010e+01
1.025220000000000000e+09,-6.681825044339915110e+01,-9.049832152462687418e+01
1.025225000000000000e+09,-6.685211474017509659e+01,-9.050342111156498959e+01
1.025230000000000000e+09,-6.688580505793711950e+01,-9.050852126870807979e+01
1.025235000000000000e+09,-6.691932265387988821e+01,-9.051362199647938667e+01
1.025240000000000000e+09,-6.695266876927900057e+01,-9.051872329530198158e+01
1.025245000000000000e+09,-6.698584462975145470e+01,-9.052382516559922010e+01
1.025250000000000000e+09,-6.701885144551080487e+01,-9.052892760779437253e+01
1.025255000000000000e+09,-6.705169041161704513e+01,-9.053403062231075182e+01
1.025260000000000000e+09,-6.708436270822144820e+01,-9.053913420957167091e+01
1.025265000000000000e+09,-6.711686950080759573e+01,-9.054423837000055642e+01
1.025270000000000000e+09,-6.714921194042153729e+01,-9.054934310402073550e+01
1.025275000000000000e+09,-6.718139116390810273e+01,-9.055444841205569162e+01
1.025280000000000000e+09,-6.721340829413642837e+01,-9.055955429452879457e+01
1.025285000000000000e+09,-6.724526444021640259e+01,-9.056466075186369835e+01
1.025290000000000000e+09,-6.727696069771536713e+01,-9.056976778448373011e+01
1.025295000000000000e+09,-6.730849814887635318e+01,-9.057487539281257227e+01
1.025300000000000000e+09,-6.733987786282173715e+01,-9.057998357727382199e+01
1.025305000000000000e+09,-6.737110089575844540e+01,-9.058509233829087748e+01
1.025310000000000000e+09,-6.740216829117807151e+01,-9.059020167628764852e+01
1.025315000000000000e+09,-6.743308108005423662e+01,-9.059531159168764702e+01
1.025320000000000000e+09,-6.746384028102929165e+01,-9.060042208491458382e+01
1.025325000000000000e+09,-6.749444690061434926e+01,-9.060553315639222660e+01
1.025330000000000000e+09,-6.752490193336410584e+01,-9.061064480654438569e+01
1.025335000000000000e+09,-6.755520636205935148e+01,-9.061575703579475771e+01
1.025340000000000000e+09,-6.758536115789075893e+01,-9.062086984456719563e+01
1.025345000000000000e+09,-6.761536728062880286e+01,-9.062598323328563765e+01
1.025350000000000000e+09,-6.764522567879615167e+01,-9.063109720237393674e+01
1.025355000000000000e+09,-6.767493728983582457e+01,-9.063621175225597426e+01
1.025360000000000000e+09,-6.770450304027588118e+01,-9.064132688335578791e+01
1.025365000000000000e+09,-6.773392384589121207e+01,-9.064644259609735855e+01
1.025370000000000000e+09,-6.776320061186227406e+01,-9.065155889090465280e+01
1.025375000000000000e+09,-6.779233423293078431e+01,-9.065667576820175100e+01
1.025380000000000000e+09,-6.782132559355368073e+01,-9.066179322841286137e+01
1.025385000000000000e+09,-6.785017556804884009e+01,-9.066691127196199318e+01
1.025390000000000000e+09,-6.787888502074868313e+01,-9.067202989927329781e+01
1.025395000000000000e+09,-6.790745480614052099e+01,-9.067714911077109718e+01
1.025400000000000000e+09,-6.793588576900943110e+01,-9.068226890687951425e+01
1.025405000000000000e+09,-6.796417874457746677e+01,-9.068738928802282828e+01
1.025410000000000000e+09,-6.799233455864062137e+01,-9.069251025462540383e+01
1.025415000000000000e+09,-6.802035402770287931e+01,-9.069763180711157702e+01
1.025420000000000000e+09,-6.804823795910810702e+01,-9.070275394590568396e+01
1.025425000000000000e+09,-6.807598715116958488e+01,-9.070787667143214605e+01
1.025430000000000000e+09,-6.810360239329804699e+01,-9.071299998411545573e+01
1.025435000000000000e+09,-6.813108446612257296e+01,-9.071812388438004859e+01
1.025440000000000000e+09,-6.815843414161824398e+01,-9.072324837265043129e+01
1.025445000000000000e+09,-6.818565218322748933e+01,-9.072837344935126680e+01
1.025450000000000000e+09,-6.821273934596956678e+01,-9.073349911490703334e+01
1.025455000000000000e+09,-6.823969637656661291e+01,-9.073862536974240811e+01
1.025460000000000000e+09,-6.826652401355293875e+01,-9.074375221428205407e+01
1.025465000000000000e+09,-6.829322298738814823e+01,-9.074887964895076209e+01
1.025470000000000000e+09,-6.831979402056737172e+01,-9.075400767417313830e+01
1.025475000000000000e+09,-6.834623782772958123e+01,-9.075913629037403041e+01
1.025480000000000000e+09,-6.837255511576489653e+01,-9.076426549797837140e+01
1.025485000000000000e+09,-6.839874658391445905e+01,-9.076939529741085266e+01
1.025490000000000000e+09,-6.842481292388268344e+01,-9.077452568909646402e+01
1.025495000000000000e+09,-6.845075481992968491e+01,-9.077965667346019529e+01
1.025500000000000000e+09,-6.847657294897159375e+01,-9.078478825092687998e+01
1.025505000000000000e+09,-6.850226798068271705e+01,-9.078992042192162160e+01
1.025510000000000000e+09,-6.852784057758779568e+01,-9.079505318686956628e+01
1.025515000000000000e+09,-6.855329139515716008e+01,-9.080018654619563279e+01
1.025520000000000000e+09,-6.857862108189947037e+01,-9.080532050032510938e+01
1.025525000000000000e+09,-6.860383027945276524e+01,-9.081045504968308535e+01
1.025530000000000000e+09,-6.862891962267417512e+01,-9.081559019469487737e+01
1.025535000000000000e+09,-6.865388973972787312e+01,-9.082072593578566000e+01
1.025540000000000000e+09,-6.867874125217181813e+01,-9.082586227338074991e+01
1.025545000000000000e+09,-6.870347477504375888e+01,-9.083099920790556325e+01
1.025550000000000000e+09,-6.872809091694142580e+01,-9.083613673978535985e+01
1.025555000000000000e+09,-6.875259028010945883e+01,-9.084127486944564112e+01
1.025560000000000000e+09,-6.877697346052110561e+01,-9.084641359731196530e+01
1.025565000000000000e+09,-6.880124104795017104e+01,-9.085155292380967751e+01
1.025570000000000000e+09,-6.882539362605810140e+01,-9.085669284936437862e+01
1.025575000000000000e+09,-6.884943177246670132e+01,-9.086183337440178320e+01
1.025580000000000000e+09,-6.887335605883478706e+01,-9.086697449934740689e+01
1.025585000000000000e+09,-6.889716705093293569e+01,-9.087211622462692162e+01
1.025590000000000000e+09,-6.892086530871678463e+01,-9.087725855066615566e+01
1.025595000000000000e+09,-6.894445138640008963e+01,-9.088240147789082357e+01
1.025600000000000000e+09,-6.896792583252161535e+01,-9.088754500672672521e+01
1.025605000000000000e+09,-6.899128919002342286e+01,-9.089268913759971724e+01
1.025610000000000000e+09,-6.901454199631204744e+01,-9.089783387093575584e+01
1.025615000000000000e+09,-6.903768478332716541e+01,-9.090297920716074032e+01
1.025620000000000000e+09,-6.906071807761227888e+01,-9.090812514670064104e+01
1.025625000000000000e+09,-6.908364240037695936e+01,-9.091327168998157049e+01
1.025630000000000000e+09,-6.910645826756223187e+01,-9.091841883742951325e+01
1.025635000000000000e+09,-6.912916618990402640e+01,-9.092356658947068127e+01
1.025640000000000000e+09,-6.915176667299570568e+01,-9.092871494653113018e+01
1.025645000000000000e+09,-6.917426021734959818e+01,-9.093386390903729932e+01
1.025650000000000000e+09,-6.919664731845755057e+01,-9.093901347741520169e+01
1.025655000000000000e+09,-6.921892846685052803e+01,-9.094416365209124820e+01
1.025660000000000000e+09,-6.924110414815805825e+01,-9.094931443349189237e+01
1.025665000000000000e+09,-6.926317484316295747e+01,-9.095446582204333197e+01
1.025670000000000000e+09,-6.928514102786282081e+01,-9.095961781817217684e+01
1.025675000000000000e+09,-6.930700317352295770e+01,-9.096477042230495158e+01
1.025680000000000000e+09,-6.932876174673226899e+01,-9.096992363486799604e+01
1.025685000000000000e+09,-6.935041720945756083e+01,-9.097507745628810483e+01
1.025690000000000000e+09,-6.937197001909700589e+01,-9.098023188699185937e+01
1.025695000000000000e+09,-6.939342062853282300e+01,-9.098538692740588374e+01
1.025700000000000000e+09,-6.941476948618304732e+01,-9.099054257795694411e+01
1.025705000000000000e+09,-6.943601703605266096e+01,-9.099569883907184931e+01
1.025710000000000000e+09,-6.945716371778458154e+01,-9.100085571117746497e+01
1.025715000000000000e+09,-6.947820996670550642e+01,-9.100601319470059991e+01
1.025720000000000000e+09,-6.949915621388207398e+01,-9.101117129006820505e+01
1.025725000000000000e+09,-6.952000288616221724e+01,-9.101632999770727395e+01
1.025730000000000000e+09,-6.954075040622336701e+01,-9.102148931804481435e+01
1.025735000000000000e+09,-6.956139919262258786e+01,-9.102664925150790509e+01
1.025740000000000000e+09,-6.958194965983963698e+01,-9.103180979852375287e+01
1.025745000000000000e+09,-6.960240221832295049e+01,-9.103697095951945073e+01
1.025750000000000000e+09,-6.962275727453416607e+01,-9.104213273492214853e+01
1.025755000000000000e+09,-6.964301523099277347e+01,-9.104729512515936563e+01
1.025760000000000000e+09,-6.966317648631586223e+01,-9.105245813065822347e+01
1.025765000000000000e+09,-6.968324143526768921e+01,-9.105762175184611351e+01
1.025770000000000000e+09,-6.970321046879480775e+01,-9.106278598915061195e+01
1.025775000000000000e+09,-6.972308397407145719e+01,-9.106795084299912446e+01
1.025780000000000000e+09,-6.974286233453703687e+01,-9.107311631381911354e+01
1.025785000000000000e+09,-6.976254592994034454e+01,-9.107828240203824066e+01
1.025790000000000000e+09,-6.978213513637642507e+01,-9.108344910808419570e+01
1.025795000000000000e+09,-6.980163032632626141e+01,-9.108861643238455486e+01
1.025800000000000000e+09,-6.982103186869530020e+01,-9.109378437536713591e+01
1.025805000000000000e+09,-6.984034012885126685e+01,-9.109895293745972822e+01
1.025810000000000000e+09,-6.985955546866152588e+01,-9.110412211909016378e+01
1.025815000000000000e+09,-6.987867824652997228e+01,-9.110929192068635984e+01
1.025820000000000000e+09,-6.989770881743324082e+01,-9.111446234267619104e+01
1.025825000000000000e+09,-6.991664753295714263e+01,-9.111963338548787306e+01
1.025830000000000000e+09,-6.993549474132933597e+01,-9.112480504954928051e+01
1.025835000000000000e+09,-6.995425078745729763e+01,-9.112997733528858646e+01
1.025840000000000000e+09,-6.997291601296322483e+01,-9.113515024313403501e+01
1.025845000000000000e+09,-6.999149075621203053e+01,-9.114032377351377079e+01
1.025850000000000000e+09,-7.000997535235103442e+01,-9.114549792685600949e+01
1.025855000000000000e+09,-7.002837013333963512e+01,-9.115067270358926521e+01
1.025860000000000000e+09,-7.004667542798217994e+01,-9.115584810414179628e+01
1.025865000000000000e+09,-7.006489156195999612e+01,-9.116102412894210261e+01
1.025870000000000000e+09,-7.008301885786340790e+01,-9.116620077841875514e+01
1.025875000000000000e+09,-7.010105763522031452e+01,-9.117137805300012587e+01
1.025880000000000000e+09,-7.011900821052977051e+01,-9.117655595311497052e+01
1.025885000000000000e+09,-7.013687089729219792e+01,-9.118173447919195951e+01
1.025890000000000000e+09,-7.015464600603662859e+01,-9.118691363165982011e+01
1.025895000000000000e+09,-7.017233384435009214e+01,-9.119209341094725119e+01
1.025900000000000000e+09,-7.018993471690949093e+01,-9.119727381748319317e+01
1.025905000000000000e+09,-7.020744892550771965e+01,-9.120245485169650124e+01
1.025910000000000000e+09,-7.022487676908234278e+01,-9.120763651401614425e+01
1.025915000000000000e+09,-7.024221854374336260e+01,-9.121281880487111948e+01
1.025920000000000000e+09,-7.025947454280112936e+01,-9.121800172469056633e+01
1.025925000000000000e+09,-7.027664505679042861e+01,-9.122318527390348208e+01
1.025930000000000000e+09,-7.029373037350276832e+01,-9.122836945293913402e+01
1.025935000000000000e+09,-7.031073077800753879e+01,-9.123355426222687470e+01
1.025940000000000000e+09,-7.032764655267841647e+01,-9.123873970219580087e+01
1.025945000000000000e+09,-7.034447797722171458e+01,-9.124392577327540721e+01
1.025950000000000000e+09,-7.036122532869870838e+01,-9.124911247589507468e+01
1.025955000000000000e+09,-7.037788888155388634e+01,-9.125429981048435479e+01
1.025960000000000000e+09,-7.039446890763377951e+01,-9.125948777747268537e+01
1.025965000000000000e+09,-7.041096567621679014e+01,-9.126467637728971738e+01
1.025970000000000000e+09,-7.042737945403408162e+01,-9.126986561036520129e+01
1.025975000000000000e+09,-7.044371050529379374e+01,-9.127505547712870282e+01
1.025980000000000000e+09,-7.045995909170414961e+01,-9.128024597801008611e+01
1.025985000000000000e+09,-7.047612547249686088e+01,-9.128543711343924372e+01
1.025990000000000000e+09,-7.049220990444764823e+01,-9.129062888384596874e+01
1.025995000000000000e+09,-7.050821264190101090e+01,-9.129582128966032428e+01
1.026000000000000000e+09,-7.052413393679232456e+01,-9.130101433131224553e+01
1.026005000000000000e+09,-7.053997403866731020e+01,-9.130620800923196612e+01
1.026010000000000000e+09,-7.055573319470344984e+01,-9.131140232384950650e+01
1.026015000000000000e+09,-7.057141164973373293e+01,-9.131659727559507189e+01
1.026020000000000000e+09,-7.058700964626528673e+01,-9.132179286489909487e+01
1.026025000000000000e+09,-7.060252742450052210e+01,-9.132698909219175221e+01
1.026030000000000000e+09,-7.061796522235725604e+01,-9.133218595790346228e+01
1.026035000000000000e+09,-7.063332327548937428e+01,-9.133738346246482820e+01
1.026040000000000000e+09,-7.064860181730394117e+01,-9.134258160630615464e+01
1.026045000000000000e+09,-7.066380107898565655e+01,-9.134778038985821524e+01
1.026050000000000000e+09,-7.067892128951154973e+01,-9.135297981355164154e+01
1.026055000000000000e+09,-7.069396267567051950e+01,-9.135817987781703664e+01
1.026060000000000000e+09,-7.070892546208442297e+01,-9.136338058308530208e+01
1.026065000000000000e+09,-7.072380987122454599e+01,-9.136858192978718307e+01
1.026070000000000000e+09,-7.073861612343031879e+01,-9.137378391835375169e+01
1.026075000000000000e+09,-7.075334443692729280e+01,-9.137898654921579578e+01
1.026080000000000000e+09,-7.076799502784483309e+01,-9.138418982280444425e+01
1.026085000000000000e+09,-7.078256811023359774e+01,-9.138939373955082601e+01
1.026090000000000000e+09,-7.079706389608286088e+01,-9.139459829988606998e+01
1.026095000000000000e+09,-7.081148259533746625e+01,-9.139980350424141875e+01
1.026100000000000000e+09,-7.082582441591512179e+01,-9.140500935304820018e+01
1.026105000000000000e+09,-7.084008956372119314e+01,-9.141021584673772793e+01
1.026110000000000000e+09,-7.085427824266776042e+01,-9.141542298574150038e+01
1.026115000000000000e+09,-7.086839065468795695e+01,-9.142063077049101594e+01
1.026120000000000000e+09,-7.088242699975238281e+01,-9.142583920141780141e+01
1.026125000000000000e+09,-7.089638747588482204e+01,-9.143104827895342623e+01
1.026130000000000000e+09,-7.091027227917776088e+01,-9.143625800352975830e+01
1.026135000000000000e+09,-7.092408160380772131e+01,-9.144146837557849494e+01
1.026140000000000000e+09,-7.093781564205039558e+01,-9.144667939553137614e+01
1.026145000000000000e+09,-7.095147458429549658e+01,-9.145189106382042610e+01
1.026150000000000000e+09,-7.096505861906197765e+01,-9.145710338087764057e+01
1.026155000000000000e+09,-7.097856793301048128e+01,-9.146231634713490166e+01
1.026160000000000000e+09,-7.099200271096175641e+01,-9.146752996302446093e+01
1.026165000000000000e+09,-7.100536313590714599e+01,-9.147274422897849888e+01
1.026170000000000000e+09,-7.101864938902299684e+01,-9.147795914542913920e+01
1.026175000000000000e+09,-7.103186164968641947e+01,-9.148317471280881819e+01
1.026180000000000000e+09,-7.104500009548728201e+01,-9.148839093154987268e+01
1.026185000000000000e+09,-7.105806490224212268e+01,-9.149360780208475319e+01
1.026190000000000000e+09,-7.107105624400726640e+01,-9.149882532484598130e+01
1.026195000000000000e+09,-7.108397429309198401e+01,-9.150404350026613542e+01
1.026200000000000000e+09,-7.109681922007139576e+01,-9.150926232877800715e+01
1.026205000000000000e+09,-7.110959119379916160e+01,-9.151448181081414646e+01
1.026210000000000000e+09,-7.112229038142011461e+01,-9.151970194680745863e+01
1.026215000000000000e+09,-7.113491694838297974e+01,-9.152492273719087734e+01
1.026220000000000000e+09,-7.114747105845113140e+01,-9.153014418239723682e+01
1.026225000000000000e+09,-7.115995287371691802e+01,-9.153536628285955601e+01
1.026230000000000000e+09,-7.117236255461210703e+01,-9.154058903901105282e+01
1.026235000000000000e+09,-7.118470025992000672e+01,-9.154581245128476041e+01
1.026240000000000000e+09,-7.119696614678706226e+01,-9.155103652011396775e+01
1.026245000000000000e+09,-7.120916037073430971e+01,-9.155626124593196380e+01
1.026250000000000000e+09,-7.122128308566871624e+01,-9.156148662917217962e+01
1.026255000000000000e+09,-7.123333444389429303e+01,-9.156671267026800365e+01
1.026260000000000000e+09,-7.124531459612310869e+01,-9.157193936965299486e+01
1.026265000000000000e+09,-7.125722369148650159e+01,-9.157716672776074063e+01
1.026270000000000000e+09,-7.126906187754444488e+01,-9.158239474502494204e+01
1.026275000000000000e+09,-7.128082930029781039e+01,-9.158762342187927175e+01
1.026280000000000000e+09,-7.129252610419912628e+01,-9.159285275875761556e+01
1.026285000000000000e+09,-7.130415243215983878e+01,-9.159808275609387351e+01
1.026290000000000000e+09,-7.131570842556384093e+01,-9.160331341432195984e+01
1.026295000000000000e+09,-7.132719422427587119e+01,-9.160854473387598773e+01
1.026300000000000000e+09,-7.133860996665160314e+01,-9.161377671518997090e+01
1.026305000000000000e+09,-7.134995578954753626e+01,-9.161900935869810780e+01
1.026310000000000000e+09,-7.136123182833055978e+01,-9.162424266483481006e+01
1.026315000000000000e+09,-7.137243821688775824e+01,-9.162947663403430454e+01
1.026320000000000000e+09,-7.138357508763421322e+01,-9.163471126673104550e+01
1.026325000000000000e+09,-7.139464257152543780e+01,-9.163994656335945876e+01
1.026330000000000000e+09,-7.140564079806355835e+01,-9.164518252435422596e+01
1.026335000000000000e+09,-7.141656989530672206e+01,-9.165041915014990082e+01
1.026340000000000000e+09,-7.142742998987951353e+01,-9.165565644118123600e+01
1.026345000000000000e+09,-7.143822120698040123e+01,-9.166089439788308368e+01
1.026350000000000000e+09,-7.144894367039073302e+01,-9.166613302069021074e+01
1.026355000000000000e+09,-7.145959750248323417e+01,-9.167137231003761144e+01
1.026360000000000000e+09,-7.147018282423066182e+01,-9.167661226636040794e+01
1.026365000000000000e+09,-7.148069975521269726e+01,-9.168185289009356609e+01
1.026370000000000000e+09,-7.149114841362694506e+01,-9.168709418167236436e+01
1.026375000000000000e+09,-7.150152891629416274e+01,-9.169233614153201017e+01
1.026380000000000000e+09,-7.151184137866783885e+01,-9.169757877010793834e+01
1.026385000000000000e+09,-7.152208591484067313e+01,-9.170282206783545575e+01
1.026390000000000000e+09,-7.153226263755369985e+01,-9.170806603515009670e+01
1.026395000000000000e+09,-7.154237165820411803e+01,-9.171331067248752333e+01
1.026400000000000000e+09,-7.155241308685036472e+01,-9.171855598028329837e+01
1.026405000000000000e+09,-7.156238703222226150e+01,-9.172380195897312660e+01
1.026410000000000000e+09,-7.157229360172689780e+01,-9.172904860899299706e+01
1.026415000000000000e+09,-7.158213290145612007e+01,-9.173429593077857191e+01
1.026420000000000000e+09,-7.159190503619363710e+01,-9.173954392476601072e+01
1.026425000000000000e+09,-7.160161010942195503e+01,-9.174479259139127407e+01
1.026430000000000000e+09,-7.161124822332958217e+01,-9.175004193109057837e+01
1.026435000000000000e+09,-7.162081947881647181e+01,-9.175529194430005475e+01
1.026440000000000000e+09,-7.163032397550330188e+01,-9.176054263145604750e+01
1.026445000000000000e+09,-7.163976181173573821e+01,-9.176579399299500039e+01
1.026450000000000000e+09,-7.164913308459122732e+01,-9.177104602935321509e+01
1.026455000000000000e+09,-7.165843788988661345e+01,-9.177629874096732010e+01
1.026460000000000000e+09,-7.166767632218343920e+01,-9.178155212827404341e+01
1.026465000000000000e+09,-7.167684847479441146e+01,-9.178680619170989985e+01
1.026470000000000000e+09,-7.168595443978949788e+01,-9.179206093171180214e+01
1.026475000000000000e+09,-7.169499430800225070e+01,-9.179731634871659196e+01
1.026480000000000000e+09,-7.170396816903442527e+01,-9.180257244316121046e+01
1.026485000000000000e+09,-7.171287611126427919e+01,-9.180782921548269826e+01
1.026490000000000000e+09,-7.172171822184995449e+01,-9.181308666611818126e+01
1.026495000000000000e+09,-7.173049458673648360e+01,-9.181834479550494166e+01
1.026500000000000000e+09,-7.173920529066033680e+01,-9.182360360408010536e+01
1.026505000000000000e+09,-7.174785041715608713e+01,-9.182886309228112509e+01
1.026510000000000000e+09,-7.175643004856107154e+01,-9.183412326054556729e+01
1.026515000000000000e+09,-7.176494426602079102e+01,-9.183938410931075680e+01
1.026520000000000000e+09,-7.177339314949432492e+01,-9.184464563901445899e+01
1.026525000000000000e+09,-7.178177677775919108e+01,-9.184990785009441083e+01
1.026530000000000000e+09,-7.179009522841667490e+01,-9.185517074298826401e+01
1.026535000000000000e+09,-7.179834857789667524e+01,-9.186043431813401128e+01
1.026540000000000000e+09,-7.180653690146277768e+01,-9.186569857596961697e+01
1.026545000000000000e+09,-7.181466027321634726e+01,-9.187096351693305962e+01
1.026550000000000000e+09,-7.182271876610241179e+01,-9.187622914146251674e+01
1.026555000000000000e+09,-7.183071245191328558e+01,-9.188149544999619422e+01
1.026560000000000000e+09,-7.183864140129432485e+01,-9.188676244297249696e+01
1.026565000000000000e+09,-7.184650568374661361e+01,-9.189203012082968769e+01
1.026570000000000000e+09,-7.185430536763307430e+01,-9.189729848400625656e+01
1.026575000000000000e+09,-7.186204052018203470e+01,-9.190256753294092107e+01
1.026580000000000000e+09,-7.186971120749156228e+01,-9.190783726807217136e+01
1.026585000000000000e+09,-7.187731749453371322e+01,-9.191310768983881019e+01
1.026590000000000000e+09,-7.188485944515876724e+01,-9.191837879867972561e+01
1.026595000000000000e+09,-7.189233712209860983e+01,-9.192365059503374880e+01
1.026600000000000000e+09,-7.189975058697152122e+01,-9.192892307933986729e+01
1.026605000000000000e+09,-7.190709990028602761e+01,-9.193419625203728174e+01
1.026610000000000000e+09,-7.191438512144402750e+01,-9.193947011356516441e+01
1.026615000000000000e+09,-7.192160630874467131e+01,-9.194474466436270177e+01
1.026620000000000000e+09,-7.192876351938861035e+01,-9.195001990486930765e+01
1.026625000000000000e+09,-7.193585680948112326e+01,-9.195529583552448116e+01
1.026630000000000000e+09,-7.194288623403569716e+01,-9.196057245676767877e+01
1.026635000000000000e+09,-7.194985184697750924e+01,-9.196584976903857012e+01
1.026640000000000000e+09,-7.195675370114678060e+01,-9.197112777277689588e+01
1.026645000000000000e+09,-7.196359184830208733e+01,-9.197640646842242518e+01
1.026650000000000000e+09,-7.197036633912358639e+01,-9.198168585641505501e+01
1.026655000000000000e+09,-7.197707722321632673e+01,-9.198696593719483872e+01
1.026660000000000000e+09,-7.198372454911279306e+01,-9.199224671120180119e+01
1.026665000000000000e+09,-7.199030836427675695e+01,-9.199752817887613787e+01
1.026670000000000000e+09,-7.199682871510552218e+01,-9.200281034065811525e+01
1.026675000000000000e+09,-7.200328564693359112e+01,-9.200809319698812772e+01
1.026680000000000000e+09,-7.200967920403434164e+01,-9.201337674830652702e+01
1.026685000000000000e+09,-7.201600942962380714e+01,-9.201866099505389229e+01
1.026690000000000000e+09,-7.202227636586297876e+01,-9.202394593767095898e+01
1.026695000000000000e+09,-7.202848005386036334e+01,-9.202923157659832043e+01
1.026700000000000000e+09,-7.203462053367462659e+01,-9.203451791227679735e+01
1.026705000000000000e+09,-7.204069784431722212e+01,-9.203980494514745203e+01
1.026710000000000000e+09,-7.204671202375428152e+01,-9.204509267565109099e+01
1.026715000000000000e+09,-7.205266310890959858e+01,-9.205038110422891862e+01
1.026720000000000000e+09,-7.205855113566690306e+01,-9.205567023132216775e+01
1.026725000000000000e+09,-7.206437613887135285e+01,-9.206096005737200016e+01
1.026730000000000000e+09,-7.207013815233251819e+01,-9.206625058281986185e+01
1.026735000000000000e+09,-7.207583720882607281e+01,-9.207154180810725563e+01
1.026740000000000000e+09,-7.208147334009592555e+01,-9.207683373367569857e+01
1.026745000000000000e+09,-7.208704657685619566e+01,-9.208212635996686402e+01
1.026750000000000000e+09,-7.209255694879307441e+01,-9.208741968742248218e+01
1.026755000000000000e+09,-7.209800448456680044e+01,-9.209271371648452487e+01
1.026760000000000000e+09,-7.210338921181302396e+01,-9.209800844759479332e+01
1.026765000000000000e+09,-7.210871115714529367e+01,-9.210330388119537304e+01
1.026770000000000000e+09,-7.211397034615605151e+01,-9.210860001772850580e+01
1.026775000000000000e+09,-7.211916680341828112e+01,-9.211389685763626289e+01
1.026780000000000000e+09,-7.212430055248742633e+01,-9.211919440136102821e+01
1.026785000000000000e+09,-7.212937161590252799e+01,-9.212449264934531357e+01
1.026790000000000000e+09,-7.213438001518791509e+01,-9.212979160203158813e+01
1.026795000000000000e+09,-7.213932577085407161e+01,-9.213509125986243475e+01
1.026800000000000000e+09,-7.214420890239945550e+01,-9.214039162328062105e+01
1.026805000000000000e+09,-7.214902942831145083e+01,-9.214569269272898566e+01
1.026810000000000000e+09,-7.215378736606753307e+01,-9.215099446865038146e+01
1.026815000000000000e+09,-7.215848273213650543e+01,-9.215629695148780343e+01
1.026820000000000000e+09,-7.216311554197940836e+01,-9.216160014168450232e+01
1.026825000000000000e+09,-7.216768581005048588e+01,-9.216690403968354417e+01
1.026830000000000000e+09,-7.217219354979825141e+01,-9.217220864592823659e+01
1.026835000000000000e+09,-7.217663877366638303e+01,-9.217751396086208615e+01
1.026840000000000000e+09,-7.218102149309413562e+01,-9.218281998492849993e+01
1.026845000000000000e+09,-7.218534171851763404e+01,-9.218812671857115504e+01
1.026850000000000000e+09,-7.218959945937011469e+01,-9.219343416223367171e+01
1.026855000000000000e+09,-7.219379472408283505e+01,-9.219874231635996864e+01
1.026860000000000000e+09,-7.219792752008542891e+01,-9.220405118139383660e+01
1.026865000000000000e+09,-7.220199785380656010e+01,-9.220936075777936480e+01
1.026870000000000000e+09,-7.220600573067429195e+01,-9.221467104596064246e+01
1.026875000000000000e+09,-7.220995115511644258e+01,-9.221998204638180141e+01
1.026880000000000000e+09,-7.221383413056103961e+01,-9.222529375948717245e+01
1.026885000000000000e+09,-7.221765465943641971e+01,-9.223060618572131375e+01
1.026890000000000000e+09,-7.222141274317154114e+01,-9.223591932552847084e+01
1.026895000000000000e+09,-7.222510838219611173e+01,-9.224123317935342925e+01
1.026900000000000000e+09,-7.222874157594065991e+01,-9.224654774764088927e+01
1.026905000000000000e+09,-7.223231232283656311e+01,-9.225186303083560801e+01
1.026910000000000000e+09,-7.223582062031601936e+01,-9.225717902938255577e+01
1.026915000000000000e+09,-7.223926646481197622e+01,-9.226249574372667439e+01
1.026920000000000000e+09,-7.224264985175791765e+01,-9.226781317431320417e+01
1.026925000000000000e+09,-7.224597077558773606e+01,-9.227313132158721487e+01
1.026930000000000000e+09,-7.224922922973540551e+01,-9.227845018599415994e+01
1.026935000000000000e+09,-7.225242520663465484e+01,-9.228376976797945019e+01
1.026940000000000000e+09,-7.225555869771862660e+01,-9.228909006798855330e+01
1.026945000000000000e+09,-7.225862969341937969e+01,-9.229441108646713587e+01
1.026950000000000000e+09,-7.226163818316740617e+01,-9.229973282386103506e+01
1.026955000000000000e+09,-7.226458415539100599e+01,-9.230505528061591747e+01
1.026960000000000000e+09,-7.226746759751576121e+01,-9.231037845717787604e+01
1.026965000000000000e+09,-7.227028849596381122e+01,-9.231570235399297530e+01
1.026970000000000000e+09,-7.227304683615301428e+01,-9.232102697150727977e+01
1.026975000000000000e+09,-7.227574260249625127e+01,-9.232635231016701027e+01
1.026980000000000000e+09,-7.227837577840054450e+01,-9.233167837041870030e+01
1.026985000000000000e+09,-7.228094634626603465e+01,-9.233700515270876963e+01
1.026990000000000000e+09,-7.228345428748519907e+01,-9.234233265748375175e+01
1.026995000000000000e+09,-7.228589958244158709e+01,-9.234766088519037908e+01
1.027000000000000000e+09,-7.228828221050864045e+01,-9.235298983627546932e+01
1.027005000000000000e+09,-7.229060215004896861e+01,-9.235831951118582595e+01
1.027010000000000000e+09,-7.229285937841261500e+01,-9.236364991036853667e+01
1.027015000000000000e+09,-7.229505387193604804e+01,-9.236898103427074602e+01
1.027020000000000000e+09,-7.229718560594068322e+01,-9.237431288333962698e+01
1.027025000000000000e+09,-7.229925455473156148e+01,-9.237964545802248040e+01
1.027030000000000000e+09,-7.230126069159580027e+01,-9.238497875876674925e+01
1.027035000000000000e+09,-7.230320398880101607e+01,-9.239031278602013231e+01
1.027040000000000000e+09,-7.230508441759407390e+01,-9.239564754023007254e+01
1.027045000000000000e+09,-7.230690194819869987e+01,-9.240098302184442502e+01
1.027050000000000000e+09,-7.230865654981441537e+01,-9.240631923131113012e+01
1.027055000000000000e+09,-7.231034819061470387e+01,-9.241165616907801450e+01
1.027060000000000000e+09,-7.231197683774470875e+01,-9.241699383559330272e+01
1.027065000000000000e+09,-7.231354245731969854e+01,-9.242233223130519093e+01
1.027070000000000000e+09,-7.231504501442296373e+01,-9.242767135666190370e+01
1.027075000000000000e+09,-7.231648447310382721e+01,-9.243301121211187876e+01
1.027080000000000000e+09,-7.231786079637549847e+01,-9.243835179810373859e+01
1.027085000000000000e+09,-7.231917394621287087e+01,-9.244369311508597775e+01
1.027090000000000000e+09,-7.232042388355039009e+01,-9.244903516350743189e+01
1.027095000000000000e+09,-7.232161056827965240e+01,-9.245437794381697927e+01
1.027100000000000000e+09,-7.232273395924698889e+01,-9.245972145646356921e+01
1.027105000000000000e+09,-7.232379401425144749e+01,-9.246506570189625052e+01
1.027110000000000000e+09,-7.232479069004176608e+01,-9.247041068056427093e+01
1.027115000000000000e+09,-7.232572394231370083e+01,-9.247575639291694927e+01
1.027120000000000000e+09,-7.232659372570839196e+01,-9.248110283940361853e+01
1.027125000000000000e+09,-7.232739999380851259e+01,-9.248645002047383912e+01
1.027130000000000000e+09,-7.232814269913616556e+01,-9.249179793657734194e+01
1.027135000000000000e+09,-7.232882179314981386e+01,-9.249714658816378687e+01
1.027140000000000000e+09,-7.232943722624153793e+01,-9.250249597568301851e+01
1.027145000000000000e+09,-7.232998894773378140e+01,-9.250784609958520832e+01
1.027150000000000000e+09,-7.233047690587694944e+01,-9.251319696032021511e+01
1.027155000000000000e+09,-7.233090104784560026e+01,-9.251854855833832403e+01
1.027160000000000000e+09,-7.233126131973529027e+01,-9.252390089408993390e+01
1.027165000000000000e+09,-7.233155766655985985e+01,-9.252925396802544356e+01
1.027170000000000000e+09,-7.233179003224810799e+01,-9.253460778059536551e+01
1.027175000000000000e+09,-7.233195835963977061e+01,-9.253996233225039703e+01
1.027180000000000000e+09,-7.233206259048257891e+01,-9.254531762344134904e+01
1.027185000000000000e+09,-7.233210266542857880e+01,-9.255067365461904672e+01
1.027190000000000000e+09,-7.233207852403060656e+01,-9.255603042623451415e+01
1.027195000000000000e+09,-7.233199010473835244e+01,-9.256138793873896020e+01
1.027200000000000000e+09,-7.233183734489551853e+01,-9.256674619258349423e+01
1.027205000000000000e+09,-7.233162018073430488e+01,-9.257210518821956668e+01
1.027210000000000000e+09,-7.233133854737323531e+01,-9.257746492609861377e+01
1.027215000000000000e+09,-7.233099237881209831e+01,-9.258282540667231331e+01
1.027220000000000000e+09,-7.233058160792882063e+01,-9.258818663039227204e+01
1.027225000000000000e+09,-7.233010616647449353e+01,-9.259354859771029567e+01
1.027230000000000000e+09,-7.232956598506895318e+01,-9.259891130907845991e+01
1.027235000000000000e+09,-7.232896099319812322e+01,-9.260427476494862731e+01
1.027240000000000000e+09,-7.232829111920794674e+01,-9.260963896577315779e+01
1.027245000000000000e+09,-7.232755629030069144e+01,-9.261500391200429760e+01
1.027250000000000000e+09,-7.232675643253047326e+01,-9.262036960409434982e+01
1.027255000000000000e+09,-7.232589147079853831e+01,-9.262573604249595860e+01
1.027260000000000000e+09,-7.232496132884840279e+01,-9.263110322766181071e+01
1.027265000000000000e+09,-7.232396592926195922e+01,-9.263647116004452187e+01
1.027270000000000000e+09,-7.232290519345363577e+01,-9.264183984009710571e+01
1.027275000000000000e+09,-7.232177904166545090e+01,-9.264720926827249059e+01
1.027280000000000000e+09,-7.232058739296289218e+01,-9.265257944502386067e+01
1.027285000000000000e+09,-7.231933016522974356e+01,-9.265795037080440011e+01
1.027290000000000000e+09,-7.231800727516207417e+01,-9.266332204606754885e+01
1.027295000000000000e+09,-7.231661863826359138e+01,-9.266869447126677528e+01
1.027300000000000000e+09,-7.231516416884032594e+01,-9.267406764685560461e+01
1.027305000000000000e+09,-7.231364377999508974e+01,-9.267944157328781785e+01
1.027310000000000000e+09,-7.231205738362174884e+01,-9.268481625101736654e+01
1.027315000000000000e+09,-7.231040489040080388e+01,-9.269019168049803170e+01
1.027320000000000000e+09,-7.230868620979147465e+01,-9.269556786218399225e+01
1.027325000000000000e+09,-7.230690125002789159e+01,-9.270094479652951236e+01
1.027330000000000000e+09,-7.230504991811309878e+01,-9.270632248398881359e+01
1.027335000000000000e+09,-7.230313211981189170e+01,-9.271170092501641591e+01
1.027340000000000000e+09,-7.230114775964574392e+01,-9.271708012006686772e+01
1.027345000000000000e+09,-7.229909674088642646e+01,-9.272246006959498743e+01
1.027350000000000000e+09,-7.229697896554974079e+01,-9.272784077405540870e+01
1.027355000000000000e+09,-7.229479433438930869e+01,-9.273322223390320573e+01
1.027360000000000000e+09,-7.229254274689000681e+01,-9.273860444959342431e+01
1.027365000000000000e+09,-7.229022410126160025e+01,-9.274398742158120967e+01
1.027370000000000000e+09,-7.228783829443200659e+01,-9.274937115032196289e+01
1.027375000000000000e+09,-7.228538522204040362e+01,-9.275475563627105657e+01
1.027380000000000000e+09,-7.228286477843144553e+01,-9.276014087988406231e+01
1.027385000000000000e+09,-7.228027685664682167e+01,-9.276552688161669380e+01
1.027390000000000000e+09,-7.227762134841943009e+01,-9.277091364192473577e+01
1.027395000000000000e+09,-7.227489814416487945e+01,-9.277630116126420035e+01
1.027400000000000000e+09,-7.227210713297675682e+01,-9.278168944009102859e+01
1.027405000000000000e+09,-7.226924820261672266e+01,-9.278707847886150262e+01
1.027410000000000000e+09,-7.226632123950841446e+01,-9.279246827803193298e+01
1.027415000000000000e+09,-7.226332612872964489e+01,-9.279785883805874391e+01
1.027420000000000000e+09,-7.226026275400474219e+01,-9.280325015939844491e+01
1.027425000000000000e+09,-7.225713099769657788e+01,-9.280864224250788652e+01
1.027430000000000000e+09,-7.225393074079977396e+01,-9.281403508784366352e+01
1.027435000000000000e+09,-7.225066186293130954e+01,-9.281942869586291067e+01
1.027440000000000000e+09,-7.224732424232225014e+01,-9.282482306702266328e+01
1.027445000000000000e+09,-7.224391775581199227e+01,-9.283021820178007033e+01
1.027450000000000000e+09,-7.224044227883722158e+01,-9.283561410059247976e+01
1.027455000000000000e+09,-7.223689768542482170e+01,-9.284101076391733898e+01
1.027460000000000000e+09,-7.223328384818304926e+01,-9.284640819221229435e+01
1.027465000000000000e+09,-7.222960063829292210e+01,-9.285180638593500646e+01
1.027470000000000000e+09,-7.222584792549942279e+01,-9.285720534554330641e+01
1.027475000000000000e+09,-7.222202557810228996e+01,-9.286260507149521004e+01
1.027480000000000000e+09,-7.221813346294845815e+01,-9.286800556424877584e+01
1.027485000000000000e+09,-7.221417144541993594e+01,-9.287340682426221861e+01
1.027490000000000000e+09,-7.221013938942721211e+01,-9.287880885199399472e+01
1.027495000000000000e+09,-7.220603715739960649e+01,-9.288421164790247531e+01
1.027500000000000000e+09,-7.220186461027421387e+01,-9.288961521244631570e+01
1.027505000000000000e+09,-7.219762160748732072e+01,-9.289501954608432754e+01
1.027510000000000000e+09,-7.219330800696451433e+01,-9.290042464927532251e+01
1.027515000000000000e+09,-7.218892366511062164e+01,-9.290583052247831120e+01
1.027520000000000000e+09,-7.218446843679961944e+01,-9.291123716615240369e+01
1.027525000000000000e+09,-7.217994217536462997e+01,-9.291664458075702271e+01
1.027530000000000000e+09,-7.217534473258729122e+01,-9.292205276675134940e+01
1.027535000000000000e+09,-7.217067595868756769e+01,-9.292746172459509069e+01
1.027540000000000000e+09,-7.216593570231259491e+01,-9.293287145474786826e+01
1.027545000000000000e+09,-7.216112381052735714e+01,-9.293828195766947431e+01
1.027550000000000000e+09,-7.215624012880213911e+01,-9.294369323381978631e+01
1.027555000000000000e+09,-7.215128450100090163e+01,-9.294910528365896596e+01
1.027560000000000000e+09,-7.214625676937350818e+01,-9.295451810764711809e+01
1.027565000000000000e+09,-7.214115677454064723e+01,-9.295993170624461754e+01
1.027570000000000000e+09,-7.213598435548419729e+01,-9.296534607991191024e+01
1.027575000000000000e+09,-7.213073934953516186e+01,-9.297076122910968365e+01
1.027580000000000000e+09,-7.212542159236191708e+01,-9.297617715429851160e+01
1.027585000000000000e+09,-7.212003091795818932e+01,-9.298159385593936577e+01
1.027590000000000000e+09,-7.211456715863054967e+01,-9.298701133449326051e+01
1.027595000000000000e+09,-7.210903014498806840e+01,-9.299242959042123857e+01
1.027600000000000000e+09,-7.210341970592600092e+01,-9.299784862418457010e+01
1.027605000000000000e+09,-7.209773566861659333e+01,-9.300326843624480944e+01
1.027610000000000000e+09,-7.209197785849600848e+01,-9.300868902706328356e+01
1.027615000000000000e+09,-7.208614609924927663e+01,-9.301411039710183104e+01
1.027620000000000000e+09,-7.208024021279888416e+01,-9.301953254682224781e+01
1.027625000000000000e+09,-7.207426001929094639e+01,-9.302495547668634401e+01
1.027630000000000000e+09,-7.206820533708173571e+01,-9.303037918715632770e+01
1.027635000000000000e+09,-7.206207598272413861e+01,-9.303580367869440693e+01
1.027640000000000000e+09,-7.205587177095362961e+01,-9.304122895176288921e+01
1.027645000000000000e+09,-7.204959251467440140e+01,-9.304665500682432366e+01
1.027650000000000000e+09,-7.204323802494502615e+01,-9.305208184434124519e+01
1.027655000000000000e+09,-7.203680811096370462e+01,-9.305750946477655816e+01
1.027660000000000000e+09,-7.203030258005533426e+01,-9.306293786859308170e+01
1.027665000000000000e+09,-7.202372123765458412e+01,-9.306836705625384809e+01
1.027670000000000000e+09,-7.201706388729047603e+01,-9.307379702822208856e+01
1.027675000000000000e+09,-7.201033033057507282e+01,-9.307922778496106275e+01
1.027680000000000000e+09,-7.200352036718376780e+01,-9.308465932693422928e+01
1.027685000000000000e+09,-7.199663379484186976e+01,-9.309009165460531676e+01
1.027690000000000000e+09,-7.198967040930835992e+01,-9.309552476843789748e+01
1.027695000000000000e+09,-7.198263000435977688e+01,-9.310095866889591321e+01
1.027700000000000000e+09,-7.197551237177420091e+01,-9.310639335644337677e+01
1.027705000000000000e+09,-7.196831730131412996e+01,-9.311182883154449996e+01
1.027710000000000000e+09,-7.196104458071226873e+01,-9.311726509466350876e+01
1.027715000000000000e+09,-7.195369399564994239e+01,-9.312270214626481390e+01
1.027720000000000000e+09,-7.194626532974416477e+01,-9.312813998681309613e+01
1.027725000000000000e+09,-7.193875836452984629e+01,-9.313357861677297933e+01
1.027730000000000000e+09,-7.193117287943989879e+01,-9.313901803660934320e+01
1.027735000000000000e+09,-7.192350865178929098e+01,-9.314445824678726638e+01
1.027740000000000000e+09,-7.191576545675650323e+01,-9.314989924777178487e+01
1.027745000000000000e+09,-7.190794306736520980e+01,-9.315534104002820470e+01
1.027750000000000000e+09,-7.190004125446589001e+01,-9.316078362402195978e+01
1.027755000000000000e+09,-7.189205978671681407e+01,-9.316622700021872561e+01
1.027760000000000000e+09,-7.188399843056521377e+01,-9.317167116908404978e+01
1.027765000000000000e+09,-7.187585695022784193e+01,-9.317711613108384938e+01
1.027770000000000000e+09,-7.186763510767103469e+01,-9.318256188668419782e+01
1.027775000000000000e+09,-7.185933266259277730e+01,-9.318800843635111164e+01
1.027780000000000000e+09,-7.185094937239966839e+01,-9.319345578055090584e+01
1.027785000000000000e+09,-7.184248499218858797e+01,-9.319890391975010857e+01
1.027790000000000000e+09,-7.183393927472552321e+01,-9.320435285441517692e+01
1.027795000000000000e+09,-7.182531197042465010e+01,-9.320980258501286642e+01
1.027800000000000000e+09,-7.181660282732715928e+01,-9.321525311201008890e+01
1.027805000000000000e+09,-7.180781159107972655e+01,-9.322070443587372779e+01
1.027810000000000000e+09,-7.179893800491278455e+01,-9.322615655707105020e+01
1.027815000000000000e+09,-7.178998180961843900e+01,-9.323160947606929483e+01
1.027820000000000000e+09,-7.178094274352747561e+01,-9.323706319333598458e+01
1.027825000000000000e+09,-7.177182054248893905e+01,-9.324251770933858552e+01
1.027830000000000000e+09,-7.176261493984435447e+01,-9.324797302454490477e+01
1.027835000000000000e+09,-7.175332566640389587e+01,-9.325342913942286316e+01
1.027840000000000000e+09,-7.174395245042769886e+01,-9.325888605444038149e+01
1.027845000000000000e+09,-7.173449501759635893e+01,-9.326434377006570742e+01
1.027850000000000000e+09,-7.172495309098945881e+01,-9.326980228676718809e+01
1.027855000000000000e+09,-7.171532639106033002e+01,-9.327526160501319907e+01
1.027860000000000000e+09,-7.170561463561116966e+01,-9.328072172527242856e+01
1.027865000000000000e+09,-7.169581753976713401e+01,-9.328618264801363580e+01
1.027870000000000000e+09,-7.168593481595287642e+01,-9.329164437370570795e+01
1.027875000000000000e+09,-7.167596617386382718e+01,-9.329710690281768848e+01
1.027880000000000000e+09,-7.166591132043971868e+01,-9.330257023581880560e+01
1.027885000000000000e+09,-7.165576995984011432e+01,-9.330803437317851490e+01
1.027890000000000000e+09,-7.164554179341740792e+01,-9.331349931536615827e+01
1.027895000000000000e+09,-7.163522651968632715e+01,-9.331896506285153237e+01
1.027900000000000000e+09,-7.162482383429843935e+01,-9.332443161610439120e+01
1.027905000000000000e+09,-7.161433343001321816e+01,-9.332989897559460246e+01
1.027910000000000000e+09,-7.160375499666949395e+01,-9.333536714179240334e+01
1.027915000000000000e+09,-7.159308822115565363e+01,-9.334083611516803103e+01
1.027920000000000000e+09,-7.158233278738327954e+01,-9.334630589619183638e+01
1.027925000000000000e+09,-7.157148837625109650e+01,-9.335177648533439765e+01
1.027930000000000000e+09,-7.156055466562017386e+01,-9.335724788306646360e+01
1.027935000000000000e+09,-7.154953133028256218e+01,-9.336272008985885407e+01
1.027940000000000000e+09,-7.153841804192703080e+01,-9.336819310618260204e+01
1.027945000000000000e+09,-7.152721446911047565e+01,-9.337366693250882577e+01
1.027950000000000000e+09,-7.151592027722217892e+01,-9.337914156930894194e+01
1.027955000000000000e+09,-7.150453512845740534e+01,-9.338461701705429618e+01
1.027960000000000000e+09,-7.149305868177816592e+01,-9.339009327621661782e+01
1.027965000000000000e+09,-7.148149059288292051e+01,-9.339557034726766460e+01
1.027970000000000000e+09,-7.146983051417188904e+01,-9.340104823067930795e+01
1.027975000000000000e+09,-7.145807809471266125e+01,-9.340652692692360404e+01
1.027980000000000000e+09,-7.144623298020451330e+01,-9.341200643647295010e+01
1.027985000000000000e+09,-7.143429481294563743e+01,-9.341748675979954442e+01
1.027990000000000000e+09,-7.142226323179383485e+01,-9.342296789737601159e+01
1.027995000000000000e+09,-7.141013787212995112e+01,-9.342844984967506150e+01
1.028000000000000000e+09,-7.139791836582358542e+01,-9.343393261716961717e+01
1.028005000000000000e+09,-7.138560434119543174e+01,-9.343941620033251638e+01
1.028010000000000000e+09,-7.137319542297588271e+01,-9.344490059963703743e+01
1.028015000000000000e+09,-7.136069123226894817e+01,-9.345038581555652968e+01
1.028020000000000000e+09,-7.134809138651232274e+01,-9.345587184856432827e+01
1.028025000000000000e+09,-7.133539549943756697e+01,-9.346135869913416627e+01
1.028030000000000000e+09,-7.132260318102906638e+01,-9.346684636773980515e+01
1.028035000000000000e+09,-7.130971403748624482e+01,-9.347233485485519111e+01
1.028040000000000000e+09,-7.129672767117520493e+01,-9.347782416095441249e+01
1.028045000000000000e+09,-7.128364368059260414e+01,-9.348331428651178499e+01
1.028050000000000000e+09,-7.127046166032209840e+01,-9.348880523200162429e+01
1.028055000000000000e+09,-7.125718120098730424e+01,-9.349429699789851611e+01
1.028060000000000000e+09,-7.124380188921114154e+01,-9.349978958467724510e+01
1.028065000000000000e+09,-7.123032330756664976e+01,-9.350528299281273803e+01
1.028070000000000000e+09,-7.121674503453868965e+01,-9.351077722277989324e+01
1.028075000000000000e+09,-7.120306664447045364e+01,-9.351627227505400697e+01
1.028080000000000000e+09,-7.118928770752029322e+01,-9.352176815011047495e+01
1.028085000000000000e+09,-7.117540778961314629e+01,-9.352726484842472132e+01
1.028090000000000000e+09,-7.116142645239236231e+01,-9.353276237047248287e+01
1.028095000000000000e+09,-7.114734325316976538e+01,-9.353826071672962428e+01
1.028100000000000000e+09,-7.113315774487878684e+01,-9.354375988767205286e+01
1.028105000000000000e+09,-7.111886947602016562e+01,-9.354925988377603119e+01
1.028110000000000000e+09,-7.110447799060969487e+01,-9.355476070551785028e+01
1.028115000000000000e+09,-7.108998282813291780e+01,-9.356026235337395747e+01
1.028120000000000000e+09,-7.107538352348446153e+01,-9.356576482782101323e+01
1.028125000000000000e+09,-7.106067960691808594e+01,-9.357126812933579174e+01
1.028130000000000000e+09,-7.104587060399121867e+01,-9.357677225839535140e+01
1.028135000000000000e+09,-7.103095603550944759e+01,-9.358227721547670797e+01
1.028140000000000000e+09,-7.101593541747010363e+01,-9.358778300105713299e+01
1.028145000000000000e+09,-7.100080826100429476e+01,-9.359328961561425331e+01
1.028150000000000000e+09,-7.098557407232252103e+01,-9.359879705962548258e+01
1.028155000000000000e+09,-7.097023235264784091e+01,-9.360430533356867500e+01
1.028160000000000000e+09,-7.095478259816286482e+01,-9.360981443792184109e+01
1.028165000000000000e+09,-7.093922429994796630e+01,-9.361532437316287769e+01
1.028170000000000000e+09,-7.092355694391548582e+01,-9.362083513977026428e+01
1.028175000000000000e+09,-7.090778001074981773e+01,-9.362634673822229558e+01
1.028180000000000000e+09,-7.089189297584276517e+01,-9.363185916899765004e+01
1.028185000000000000e+09,-7.087589530922849690e+01,-9.363737243257500609e+01
1.028190000000000000e+09,-7.085978647551756637e+01,-9.364288652943331215e+01
1.028195000000000000e+09,-7.084356593382980805e+01,-9.364840146005171562e+01
1.028200000000000000e+09,-7.082723313772613949e+01,-9.365391722490934967e+01
1.028205000000000000e+09,-7.081078753513932611e+01,-9.365943382448566012e+01
1.028210000000000000e+09,-7.079422856830264266e+01,-9.366495125926036280e+01
1.028215000000000000e+09,-7.077755567368173217e+01,-9.367046952971298879e+01
1.028220000000000000e+09,-7.076076828189682999e+01,-9.367598863632358075e+01
1.028225000000000000e+09,-7.074386581765212156e+01,-9.368150857957219557e+01
1.028230000000000000e+09,-7.072684769965982809e+01,-9.368702935993907488e+01
1.028235000000000000e+09,-7.070971334056369528e+01,-9.369255097790460241e+01
1.028240000000000000e+09,-7.069246214686145890e+01,-9.369807343394937504e+01
1.028245000000000000e+09,-7.067509351882576141e+01,-9.370359672855421707e+01
1.028250000000000000e+09,-7.065760685042397427e+01,-9.370912086219988169e+01
1.028255000000000000e+09,-7.064000152923644293e+01,-9.371464583536756265e+01
1.028260000000000000e+09,-7.062227693637274228e+01,-9.372017164853855320e+01
1.028265000000000000e+09,-7.060443244639073157e+01,-9.372569830219410392e+01
1.028270000000000000e+09,-7.058646742720637235e+01,-9.373122579681593436e+01
1.028275000000000000e+09,-7.056838124000536538e+01,-9.373675413288579250e+01
1.028280000000000000e+09,-7.055017323916271721e+01,-9.374228331088551158e+01
1.028285000000000000e+09,-7.053184277214322151e+01,-9.374781333129726590e+01
1.028290000000000000e+09,-7.051338917941430395e+01,-9.375334419460331503e+01
1.028295000000000000e+09,-7.049481179435163369e+01,-9.375887590128607485e+01
1.028300000000000000e+09,-7.047610994314406696e+01,-9.376440845182813177e+01
1.028305000000000000e+09,-7.045728294469709851e+01,-9.376994184671225696e+01
1.028310000000000000e+09,-7.043833011053349935e+01,-9.377547608642147736e+01
1.028315000000000000e+09,-7.041925074469800450e+01,-9.378101117143877730e+01
1.028320000000000000e+09,-7.040004414364605623e+01,-9.378654710224752478e+01
1.028325000000000000e+09,-7.038070959614871924e+01,-9.379208387933120150e+01
1.028330000000000000e+09,-7.036124638318638347e+01,-9.379762150317336022e+01
1.028335000000000000e+09,-7.034165377783671147e+01,-9.380315997425783792e+01
1.028340000000000000e+09,-7.032193104516926496e+01,-9.380869929306865629e+01
1.028345000000000000e+09,-7.030207744213346643e+01,-9.381423946008987969e+01
1.028350000000000000e+09,-7.028209221744552337e+01,-9.381978047580581404e+01
1.028355000000000000e+09,-7.026197461147333456e+01,-9.382532234070104948e+01
1.028360000000000000e+09,-7.024172385611925051e+01,-9.383086505526024723e+01
1.028365000000000000e+09,-7.022133917470083020e+01,-9.383640861996815374e+01
1.028370000000000000e+09,-7.020081978182943772e+01,-9.384195303530984233e+01
1.028375000000000000e+09,-7.018016488328551361e+01,-9.384749830177051422e+01
1.028380000000000000e+09,-7.015937367589680207e+01,-9.385304441983547008e+01
1.028385000000000000e+09,-7.013844534740508152e+01,-9.385859138999029483e+01
1.028390000000000000e+09,-7.011737907633447264e+01,-9.386413921272068706e+01
1.028395000000000000e+09,-7.009617403186791762e+01,-9.386968788851254430e+01
1.028400000000000000e+09,-7.007482937370130571e+01,-9.387523741785190623e+01
1.028405000000000000e+09,-7.005334425191095704e+01,-9.388078780122506828e+01
1.028410000000000000e+09,-7.003171780681181247e+01,-9.388633903911835432e+01
1.028415000000000000e+09,-7.000994916881464292e+01,-9.389189113201838666e+01
1.028420000000000000e+09,-6.998803745828010392e+01,-9.389744408041192969e+01
1.028425000000000000e+09,-6.996598178536920898e+01,-9.390299788478603205e+01
1.028430000000000000e+09,-6.994378124989738410e+01,-9.390855254562762866e+01
1.028435000000000000e+09,-6.992143494116959346e+01,-9.391410806342415185e+01
1.028440000000000000e+09,-6.989894193783277387e+01,-9.391966443866309078e+01
1.028445000000000000e+09,-6.987630130771488268e+01,-9.392522167183199144e+01
1.028450000000000000e+09,-6.985351210765612961e+01,-9.393077976341872670e+01
1.028455000000000000e+09,-6.983057338334714359e+01,-9.393633871391138257e+01
1.028460000000000000e+09,-6.980748416915828614e+01,-9.394189852379803085e+01
1.028465000000000000e+09,-6.978424348796691845e+01,-9.394745919356708441e+01
1.028470000000000000e+09,-6.976085035098013520e+01,-9.395302072370716928e+01
1.028475000000000000e+09,-6.973730375756078104e+01,-9.395858311470688307e+01
1.028480000000000000e+09,-6.971360269503310292e+01,-9.396414636705516443e+01
1.028485000000000000e+09,-6.968974613850731714e+01,-9.396971048124116521e+01
1.028490000000000000e+09,-6.966573305068246214e+01,-9.397527545775415092e+01
1.028495000000000000e+09,-6.964156238165793411e+01,-9.398084129708348655e+01
1.028500000000000000e+09,-6.961723306872977446e+01,-9.398640799971880710e+01
1.028505000000000000e+09,-6.959274403618748295e+01,-9.399197556615004601e+01
1.028510000000000000e+09,-6.956809419511844794e+01,-9.399754399686705142e+01
1.028515000000000000e+09,-6.954328244318625707e+01,-9.400311329236004099e+01
1.028520000000000000e+09,-6.951830766442193976e+01,-9.400868345311943131e+01
1.028525000000000000e+09,-6.949316872900422482e+01,-9.401425447963566739e+01
1.028530000000000000e+09,-6.946786449303620259e+01,-9.401982637239946428e+01
1.028535000000000000e+09,-6.944239379831766712e+01,-9.402539913190180698e+01
1.028540000000000000e+09,-6.941675547211131914e+01,-9.403097275863375160e+01
1.028545000000000000e+09,-6.939094832691182546e+01,-9.403654725308653894e+01
1.028550000000000000e+09,-6.936497116019123155e+01,-9.404212261575160881e+01
1.028555000000000000e+09,-6.933882275416291918e+01,-9.404769884712065675e+01
1.028560000000000000e+09,-6.931250187552811326e+01,-9.405327594768543520e+01
1.028565000000000000e+09,-6.928600727521200042e+01,-9.405885391793800920e+01
1.028570000000000000e+09,-6.925933768810564573e+01,-9.406443275837051488e+01
1.028575000000000000e+09,-6.923249183279621377e+01,-9.407001246947532991e+01
1.028580000000000000e+09,-6.920546841129262816e+01,-9.407559305174503095e+01
1.028585000000000000e+09,-6.917826610874416815e+01,-9.408117450567239359e+01
1.028590000000000000e+09,-6.915088359316085587e+01,-9.408675683175026450e+01
1.028595000000000000e+09,-6.912331951510813610e+01,-9.409234003047185979e+01
1.028600000000000000e+09,-6.909557250742132339e+01,-9.409792410233036719e+01
1.028605000000000000e+09,-6.906764118489279269e+01,-9.410350904781938652e+01
1.028610000000000000e+09,-6.903952414396678705e+01,-9.410909486743248920e+01
1.028615000000000000e+09,-6.901121996241310796e+01,-9.411468156166363030e+01
1.028620000000000000e+09,-6.898272719900683114e+01,-9.412026913100687864e+01
1.028625000000000000e+09,-6.895404439319435141e+01,-9.412585757595627456e+01
1.028630000000000000e+09,-6.892517006475345909e+01,-9.413144689700645529e+01
1.028635000000000000e+09,-6.889610271344560033e+01,-9.413703709465198699e+01
1.028640000000000000e+09,-6.886684081866066265e+01,-9.414262816938759215e+01
1.028645000000000000e+09,-6.883738283905366018e+01,-9.414822012170832011e+01
1.028650000000000000e+09,-6.880772721217175558e+01,-9.415381295210940493e+01
1.028655000000000000e+09,-6.877787235408005984e+01,-9.415940666108609491e+01
1.028660000000000000e+09,-6.874781665896459515e+01,-9.416500124913400782e+01
1.028665000000000000e+09,-6.871755849874199384e+01,-9.417059671674890353e+01
1.028670000000000000e+09,-6.868709622264441350e+01,-9.417619306442674088e+01
1.028675000000000000e+09,-6.865642815681788136e+01,-9.418179029266354974e+01
1.028680000000000000e+09,-6.862555260388251099e+01,-9.418738840195574369e+01
1.028685000000000000e+09,-6.859446784250424400e+01,-9.419298739279987842e+01
1.028690000000000000e+09,-6.856317212694780494e+01,-9.419858726569248120e+01
1.028695000000000000e+09,-6.853166368662066077e+01,-9.420418802113059087e+01
1.028700000000000000e+09,-6.849994072560471636e+01,-9.420978965961128893e+01
1.028705000000000000e+09,-6.846800142218440044e+01,-9.421539218163174212e+01
1.028710000000000000e+09,-6.843584392834999619e+01,-9.422099558768951511e+01
1.028715000000000000e+09,-6.840346636929669444e+01,-9.422659987828224359e+01
1.028720000000000000e+09,-6.837086684291749350e+01,-9.423220505390786172e+01
1.028725000000000000e+09,-6.833804341927802284e+01,-9.423781111506426100e+01
1.028730000000000000e+09,-6.830499414007077519e+01,-9.424341806224974505e+01
1.028735000000000000e+09,-6.827171701806992132e+01,-9.424902589596283065e+01
1.028740000000000000e+09,-6.823821003656509276e+01,-9.425463461670204879e+01
1.028745000000000000e+09,-6.820447114878267314e+01,-9.426024422496624311e+01
1.028750000000000000e+09,-6.817049827729140077e+01,-9.426585472125449883e+01
1.028755000000000000e+09,-6.813628931340242900e+01,-9.427146610606592958e+01
1.028760000000000000e+09,-6.810184211653069042e+01,-9.427707837990001849e+01
1.028765000000000000e+09,-6.806715451357065660e+01,-9.428269154325636237e+01
1.028770000000000000e+09,-6.803222429824010931e+01,-9.428830559663472854e+01
1.028775000000000000e+09,-6.799704923040094684e+01,-9.429392054053509753e+01
1.028780000000000000e+09,-6.796162703537889627e+01,-9.429953637545770562e+01
1.028785000000000000e+09,-6.792595540324768422e+01,-9.430515310190294542e+01
1.028790000000000000e+09,-6.789003198812133633e+01,-9.431077072037135167e+01
1.028795000000000000e+09,-6.785385440739490548e+01,-9.431638923136374331e+01
1.028800000000000000e+09,-6.781742024099034438e+01,-9.432200863538113822e+01
1.028805000000000000e+09,-6.778072703057293324e+01,-9.432762893292459694e+01
1.028810000000000000e+09,-6.774377227874832386e+01,-9.433325012449560631e+01
1.028815000000000000e+09,-6.770655344823707367e+01,-9.433887221059572425e+01
1.028820000000000000e+09,-6.766906796103562272e+01,-9.434449519172665077e+01
1.028825000000000000e+09,-6.763131319753942705e+01,-9.435011906839039852e+01
1.028830000000000000e+09,-6.759328649564940861e+01,-9.435574384108923596e+01
1.028835000000000000e+09,-6.755498514987174019e+01,-9.436136951032534625e+01
1.028840000000000000e+09,-6.751640641036003387e+01,-9.436699607660142419e+01
1.028845000000000000e+09,-6.747754748195762886e+01,-9.437262354042017876e+01
1.028850000000000000e+09,-6.743840552320308745e+01,-9.437825190228465999e+01
1.028855000000000000e+09,-6.739897764531009727e+01,-9.438388116269794637e+01
1.028860000000000000e+09,-6.735926091111890912e+01,-9.438951132216347162e+01
1.028865000000000000e+09,-6.731925233401690889e+01,-9.439514238118478318e+01
1.028870000000000000e+09,-6.727894887683983427e+01,-9.440077434026562742e+01
1.028875000000000000e+09,-6.723834745071427221e+01,-9.440640719990997809e+01
1.028880000000000000e+09,-6.719744491390272856e+01,-9.441204096062215001e+01
1.028885000000000000e+09,-6.715623807059698436e+01,-9.441767562290633009e+01
1.028890000000000000e+09,-6.711472366966938807e+01,-9.442331118726714578e+01
1.028895000000000000e+09,-6.707289840340517628e+01,-9.442894765420952297e+01
1.028900000000000000e+09,-6.703075890618833910e+01,-9.443458502423825962e+01
1.028905000000000000e+09,-6.698830175315129054e+01,-9.444022329785860848e+01
1.028910000000000000e+09,-6.694552345878476274e+01,-9.444586247557602121e+01
1.028915000000000000e+09,-6.690242047550671600e+01,-9.445150255789607741e+01
1.028920000000000000e+09,-6.685898919218868741e+01,-9.445714354532452717e+01
1.028925000000000000e+09,-6.681522593263822785e+01,-9.446278543836740482e+01
1.028930000000000000e+09,-6.677112695403370424e+01,-9.446842823753095786e+01
1.028935000000000000e+09,-6.672668844532176990e+01,-9.447407194332154745e+01
1.028940000000000000e+09,-6.668190652554804387e+01,-9.447971655624579057e+01
1.028945000000000000e+09,-6.663677724214466025e+01,-9.448536207681061683e+01
1.028950000000000000e+09,-6.659129656918578632e+01,-9.449100850552292741e+01
1.028955000000000000e+09,-6.654546040554988906e+01,-9.449665584289002140e+01
1.028960000000000000e+09,-6.649926457305569727e+01,-9.450230408941934002e+01
1.028965000000000000e+09,-6.645270481452749323e+01,-9.450795324561859445e+01
1.028970000000000000e+09,-6.640577679180113080e+01,-9.451360331199553855e+01
1.028975000000000000e+09,-6.635847608366701422e+01,-9.451925428905825299e+01
1.028980000000000000e+09,-6.631079818374503532e+01,-9.452490617731514533e+01
1.028985000000000000e+09,-6.626273849830428730e+01,-9.453055897727455203e+01
1.028990000000000000e+09,-6.621429234397935204e+01,-9.453621268944523592e+01
1.028995000000000000e+09,-6.616545494545410122e+01,-9.454186731433611612e+01
1.029000000000000000e+09,-6.611622143304740007e+01,-9.454752285245618282e+01
1.029005000000000000e+09,-6.606658684021013528e+01,-9.455317930431485252e+01
1.029010000000000000e+09,-6.601654610095947362e+01,-9.455883667042172647e+01
1.029015000000000000e+09,-6.596609404721587566e+01,-9.456449495128632066e+01
1.029020000000000000e+09,-6.591522540605285485e+01,-9.457015414741877635e+01
1.029025000000000000e+09,-6.586393479685357022e+01,-9.457581425932917796e+01
1.029030000000000000e+09,-6.581221672837033054e+01,-9.458147528752790834e+01
1.029035000000000000e+09,-6.576006559568314458e+01,-9.458713723252556349e+01
1.029040000000000000e+09,-6.570747567705316783e+01,-9.459280009483285312e+01
1.029045000000000000e+09,-6.565444113066413934e+01,-9.459846387496088482e+01
1.029050000000000000e+09,-6.560095599126157140e+01,-9.460412857342078041e+01
1.029055000000000000e+09,-6.554701416664914859e+01,-9.460979419072398855e+01
1.029060000000000000e+09,-6.549260943408495450e+01,-9.461546072738224211e+01
1.029065000000000000e+09,-6.543773543653625779e+01,-9.462112818390724556e+01
1.029070000000000000e+09,-6.538238567880182472e+01,-9.462679656081115809e+01
1.029075000000000000e+09,-6.532655352349338784e+01,-9.463246585860625260e+01
1.029080000000000000e+09,-6.527023218687007500e+01,-9.463813607780494408e+01
1.029085000000000000e+09,-6.521341473451938953e+01,-9.464380721892000281e+01
1.029090000000000000e+09,-6.515609407687774990e+01,-9.464947928246432696e+01
1.029095000000000000e+09,-6.509826296458102490e+01,-9.465515226895109890e+01
1.029100000000000000e+09,-6.503991398365295140e+01,-9.466082617889354367e+01
1.029105000000000000e+09,-6.498103955048725311e+01,-9.466650101280532681e+01
1.029110000000000000e+09,-6.492163190664849992e+01,-9.467217677120019914e+01
1.029115000000000000e+09,-6.486168311349896953e+01,-9.467785345459213886e+01
1.029120000000000000e+09,-6.480118504656641676e+01,-9.468353106349539416e+01
1.029125000000000000e+09,-6.474012938973152131e+01,-9.468920959842434115e+01
1.029130000000000000e+09,-6.467850762916992835e+01,-9.469488905989362593e+01
1.029135000000000000e+09,-6.461631104705639927e+01,-9.470056944841813618e+01
1.029140000000000000e+09,-6.455353071501642148e+01,-9.470625076451290170e+01
1.029145000000000000e+09,-6.449015748731100928e+01,-9.471193300869332177e+01
1.029150000000000000e+09,-6.442618199376067878e+01,-9.471761618147476725e+01
1.029155000000000000e+09,-6.436159463233657618e+01,-9.472330028337299268e+01
1.029160000000000000e+09,-6.429638556149957651e+01,-9.472898531490407947e+01
1.029165000000000000e+09,-6.423054469219087537e+01,-9.473467127658402376e+01
1.029170000000000000e+09,-6.416406167947421579e+01,-9.474035816892924800e+01
1.029175000000000000e+09,-6.409692591384997229e+01,-9.474604599245648728e+01
1.029180000000000000e+09,-6.402912651218311169e+01,-9.475173474768233461e+01
1.029185000000000000e+09,-6.396065230824277137e+01,-9.475742443512402247e+01
1.029190000000000000e+09,-6.389149184282742056e+01,-9.476311505529876911e+01
1.029195000000000000e+09,-6.382163335347500777e+01,-9.476880660872397755e+01
1.029200000000000000e+09,-6.375106476367154329e+01,-9.477449909591742028e+01
1.029205000000000000e+09,-6.367977367164005642e+01,-9.478019251739701190e+01
1.029210000000000000e+09,-6.360774733857440566e+01,-9.478588687368090859e+01
1.029215000000000000e+09,-6.353497267637331447e+01,-9.479158216528743708e+01
1.029220000000000000e+09,-6.346143623477988882e+01,-9.479727839273522250e+01
1.029225000000000000e+09,-6.338712418793888759e+01,-9.480297555654306052e+01
1.029230000000000000e+09,-6.331202232035919764e+01,-9.480867365722998841e+01
1.029235000000000000e+09,-6.323611601215194611e+01,-9.481437269531525658e+01
1.029240000000000000e+09,-6.315939022361629185e+01,-9.482007267131835704e+01
1.029245000000000000e+09,-6.308182947906509241e+01,-9.482577358575896653e+01
1.029250000000000000e+09,-6.300341784986976279e+01,-9.483147543915698918e+01
1.029255000000000000e+09,-6.292413893667203695e+01,-9.483717823203267017e+01
1.029260000000000000e+09,-6.284397585073413239e+01,-9.484288196490629730e+01
1.029265000000000000e+09,-6.276291119432671195e+01,-9.484858663829845682e+01
1.029270000000000000e+09,-6.268092704014625838e+01,-9.485429225273003340e+01
1.029275000000000000e+09,-6.259800490969940512e+01,-9.485999880872211065e+01
1.029280000000000000e+09,-6.251412575056186682e+01,-9.486570630679581484e+01
1.029285000000000000e+09,-6.242926991243778190e+01,-9.487141474747275538e+01
1.029290000000000000e+09,-6.234341712199668706e+01,-9.487712413127465538e+01
1.029295000000000000e+09,-6.225654645635820827e+01,-9.488283445872343691e+01
1.029300000000000000e+09,-6.216863631516018529e+01,-9.488854573034126361e+01
1.029305000000000000e+09,-6.207966439111142876e+01,-9.489425794665061176e+01
1.029310000000000000e+09,-6.198960763895705384e+01,-9.489997110817404291e+01
1.029315000000000000e+09,-6.189844224266862938e+01,-9.490568521543443126e+01
1.029320000000000000e+09,-6.180614358088033100e+01,-9.491140026895482151e+01
1.029325000000000000e+09,-6.171268619030750813e+01,-9.491711626925869894e+01
1.029330000000000000e+09,-6.161804372711997502e+01,-9.492283321686942088e+01
1.029335000000000000e+09,-6.152218892604228273e+01,-9.492855111231085630e+01
1.029340000000000000e+09,-6.142509355708057939e+01,-9.493426995610698782e+01
1.029345000000000000e+09,-6.132672837973437652e+01,-9.493998974878203967e+01
1.029350000000000000e+09,-6.122706309438923711e+01,-9.494571049086044923e+01
1.029355000000000000e+09,-6.112606629083397536e+01,-9.495143218286698072e+01
1.029360000000000000e+09,-6.102370539360059354e+01,-9.495715482532646945e+01
1.029365000000000000e+09,-6.091994660392270333e+01,-9.496287841876414859e+01
1.029370000000000000e+09,-6.081475483805078852e+01,-9.496860296370540766e+01
1.029375000000000000e+09,-6.070809366167577537e+01,-9.497432846067570722e+01
1.029380000000000000e+09,-6.059992522009778071e+01,-9.498005491020107627e+01
1.029385000000000000e+09,-6.049021016387548855e+01,-9.498578231280751538e+01
1.029390000000000000e+09,-6.037890756959667726e+01,-9.499151066902135199e+01
1.029395000000000000e+09,-6.026597485534335874e+01,-9.499723997936912667e+01
1.029400000000000000e+09,-6.015136769041862408e+01,-9.500297024437757898e+01
1.029405000000000000e+09,-6.003503989893675907e+01,-9.500870146457378951e+01
1.029410000000000000e+09,-5.991694335669913585e+01,-9.501443364048492413e+01
1.029415000000000000e+09,-5.979702788082380494e+01,-9.502016677263851818e+01
1.029420000000000000e+09,-5.967524111150352439e+01,-9.502590086156229177e+01
1.029425000000000000e+09,-5.955152838525249592e+01,-9.503163590778410708e+01
1.029430000000000000e+09,-5.942583259878644952e+01,-9.503737191183218158e+01
1.029435000000000000e+09,-5.929809406289385976e+01,-9.504310887423498855e+01
1.029440000000000000e+09,-5.916825034524114812e+01,-9.504884679552111493e+01
1.029445000000000000e+09,-5.903623610113933040e+01,-9.505458567621944610e+01
1.029450000000000000e+09,-5.890198289123704001e+01,-9.506032551685912324e+01
1.029455000000000000e+09,-5.876541898483634441e+01,-9.506606631796954332e+01
1.029460000000000000e+09,-5.862646914750310145e+01,-9.507180808008021700e+01
1.029465000000000000e+09,-5.848505441145388772e+01,-9.507755080372099599e+01
1.029470000000000000e+09,-5.834109182703742391e+01,-9.508329448942207307e+01
1.029475000000000000e+09,-5.819449419343594343e+01,-9.508903913771354155e+01
1.029480000000000000e+09,-5.804516976649519222e+01,-9.509478474912609158e+01
1.029485000000000000e+09,-5.789302194133955481e+01,-9.510053132419047017e+01
1.029490000000000000e+09,-5.773794890719546657e+01,-9.510627886343768012e+01
1.029495000000000000e+09,-5.757984327139417502e+01,-9.511202736739900843e+01
1.029500000000000000e+09,-5.741859164939820914e+01,-9.511777683660588423e+01
1.029505000000000000e+09,-5.725407421700513311e+01,-9.512352727159014876e+01
1.029510000000000000e+09,-5.708616422074299379e+01,-9.512927867288374273e+01
1.029515000000000000e+09,-5.691472744150533458e+01,-9.513503104101879160e+01
1.029520000000000000e+09,-5.673962160635265661e+01,-9.514078437652793241e+01
1.029525000000000000e+09,-5.656069574231797503e+01,-9.514653867994368852e+01
1.029530000000000000e+09,-5.637778946544320036e+01,-9.515229395179906646e+01
1.029535000000000000e+09,-5.619073219728340973e+01,-9.515805019262728592e+01
1.029540000000000000e+09,-5.599934230011331948e+01,-9.516380740296169449e+01
1.029545000000000000e+09,-5.580342612068324115e+01,-9.516956558333602345e+01
1.029550000000000000e+09,-5.560277693116390196e+01,-9.517532473428414619e+01
1.029555000000000000e+09,-5.539717375424172019e+01,-9.518108485634014926e+01
1.029560000000000000e+09,-5.518638005712953998e+01,-9.518684595003854554e+01
1.029565000000000000e+09,-5.497014229760399928e+01,-9.519260801591386212e+01
1.029570000000000000e+09,-5.474818830219354027e+01,-9.519837105450109505e+01
1.029575000000000000e+09,-5.452022545395899300e+01,-9.520413506633522616e+01
1.029580000000000000e+09,-5.428593866388301592e+01,-9.520990005195172046e+01
1.029585000000000000e+09,-5.404498809601992804e+01,-9.521566601188617085e+01
1.029590000000000000e+09,-5.379700661222344849e+01,-9.522143294667441182e+01
1.029595000000000000e+09,-5.354159689696001578e+01,-9.522720085685250524e+01
1.029600000000000000e+09,-5.327832821762890347e+01,-9.523296974295689665e+01
1.029605000000000000e+09,-5.300673276889813934e+01,-9.523873960552407425e+01
1.029610000000000000e+09,-5.272630154310349582e+01,-9.524451044509095254e+01
1.029615000000000000e+09,-5.243647966173037389e+01,-9.525028226219454552e+01
1.029620000000000000e+09,-5.213666109566369045e+01,-9.525605505737226508e+01
1.029625000000000000e+09,-5.182618269595602101e+01,-9.526182883116157996e+01
1.029630000000000000e+09,-5.150431745286491036e+01,-9.526760358410042784e+01
1.029635000000000000e+09,-5.117026690155078938e+01,-9.527337931672687432e+01
1.029640000000000000e+09,-5.082315260190174655e+01,-9.527915602957907026e+01
1.029645000000000000e+09,-5.046200664395200874e+01,-9.528493372319580601e+01
1.029650000000000000e+09,-5.008576118001745670e+01,-9.529071239811582927e+01
1.029655000000000000e+09,-4.969323707794285383e+01,-9.529649205487807251e+01
1.029660000000000000e+09,-4.928313195576948402e+01,-9.530227269402200818e+01
1.029665000000000000e+09,-4.885400814717343110e+01,-9.530805431608715139e+01
1.029670000000000000e+09,-4.840428164062277716e+01,-9.531383692161332988e+01
1.029675000000000000e+09,-4.793221387242657272e+01,-9.531962051114057033e+01
1.029680000000000000e+09,-4.743590967276141868e+01,-9.532540508520922629e+01
1.029685000000000000e+09,-4.691332706126015495e+01,-9.533119064435986445e+01
1.029690000000000000e+09,-4.636230865075503971e+01,-9.533697718913323627e+01
1.029695000000000000e+09,-4.578065129979205494e+01,-9.534276472007044845e+01
1.029700000000000000e+09,-4.516624229494667730e+01,-9.534855323771293456e+01
1.029705000000000000e+09,-4.451730988348073481e+01,-9.535434274260208554e+01
1.029710000000000000e+09,-4.383286814864771230e+01,-9.536013323527981811e+01
1.029715000000000000e+09,-4.311348697269741592e+01,-9.536592471628823375e+01
1.029720000000000000e+09,-4.236259056234029430e+01,-9.537171718616961869e+01
1.029725000000000000e+09,-4.158856883135459270e+01,-9.537751064546651492e+01
1.029730000000000000e+09,-4.080799980150777628e+01,-9.538330509472189078e+01
1.029735000000000000e+09,-4.004999253906814261e+01,-9.538910053447872883e+01
1.029740000000000000e+09,-3.936055246876885860e+01,-9.539489696528039531e+01
1.029745000000000000e+09,-3.880339167946443979e+01,-9.540069438767051224e+01
1.029750000000000000e+09,-3.845085492307778452e+01,-9.540649280219300010e+01
1.029755000000000000e+09,-3.836116691376697929e+01,-9.541229220939186462e+01
1.029760000000000000e+09,-3.855157234382489406e+01,-9.541809260981150942e+01
1.029765000000000000e+09,-3.898902950201970441e+01,-9.542389400399657973e+01
1.029770000000000000e+09,-3.960751163944592435e+01,-9.542969639249194813e+01
1.029775000000000000e+09,-4.033564703539147445e+01,-9.543549977584271460e+01
1.029780000000000000e+09,-4.111517156311766996e+01,-9.544130415459434857e+01
1.029785000000000000e+09,-4.190600878285528097e+01,-9.544710952929243319e+01
1.029790000000000000e+09,-4.268369444733971818e+01,-9.545291590048290686e+01
1.029795000000000000e+09,-4.343477468372825712e+01,-9.545872326871197799e+01
1.029800000000000000e+09,-4.415278885347086657e+01,-9.546453163452596868e+01
1.029805000000000000e+09,-4.483543815122109777e+01,-9.547034099847165578e+01
1.029810000000000000e+09,-4.548277671807120015e+01,-9.547615136109595824e+01
1.029815000000000000e+09,-4.609611460225114143e+01,-9.548196272294610765e+01
1.029820000000000000e+09,-4.667737317729954327e+01,-9.548777508456950613e+01
1.029825000000000000e+09,-4.722871568304868362e+01,-9.549358844651392531e+01
1.029830000000000000e+09,-4.775234123293438415e+01,-9.549940280932736414e+01
1.029835000000000000e+09,-4.825037462751768658e+01,-9.550521817355799215e+01
1.029840000000000000e+09,-4.872481170747587242e+01,-9.551103453975436253e+01
1.029845000000000000e+09,-4.917749648133544582e+01,-9.551685190846529849e+01
1.029850000000000000e+09,-4.961011606118776740e+01,-9.552267028023970852e+01
1.029855000000000000e+09,-5.002420522568149863e+01,-9.552848965562697003e+01
1.029860000000000000e+09,-5.042115584486143121e+01,-9.553431003517667364e+01
1.029865000000000000e+09,-5.080222841876820894e+01,-9.554013141943852361e+01
1.029870000000000000e+09,-5.116856417490226505e+01,-9.554595380896266477e+01
1.029875000000000000e+09,-5.152119687321086161e+01,-9.555177720429939825e+01
1.029880000000000000e+09,-5.186106388263709022e+01,-9.555760160599943731e+01
1.029885000000000000e+09,-5.218901633352853509e+01,-9.556342701461355205e+01
1.029890000000000000e+09,-5.250582828887047526e+01,-9.556925343069286782e+01
1.029895000000000000e+09,-5.281220495298873630e+01,-9.557508085478892212e+01
1.029900000000000000e+09,-5.310878997655440514e+01,-9.558090928745318138e+01
1.029905000000000000e+09,-5.339617193458700939e+01,-9.558673872923769466e+01
1.029910000000000000e+09,-5.367489005998628215e+01,-9.559256918069472420e+01
1.029915000000000000e+09,-5.394543931390492730e+01,-9.559840064237660329e+01
1.029920000000000000e+09,-5.420827486941827544e+01,-9.560423311483604891e+01
1.029925000000000000e+09,-5.446381607838787176e+01,-9.561006659862616175e+01
1.029930000000000000e+09,-5.471244998429921225e+01,-9.561590109430019879e+01
1.029935000000000000e+09,-5.495453443672847271e+01,-9.562173660241160178e+01
1.029940000000000000e+09,-5.519040085665055528e+01,-9.562757312351425298e+01
1.029945000000000000e+09,-5.542035669545172283e+01,-9.563341065816220521e+01
1.029950000000000000e+09,-5.564468762515644329e+01,-9.563924920690973863e+01
1.029955000000000000e+09,-5.586365949287583277e+01,-9.564508877031151712e+01
1.029960000000000000e+09,-5.607752006766587982e+01,-9.565092934892243193e+01
1.029965000000000000e+09,-5.628650060481243145e+01,-9.565677094329751640e+01
1.029970000000000000e+09,-5.649081724908806734e+01,-9.566261355399228705e+01
1.029975000000000000e+09,-5.669067229582683609e+01,-9.566845718156243095e+01
1.029980000000000000e+09,-5.688625532618968350e+01,-9.567430182656380566e+01
1.029985000000000000e+09,-5.707774423106904749e+01,-9.568014748955275195e+01
1.029990000000000000e+09,-5.726530613604946751e+01,-9.568599417108561056e+01
1.029995000000000000e+09,-5.744909823840831109e+01,-9.569184187171941858e+01
1.030000000000000000e+09,-5.762926856583696633e+01,-9.569769059201090045e+01
1.030005000000000000e+09,-5.780595666533162813e+01,-9.570354033251757642e+01
1.030010000000000000e+09,-5.797929422958051759e+01,-9.570939109379699516e+01
1.030015000000000000e+09,-5.814940566749652362e+01,-9.571524287640691853e+01
1.030020000000000000e+09,-5.831640862462566588e+01,-9.572109568090559151e+01
1.030025000000000000e+09,-5.848041445855037068e+01,-9.572694950785141543e+01
1.030030000000000000e+09,-5.864152867376182598e+01,-9.573280435780293374e+01
1.030035000000000000e+09,-5.879985132014713400e+01,-9.573866023131925829e+01
1.030040000000000000e+09,-5.895547735842934856e+01,-9.574451712895957201e+01
1.030045000000000000e+09,-5.910849699592016293e+01,-9.575037505128329940e+01
1.030050000000000000e+09,-5.925899599536491280e+01,-9.575623399885029130e+01
1.030055000000000000e+09,-5.940705595931475358e+01,-9.576209397222058328e+01
1.030060000000000000e+09,-5.955275459240760938e+01,-9.576795497195455198e+01
1.030065000000000000e+09,-5.969616594341353277e+01,-9.577381699861274456e+01
1.030070000000000000e+09,-5.983736062906564968e+01,-9.577968005275602081e+01
1.030075000000000000e+09,-5.997640604109454898e+01,-9.578554413494565267e+01
1.030080000000000000e+09,-6.011336653805044250e+01,-9.579140924574296889e+01
1.030085000000000000e+09,-6.024830362318699883e+01,-9.579727538570966772e+01
1.030090000000000000e+09,-6.038127610960436442e+01,-9.580314255540791635e+01
1.030095000000000000e+09,-6.051234027369049073e+01,-9.580901075539982514e+01
1.030100000000000000e+09,-6.064154999790397227e+01,-9.581487998624794500e+01
1.030105000000000000e+09,-6.076895690369950387e+01,-9.582075024851516787e+01
1.030110000000000000e+09,-6.089461047539869298e+01,-9.582662154276461308e+01
1.030115000000000000e+09,-6.101855817576910823e+01,-9.583249386955961313e+01
1.030120000000000000e+09,-6.114084555396991760e+01,-9.583836722946388420e+01
1.030125000000000000e+09,-6.126151634639168719e+01,-9.584424162304139827e+01
1.030130000000000000e+09,-6.138061257100389412e+01,-9.585011705085632627e+01
1.030135000000000000e+09,-6.149817461567577936e+01,-9.585599351347320862e+01
1.030140000000000000e+09,-6.161424132093246442e+01,-9.586187101145684153e+01
1.030145000000000000e+09,-6.172885005752804943e+01,-9.586774954537231963e+01
1.030150000000000000e+09,-6.184203679931026443e+01,-9.587362911578495073e+01
1.030155000000000000e+09,-6.195383619156720556e+01,-9.587950972326042631e+01
1.030160000000000000e+09,-6.206428161530805454e+01,-9.588539136836466525e+01
1.030165000000000000e+09,-6.217340524773958776e+01,-9.589127405166385643e+01
1.030170000000000000e+09,-6.228123811914525731e+01,-9.589715777372447292e+01
1.030175000000000000e+09,-6.238781016650561639e+01,-9.590304253511339994e+01
1.030180000000000000e+09,-6.249315028397027305e+01,-9.590892833639755111e+01
1.030185000000000000e+09,-6.259728637054421085e+01,-9.591481517814435165e+01
1.030190000000000000e+09,-6.270024537503189777e+01,-9.592070306092151100e+01
1.030195000000000000e+09,-6.280205333850648231e+01,-9.592659198529675280e+01
1.030200000000000000e+09,-6.290273543443868220e+01,-9.593248195183841176e+01
1.030205000000000000e+09,-6.300231600664518083e+01,-9.593837296111503576e+01
1.030210000000000000e+09,-6.310081860517370700e+01,-9.594426501369522953e+01
1.030215000000000000e+09,-6.319826602031004370e+01,-9.595015811014816620e+01
1.030220000000000000e+09,-6.329468031477560430e+01,-9.595605225104320368e+01
1.030225000000000000e+09,-6.339008285420610633e+01,-9.596194743694991303e+01
1.030230000000000000e+09,-6.348449433612576343e+01,-9.596784366843827740e+01
1.030235000000000000e+09,-6.357793481738315933e+01,-9.597374094607849315e+01
1.030240000000000000e+09,-6.367042374021900031e+01,-9.597963927044111188e+01
1.030245000000000000e+09,-6.376197995702235488e+01,-9.598553864209684150e+01
1.030250000000000000e+09,-6.385262175385693695e+01,-9.599143906161677364e+01
1.030255000000000000e+09,-6.394236687283319043e+01,-9.599734052957239783e+01
1.030260000000000000e+09,-6.403123253336914900e+01,-9.600324304653524621e+01
1.030265000000000000e+09,-6.411923545247682910e+01,-9.600914661307727727e+01
1.030270000000000000e+09,-6.420639186401309928e+01,-9.601505122977087581e+01
1.030275000000000000e+09,-6.429271753705272374e+01,-9.602095689718839822e+01
1.030280000000000000e+09,-6.437822779341215096e+01,-9.602686361590274089e+01
1.030285000000000000e+09,-6.446293752432821123e+01,-9.603277138648707023e+01
1.030290000000000000e+09,-6.454686120638456259e+01,-9.603868020951480844e+01
1.030295000000000000e+09,-6.463001291670730097e+01,-9.604459008555954824e+01
1.030300000000000000e+09,-6.471240634747258014e+01,-9.605050101519535133e+01
1.030305000000000000e+09,-6.479405481976324666e+01,-9.605641299899657781e+01
1.030310000000000000e+09,-6.487497129680895114e+01,-9.606232603753770150e+01
1.030315000000000000e+09,-6.495516839664260544e+01,-9.606824013139365093e+01
1.030320000000000000e+09,-6.503465840420629718e+01,-9.607415528113962466e+01
1.030325000000000000e+09,-6.511345328291751855e+01,-9.608007148735104863e+01
1.030330000000000000e+09,-6.519156468576836971e+01,-9.608598875060371824e+01
1.030335000000000000e+09,-6.526900396592171205e+01,-9.609190707147368471e+01
1.030340000000000000e+09,-6.534578218687441620e+01,-9.609782645053728345e+01
1.030345000000000000e+09,-6.542191013219165541e+01,-9.610374688837119095e+01
1.030350000000000000e+09,-6.549739831483657326e+01,-9.610966838555235370e+01
1.030355000000000000e+09,-6.557225698611509301e+01,-9.611559094265805925e+01
1.030360000000000000e+09,-6.564649614425506741e+01,-9.612151456026577989e+01
1.030365000000000000e+09,-6.572012554263724837e+01,-9.612743923895337161e+01
1.030370000000000000e+09,-6.579315469769768754e+01,-9.613336497929905988e+01
1.030375000000000000e+09,-6.586559289650070070e+01,-9.613929178188115543e+01
1.030380000000000000e+09,-6.593744920403671017e+01,-9.614521964727845216e+01
1.030385000000000000e+09,-6.600873247022211388e+01,-9.615114857607009924e+01
1.030390000000000000e+09,-6.607945133659868020e+01,-9.615707856883524585e+01
1.030395000000000000e+09,-6.614961424282532221e+01,-9.616300962615362380e+01
1.030400000000000000e+09,-6.621922943287989938e+01,-9.616894174860522071e+01
1.030405000000000000e+09,-6.628830496104059478e+01,-9.617487493677016630e+01
1.030410000000000000e+09,-6.635684869763829852e+01,-9.618080919122910188e+01
1.030415000000000000e+09,-6.642486833459291518e+01,-9.618674451256276825e+01
1.030420000000000000e+09,-6.649237139074585912e+01,-9.619268090135244620e+01
1.030425000000000000e+09,-6.655936521697950070e+01,-9.619861835817944495e+01
1.030430000000000000e+09,-6.662585700118719956e+01,-9.620455688362559954e+01
1.030435000000000000e+09,-6.669185377301347728e+01,-9.621049647827297235e+01
1.030440000000000000e+09,-6.675736240844783254e+01,-9.621643714270383896e+01
1.030445000000000000e+09,-6.682238963426344469e+01,-9.622237887750088703e+01
1.030450000000000000e+09,-6.688694203227480273e+01,-9.622832168324718793e+01
1.030455000000000000e+09,-6.695102604345690622e+01,-9.623426556052584147e+01
1.030460000000000000e+09,-6.701464797191692924e+01,-9.624021050992053006e+01
1.030465000000000000e+09,-6.707781398872685941e+01,-9.624615653201509247e+01
1.030470000000000000e+09,-6.714053013562329397e+01,-9.625210362739380798e+01
1.030475000000000000e+09,-6.720280232857943759e+01,-9.625805179664101274e+01
1.030480000000000000e+09,-6.726463636125477308e+01,-9.626400104034159710e+01
1.030485000000000000e+09,-6.732603790832980906e+01,-9.626995135908069301e+01
1.030490000000000000e+09,-6.738701252871632619e+01,-9.627590275344363135e+01
1.030495000000000000e+09,-6.744756566868079517e+01,-9.628185522401619778e+01
1.030500000000000000e+09,-6.750770266485442050e+01,-9.628780877138440530e+01
1.030505000000000000e+09,-6.756742874712044511e+01,-9.629376339613455116e+01
1.030510000000000000e+09,-6.762674904144988375e+01,-9.629971909885333048e+01
1.030515000000000000e+09,-6.768566857261026826e+01,-9.630567588012769420e+01
1.030520000000000000e+09,-6.774419226680022632e+01,-9.631163374054487747e+01
1.030525000000000000e+09,-6.780232495419650718e+01,-9.631759268069245650e+01
1.030530000000000000e+09,-6.786007137141942280e+01,-9.632355270115832013e+01
1.030535000000000000e+09,-6.791743616392184890e+01,-9.632951380253074092e+01
1.030540000000000000e+09,-6.797442388828960702e+01,-9.633547598539807666e+01
1.030545000000000000e+09,-6.803103901450162994e+01,-9.634143925034922518e+01
1.030550000000000000e+09,-6.808728592807885605e+01,-9.634740359797342535e+01
1.030555000000000000e+09,-6.814316893218756377e+01,-9.635336902885988764e+01
1.030560000000000000e+09,-6.819869224968614674e+01,-9.635933554359853304e+01
1.030565000000000000e+09,-6.825386002509014816e+01,-9.636530314277942466e+01
1.030570000000000000e+09,-6.830867632648772769e+01,-9.637127182699282457e+01
1.030575000000000000e+09,-6.836314514739497383e+01,-9.637724159682953484e+01
1.030580000000000000e+09,-6.841727040855727182e+01,-9.638321245288059913e+01
1.030585000000000000e+09,-6.847105595968444902e+01,-9.638918439573720320e+01
1.030590000000000000e+09,-6.852450558116464663e+01,-9.639515742599104442e+01
1.030595000000000000e+09,-6.857762298568704296e+01,-9.640113154423411856e+01
1.030600000000000000e+09,-6.863041181984887373e+01,-9.640710675105871985e+01
1.030605000000000000e+09,-6.868287566569351554e+01,-9.641308304705731302e+01
1.030610000000000000e+09,-6.873501804222553346e+01,-9.641906043282288863e+01
1.030615000000000000e+09,-6.878684240686214935e+01,-9.642503890894865037e+01
1.030620000000000000e+09,-6.883835215685277831e+01,-9.643101847602810039e+01
1.030625000000000000e+09,-6.888955063065601792e+01,-9.643699913465512452e+01
1.030630000000000000e+09,-6.894044110927738700e+01,-9.644298088542393543e+01
1.030635000000000000e+09,-6.899102681756923516e+01,-9.644896372892894476e+01
1.030640000000000000e+09,-6.904131092549408777e+01,-9.645494766576497625e+01
1.030645000000000000e+09,-6.909129654935448173e+01,-9.646093269652723734e+01
1.030650000000000000e+09,-6.914098675297934449e+01,-9.646691882181104916e+01
1.030655000000000000e+09,-6.919038454889411582e+01,-9.647290604221224442e+01
1.030660000000000000e+09,-6.923949289944948760e+01,-9.647889435832689742e+01
1.030665000000000000e+09,-6.928831471791190211e+01,-9.648488377075150879e+01
1.030670000000000000e+09,-6.933685286953175364e+01,-9.649087428008266443e+01
1.030675000000000000e+09,-6.938511017259153846e+01,-9.649686588691747602e+01
1.030680000000000000e+09,-6.943308939940969537e+01,-9.650285859185336790e+01
1.030685000000000000e+09,-6.948079327732654065e+01,-9.650885239548793493e+01
1.030690000000000000e+09,-6.952822448966193747e+01,-9.651484729841925514e+01
1.030695000000000000e+09,-6.957538567664958862e+01,-9.652084330124571920e+01
1.030700000000000000e+09,-6.962227943633601512e+01,-9.652684040456590253e+01
1.030705000000000000e+09,-6.966890832548219237e+01,-9.653283860897877844e+01
1.030710000000000000e+09,-6.971527486040690746e+01,-9.653883791508374657e+01
1.030715000000000000e+09,-6.976138151783584362e+01,-9.654483832348043393e+01
1.030720000000000000e+09,-6.980723073570983672e+01,-9.655083983476873755e+01
1.030725000000000000e+09,-6.985282491399124183e+01,-9.655684244954899498e+01
1.030730000000000000e+09,-6.989816641543258413e+01,-9.656284616842184221e+01
1.030735000000000000e+09,-6.994325756633409696e+01,-9.656885099198817102e+01
1.030740000000000000e+09,-6.998810065728045515e+01,-9.657485692084920004e+01
1.030745000000000000e+09,-7.003269794385903424e+01,-9.658086395560670212e+01
1.030750000000000000e+09,-7.007705164736002246e+01,-9.658687209686237907e+01
1.030755000000000000e+09,-7.012116395545908176e+01,-9.659288134521861480e+01
1.030760000000000000e+09,-7.016503702288487432e+01,-9.659889170127803482e+01
1.030765000000000000e+09,-7.020867297206181945e+01,-9.660490316564336410e+01
1.030770000000000000e+09,-7.025207389375322009e+01,-9.661091573891798134e+01
1.030775000000000000e+09,-7.029524184767113582e+01,-9.661692942170543574e+01
1.030780000000000000e+09,-7.033817886308872858e+01,-9.662294421460957494e+01
1.030785000000000000e+09,-7.038088693941274698e+01,-9.662896011823464448e+01
1.030790000000000000e+09,-7.042336804677336204e+01,-9.663497713318521676e+01
1.030795000000000000e+09,-7.046562412657668517e+01,-9.664099526006620522e+01
1.030800000000000000e+09,-7.050765709205316512e+01,-9.664701449948273648e+01
1.030805000000000000e+09,-7.054946882879158920e+01,-9.665303485204040612e+01
1.030810000000000000e+09,-7.059106119526200018e+01,-9.665905631834516498e+01
1.030815000000000000e+09,-7.063243602331846205e+01,-9.666507889900309181e+01
1.030820000000000000e+09,-7.067359511870402855e+01,-9.667110259462083377e+01
1.030825000000000000e+09,-7.071454026153756445e+01,-9.667712740580526543e+01
1.030830000000000000e+09,-7.075527320677448984e+01,-9.668315333316357396e+01
1.030835000000000000e+09,-7.079579568468516015e+01,-9.668918037730330184e+01
1.030840000000000000e+09,-7.083610940129999278e+01,-9.669520853883236100e+01
1.030845000000000000e+09,-7.087621603885322941e+01,-9.670123781835903287e+01
1.030850000000000000e+09,-7.091611725621510232e+01,-9.670726821649169835e+01
1.030855000000000000e+09,-7.095581468931429470e+01,-9.671329973383939205e+01
1.030860000000000000e+09,-7.099530995155214441e+01,-9.671933237101134750e+01
1.030865000000000000e+09,-7.103460463419904158e+01,-9.672536612861702565e+01
1.030870000000000000e+09,-7.107370030680344541e+01,-9.673140100726641322e+01
1.030875000000000000e+09,-7.111259851756446437e+01,-9.673743700756973851e+01
1.030880000000000000e+09,-7.115130079371064653e+01,-9.674347413013751407e+01
1.030885000000000000e+09,-7.118980864187595614e+01,-9.674951237558073558e+01
1.030890000000000000e+09,-7.122812354845331129e+01,-9.675555174451059770e+01
1.030895000000000000e+09,-7.126624697995582380e+01,-9.676159223753877825e+01
1.030900000000000000e+09,-7.130418038334804010e+01,-9.676763385527709715e+01
1.030905000000000000e+09,-7.134192518639744662e+01,-9.677367659833788593e+01
1.030910000000000000e+09,-7.137948279799792317e+01,-9.677972046733381717e+01
1.030915000000000000e+09,-7.141685460849421929e+01,-9.678576546287771976e+01
1.030920000000000000e+09,-7.145404198999838741e+01,-9.679181158558293419e+01
1.030925000000000000e+09,-7.149104629670051736e+01,-9.679785883606319885e+01
1.030930000000000000e+09,-7.152786886516651066e+01,-9.680390721493233741e+01
1.030935000000000000e+09,-7.156451101464115538e+01,-9.680995672280475617e+01
1.030940000000000000e+09,-7.160097404733976134e+01,-9.681600736029515986e+01
1.030945000000000000e+09,-7.163725924872052531e+01,-9.682205912801845216e+01
1.030950000000000000e+09,-7.167336788777586776e+01,-9.682811202659004834e+01
1.030955000000000000e+09,-7.170930121729837481e+01,-9.683416605662560528e+01
1.030960000000000000e+09,-7.174506047414892862e+01,-9.684022121874124878e+01
1.030965000000000000e+09,-7.178064687951794554e+01,-9.684627751355327518e+01
1.030970000000000000e+09,-7.181606163918141306e+01,-9.685233494167840718e+01
1.030975000000000000e+09,-7.185130594375264934e+01,-9.685839350373385059e+01
1.030980000000000000e+09,-7.188638096892174190e+01,-9.686445320033686812e+01
1.030985000000000000e+09,-7.192128787570867132e+01,-9.687051403210531930e+01
1.030990000000000000e+09,-7.195602781068754439e+01,-9.687657599965733368e+01
1.030995000000000000e+09,-7.199060190621908362e+01,-9.688263910361132503e+01
1.031000000000000000e+09,-7.202501128068290370e+01,-9.688870334458606237e+01
1.031005000000000000e+09,-7.205925703869456811e+01,-9.689476872320085477e+01
1.031010000000000000e+09,-7.209334027132402412e+01,-9.690083524007508231e+01
1.031015000000000000e+09,-7.212726205630865195e+01,-9.690690289582862249e+01
1.031020000000000000e+09,-7.216102345826226383e+01,-9.691297169108173648e+01
1.031025000000000000e+09,-7.219462552887962659e+01,-9.691904162645498388e+01
1.031030000000000000e+09,-7.222806930713740314e+01,-9.692511270256916589e+01
1.031035000000000000e+09,-7.226135581949071707e+01,-9.693118492004566633e+01
1.031040000000000000e+09,-7.229448608006738652e+01,-9.693725827950606799e+01
1.031045000000000000e+09,-7.232746109085252328e+01,-9.694333278157228051e+01
1.031050000000000000e+09,-7.236028184188094770e+01,-9.694940842686662563e+01
1.031055000000000000e+09,-7.239294931141468226e+01,-9.695548521601183722e+01
1.031060000000000000e+09,-7.242546446612249156e+01,-9.696156314963089073e+01
1.031065000000000000e+09,-7.245782826125496001e+01,-9.696764222834713109e+01
1.031070000000000000e+09,-7.249004164081638635e+01,-9.697372245278430114e+01
1.031075000000000000e+09,-7.252210553773313961e+01,-9.697980382356655582e+01
1.031080000000000000e+09,-7.255402087401901667e+01,-9.698588634131824904e+01
1.031085000000000000e+09,-7.258578856093744491e+01,-9.699197000666417523e+01
1.031090000000000000e+09,-7.261740949916180909e+01,-9.699805482022954095e+01
1.031095000000000000e+09,-7.264888457892598694e+01,-9.700414078263980855e+01
1.031100000000000000e+09,-7.268021468018885400e+01,-9.701022789452079564e+01
1.031105000000000000e+09,-7.271140067277451635e+01,-9.701631615649881724e+01
1.031110000000000000e+09,-7.274244341652136825e+01,-9.702240556920034464e+01
1.031115000000000000e+09,-7.277334376143231509e+01,-9.702849613325234657e+01
1.031120000000000000e+09,-7.280410254781277501e+01,-9.703458784928221803e+01
1.031125000000000000e+09,-7.283472060641133794e+01,-9.704068071791739669e+01
1.031130000000000000e+09,-7.286519875855699979e+01,-9.704677473978603075e+01
1.031135000000000000e+09,-7.289553781629372509e+01,-9.705286991551646736e+01
1.031140000000000000e+09,-7.292573858251267893e+01,-9.705896624573745157e+01
1.031145000000000000e+09,-7.295580185108204319e+01,-9.706506373107802688e+01
1.031150000000000000e+09,-7.298572840697445940e+01,-9.707116237216764887e+01
