scenario,method,quantity,rmse,bias,mae,maxerr,loa_lo,loa_hi,sensitivity,false_alarms_per_h,latency_s,seed,device,snr,runtime_s,bone,coverage95,rmse_rel,grad_rmse,g_rmse
S1-bedside,NIRS rScO2,sO2,4.289051993893152,3.8073438682355727,3.8528172664728655,13.349392564085406,-0.0633954555550785,7.678083192026225,1.0,0.2001111728738188,30.0,10,bedside,156.22315963920113,376.44462156295776,0.07851726791110425,,,,
S1-bedside,PA linear unmixing,sO2,1.2334828761496668,-0.18500561505735214,0.9088097249538564,11.090010717020071,-2.5752840190905704,2.205272788975866,0.5,0.0,40.0,10,bedside,156.22315963920113,376.4446294307709,0.07851726791110425,,,,
S1-bedside,PA fluence-compensated,sO2,8.349974678266625,-7.69294307821677,7.700349095135895,47.26200031253739,-14.056367328621356,-1.3295188278121843,1.0,1.6008893829905504,20.0,10,bedside,156.22315963920113,376.4446313381195,0.07851726791110425,,,,
S1-bedside,Proposed EKF,sO2,13.432726920012755,13.330585533059683,13.351376740435489,49.05959163607187,10.089974704206575,16.57119636191279,0.5,0.0,20.0,10,bedside,156.22315963920113,376.4446325302124,0.07851726791110425,0.01611111111111111,,,
S1-bedside,EKF -echo,sO2,11.330643893746334,10.573691608217988,10.886536426801264,34.33896878598546,2.592727364952048,18.554655851483933,0.0,0.7003891050583658,,10,bedside,156.22315963920113,376.44463419914246,0.07851726791110425,,,,
S1-bedside,EKF -reference,sO2,13.06238456194459,12.9825489271999,13.00813019541643,37.14938205198644,10.156263045956935,15.808834808442862,0.5,0.0,20.0,10,bedside,156.22315963920113,376.44463539123535,0.07851726791110425,,,,
S1-bedside,EKF -fluence corr.,sO2,3.8208226569289434,-3.6386022827772786,3.6852899831390826,7.395766999721776,-5.923712817532337,-1.3534917480222206,0.5,0.0,40.0,10,bedside,156.22315963920113,376.4446361064911,0.07851726791110425,,,,
S1-bedside,EKF -depth gating,sO2,16.22257116340069,-15.415673117492245,15.499234153584702,29.36117004677343,-25.318782835509484,-5.512563399475005,0.5,0.7003891050583658,160.0,10,bedside,156.22315963920113,376.4446368217468,0.07851726791110425,,,,
S1-bedside,Rectal proxy,T,0.6164055079519791,-0.5993081199031296,0.5993081199031296,1.059279414045747,-0.8818849820607063,-0.3167312577455529,,,,10,bedside,156.22315963920113,376.44463777542114,0.07851726791110425,,0.5266314655778604,,
S1-bedside,Scalp thermistor,T,3.4445453899741363,-3.437275393826663,3.437275393826663,4.016051149233586,-3.8756797299668855,-2.9988710576864404,,,,10,bedside,156.22315963920113,376.4446396827698,0.07851726791110425,,0.2595801825568893,,
S1-bedside,PA amplitude (800 nm),T,8.57401841208729,-7.063511305028096,7.081866554491937,22.064301862752043,-16.58931290352464,2.462290293468448,,,,10,bedside,156.22315963920113,376.4446403980255,0.07851726791110425,,8.597105637347605,,
S1-bedside,Echo shift only,T,0.41305870312043486,-0.3779782865468029,0.37819467659340716,0.6435501920262183,-0.7044810326340016,-0.051475540459604174,,,,10,bedside,156.22315963920113,376.444641828537,0.07851726791110425,,0.43883208523949546,,
S1-bedside,Proposed EKF,T,0.43194200001434335,-0.37488064731997445,0.39759660465202884,0.6676675279697548,-0.7954292001999029,0.045667905559954036,,,,10,bedside,156.22315963920113,376.4446425437927,0.07851726791110425,0.8361111111111111,0.4542996979237857,0.3563963997458941,0.05152361557570557
S1-bedside,EKF -echo,T,22.462157230804486,-20.909213562221986,20.92366487876423,28.972373767213718,-36.99474807770661,-4.823679046737361,,,,10,bedside,156.22315963920113,376.44464325904846,0.07851726791110425,,22.4563061867614,,
S1-bedside,EKF -reference,T,0.432986644733378,-0.3784744927895086,0.39700123039648944,0.6899981467471008,-0.790701648175056,0.03375266259603865,,,,10,bedside,156.22315963920113,376.4446439743042,0.07851726791110425,,0.45639036409184636,,
S1-bedside,EKF -fluence corr.,T,0.4352737520734772,-0.39204618829790316,0.39377765055042147,0.6706076002791619,-0.7627040341665354,-0.021388342429270846,,,,10,bedside,156.22315963920113,376.44464468955994,0.07851726791110425,,0.45742840703200316,,
S1-bedside,EKF -depth gating,T,0.45192406785810973,-0.4068891871209098,0.4113820793359293,0.6963647553866963,-0.7923497481850565,-0.0214286260567631,,,,10,bedside,156.22315963920113,376.44464564323425,0.07851726791110425,,0.4660229944065506,,
S1-wearable,NIRS rScO2,sO2,4.289051993893152,3.8073438682355727,3.8528172664728655,13.349392564085406,-0.0633954555550785,7.678083192026225,1.0,0.2001111728738188,30.0,10,wearable,50.68262692296184,150.19067096710205,0.07851726791110425,,,,
S1-wearable,PA linear unmixing,sO2,1.396814462139118,-0.0037547898446925,1.013075537228734,13.176695481105494,-2.741501244199971,2.733991664510586,0.5,0.0,40.0,10,wearable,50.68262692296184,150.19067645072937,0.07851726791110425,,,,
S1-wearable,PA fluence-compensated,sO2,6.010204852740169,-5.265376708172449,5.311445686171782,39.56697347883478,-10.945445377270122,0.4146919609252245,1.0,1.5008337965536411,20.0,10,wearable,50.68262692296184,150.19067811965942,0.07851726791110425,,,,
S1-wearable,Proposed EKF,sO2,10.28632299723232,-1.1780185637717508,9.256112905783027,37.909975329745905,-21.206563476406256,18.850526348862754,0.5,0.7003891050583658,120.0,10,wearable,50.68262692296184,150.19067907333374,0.07851726791110425,0.815,,,
S1-wearable,Rectal proxy,T,0.6164055079519791,-0.5993081199031296,0.5993081199031296,1.059279414045747,-0.8818849820607063,-0.3167312577455529,,,,10,wearable,50.68262692296184,150.1906795501709,0.07851726791110425,,0.5266314655778604,,
S1-wearable,Scalp thermistor,T,3.4445453899741363,-3.437275393826663,3.437275393826663,4.016051149233586,-3.8756797299668855,-2.9988710576864404,,,,10,wearable,50.68262692296184,150.1906807422638,0.07851726791110425,,0.2595801825568893,,
S1-wearable,PA amplitude (800 nm),T,8.633316759374333,-7.148674017576447,7.162432767347964,22.05796482572921,-16.63609001626009,2.338741981107196,,,,10,wearable,50.68262692296184,150.1906816959381,0.07851726791110425,,8.656521362825519,,
S1-wearable,Echo shift only,T,0.40507799113628584,-0.36952865138196206,0.36983368318678167,0.6295179126958672,-0.6947750147700134,-0.04428228799391082,,,,10,wearable,50.68262692296184,150.19068264961243,0.07851726791110425,,0.43077952059486674,,
S1-wearable,Proposed EKF,T,0.4226454244927435,-0.3606882442584342,0.3882897768401319,0.6721323144365456,-0.7924809387061381,0.0711044501892697,,,,10,wearable,50.68262692296184,150.19068336486816,0.07851726791110425,0.8677777777777778,0.4500930307063012,0.34708648560224487,0.05154976717513526
S2-bedside,NIRS rScO2,sO2,6.030389444867527,0.3892621465559816,4.82682892745413,23.802626676558415,-11.405651094878632,12.184175387990596,1.0,96.07116382505559,5.0,10,bedside,65.21426186961159,282.6047170162201,0.07851726791110425,,,,
S2-bedside,PA linear unmixing,sO2,3.6021547144494703,-2.0159301736674182,3.312044476137911,9.686547440677295,-7.866963236129937,3.8351028887950993,0.75,0.0,8.0,10,bedside,65.21426186961159,282.6047258377075,0.07851726791110425,,,,
S2-bedside,PA fluence-compensated,sO2,4.582171618615219,-3.8699265699962444,4.295537601116474,8.9732700866621,-8.678907529785059,0.9390543897925694,0.9166666666666666,0.0,8.0,10,bedside,65.21426186961159,282.60472798347473,0.07851726791110425,,,,
S2-bedside,Proposed EKF,sO2,2.576232307976243,-0.8669010066284801,2.153156226838903,9.333347499684496,-5.621852745442319,3.888050732185359,0.9166666666666666,0.0,8.0,10,bedside,65.21426186961159,282.60472989082336,0.07851726791110425,0.43333333333333335,,,
S2-bedside,EKF -echo,sO2,4.732126731141773,1.7979382435580626,2.695084450225131,23.075578996374514,-6.781499497844141,10.377375984960267,0.5,0.0,23.0,10,bedside,65.21426186961159,282.604731798172,0.07851726791110425,,,,
S2-bedside,EKF -reference,sO2,2.9654808303169315,1.3946897872688768,1.6947459118376196,12.430240815332505,-3.7347155743516667,6.524095148889419,0.75,0.0,8.0,10,bedside,65.21426186961159,282.60473370552063,0.07851726791110425,,,,
S2-bedside,EKF -fluence corr.,sO2,3.632580411457647,-2.0396338599105395,3.3712842435602486,10.081600367461807,-7.931230251500525,3.8519625316794466,0.75,0.0,10.0,10,bedside,65.21426186961159,282.604736328125,0.07851726791110425,,,,
S2-bedside,EKF -depth gating,sO2,4.058793549837092,1.4808295768058641,2.0670395098836507,17.982157186798496,-5.926038390265714,8.887697543877444,0.5,0.0,37.0,10,bedside,65.21426186961159,282.60473799705505,0.07851726791110425,,,,
S2-bedside,Rectal proxy,T,0.3249129333811848,-0.3068649381170175,0.30723301814317944,0.6619869756771237,-0.516157002000063,-0.09757287423397198,,,,10,bedside,65.21426186961159,282.6047399044037,0.07851726791110425,,0.12689686349291532,,
S2-bedside,Scalp thermistor,T,1.4093798187375726,-1.4038500055310923,1.4038500055310923,1.8051524895446818,-1.648313439785589,-1.1593865712765956,,,,10,bedside,65.21426186961159,282.6047430038452,0.07851726791110425,,0.14666671565622066,,
S2-bedside,PA amplitude (800 nm),T,6.161975110000139,-4.583834064499095,4.58822402644066,19.598010389220203,-12.655227942979598,3.4875598139814077,,,,10,bedside,65.21426186961159,282.6047444343567,0.07851726791110425,,6.251664282964209,,
S2-bedside,Echo shift only,T,0.1081906769839558,0.10519469546624181,0.10519469546624181,0.19131927138601412,0.05563735872651547,0.15475203220596817,,,,10,bedside,65.21426186961159,282.60474586486816,0.07851726791110425,,0.029238458191366376,,
S2-bedside,Proposed EKF,T,0.11113246767207624,0.11011128161502733,0.11011128161502733,0.1510608192103291,0.08065051698715253,0.13957204624290212,,,,10,bedside,65.21426186961159,282.60474729537964,0.07851726791110425,1.0,0.015251137432427606,0.4658130003887028,0.06187834590245219
S2-bedside,EKF -echo,T,30.01243232981754,25.4100939485001,25.4100939485001,64.55957464663024,-5.893089300046157,56.71327719704636,,,,10,bedside,65.21426186961159,282.60474848747253,0.07851726791110425,,29.968688005995595,,
S2-bedside,EKF -reference,T,0.11143407526247295,0.110484322140499,0.110484322140499,0.15094132738915533,0.08202935489729488,0.13893928938370312,,,,10,bedside,65.21426186961159,282.604749917984,0.07851726791110425,,0.014721645446917312,,
S2-bedside,EKF -fluence corr.,T,0.11095727695667333,0.10992899911272368,0.10992899911272368,0.15102541999281272,0.08039000670258199,0.13946799152286535,,,,10,bedside,65.21426186961159,282.6047513484955,0.07851726791110425,,0.01526867641513421,,
S2-bedside,EKF -depth gating,T,0.10596745318244834,0.10488620836450846,0.10488620836450846,0.14609817795076907,0.0752918679929308,0.13448054873608611,,,,10,bedside,65.21426186961159,282.6047534942627,0.07851726791110425,,0.015193547099409246,,
S2-wearable,NIRS rScO2,sO2,6.030389444867527,0.3892621465559816,4.82682892745413,23.802626676558415,-11.405651094878632,12.184175387990596,1.0,96.07116382505559,5.0,10,wearable,26.231674762037073,133.2237720489502,0.07851726791110425,,,,
S2-wearable,PA linear unmixing,sO2,3.893007751824057,-2.0002520513301985,3.5225388013858883,11.255980760172758,-8.54632960781235,4.545825505151954,0.75,0.0,8.0,10,wearable,26.231674762037073,133.22378849983215,0.07851726791110425,,,,
S2-wearable,PA fluence-compensated,sO2,4.426500350963783,-3.505622311692168,4.090124630604686,9.994627215466956,-8.802889029266636,1.7916444058822998,0.9166666666666666,0.0,6.0,10,wearable,26.231674762037073,133.22378969192505,0.07851726791110425,,,,
S2-wearable,Proposed EKF,sO2,3.1003113106340185,-1.3606006217709603,2.68694659410533,11.996208808877473,-6.820773733500948,4.099572489959027,0.75,0.0,10.0,10,wearable,26.231674762037073,133.22379064559937,0.07851726791110425,0.6074074074074074,,,
S2-wearable,Rectal proxy,T,0.3249129333811848,-0.3068649381170175,0.30723301814317944,0.6619869756771237,-0.516157002000063,-0.09757287423397198,,,,10,wearable,26.231674762037073,133.2237913608551,0.07851726791110425,,0.12689686349291532,,
S2-wearable,Scalp thermistor,T,1.4093798187375726,-1.4038500055310923,1.4038500055310923,1.8051524895446818,-1.648313439785589,-1.1593865712765956,,,,10,wearable,26.231674762037073,133.22379231452942,0.07851726791110425,,0.14666671565622066,,
S2-wearable,PA amplitude (800 nm),T,6.08410550809786,-4.473017861960284,4.4848733873580136,19.353538813226656,-12.556313323356466,3.6102775994358973,,,,10,wearable,26.231674762037073,133.22379302978516,0.07851726791110425,,6.172774102058258,,
S2-wearable,Echo shift only,T,0.10208428697025543,0.09909753599131564,0.09909753599131564,0.17775096461332396,0.05105234233321824,0.14714272964941305,,,,10,wearable,26.231674762037073,133.22379422187805,0.07851726791110425,,0.032135535653745814,,
S2-wearable,Proposed EKF,T,0.10104419635187663,0.09990816513711322,0.09990816513711322,0.14071634867992344,0.07029411817417534,0.12952221210005108,,,,10,wearable,26.231674762037073,133.22379541397095,0.07851726791110425,1.0,0.015538927625643212,0.45365148640819386,0.06168397114409367
S1-bedside,NIRS rScO2,sO2,13.08182468934079,12.927833391605455,12.927833391605455,20.409999825301085,9.00525634793818,16.85041043527273,1.0,0.2001111728738188,30.0,11,bedside,526.6258966516526,375.6634666919708,0.006563118465733382,,,,
S1-bedside,PA linear unmixing,sO2,0.5913780776356876,0.4998095648127392,0.508586044946107,3.213430874755674,-0.1197440158126728,1.1193631454381512,1.0,0.0,30.0,11,bedside,526.6258966516526,375.6634726524353,0.006563118465733382,,,,
S1-bedside,PA fluence-compensated,sO2,1.0255127235579715,-1.0184932840473415,1.0184932840473415,1.4006406402273797,-1.2532664049890008,-0.7837201631056824,1.0,0.0,30.0,11,bedside,526.6258966516526,375.6634747982025,0.006563118465733382,,,,
S1-bedside,Proposed EKF,sO2,0.7213855114628879,-0.6800322449819023,0.6897430821626814,2.3877149932193475,-1.1518722820151408,-0.20819220794866378,1.0,0.0,30.0,11,bedside,526.6258966516526,375.663476228714,0.006563118465733382,1.0,,,
S1-bedside,EKF -echo,sO2,24.84905843669504,-23.80898289077999,23.98367812118153,50.00954843323571,-37.75229104293902,-9.865674738620964,0.5,22.01222901612007,20.0,11,bedside,526.6258966516526,375.6634771823883,0.006563118465733382,,,,
S1-bedside,EKF -reference,sO2,1.1935370965975634,1.1133815110095013,1.1238447756346894,5.528011067982275,0.27055322390558656,1.956209798113416,1.0,0.0,30.0,11,bedside,526.6258966516526,375.66347765922546,0.006563118465733382,,,,
S1-bedside,EKF -fluence corr.,sO2,0.6236071216979548,-0.5459468970156038,0.5685071690731918,2.7307911714492983,-1.1366449447108113,0.04475115067960368,1.0,0.0,30.0,11,bedside,526.6258966516526,375.6634781360626,0.006563118465733382,,,,
S1-bedside,EKF -depth gating,sO2,0.4456255164254724,-0.17324304440778018,0.33074830545177564,3.9016415101487456,-0.977963164934222,0.6314770761186614,1.0,0.0,30.0,11,bedside,526.6258966516526,375.66347885131836,0.006563118465733382,,,,
S1-bedside,Rectal proxy,T,0.4545977281491622,-0.4336028567217403,0.4336546013440731,0.8554087768030101,-0.701253448805621,-0.16595226463785967,,,,11,bedside,526.6258966516526,375.6634798049927,0.006563118465733382,,0.2800239144737934,,
S1-bedside,Scalp thermistor,T,1.9536920958718342,-1.9430088983094906,1.9430088983094906,2.625109867556489,-2.3429124326292365,-1.5431053639897447,,,,11,bedside,526.6258966516526,375.663480758667,0.006563118465733382,,0.28411897151591925,,
S1-bedside,PA amplitude (800 nm),T,6.2619345906888215,-4.631652601782304,5.0387762301595975,16.563044785522084,-12.891516543104203,3.628211339539596,,,,11,bedside,526.6258966516526,375.66348147392273,0.006563118465733382,,6.388702028501038,,
S1-bedside,Echo shift only,T,0.43029119576586106,0.4140744189201592,0.4140744189201592,0.5916878627131084,0.18472184880100895,0.6434269890393095,,,,11,bedside,526.6258966516526,375.66348218917847,0.006563118465733382,,0.2706729447981697,,
S1-bedside,Proposed EKF,T,0.43613858182976006,0.41950679099190297,0.41950679099190297,0.6156047589777955,0.18569173037165124,0.6533218516121547,,,,11,bedside,526.6258966516526,375.66348361968994,0.006563118465733382,1.0,0.27807956554685076,0.46738262559383453,0.0642080954541757
S1-bedside,EKF -echo,T,28.931183824472242,-28.78781659404927,28.790094332107635,31.23766999481057,-34.42601584869345,-23.14961733940509,,,,11,bedside,526.6258966516526,375.6634840965271,0.006563118465733382,,29.06857860884538,,
S1-bedside,EKF -reference,T,0.4633499007539935,0.42858716298056176,0.42858716298056176,0.9333885943412454,0.08345918812815162,0.7737151378329719,,,,11,bedside,526.6258966516526,375.66348481178284,0.006563118465733382,,0.3097265147730937,,
S1-bedside,EKF -fluence corr.,T,0.4383864924703548,0.4214872293291434,0.4214872293291434,0.6224942395764614,0.18521792963827316,0.6577565290200136,,,,11,bedside,526.6258966516526,375.6634855270386,0.006563118465733382,,0.2803006739033252,,
S1-bedside,EKF -depth gating,T,0.43063857604217204,0.4146259641157925,0.4146259641157925,0.6052787382751958,0.18660042789991485,0.6426515003316702,,,,11,bedside,526.6258966516526,375.66348600387573,0.006563118465733382,,0.2721756347435888,,
S1-wearable,NIRS rScO2,sO2,13.08182468934079,12.927833391605455,12.927833391605455,20.409999825301085,9.00525634793818,16.85041043527273,1.0,0.2001111728738188,30.0,11,wearable,120.38232937918748,152.31017112731934,0.006563118465733382,,,,
S1-wearable,PA linear unmixing,sO2,0.6477777972694049,0.5586438373094615,0.5695471289530821,2.558644875326621,-0.0840841780114088,1.2013718526303319,1.0,0.0,30.0,11,wearable,120.38232937918748,152.3101785182953,0.006563118465733382,,,,
S1-wearable,PA fluence-compensated,sO2,1.081177476533275,-1.0722383107281659,1.0722383107281659,1.5519804808479143,-1.3441754434275495,-0.8003011780287825,1.0,0.0,30.0,11,wearable,120.38232937918748,152.31018018722534,0.006563118465733382,,,,
S1-wearable,Proposed EKF,sO2,0.3364089020786052,-0.2514397777947997,0.26828106813681196,3.8673793425591074,-0.68948547236851,0.18660591677891059,1.0,0.0,30.0,11,wearable,120.38232937918748,152.31018114089966,0.006563118465733382,0.9983333333333333,,,
S1-wearable,Rectal proxy,T,0.4545977281491622,-0.4336028567217403,0.4336546013440731,0.8554087768030101,-0.701253448805621,-0.16595226463785967,,,,11,wearable,120.38232937918748,152.3101818561554,0.006563118465733382,,0.2800239144737934,,
S1-wearable,Scalp thermistor,T,1.9536920958718342,-1.9430088983094906,1.9430088983094906,2.625109867556489,-2.3429124326292365,-1.5431053639897447,,,,11,wearable,120.38232937918748,152.3101830482483,0.006563118465733382,,0.28411897151591925,,
S1-wearable,PA amplitude (800 nm),T,6.280196101469629,-4.630270692339418,5.049985037562772,16.630829128370323,-12.946182840886763,3.685641456207926,,,,11,wearable,120.38232937918748,152.3101840019226,0.006563118465733382,,6.406565539106602,,
S1-wearable,Echo shift only,T,0.42667741098418627,0.41008129442911656,0.41008129442911656,0.5951067833275445,0.17910924433327075,0.6410533445249624,,,,11,wearable,120.38232937918748,152.31018495559692,0.006563118465733382,,0.26744088625131507,,
S1-wearable,Proposed EKF,T,0.4609437512675095,0.42554466875291347,0.42554466875291347,0.9293300868090952,0.07833756047264323,0.7727517770331838,,,,11,wearable,120.38232937918748,152.31018614768982,0.006563118465733382,0.7583333333333333,0.31534051310692424,0.5357425169388015,0.05798724896937113
S2-bedside,NIRS rScO2,sO2,9.043109260154655,6.651635798738541,7.463191832169935,25.34068367267071,-5.356234464862775,18.659506062339855,0.9166666666666666,96.07116382505559,2.0,11,bedside,202.27736014720531,279.3624978065491,0.006563118465733382,,,,
S2-bedside,PA linear unmixing,sO2,0.9991914426059015,0.4520897437816017,0.5646495138064243,4.1337477410597785,-1.2943993810669816,2.1985788686301846,0.9166666666666666,0.0,2.0,11,bedside,202.27736014720531,279.3625063896179,0.006563118465733382,,,,
S2-bedside,PA fluence-compensated,sO2,0.6601380761892139,-0.5652853229990042,0.5830090231760013,1.7177243524132413,-1.2335124874289882,0.10294184143097998,0.9166666666666666,0.0,2.0,11,bedside,202.27736014720531,279.36250853538513,0.006563118465733382,,,,
S2-bedside,Proposed EKF,sO2,0.7659422047559291,0.30282511024475584,0.5081302752593424,3.7640312307184454,-1.0761075535961047,1.6817577740856162,0.9166666666666666,0.0,4.0,11,bedside,202.27736014720531,279.3625099658966,0.006563118465733382,0.9303703703703704,,,
S2-bedside,EKF -echo,sO2,12.194214079826562,-8.507751181894333,10.253247067981702,21.335205435232396,-25.63023611700722,8.614733753218552,0.5,0.0,18.0,11,bedside,202.27736014720531,279.36251068115234,0.006563118465733382,,,,
S2-bedside,EKF -reference,sO2,1.062728617798931,0.6309845772557868,0.8023940198800955,4.5424475861446485,-1.045073960446686,2.30704311495826,0.9166666666666666,0.0,4.0,11,bedside,202.27736014720531,279.36251163482666,0.006563118465733382,,,,
S2-bedside,EKF -fluence corr.,sO2,1.1231413781533037,-0.5330221906827194,0.986980981105408,4.318282329774159,-2.4706820959677773,1.4046377146023388,0.9166666666666666,0.0,4.0,11,bedside,202.27736014720531,279.3625133037567,0.006563118465733382,,,,
S2-bedside,EKF -depth gating,sO2,1.9851552726034734,1.4166190135997565,1.6216715400515096,9.341124938467438,-1.3091427943339924,4.142380821533505,0.9166666666666666,0.0,6.0,11,bedside,202.27736014720531,279.36251425743103,0.006563118465733382,,,,
S2-bedside,Rectal proxy,T,0.41339105365857987,-0.40002402434036666,0.400074228002623,0.7488529799790982,-0.6043999000688609,-0.19564814861187244,,,,11,bedside,202.27736014720531,279.36251521110535,0.006563118465733382,,0.10913087353865171,,
S2-bedside,Scalp thermistor,T,1.614035966976697,-1.6090021047308276,1.6090021047308276,2.1013354035467415,-1.8586566357242607,-1.3593475737373946,,,,11,bedside,202.27736014720531,279.36251759529114,0.006563118465733382,,0.15684057612675492,,
S2-bedside,PA amplitude (800 nm),T,3.7734780498473564,-2.594531572798087,2.757611725756948,12.262722905342045,-7.96491101079705,2.775847865200876,,,,11,bedside,202.27736014720531,279.36251878738403,0.006563118465733382,,3.7915085021796093,,
S2-bedside,Echo shift only,T,0.028691337141479586,-0.014910956007805586,0.022944486591029913,0.10079944783837647,-0.06295519860441726,0.03313328658880609,,,,11,bedside,202.27736014720531,279.36251974105835,0.006563118465733382,,0.04782476168396512,,
S2-bedside,Proposed EKF,T,0.020511870978206222,-0.01418802918714578,0.016698771000127625,0.055119274511618244,-0.0432222838757271,0.014846225501435543,,,,11,bedside,202.27736014720531,279.36252093315125,0.006563118465733382,1.0,0.03745051616350398,0.25151224896939073,0.06287833523497952
S2-bedside,EKF -echo,T,41.78058429264055,38.80164427255917,38.82056566498426,70.27500632592518,8.434315749474287,69.16897279564407,,,,11,bedside,202.27736014720531,279.36252188682556,0.006563118465733382,,41.784798124040925,,
S2-bedside,EKF -reference,T,0.02255176779768661,-0.01400972590012739,0.018085359703226177,0.05932777907845832,-0.04864741303355553,0.020627961233300747,,,,11,bedside,202.27736014720531,279.36252307891846,0.006563118465733382,,0.043738135509671185,,
S2-bedside,EKF -fluence corr.,T,0.019448564947726867,-0.01333738424917742,0.01595470222643491,0.05016838070250884,-0.04108096511849425,0.01440619662013941,,,,11,bedside,202.27736014720531,279.36252450942993,0.006563118465733382,,0.036827586795664745,,
S2-bedside,EKF -depth gating,T,0.020316715165416516,-0.013762059892145212,0.016509542317513837,0.05502139424171304,-0.04305567609644622,0.015531556312155796,,,,11,bedside,202.27736014720531,279.36252641677856,0.006563118465733382,,0.03811686135524898,,
S2-wearable,NIRS rScO2,sO2,9.043109260154655,6.651635798738541,7.463191832169935,25.34068367267071,-5.356234464862775,18.659506062339855,0.9166666666666666,96.07116382505559,2.0,11,wearable,68.89623665506511,136.96087288856506,0.006563118465733382,,,,
S2-wearable,PA linear unmixing,sO2,0.9064287683581372,0.4432817633680876,0.5782153650995036,3.5117814869122688,-1.1063760834016778,1.9929396101378534,0.9166666666666666,0.0,2.0,11,wearable,68.89623665506511,136.96087884902954,0.006563118465733382,,,,
S2-wearable,PA fluence-compensated,sO2,0.8872155957600101,-0.8059071254870782,0.8111827653074244,2.173973138997287,-1.5331310959346047,-0.07868315503955164,0.9166666666666666,0.0,2.0,11,wearable,68.89623665506511,136.96088027954102,0.006563118465733382,,,,
S2-wearable,Proposed EKF,sO2,0.9376890483510569,0.12967024668291402,0.4849402973962876,5.252173822688966,-1.6905423803837194,1.9498828737495477,0.9166666666666666,0.0,4.0,11,wearable,68.89623665506511,136.96088099479675,0.006563118465733382,0.9244444444444444,,,
S2-wearable,Rectal proxy,T,0.41339105365857987,-0.40002402434036666,0.400074228002623,0.7488529799790982,-0.6043999000688609,-0.19564814861187244,,,,11,wearable,68.89623665506511,136.9608817100525,0.006563118465733382,,0.10913087353865171,,
S2-wearable,Scalp thermistor,T,1.614035966976697,-1.6090021047308276,1.6090021047308276,2.1013354035467415,-1.8586566357242607,-1.3593475737373946,,,,11,wearable,68.89623665506511,136.9608826637268,0.006563118465733382,,0.15684057612675492,,
S2-wearable,PA amplitude (800 nm),T,3.798996239976816,-2.604203453007692,2.7831961866768133,12.416410584394008,-8.025471619463008,2.8170647134476257,,,,11,wearable,68.89623665506511,136.96088337898254,0.006563118465733382,,3.816972423588433,,
S2-wearable,Echo shift only,T,0.028559179846595197,-0.015205908857150929,0.02281222427873489,0.10094969780213603,-0.06258795476487407,0.032176137050572214,,,,11,wearable,68.89623665506511,136.96088409423828,0.006563118465733382,,0.04790689200054528,,
S2-wearable,Proposed EKF,T,0.023141020326240776,-0.014945533709617256,0.018521611079823308,0.06073194611401078,-0.04957368325629476,0.01968261583706024,,,,11,wearable,68.89623665506511,136.96088528633118,0.006563118465733382,1.0,0.03903878413413177,0.27643610712545064,0.060846746793208575
S1-bedside,NIRS rScO2,sO2,4.75018180236823,4.3631383287326475,4.3777036738121815,11.231467867456224,0.6820667797781559,8.04420987768714,1.0,0.3001667593107282,30.0,12,bedside,517.6034211791954,371.7844216823578,0.06883205427736311,,,,
S1-bedside,PA linear unmixing,sO2,1.9043200894779153,1.855771656819016,1.855771656819016,4.7115408071023435,1.0183524854996602,2.693190828138372,1.0,0.0,30.0,12,bedside,517.6034211791954,371.7844307422638,0.06883205427736311,,,,
S1-bedside,PA fluence-compensated,sO2,0.33997407022302056,0.22875449182252736,0.2765110042988824,1.0546929930249305,-0.2641913565607677,0.7217003402058224,1.0,0.0,20.0,12,bedside,517.6034211791954,371.7844326496124,0.06883205427736311,,,,
S1-bedside,Proposed EKF,sO2,0.34975018046566686,-0.016372847463494537,0.22999005051598312,4.598071839664508,-0.7011316566951136,0.6683859617681245,1.0,0.0,40.0,12,bedside,517.6034211791954,371.7844343185425,0.06883205427736311,0.9994444444444445,,,
S1-bedside,EKF -echo,sO2,0.6990178811713129,0.16719055414742923,0.423739890362825,7.944560166016467,-1.1631186632239057,1.4974997715187641,1.0,0.0,50.0,12,bedside,517.6034211791954,371.7844350337982,0.06883205427736311,,,,
S1-bedside,EKF -reference,sO2,0.4487199519952726,0.30837601362574485,0.3538490274299547,4.333054493730282,-0.33051733549973283,0.9472693627512225,1.0,0.0,40.0,12,bedside,517.6034211791954,371.78443598747253,0.06883205427736311,,,,
S1-bedside,EKF -fluence corr.,sO2,0.43628422345362383,-0.015033155604122663,0.2957800511094784,4.513346659187977,-0.8696424415905927,0.8395761303823474,1.0,0.0,40.0,12,bedside,517.6034211791954,371.78443717956543,0.06883205427736311,,,,
S1-bedside,EKF -depth gating,sO2,1.1215532093802916,1.0408348961381182,1.0543583692670027,5.824081726056862,0.22197626276488444,1.859693529511352,1.0,0.0,40.0,12,bedside,517.6034211791954,371.78443789482117,0.06883205427736311,,,,
S1-bedside,Rectal proxy,T,0.4767820117017318,-0.46048485827142904,0.46048485827142904,0.9736386721191295,-0.7027235886056394,-0.21824612793721865,,,,12,bedside,517.6034211791954,371.7844386100769,0.06883205427736311,,0.3150128555324698,,
S1-bedside,Scalp thermistor,T,2.8780783704671045,-2.871435948871943,2.871435948871943,3.501644939526045,-3.254467782706356,-2.4884041150375302,,,,12,bedside,517.6034211791954,371.7844395637512,0.06883205427736311,,0.21944389619134494,,
S1-bedside,PA amplitude (800 nm),T,5.990147071267703,-5.012683476929355,5.012829611306693,15.412653693197626,-11.44042758827456,1.4150606344158492,,,,12,bedside,517.6034211791954,371.7844409942627,0.06883205427736311,,6.045884942880239,,
S1-bedside,Echo shift only,T,0.7389549991755058,-0.6752498723066231,0.6753987398771387,1.078792985815113,-1.2635506578454798,-0.08694908676776636,,,,12,bedside,517.6034211791954,371.784441947937,0.06883205427736311,,0.8001556090789345,,
S1-bedside,Proposed EKF,T,0.7313623159950333,-0.6519107321789952,0.66775479942314,1.132347740162217,-1.301683204480424,-0.0021382598775663286,,,,12,bedside,517.6034211791954,371.7844429016113,0.06883205427736311,0.3761111111111111,0.7917661512312764,0.8621981397537619,0.0032793000892799343
S1-bedside,EKF -echo,T,6.893675708629751,-6.326805747184811,6.332528554964253,10.734509640032993,-11.69244448945614,-0.9611670049134835,,,,12,bedside,517.6034211791954,371.78444385528564,0.06883205427736311,,6.957756755104954,,
S1-bedside,EKF -reference,T,0.7296819360180807,-0.6499728944089146,0.6658830600281646,1.1340147399992162,-1.2999455526003643,-2.3621746481072847e-07,,,,12,bedside,517.6034211791954,371.78444480895996,0.06883205427736311,,0.7886631819786368,,
S1-bedside,EKF -fluence corr.,T,0.7315363931493003,-0.6520459142417302,0.6678877482861572,1.1325554196884653,-1.3020500621107751,-0.002041766372685383,,,,12,bedside,517.6034211791954,371.7844455242157,0.06883205427736311,,0.791713068604835,,
S1-bedside,EKF -depth gating,T,0.7333275050087853,-0.65384045876366,0.6696309983754373,1.1347132145236927,-1.304672275675912,-0.003008641851408256,,,,12,bedside,517.6034211791954,371.78444623947144,0.06883205427736311,,0.7942059348652345,,
S1-wearable,NIRS rScO2,sO2,4.75018180236823,4.3631383287326475,4.3777036738121815,11.231467867456224,0.6820667797781559,8.04420987768714,1.0,0.3001667593107282,30.0,12,wearable,126.27757446413835,150.7522840499878,0.06883205427736311,,,,
S1-wearable,PA linear unmixing,sO2,2.1086298383518827,2.040518864535984,2.040518864535984,5.308350790627614,0.9985754930657275,3.0824622360062413,1.0,0.0,30.0,12,wearable,126.27757446413835,150.75229048728943,0.06883205427736311,,,,
S1-wearable,PA fluence-compensated,sO2,1.0473452749299983,0.9817978127864507,0.9989861748420673,2.1439961012940376,0.26698825882459193,1.6966073667483095,1.0,0.0,20.0,12,wearable,126.27757446413835,150.7522919178009,0.06883205427736311,,,,
S1-wearable,Proposed EKF,sO2,0.5552074547636087,0.33157612797024694,0.4196886302735887,5.869592713004934,-0.5412569847233616,1.2044092406638556,1.0,0.0,40.0,12,wearable,126.27757446413835,150.75229287147522,0.06883205427736311,0.9988888888888889,,,
S1-wearable,Rectal proxy,T,0.4767820117017318,-0.46048485827142904,0.46048485827142904,0.9736386721191295,-0.7027235886056394,-0.21824612793721865,,,,12,wearable,126.27757446413835,150.75229406356812,0.06883205427736311,,0.3150128555324698,,
S1-wearable,Scalp thermistor,T,2.8780783704671045,-2.871435948871943,2.871435948871943,3.501644939526045,-3.254467782706356,-2.4884041150375302,,,,12,wearable,126.27757446413835,150.7522954940796,0.06883205427736311,,0.21944389619134494,,
S1-wearable,PA amplitude (800 nm),T,5.919869202218342,-4.9233497970078535,4.923920064657646,15.433438747396067,-11.366200474472908,1.5195008804572012,,,,12,wearable,126.27757446413835,150.7522964477539,0.06883205427736311,,5.975268791598641,,
S1-wearable,Echo shift only,T,0.7429276577017535,-0.6798846590101525,0.6800200928919804,1.0730821327672828,-1.2668984583778897,-0.09287085964241537,,,,12,wearable,126.27757446413835,150.75229740142822,0.06883205427736311,,0.8042090613463799,,
S1-wearable,Proposed EKF,T,0.7360741849026015,-0.6571123472096555,0.6725782771438843,1.1384501527032143,-1.3071961248850879,-0.00702856953422315,,,,12,wearable,126.27757446413835,150.75229811668396,0.06883205427736311,0.37,0.7981453835189255,0.8674296015585937,0.003268782483897362
S2-bedside,NIRS rScO2,sO2,6.538309743219877,1.8547718062573215,5.164097808933211,21.59834987631709,-10.433867978118332,14.143411590632976,1.0,69.38472942920681,6.0,12,bedside,177.66772183044782,276.2644350528717,0.06883205427736311,,,,
S2-bedside,PA linear unmixing,sO2,1.5987626381074989,1.2327759818828905,1.235926653530418,5.018682268204866,-0.762486065650396,3.228038029416177,1.0,0.0,5.0,12,bedside,177.66772183044782,276.264443397522,0.06883205427736311,,,,
S2-bedside,PA fluence-compensated,sO2,0.7955518079136683,0.5593810304082792,0.7043009848464259,1.9366640685892889,-0.5493546791908525,1.6681167400074108,1.0,0.0,3.0,12,bedside,177.66772183044782,276.264445066452,0.06883205427736311,,,,
S2-bedside,Proposed EKF,sO2,0.9308624382047591,0.25875611896831346,0.629224444607385,4.522342966202664,-1.4938282171782689,2.0113404551148957,1.0,0.0,6.0,12,bedside,177.66772183044782,276.2644462585449,0.06883205427736311,0.9214814814814815,,,
S2-bedside,EKF -echo,sO2,3.4163094297292975,-0.024856337931682765,1.7793993858153592,14.895932908281695,-6.720645585436389,6.670932909573025,0.9166666666666666,0.0,12.0,12,bedside,177.66772183044782,276.2644474506378,0.06883205427736311,,,,
S2-bedside,EKF -reference,sO2,0.9798859563334176,0.45807766383873194,0.7397972671136257,4.491871996205621,-1.2397183476957168,2.1558736753731806,1.0,0.0,6.0,12,bedside,177.66772183044782,276.2644486427307,0.06883205427736311,,,,
S2-bedside,EKF -fluence corr.,sO2,1.2445023314662815,-0.4962982652482387,1.0760292401892355,4.492957461981051,-2.733167605351151,1.7405710748546737,1.0,0.0,6.0,12,bedside,177.66772183044782,276.2644498348236,0.06883205427736311,,,,
S2-bedside,EKF -depth gating,sO2,2.1212844749597597,0.8079123721040117,1.3483390406071631,10.256646477870357,-3.0364493465522293,4.652274090760253,1.0,0.0,10.0,12,bedside,177.66772183044782,276.2644510269165,0.06883205427736311,,,,
S2-bedside,Rectal proxy,T,0.45865599942367163,-0.44708557918840336,0.44708557918840336,0.8060412918958448,-0.6477326343455497,-0.246438524031257,,,,12,bedside,177.66772183044782,276.2644522190094,0.06883205427736311,,0.1076806204588895,,
S2-bedside,Scalp thermistor,T,1.6677280613223275,-1.662502311784851,1.662502311784851,2.098271951050073,-1.921065983004232,-1.40393864056547,,,,12,bedside,177.66772183044782,276.2644536495209,0.06883205427736311,,0.1442519778496529,,
S2-bedside,PA amplitude (800 nm),T,6.860348254163359,-5.549063459060125,5.550388218008736,15.45863482057863,-13.455488919166653,2.3573620010464023,,,,12,bedside,177.66772183044782,276.2644546031952,0.06883205427736311,,6.811435100510202,,
S2-bedside,Echo shift only,T,0.06717850561071248,-0.061708020781242344,0.06186941888284143,0.14076327947825007,-0.1137522690540811,-0.009663772508403584,,,,12,bedside,177.66772183044782,276.2644555568695,0.06883205427736311,,0.026576846296845383,,
S2-bedside,Proposed EKF,T,0.06270966927563827,-0.06113329871685431,0.06113329871685431,0.10637785956606649,-0.08851881322894779,-0.03374778420476082,,,,12,bedside,177.66772183044782,276.26445627212524,0.06883205427736311,1.0,0.014015479591899587,0.059471144039647435,0.006259864262892563
S2-bedside,EKF -echo,T,13.872974771468485,-11.593997012578543,11.593997012578543,22.440418891153335,-26.525886545487484,3.3378925203303993,,,,12,bedside,177.66772183044782,276.264456987381,0.06883205427736311,,13.824773866749478,,
S2-bedside,EKF -reference,T,0.06194466732997289,-0.06036803032258958,0.06036803032258958,0.10660367902571011,-0.08758612383837241,-0.03314993680680676,,,,12,bedside,177.66772183044782,276.2644577026367,0.06883205427736311,,0.01393986445818616,,
S2-bedside,EKF -fluence corr.,T,0.06229844500722294,-0.06061148103448736,0.06061148103448736,0.10623446507020162,-0.088834434124896,-0.032388527944078725,,,,12,bedside,177.66772183044782,276.26445865631104,0.06883205427736311,,0.014407576249103474,,
S2-bedside,EKF -depth gating,T,0.06321351610372399,-0.06151456068411517,0.06151456068411517,0.10598842963998578,-0.09004636100105655,-0.03298276036717379,,,,12,bedside,177.66772183044782,276.2644600868225,0.06883205427736311,,0.014745375758668855,,
S2-wearable,NIRS rScO2,sO2,6.538309743219877,1.8547718062573215,5.164097808933211,21.59834987631709,-10.433867978118332,14.143411590632976,1.0,69.38472942920681,6.0,12,wearable,65.02603826256104,133.631413936615,0.06883205427736311,,,,
S2-wearable,PA linear unmixing,sO2,1.7238831952276268,1.199416917833904,1.2148711475934888,5.617278578005125,-1.2274812702350961,3.6263151059029037,1.0,0.0,5.0,12,wearable,65.02603826256104,133.6314206123352,0.06883205427736311,,,,
S2-wearable,PA fluence-compensated,sO2,1.5174801932968998,1.2329458159598092,1.3997232234868702,3.1051026844590046,-0.5009517106295273,2.966843342549146,1.0,0.0,4.0,12,wearable,65.02603826256104,133.63142228126526,0.06883205427736311,,,,
S2-wearable,Proposed EKF,sO2,1.5045813764807376,0.698931234939013,1.2205014451024758,6.257598622810534,-1.9125510579261231,3.3104135278041493,1.0,0.0,6.0,12,wearable,65.02603826256104,133.63142323493958,0.06883205427736311,0.8970370370370371,,,
S2-wearable,Rectal proxy,T,0.45865599942367163,-0.44708557918840336,0.44708557918840336,0.8060412918958448,-0.6477326343455497,-0.246438524031257,,,,12,wearable,65.02603826256104,133.63142371177673,0.06883205427736311,,0.1076806204588895,,
S2-wearable,Scalp thermistor,T,1.6677280613223275,-1.662502311784851,1.662502311784851,2.098271951050073,-1.921065983004232,-1.40393864056547,,,,12,wearable,65.02603826256104,133.63142490386963,0.06883205427736311,,0.1442519778496529,,
S2-wearable,PA amplitude (800 nm),T,6.749443960865837,-5.396116819726897,5.40042782746626,15.517323955224615,-13.342440531632711,2.550206892178916,,,,12,wearable,65.02603826256104,133.63142561912537,0.06883205427736311,,6.7011041521706,,
S2-wearable,Echo shift only,T,0.060986449358418855,-0.05541034114202526,0.05563724792395421,0.12981931744068476,-0.10534385983704472,-0.005476822447005807,,,,12,wearable,65.02603826256104,133.63142657279968,0.06883205427736311,,0.025996876442594928,,
S2-wearable,Proposed EKF,T,0.05616708615246725,-0.054346660935504866,0.054346660935504866,0.09922295625463562,-0.08214703534621798,-0.026546286524791747,,,,12,wearable,65.02603826256104,133.63142776489258,0.06883205427736311,1.0,0.014709041586815984,0.058901882176175376,0.006347009359321601
S1-bedside,NIRS rScO2,sO2,3.406145202699799,2.8269160978572803,2.938315664775617,8.834750114153234,-0.8972750062915049,6.551107202006065,1.0,0.3001667593107282,30.0,13,bedside,479.30788035113613,371.9962933063507,0.0358054805906645,,,,
S1-bedside,PA linear unmixing,sO2,0.9439972467105212,0.792076233373471,0.8294087405074575,3.3083131860698556,-0.21450550507798818,1.7986579718249303,1.0,0.0,30.0,13,bedside,479.30788035113613,371.99630069732666,0.0358054805906645,,,,
S1-bedside,PA fluence-compensated,sO2,0.41354122888878275,-0.3579924546009063,0.3651158672153425,1.5265524823122822,-0.7637538796883682,0.04776897048655551,1.0,0.0,20.0,13,bedside,479.30788035113613,371.9963028430939,0.0358054805906645,,,,
S1-bedside,Proposed EKF,sO2,0.44554359093032025,0.31321119062967534,0.35857519221048084,3.7471506945326083,-0.3078578585449946,0.9342802398043453,1.0,0.0,30.0,13,bedside,479.30788035113613,371.9963045120239,0.0358054805906645,0.9983333333333333,,,
S1-bedside,EKF -echo,sO2,0.6674988995704724,0.13844094999584636,0.4478723979440653,6.552328842650523,-1.1414088606836321,1.4182907606753248,1.0,0.0,50.0,13,bedside,479.30788035113613,371.9963057041168,0.0358054805906645,,,,
S1-bedside,EKF -reference,sO2,0.586744354610525,0.4544509261222506,0.4858244356187156,4.005641788118631,-0.2729792327102189,1.18188108495472,1.0,0.0,30.0,13,bedside,479.30788035113613,371.99630665779114,0.0358054805906645,,,,
S1-bedside,EKF -fluence corr.,sO2,0.5571976164015141,-0.24696274010611702,0.42597235278313167,3.583342671808565,-1.2259402405817597,0.7320147603695254,1.0,0.0,30.0,13,bedside,479.30788035113613,371.99630784988403,0.0358054805906645,,,,
S1-bedside,EKF -depth gating,sO2,1.3778729113481323,1.2968286378577558,1.3021659028986778,5.5446784546110734,0.38428235015030965,2.2093749255652018,1.0,0.0,30.0,13,bedside,479.30788035113613,371.99630904197693,0.0358054805906645,,,,
S1-bedside,Rectal proxy,T,0.5314555264012936,-0.5129429949543158,0.5130760236939019,1.003996238322145,-0.7854778795850343,-0.24040811032359738,,,,13,bedside,479.30788035113613,371.9963095188141,0.0358054805906645,,0.1541016856752852,,
S1-bedside,Scalp thermistor,T,3.489697887859524,-3.4838215492598157,3.4838215492598157,4.186499882792482,-3.8805884959223276,-3.087054602597304,,,,13,bedside,479.30788035113613,371.996310710907,0.0358054805906645,,0.2129464725781015,,
S1-bedside,PA amplitude (800 nm),T,9.520167677332731,-8.432205112013213,8.433748401441374,24.458737899219297,-17.09432073699808,0.22991051297165477,,,,13,bedside,479.30788035113613,371.9963114261627,0.0358054805906645,,9.589600146049609,,
S1-bedside,Echo shift only,T,0.36889936948909063,0.35020887512436377,0.35020887512436377,0.5497099123613722,0.12297995755205438,0.5774377926966732,,,,13,bedside,479.30788035113613,371.9963126182556,0.0358054805906645,,0.295580384539148,,
S1-bedside,Proposed EKF,T,0.393453480985611,0.3615274356775742,0.3615274356775742,0.8537207531001201,0.057231170988116586,0.6658237003670319,,,,13,bedside,479.30788035113613,371.9963138103485,0.0358054805906645,0.8988888888888888,0.3241894307345367,0.5831346536479314,0.050288749802658315
S1-bedside,EKF -echo,T,10.90376801542071,9.957370513285348,10.291782251371139,22.894932531577588,1.2484993140507168,18.666241712519977,,,,13,bedside,479.30788035113613,371.99631428718567,0.0358054805906645,,10.839155188081397,,
S1-bedside,EKF -reference,T,0.3935884406565269,0.36118871501673655,0.36118871501673655,0.8696558648638515,0.054684739958791084,0.667692690074682,,,,13,bedside,479.30788035113613,371.99631547927856,0.0358054805906645,,0.3233860351121033,,
S1-bedside,EKF -fluence corr.,T,0.3940075807959974,0.36198704091055095,0.36198704091055095,0.8546576996478947,0.05703626034154807,0.6669378214795538,,,,13,bedside,479.30788035113613,371.9963164329529,0.0358054805906645,,0.32471473506763987,,
S1-bedside,EKF -depth gating,T,0.39118504010106214,0.3591933530922775,0.3591933530922775,0.8522209418881559,0.055514323761996054,0.662872382422559,,,,13,bedside,479.30788035113613,371.99631690979004,0.0358054805906645,,0.32183591706353737,,
S1-wearable,NIRS rScO2,sO2,3.406145202699799,2.8269160978572803,2.938315664775617,8.834750114153234,-0.8972750062915049,6.551107202006065,1.0,0.3001667593107282,30.0,13,wearable,125.80780451401033,150.47435307502747,0.0358054805906645,,,,
S1-wearable,PA linear unmixing,sO2,1.1608908126827207,1.0833360283426376,1.0889424042395395,3.091167563556796,0.26563650472586214,1.901035551959413,1.0,0.0,20.0,13,wearable,125.80780451401033,150.47435903549194,0.0358054805906645,,,,
S1-wearable,PA fluence-compensated,sO2,0.2527534679487271,-0.2061400754142612,0.21648207031771854,1.2024172244364473,-0.4928002764016032,0.08052012557308078,1.0,0.0,20.0,13,wearable,125.80780451401033,150.474360704422,0.0358054805906645,,,,
S1-wearable,Proposed EKF,sO2,0.34381942940776944,0.2563875088504838,0.2786045017694462,3.263134718463079,-0.19260757543492643,0.7053825931358939,1.0,0.0,30.0,13,wearable,125.80780451401033,150.47436118125916,0.0358054805906645,0.9994444444444445,,,
S1-wearable,Rectal proxy,T,0.5314555264012936,-0.5129429949543158,0.5130760236939019,1.003996238322145,-0.7854778795850343,-0.24040811032359738,,,,13,wearable,125.80780451401033,150.4743618965149,0.0358054805906645,,0.1541016856752852,,
S1-wearable,Scalp thermistor,T,3.489697887859524,-3.4838215492598157,3.4838215492598157,4.186499882792482,-3.8805884959223276,-3.087054602597304,,,,13,wearable,125.80780451401033,150.47436261177063,0.0358054805906645,,0.2129464725781015,,
S1-wearable,PA amplitude (800 nm),T,9.499576228506275,-8.413034478873431,8.414027244502844,24.414026488363895,-17.0599003904278,0.23383143268093853,,,,13,wearable,125.80780451401033,150.47436356544495,0.0358054805906645,,9.569001214950706,,
S1-wearable,Echo shift only,T,0.3734312042296791,0.3546998066781511,0.3546998066781511,0.5576845226166895,0.1257997364109001,0.583599876945402,,,,13,wearable,125.80780451401033,150.47436428070068,0.0358054805906645,,0.3000474713204976,,
S1-wearable,Proposed EKF,T,0.3956599511178483,0.3636589730303185,0.3636589730303185,0.8607144278535657,0.05813182266695793,0.6691861233936791,,,,13,wearable,125.80780451401033,150.47436499595642,0.0358054805906645,0.8933333333333333,0.3252787055198806,0.5895722829807396,0.05026348917119726
S2-bedside,NIRS rScO2,sO2,6.26730919046285,2.3882228359714612,5.026284780359626,22.014490371301587,-8.968883159851627,13.74532883179455,0.9166666666666666,60.04447739065974,4.0,13,bedside,220.49454920457273,275.06605434417725,0.0358054805906645,,,,
S2-bedside,PA linear unmixing,sO2,1.363708531845717,0.6037675843081813,0.7834358188483026,5.163611054276284,-1.7928609673654838,3.000396135981846,0.9166666666666666,0.0,6.0,13,bedside,220.49454920457273,275.06606245040894,0.0358054805906645,,,,
S2-bedside,PA fluence-compensated,sO2,1.045530643373331,-0.9822317628466595,0.9831900597917529,2.246530526715662,-1.6844346643285557,-0.28002886136476335,0.9166666666666666,0.0,4.0,13,bedside,220.49454920457273,275.06606364250183,0.0358054805906645,,,,
S2-bedside,Proposed EKF,sO2,1.0123840545873681,-0.31084922234678375,0.6833867939089397,5.512009892468839,-2.1992705558898815,1.5775721111963137,0.9166666666666666,0.0,8.0,13,bedside,220.49454920457273,275.06606435775757,0.0358054805906645,0.8925925925925926,,,
S2-bedside,EKF -echo,sO2,1.882499364300548,-0.5123831264912866,1.2200076786037188,10.089100472300194,-4.062779836552366,3.038013583569793,0.9166666666666666,0.0,10.0,13,bedside,220.49454920457273,275.0660653114319,0.0358054805906645,,,,
S2-bedside,EKF -reference,sO2,1.1901952680314871,-0.6777089404054059,0.9721098399116048,5.774388538696318,-2.595381762928389,1.2399638821175774,0.9166666666666666,0.0,8.0,13,bedside,220.49454920457273,275.0660662651062,0.0358054805906645,,,,
S2-bedside,EKF -fluence corr.,sO2,1.8540838172177339,-1.2604910218175167,1.7708471150448133,5.1316636629264,-3.925506694156234,1.4045246505212003,0.9166666666666666,0.0,8.0,13,bedside,220.49454920457273,275.0660674571991,0.0358054805906645,,,,
S2-bedside,EKF -depth gating,sO2,2.07301415166633,1.0149439715578155,1.4164716036729939,9.148547892644887,-2.527875392658245,4.557763335773876,0.9166666666666666,0.0,10.0,13,bedside,220.49454920457273,275.06606817245483,0.0358054805906645,,,,
S2-bedside,Rectal proxy,T,0.38483930488210055,-0.37073186628883664,0.37073186628883664,0.6963851778048991,-0.5730886859286911,-0.16837504664898215,,,,13,bedside,220.49454920457273,275.06606936454773,0.0358054805906645,,0.1055134798120481,,
S2-bedside,Scalp thermistor,T,1.5644269559281276,-1.5596276806134157,1.5596276806134157,1.910005760261754,-1.7996232442918076,-1.3196321169350238,,,,13,bedside,220.49454920457273,275.0660705566406,0.0358054805906645,,0.13872235245164108,,
S2-bedside,PA amplitude (800 nm),T,3.7720263031776344,-1.7859696223194779,2.2578598942487744,13.07756362108914,-8.297918805288068,4.7259795606491135,,,,13,bedside,220.49454920457273,275.06607151031494,0.0358054805906645,,3.786220703120601,,
S2-bedside,Echo shift only,T,0.060384712111474406,0.055598356742738345,0.055776036860632,0.14244495057594264,0.009418153564543084,0.1017785599209336,,,,13,bedside,220.49454920457273,275.0660722255707,0.0358054805906645,,0.03494796173360918,,
S2-bedside,Proposed EKF,T,0.05746948151407051,0.05604945045432845,0.05604945045432845,0.0952778415320239,0.031164364715515085,0.08093453619314181,,,,13,bedside,220.49454920457273,275.0660734176636,0.0358054805906645,1.0,0.031730834937382296,0.047738254307297355,0.06313144097428587
S2-bedside,EKF -echo,T,4.913423008072412,-4.173983198748209,4.35997338034979,9.999836678000346,-9.254728873263018,0.9067624757666,,,,13,bedside,220.49454920457273,275.0660741329193,0.0358054805906645,,4.9252627322268365,,
S2-bedside,EKF -reference,T,0.0582183554640469,0.0567533230583046,0.0567533230583046,0.09640124850910325,0.031315782274602355,0.08219086384200684,,,,13,bedside,220.49454920457273,275.06607484817505,0.0358054805906645,,0.03016493794721229,,
S2-bedside,EKF -fluence corr.,T,0.057477148075207034,0.056027197453017444,0.056027197453017444,0.09533215748056278,0.030882933785799413,0.08117146112023547,,,,13,bedside,220.49454920457273,275.0660755634308,0.0358054805906645,,0.03128386723064731,,
S2-bedside,EKF -depth gating,T,0.056843713856192024,0.05534070578589941,0.05534070578589941,0.09546838676427427,0.029889814234123572,0.08079159733767526,,,,13,bedside,220.49454920457273,275.0660774707794,0.0358054805906645,,0.030711766457478876,,
S2-wearable,NIRS rScO2,sO2,6.26730919046285,2.3882228359714612,5.026284780359626,22.014490371301587,-8.968883159851627,13.74532883179455,0.9166666666666666,60.04447739065974,4.0,13,wearable,79.89172754850857,136.76816534996033,0.0358054805906645,,,,
S2-wearable,PA linear unmixing,sO2,1.3870307823877865,0.9458823058063387,0.9578623408479194,5.1134006566639805,-1.0424901714539458,2.9342547830666232,0.9166666666666666,0.0,6.0,13,wearable,79.89172754850857,136.76817154884338,0.0358054805906645,,,,
S2-wearable,PA fluence-compensated,sO2,0.4981848207630353,-0.381930763063148,0.4171437018715116,1.5249705363804322,-1.0088765481299498,0.2450150220036538,0.9166666666666666,0.0,4.0,13,wearable,79.89172754850857,136.76817297935486,0.0358054805906645,,,,
S2-wearable,Proposed EKF,sO2,1.0298628513651127,0.023094737475136674,0.5199762438147867,5.420587360661278,-1.9949288444923385,2.041118319442612,0.9166666666666666,0.0,8.0,13,wearable,79.89172754850857,136.7681736946106,0.0358054805906645,0.8955555555555555,,,
S2-wearable,Rectal proxy,T,0.38483930488210055,-0.37073186628883664,0.37073186628883664,0.6963851778048991,-0.5730886859286911,-0.16837504664898215,,,,13,wearable,79.89172754850857,136.7681746482849,0.0358054805906645,,0.1055134798120481,,
S2-wearable,Scalp thermistor,T,1.5644269559281276,-1.5596276806134157,1.5596276806134157,1.910005760261754,-1.7996232442918076,-1.3196321169350238,,,,13,wearable,79.89172754850857,136.76817560195923,0.0358054805906645,,0.13872235245164108,,
S2-wearable,PA amplitude (800 nm),T,3.7769983882585443,-1.8000736825924701,2.2639015624510743,13.033317637993282,-8.308174382576961,4.708027017392022,,,,13,wearable,79.89172754850857,136.7681760787964,0.0358054805906645,,3.7912849856376942,,
S2-wearable,Echo shift only,T,0.0600689063157283,0.05557654496214582,0.05574231214685491,0.14167521033800767,0.010902251760833231,0.10025083816345841,,,,13,wearable,79.89172754850857,136.76817679405212,0.0358054805906645,,0.03441830175167943,,
S2-wearable,Proposed EKF,T,0.057627094590259484,0.05618992997260409,0.05618992997260409,0.095686211490559,0.031122319150249666,0.0812575407949585,,,,13,wearable,79.89172754850857,136.76817798614502,0.0358054805906645,1.0,0.03096559955550813,0.047227355349000924,0.06313069134779452
S1-bedside,NIRS rScO2,sO2,2.369045897796517,1.1584684304054875,1.8718645046383615,11.760538990070724,-2.8918275187321485,5.2087643795431235,1.0,0.4002223457476376,30.0,14,bedside,396.24640978638587,324.0321044921875,0.07940645123337524,,,,
S1-bedside,PA linear unmixing,sO2,0.8169838356161598,0.6776623859573352,0.6923110775710075,3.6942367008024,-0.21674271620915542,1.5720674881238257,1.0,0.0,20.0,14,bedside,396.24640978638587,324.0321114063263,0.07940645123337524,,,,
S1-bedside,PA fluence-compensated,sO2,0.47737027016669686,-0.4431296352253815,0.4434652733442713,2.196370140107601,-0.7910972692120689,-0.09516200123869412,1.0,0.0,20.0,14,bedside,396.24640978638587,324.03211283683777,0.07940645123337524,,,,
S1-bedside,Proposed EKF,sO2,0.6939110420149291,0.6216743325471936,0.6350900424327997,4.217822200949195,0.01745506914573895,1.225893595948648,1.0,0.0,20.0,14,bedside,396.24640978638587,324.03211402893066,0.07940645123337524,0.9983333333333333,,,
S1-bedside,EKF -echo,sO2,4.432656708412256,3.04813330446678,3.3205159340104857,23.6878715211824,-3.259696316016142,9.3559629249497,0.0,0.3001667593107282,,14,bedside,396.24640978638587,324.0321147441864,0.07940645123337524,,,,
S1-bedside,EKF -reference,sO2,0.8195591473961829,0.7602059345300859,0.7707847536895552,4.193787436062069,0.16003571363660826,1.3603761554235636,1.0,0.0,30.0,14,bedside,396.24640978638587,324.03211545944214,0.07940645123337524,,,,
S1-bedside,EKF -fluence corr.,sO2,0.5562758364833541,-0.31339229536947444,0.4380357160879712,3.3397834087013356,-1.2141995859042667,0.5874149951653176,1.0,0.0,30.0,14,bedside,396.24640978638587,324.0321168899536,0.07940645123337524,,,,
S1-bedside,EKF -depth gating,sO2,2.8655236241823676,2.801044120768581,2.8030710491855535,7.56287906420966,1.6162934697461446,3.985794771791017,1.0,0.0,40.0,14,bedside,396.24640978638587,324.03211784362793,0.07940645123337524,,,,
S1-bedside,Rectal proxy,T,0.3658928260855571,-0.3416624484919602,0.34186531414794114,0.8736364961097038,-0.598297722334733,-0.08502717464918741,,,,14,bedside,396.24640978638587,324.0321183204651,0.07940645123337524,,0.3348930919955971,,
S1-bedside,Scalp thermistor,T,1.833728440324129,-1.8231023073657864,1.8231023073657864,2.49235792937791,-2.2094658363369173,-1.4367387783946557,,,,14,bedside,396.24640978638587,324.032119512558,0.07940645123337524,,0.36663299997431986,,
S1-bedside,PA amplitude (800 nm),T,8.491402048414953,-7.146580964573459,7.175887255971935,21.834163369349543,-16.134904458917198,1.84174252977028,,,,14,bedside,396.24640978638587,324.03211998939514,0.07940645123337524,,8.64704086995649,,
S1-bedside,Echo shift only,T,0.08405963195989653,-0.03622782796902434,0.07293123985691917,0.19952608824523566,-0.18489826866423698,0.11244261272618832,,,,14,bedside,396.24640978638587,324.0321214199066,0.07940645123337524,,0.23315735447015778,,
S1-bedside,Proposed EKF,T,0.15466549299161672,-0.017331304721187598,0.11285242346590334,0.5796635263604344,-0.31856641151507203,0.28390380207269683,,,,14,bedside,396.24640978638587,324.03212237358093,0.07940645123337524,0.9977777777777778,0.25081475909561624,0.42551727277962287,0.050332810824245025
S1-bedside,EKF -echo,T,51.08451584744827,41.2641017661123,41.2641017661123,113.12856923051186,-17.760922041689035,100.28912557391362,,,,14,bedside,396.24640978638587,324.0321228504181,0.07940645123337524,,50.95053649837342,,
S1-bedside,EKF -reference,T,0.15771871520008793,-0.012040544135441268,0.11288577859564079,0.5804230754081559,-0.3202670956965026,0.29618600742562007,,,,14,bedside,396.24640978638587,324.0321238040924,0.07940645123337524,,0.24916361442857424,,
S1-bedside,EKF -fluence corr.,T,0.15463512888259598,-0.0172196621807037,0.11276402168712353,0.5796924831326962,-0.31841947804180476,0.28398015368039736,,,,14,bedside,396.24640978638587,324.03212451934814,0.07940645123337524,,0.2507067604027037,,
S1-bedside,EKF -depth gating,T,0.1570541585289302,-0.023484170598913074,0.11683826354562582,0.5778601536293309,-0.32784953095247255,0.28088118975464643,,,,14,bedside,396.24640978638587,324.0321252346039,0.07940645123337524,,0.25731492294533914,,
S1-wearable,NIRS rScO2,sO2,2.369045897796517,1.1584684304054875,1.8718645046383615,11.760538990070724,-2.8918275187321485,5.2087643795431235,1.0,0.4002223457476376,30.0,14,wearable,112.09892536965239,129.40782165527344,0.07940645123337524,,,,
S1-wearable,PA linear unmixing,sO2,0.9686393956155529,0.7529077193615954,0.7999425219201068,4.445018377323362,-0.4415546902060947,1.9473701289292857,1.0,0.0,20.0,14,wearable,112.09892536965239,129.40782761573792,0.07940645123337524,,,,
S1-wearable,PA fluence-compensated,sO2,0.5936812415757392,-0.5480680661192937,0.5512939142049156,1.3907317089343674,-0.9953554035828156,-0.10078072865577188,1.0,0.0,20.0,14,wearable,112.09892536965239,129.40782952308655,0.07940645123337524,,,,
S1-wearable,Proposed EKF,sO2,0.40729765475993357,0.23357781651828863,0.30306575123308455,3.9956121179549497,-0.42040690803919667,0.887562541075774,1.0,0.0,30.0,14,wearable,112.09892536965239,129.4078299999237,0.07940645123337524,0.9983333333333333,,,
S1-wearable,Rectal proxy,T,0.3658928260855571,-0.3416624484919602,0.34186531414794114,0.8736364961097038,-0.598297722334733,-0.08502717464918741,,,,14,wearable,112.09892536965239,129.40783071517944,0.07940645123337524,,0.3348930919955971,,
S1-wearable,Scalp thermistor,T,1.833728440324129,-1.8231023073657864,1.8231023073657864,2.49235792937791,-2.2094658363369173,-1.4367387783946557,,,,14,wearable,112.09892536965239,129.40783166885376,0.07940645123337524,,0.36663299997431986,,
S1-wearable,PA amplitude (800 nm),T,8.49110541715373,-7.156910968349393,7.188631697357505,21.804392623803448,-16.11252322684353,1.7987012901447414,,,,14,wearable,112.09892536965239,129.40783286094666,0.07940645123337524,,8.646969688361636,,
S1-wearable,Echo shift only,T,0.08201449161512979,-0.031419229612209706,0.07131748592154617,0.19264563230955645,-0.1799040594795478,0.1170656002551284,,,,14,wearable,112.09892536965239,129.4078333377838,0.07940645123337524,,0.22858428500198338,,
S1-wearable,Proposed EKF,T,0.1570910552967727,-0.01858867042777957,0.11631937980632963,0.5818784281110112,-0.3243239243383238,0.2871465834827647,,,,14,wearable,112.09892536965239,129.40783429145813,0.07940645123337524,0.9977777777777778,0.2545065972787427,0.4280189446323102,0.050390548676463844
S2-bedside,NIRS rScO2,sO2,5.760901241214376,0.7150748748267064,4.6215570200464064,18.74957659906252,-10.488970047156426,11.919119796809838,0.9166666666666666,66.71608598962194,2.0,14,bedside,162.5967219674043,216.81600379943848,0.07940645123337524,,,,
S2-bedside,PA linear unmixing,sO2,1.015971667258487,0.6510282947983794,0.702859789408968,3.9094380546300878,-0.8777221868137973,2.179778776410556,0.8333333333333334,0.0,7.0,14,bedside,162.5967219674043,216.81601071357727,0.07940645123337524,,,,
S2-bedside,PA fluence-compensated,sO2,3.7642687204548073,1.2400478001594277,3.1263836916449788,19.571172717809333,-5.726091226638965,8.206186826957818,0.9166666666666666,0.0,2.0,14,bedside,162.5967219674043,216.81601190567017,0.07940645123337524,,,,
S2-bedside,Proposed EKF,sO2,4.107863769536233,2.211843476088608,3.738164256381894,17.494538572822176,-4.572784553854706,8.996471506031922,0.9166666666666666,0.0,4.0,14,bedside,162.5967219674043,216.81601285934448,0.07940645123337524,0.08444444444444445,,,
S2-bedside,EKF -echo,sO2,5.314917141776155,2.977681081160121,4.32925998733632,21.4855726023364,-5.6511640148128865,11.606526177133128,0.75,0.0,14.0,14,bedside,162.5967219674043,216.81601405143738,0.07940645123337524,,,,
S2-bedside,EKF -reference,sO2,4.150941016154702,2.1391604056645575,3.739034415273655,17.918527435837344,-4.833125772319405,9.111446583648519,0.9166666666666666,0.0,4.0,14,bedside,162.5967219674043,216.81601476669312,0.07940645123337524,,,,
S2-bedside,EKF -fluence corr.,sO2,1.4537272595647739,-1.1485876876158219,1.3702761404252701,3.702235408365606,-2.8951547501751826,0.5979793749435389,0.8333333333333334,0.0,8.0,14,bedside,162.5967219674043,216.81601572036743,0.07940645123337524,,,,
S2-bedside,EKF -depth gating,sO2,7.202029754795471,6.305367037528817,6.83727895932501,13.990339284258424,-0.5157650028904587,13.126499077948091,0.9166666666666666,0.0,10.0,14,bedside,162.5967219674043,216.81601667404175,0.07940645123337524,,,,
S2-bedside,Rectal proxy,T,0.2851124852826314,-0.2645902263160495,0.26498656106628576,0.6528390174918712,-0.47276715301580485,-0.056413299616294155,,,,14,bedside,162.5967219674043,216.8160171508789,0.07940645123337524,,0.11339032697756717,,
S2-bedside,Scalp thermistor,T,1.6680360009406827,-1.6633628485547296,1.6633628485547296,2.081106037699783,-1.9079166165207162,-1.418809080588743,,,,14,bedside,162.5967219674043,216.81601858139038,0.07940645123337524,,0.2044055837714718,,
S2-bedside,PA amplitude (800 nm),T,5.131443140556298,-3.554888685875322,3.686235320686505,17.155756756260836,-10.808073895263075,3.6982965235124308,,,,14,bedside,162.5967219674043,216.81601929664612,0.07940645123337524,,5.242535748211518,,
S2-bedside,Echo shift only,T,0.1400735808768499,0.1375053779704815,0.1375053779704815,0.22364406981028395,0.08517377845586202,0.189836977485101,,,,14,bedside,162.5967219674043,216.816020488739,0.07940645123337524,,0.0340029906436839,,
S2-bedside,Proposed EKF,T,0.13411800325897585,0.13344817659762667,0.13344817659762667,0.16939153890157854,0.10720883730030863,0.15968751589494473,,,,14,bedside,162.5967219674043,216.81602120399475,0.07940645123337524,1.0,0.030171440766338424,0.14320516364296718,0.05800156992943636
S2-bedside,EKF -echo,T,19.44894453245215,-18.546894727390168,18.54871539459037,24.994063217913098,-30.021542169009606,-7.072247285770727,,,,14,bedside,162.5967219674043,216.8160216808319,0.07940645123337524,,19.609353436698363,,
S2-bedside,EKF -reference,T,0.1343319259371198,0.13363465542990247,0.13363465542990247,0.17080961546410833,0.10684315495527874,0.1604261559045262,,,,14,bedside,162.5967219674043,216.8160228729248,0.07940645123337524,,0.02829482188819165,,
S2-bedside,EKF -fluence corr.,T,0.1330014674319097,0.13219299213908034,0.13219299213908034,0.17002941037867458,0.10349366790373381,0.16089231637442686,,,,14,bedside,162.5967219674043,216.8160240650177,0.07940645123337524,,0.0317483728789135,,
S2-bedside,EKF -depth gating,T,0.1337949016523428,0.13296561255696746,0.13296561255696746,0.16900465408539134,0.10381351412654305,0.16211771098739186,,,,14,bedside,162.5967219674043,216.81602549552917,0.07940645123337524,,0.03194204360208975,,
S2-wearable,NIRS rScO2,sO2,5.760901241214376,0.7150748748267064,4.6215570200464064,18.74957659906252,-10.488970047156426,11.919119796809838,0.9166666666666666,66.71608598962194,2.0,14,wearable,65.2093758188127,93.65209341049194,0.07940645123337524,,,,
S2-wearable,PA linear unmixing,sO2,1.2162209867731466,0.6869913901126045,0.7846647363720957,4.8881886039984,-1.280087419048722,2.6540701992739306,0.8333333333333334,0.0,7.0,14,wearable,65.2093758188127,93.65209937095642,0.07940645123337524,,,,
S2-wearable,PA fluence-compensated,sO2,3.5663592437955263,0.9897458069952413,2.86215272992124,20.510004323395346,-5.72574207169379,7.705233685684274,0.9166666666666666,0.0,2.0,14,wearable,65.2093758188127,93.65210103988647,0.07940645123337524,,,,
S2-wearable,Proposed EKF,sO2,3.9168205454435334,1.6947081391772292,3.4050116500043695,20.424354759995534,-5.22646441665165,8.615880695006108,0.9166666666666666,0.0,8.0,14,wearable,65.2093758188127,93.65210175514221,0.07940645123337524,0.17333333333333334,,,
S2-wearable,Rectal proxy,T,0.2851124852826314,-0.2645902263160495,0.26498656106628576,0.6528390174918712,-0.47276715301580485,-0.056413299616294155,,,,14,wearable,65.2093758188127,93.65210247039795,0.07940645123337524,,0.11339032697756717,,
S2-wearable,Scalp thermistor,T,1.6680360009406827,-1.6633628485547296,1.6633628485547296,2.081106037699783,-1.9079166165207162,-1.418809080588743,,,,14,wearable,65.2093758188127,93.652104139328,0.07940645123337524,,0.2044055837714718,,
S2-wearable,PA amplitude (800 nm),T,5.156425772593496,-3.5849216045688417,3.710084551478615,17.305101026839125,-10.849376466264232,3.6795332571265496,,,,14,wearable,65.2093758188127,93.6521053314209,0.07940645123337524,,5.267895518394288,,
S2-wearable,Echo shift only,T,0.13940547973485928,0.137005983641929,0.137005983641929,0.22327399290828254,0.08652891571409616,0.18748305156976186,,,,14,wearable,65.2093758188127,93.65210604667664,0.07940645123337524,,0.033583502902209246,,
S2-wearable,Proposed EKF,T,0.13448774368902305,0.1336856093511926,0.1336856093511926,0.17035173338572918,0.10493894643612833,0.1624322722662569,,,,14,wearable,65.2093758188127,93.65210723876953,0.07940645123337524,1.0,0.034285724473765454,0.1476210224310945,0.05819486910510962
S1-bedside,NIRS rScO2,sO2,1.953264934488686,0.44036686042984813,1.569730702714119,6.81834831647331,-3.2894677866341393,4.170201507493835,1.0,0.3001667593107282,30.0,15,bedside,636.1175338136126,325.8693218231201,0.0074348243583145825,,,,
S1-bedside,PA linear unmixing,sO2,0.8738829106428542,0.8063054137852493,0.8072435380926055,4.090589505294173,0.14586125555795085,1.4667495720125479,1.0,0.0,30.0,15,bedside,636.1175338136126,325.86932826042175,0.0074348243583145825,,,,
S1-bedside,PA fluence-compensated,sO2,1.0137222311754956,-0.9504880253097654,0.9537267115331862,1.6472023713057893,-1.641246295049824,-0.25972975556970657,1.0,0.0,30.0,15,bedside,636.1175338136126,325.8693296909332,0.0074348243583145825,,,,
S1-bedside,Proposed EKF,sO2,0.6755463414233556,-0.5424934951019398,0.571588648950444,3.496556284994279,-1.3315332810750757,0.24654629087119614,1.0,0.0,30.0,15,bedside,636.1175338136126,325.86933064460754,0.0074348243583145825,0.9988888888888889,,,
S1-bedside,EKF -echo,sO2,20.46281235492752,-18.914167559249602,18.914167559249602,27.893831268942947,-34.21986704605069,-3.6084680724485145,0.0,0.1000555864369094,,15,bedside,636.1175338136126,325.869332075119,0.0074348243583145825,,,,
S1-bedside,EKF -reference,sO2,0.47620495507793004,0.2298254562657582,0.3502518634630074,6.181783987121103,-0.5876412224553903,1.0472921349869067,1.0,0.0,30.0,15,bedside,636.1175338136126,325.86933302879333,0.0074348243583145825,,,,
S1-bedside,EKF -fluence corr.,sO2,1.3507035563004484,-1.2970594583204154,1.3154379821599314,5.2949222431793235,-2.035739900688545,-0.5583790159522855,1.0,0.0,30.0,15,bedside,636.1175338136126,325.86933398246765,0.0074348243583145825,,,,
S1-bedside,EKF -depth gating,sO2,0.6711450499399848,-0.504844058199667,0.5390857153565208,6.600801078724894,-1.3716165912740423,0.3619284748747083,1.0,0.0,30.0,15,bedside,636.1175338136126,325.86933493614197,0.0074348243583145825,,,,
S1-bedside,Rectal proxy,T,0.5046165862164241,-0.4857271436661238,0.4857770565295649,1.035626392140216,-0.7538035668550058,-0.21765072047724177,,,,15,bedside,636.1175338136126,325.8693358898163,0.0074348243583145825,,0.14491116776838167,,
S1-bedside,Scalp thermistor,T,2.4444449745096613,-2.436843734648899,2.436843734648899,3.069148088761459,-2.8143859653683125,-2.0593015039294857,,,,15,bedside,636.1175338136126,325.86933732032776,0.0074348243583145825,,0.2441707150826984,,
S1-bedside,PA amplitude (800 nm),T,6.420681694849656,-5.127366190142734,5.166912945069178,16.54664152598451,-12.702016732936059,2.4472843526505903,,,,15,bedside,636.1175338136126,325.86933851242065,0.0074348243583145825,,6.493716042701927,,
S1-bedside,Echo shift only,T,0.34323715591596315,-0.31311052659931116,0.3134432816935699,0.5290573289737566,-0.5887226527328002,-0.037498400465822146,,,,15,bedside,636.1175338136126,325.86933946609497,0.0074348243583145825,,0.42803397968108925,,
S1-bedside,Proposed EKF,T,0.3562260105482184,-0.30594900950895343,0.3317381275276665,0.5689160172053036,-0.6635734162509694,0.05167539723306264,,,,15,bedside,636.1175338136126,325.86934089660645,0.0074348243583145825,0.995,0.43718653697860355,0.3340889413110226,0.03174769629260997
S1-bedside,EKF -echo,T,25.444955124745512,-23.892710386257797,23.940772253846703,31.163701878650905,-41.04513296540998,-6.7402878071056165,,,,15,bedside,636.1175338136126,325.86934208869934,0.0074348243583145825,,25.531488151143385,,
S1-bedside,EKF -reference,T,0.3536375336630343,-0.30266317192058634,0.33003230472898243,0.5635986787818084,-0.661158421534552,0.05583207769337928,,,,15,bedside,636.1175338136126,325.8693428039551,0.0074348243583145825,,0.43846960290053255,,
S1-bedside,EKF -fluence corr.,T,0.35623811625491764,-0.3058957326926609,0.3317069204308535,0.5680436072340598,-0.6637414743413146,0.05195000895599278,,,,15,bedside,636.1175338136126,325.8693437576294,0.0074348243583145825,,0.43750218362278925,,
S1-bedside,EKF -depth gating,T,0.3580214415184823,-0.3074846700235206,0.33322461429914874,0.5709580251111106,-0.6669324803555006,0.05196314030845944,,,,15,bedside,636.1175338136126,325.86934447288513,0.0074348243583145825,,0.4401139395658738,,
S1-wearable,NIRS rScO2,sO2,1.953264934488686,0.44036686042984813,1.569730702714119,6.81834831647331,-3.2894677866341393,4.170201507493835,1.0,0.3001667593107282,30.0,15,wearable,143.18415682100115,130.25542974472046,0.0074348243583145825,,,,
S1-wearable,PA linear unmixing,sO2,0.808941296735039,0.7415557365313534,0.7439351884143995,3.2389369216768826,0.10801439083070125,1.3750970822320057,1.0,0.0,30.0,15,wearable,143.18415682100115,130.25543808937073,0.0074348243583145825,,,,
S1-wearable,PA fluence-compensated,sO2,0.7351865511142341,-0.7141616908367008,0.7142813561145888,1.1782206028366882,-1.0563057508289735,-0.37201763084442824,1.0,0.0,30.0,15,wearable,143.18415682100115,130.25543975830078,0.0074348243583145825,,,,
S1-wearable,Proposed EKF,sO2,0.3764262397979742,-0.23494188117806422,0.2731281086215528,5.786137236178412,-0.8113919311510589,0.3415081687949304,1.0,0.0,30.0,15,wearable,143.18415682100115,130.25544142723083,0.0074348243583145825,0.9988888888888889,,,
S1-wearable,Rectal proxy,T,0.5046165862164241,-0.4857271436661238,0.4857770565295649,1.035626392140216,-0.7538035668550058,-0.21765072047724177,,,,15,wearable,143.18415682100115,130.2554428577423,0.0074348243583145825,,0.14491116776838167,,
S1-wearable,Scalp thermistor,T,2.4444449745096613,-2.436843734648899,2.436843734648899,3.069148088761459,-2.8143859653683125,-2.0593015039294857,,,,15,wearable,143.18415682100115,130.25544500350952,0.0074348243583145825,,0.2441707150826984,,
S1-wearable,PA amplitude (800 nm),T,6.46606295067672,-5.191915641755325,5.223498443256572,16.643068342738225,-12.745925004151037,2.362093720640387,,,,15,wearable,143.18415682100115,130.255446434021,0.0074348243583145825,,6.539490357428166,,
S1-wearable,Echo shift only,T,0.3464321697330592,-0.31691163228580727,0.3171948556353559,0.5330305182835673,-0.5911874630270779,-0.042635801544536556,,,,15,wearable,143.18415682100115,130.25544786453247,0.0074348243583145825,,0.4314042817502139,,
S1-wearable,Proposed EKF,T,0.35623631822865715,-0.30642079409940864,0.3323147677189042,0.5667225314559801,-0.6625297165284905,0.049688128329673176,,,,15,wearable,143.18415682100115,130.2554488182068,0.0074348243583145825,0.995,0.43690818683728944,0.2941462025400373,0.029832599354453176
S2-bedside,NIRS rScO2,sO2,6.853624156158795,3.597609166994717,5.492118262409036,23.421150863131757,-7.8359920522473745,15.03121038623681,0.9166666666666666,85.39659006671609,4.0,15,bedside,277.9450624929187,214.6357183456421,0.0074348243583145825,,,,
S2-bedside,PA linear unmixing,sO2,1.522986211864704,0.9447208984593015,0.9480120737768442,6.977717903551023,-1.3966296898061117,3.286071486724715,0.9166666666666666,0.0,4.0,15,bedside,277.9450624929187,214.63572525978088,0.0074348243583145825,,,,
S2-bedside,PA fluence-compensated,sO2,0.7534725429736302,-0.5807312808041175,0.7058504363392605,1.7029300865050168,-1.5216783765142474,0.36021581490601257,0.9166666666666666,0.0,4.0,15,bedside,277.9450624929187,214.63572669029236,0.0074348243583145825,,,,
S2-bedside,Proposed EKF,sO2,1.0059510864226675,0.14316890371782398,0.48394200007883553,6.627552987327345,-1.8084245162886765,2.0947623237243245,0.9166666666666666,0.0,6.0,15,bedside,277.9450624929187,214.6357274055481,0.0074348243583145825,0.9037037037037037,,,
S2-bedside,EKF -echo,sO2,2.980245977108952,0.3331145314797778,1.253796640745057,20.17957998083372,-5.471563968347289,6.137793031306845,0.9166666666666666,0.0,8.0,15,bedside,277.9450624929187,214.6357283592224,0.0074348243583145825,,,,
S2-bedside,EKF -reference,sO2,1.0052023725040893,0.12318932908903454,0.5082158909141613,6.234883432233435,-1.8321562193095493,2.0785348774876184,0.9166666666666666,0.0,6.0,15,bedside,277.9450624929187,214.63572931289673,0.0074348243583145825,,,,
S2-bedside,EKF -fluence corr.,sO2,1.3551991853100946,-0.25734613218035374,1.007106095591993,7.71330976557355,-2.865205348650694,2.350513084289987,0.9166666666666666,0.0,6.0,15,bedside,277.9450624929187,214.63573050498962,0.0074348243583145825,,,,
S2-bedside,EKF -depth gating,sO2,1.6320796654041274,0.4623616402031396,0.7763722151064567,9.193250542735953,-2.605464613206722,3.5301878936130007,0.9166666666666666,0.0,8.0,15,bedside,277.9450624929187,214.63573169708252,0.0074348243583145825,,,,
S2-bedside,Rectal proxy,T,0.4893728045082669,-0.479433560674724,0.479433560674724,0.7634753891742818,-0.6717654224603049,-0.28710169888914305,,,,15,bedside,277.9450624929187,214.63573265075684,0.0074348243583145825,,0.1490322250840255,,
S2-bedside,Scalp thermistor,T,1.3884262618808916,-1.3834194410567886,1.3834194410567886,1.7456191324083576,-1.6143182123754478,-1.1525206697381294,,,,15,bedside,277.9450624929187,214.6357340812683,0.0074348243583145825,,0.11865300239068358,,
S2-bedside,PA amplitude (800 nm),T,2.0501441496496025,-0.3353315031486006,1.5375345613539453,7.74896808739075,-4.299498160680539,3.6288351543833377,,,,15,bedside,277.9450624929187,214.63573503494263,0.0074348243583145825,,2.0380522459472847,,
S2-bedside,Echo shift only,T,0.03583364739373743,-0.0261991787873723,0.029932590543992492,0.11545742494394062,-0.07411519886735508,0.02171684129261049,,,,15,bedside,277.9450624929187,214.63573598861694,0.0074348243583145825,,0.06304133201961966,,
S2-bedside,Proposed EKF,T,0.02855069334713299,-0.02528339348854079,0.025589323177523476,0.08621284120496142,-0.05127776033792829,0.0007109733608467068,,,,15,bedside,277.9450624929187,214.6357364654541,0.0074348243583145825,1.0,0.06235615208889715,0.20037390028885646,0.03903360187833873
S2-bedside,EKF -echo,T,8.378225790419922,7.3535664421804245,7.359310108916262,13.10370010901292,-0.5157122408649082,15.222845125225756,,,,15,bedside,277.9450624929187,214.63573718070984,0.0074348243583145825,,8.46181925071201,,
S2-bedside,EKF -reference,T,0.028252190226382163,-0.024961949699659466,0.025225080025422703,0.08169272817912798,-0.050896780481146514,0.0009728810818275847,,,,15,bedside,277.9450624929187,214.63573813438416,0.0074348243583145825,,0.058253485274838986,,
S2-bedside,EKF -fluence corr.,T,0.028519291372832843,-0.02530508843599016,0.025581598795066964,0.08567425557524899,-0.05108504820794535,0.00047487133596502834,,,,15,bedside,277.9450624929187,214.63573908805847,0.0074348243583145825,,0.06178542563374491,,
S2-bedside,EKF -depth gating,T,0.02850648696561711,-0.02507791593951831,0.02539121305915839,0.08568697735356778,-0.051644263161053916,0.0014884312820172968,,,,15,bedside,277.9450624929187,214.63574051856995,0.0074348243583145825,,0.06210616923255992,,
S2-wearable,NIRS rScO2,sO2,6.853624156158795,3.597609166994717,5.492118262409036,23.421150863131757,-7.8359920522473745,15.03121038623681,0.9166666666666666,85.39659006671609,4.0,15,wearable,90.2218305384939,93.25809025764465,0.0074348243583145825,,,,
S2-wearable,PA linear unmixing,sO2,1.23382614441851,0.785191435348773,0.7982176203629079,5.527856864533437,-1.0802110739999826,2.6505939446975284,0.9166666666666666,0.0,4.0,15,wearable,90.2218305384939,93.25809645652771,0.0074348243583145825,,,,
S2-wearable,PA fluence-compensated,sO2,0.8268891477611932,-0.7744983592228446,0.7766947195218716,1.7113396651923907,-1.3422151733412866,-0.20678154510440275,0.9166666666666666,0.0,4.0,15,wearable,90.2218305384939,93.25809741020203,0.0074348243583145825,,,,
S2-wearable,Proposed EKF,sO2,0.9839005410791248,-0.18079624529094576,0.5799973255485452,5.41839273335073,-2.076404033758255,1.7148115431763638,0.9166666666666666,0.0,6.0,15,wearable,90.2218305384939,93.25809836387634,0.0074348243583145825,0.9088888888888889,,,
S2-wearable,Rectal proxy,T,0.4893728045082669,-0.479433560674724,0.479433560674724,0.7634753891742818,-0.6717654224603049,-0.28710169888914305,,,,15,wearable,90.2218305384939,93.25809931755066,0.0074348243583145825,,0.1490322250840255,,
S2-wearable,Scalp thermistor,T,1.3884262618808916,-1.3834194410567886,1.3834194410567886,1.7456191324083576,-1.6143182123754478,-1.1525206697381294,,,,15,wearable,90.2218305384939,93.25810027122498,0.0074348243583145825,,0.11865300239068358,,
S2-wearable,PA amplitude (800 nm),T,2.0421382525861693,-0.272312982276745,1.536331008587587,7.757148978628244,-4.239158469954737,3.694532505401247,,,,15,wearable,90.2218305384939,93.25810098648071,0.0074348243583145825,,2.032614181520464,,
S2-wearable,Echo shift only,T,0.038322999029957804,-0.030154571452841894,0.03258301281990144,0.11454144349836781,-0.0765098798336448,0.016200736927961,,,,15,wearable,90.2218305384939,93.25810170173645,0.0074348243583145825,,0.059092083998446204,,
S2-wearable,Proposed EKF,T,0.0318541077435259,-0.029009193728734107,0.029105067552359833,0.08594701515973924,-0.05480020652892258,-0.0032181809285456303,,,,15,wearable,90.2218305384939,93.25810289382935,0.0074348243583145825,1.0,0.058438569187258156,0.24866446298525804,0.03605563573594152
S1-bedside,NIRS rScO2,sO2,10.417007571381758,10.23746723155876,10.23746723155876,17.981683854210605,6.463099844800513,14.011834618317007,1.0,0.3001667593107282,20.0,16,bedside,486.5304494322863,324.71633863449097,0.046376613569695156,,,,
S1-bedside,PA linear unmixing,sO2,1.1868849198236475,1.0618142682409684,1.0675480587249366,3.5451466939532716,0.022374187683822655,2.101254348798114,1.0,0.0,20.0,16,bedside,486.5304494322863,324.71634554862976,0.046376613569695156,,,,
S1-bedside,PA fluence-compensated,sO2,0.3104143798779215,-0.22669706981398408,0.25567082492291654,1.0940337418666013,-0.6423165638329598,0.1889224242049916,1.0,0.0,20.0,16,bedside,486.5304494322863,324.71634674072266,0.046376613569695156,,,,
S1-bedside,Proposed EKF,sO2,0.6687526655863101,0.5674353003089572,0.5847223539012147,3.8937927416590967,-0.12621450847778923,1.2610851090957034,1.0,0.0,30.0,16,bedside,486.5304494322863,324.71634793281555,0.046376613569695156,0.9983333333333333,,,
S1-bedside,EKF -echo,sO2,1.0195360283428303,0.6883094789660674,0.8024081407316817,7.469972211674325,-0.7858447826959248,2.16246374062806,1.0,0.0,40.0,16,bedside,486.5304494322863,324.71634888648987,0.046376613569695156,,,,
S1-bedside,EKF -reference,sO2,0.6679309258945112,0.5615535006796538,0.5803719949282911,3.7975445021608545,-0.14727688210639045,1.2703838834656982,1.0,0.0,30.0,16,bedside,486.5304494322863,324.7163496017456,0.046376613569695156,,,,
S1-bedside,EKF -fluence corr.,sO2,0.5276679730723656,0.004269949107023724,0.41228343452453026,3.82089415686675,-1.0299254157060693,1.0384653139201168,1.0,0.0,30.0,16,bedside,486.5304494322863,324.7163507938385,0.046376613569695156,,,,
S1-bedside,EKF -depth gating,sO2,3.7794000777554793,3.7227688912712593,3.7227688912712593,8.831880839964757,2.445220608948896,5.000317173593623,1.0,0.0,30.0,16,bedside,486.5304494322863,324.71635150909424,0.046376613569695156,,,,
S1-bedside,Rectal proxy,T,0.6204306294797348,-0.6032167921180238,0.6032167921180238,1.1529442481728296,-0.8876780124093235,-0.31875557182672404,,,,16,bedside,486.5304494322863,324.71635246276855,0.046376613569695156,,0.2518434183343511,,
S1-bedside,Scalp thermistor,T,3.4292397765322087,-3.4234530831495946,3.4234530831495946,4.164517408886304,-3.813756129000934,-3.033150037298255,,,,16,bedside,486.5304494322863,324.71635365486145,0.046376613569695156,,0.31646916440456674,,
S1-bedside,PA amplitude (800 nm),T,8.638963112993604,-6.918117204662072,6.973106635693529,21.68068319650471,-17.059358356516803,3.2231239471926587,,,,16,bedside,486.5304494322863,324.7163543701172,0.046376613569695156,,8.642761594268089,,
S1-bedside,Echo shift only,T,0.25350467710588387,-0.23170431374752554,0.23187504221077754,0.4300790428533716,-0.4332865957671014,-0.030122031727949694,,,,16,bedside,486.5304494322863,324.7163562774658,0.046376613569695156,,0.25784675044174554,,
S1-bedside,Proposed EKF,T,0.2824714929294847,-0.21076310140710258,0.2628157357312925,0.4692269298560703,-0.5793737070641276,0.15784750424992244,,,,16,bedside,486.5304494322863,324.71635699272156,0.046376613569695156,1.0,0.28385573901436373,0.4430555096205023,0.059929206302144836
S1-bedside,EKF -echo,T,11.625939495478393,10.294272016260932,10.53594535594254,25.77022443854814,-0.2952495345107682,20.883793567032633,,,,16,bedside,486.5304494322863,324.7163574695587,0.046376613569695156,,11.635668936640023,,
S1-bedside,EKF -reference,T,0.28239909529876595,-0.21059533446947942,0.2626300960546418,0.46982056941786965,-0.5793611653263508,0.158170496387392,,,,16,bedside,486.5304494322863,324.71635842323303,0.046376613569695156,,0.2850227757472644,,
S1-bedside,EKF -fluence corr.,T,0.2818162486232887,-0.2101046333440634,0.26219979528904064,0.46892152452686275,-0.57823229582248,0.1580230291343532,,,,16,bedside,486.5304494322863,324.71635913848877,0.046376613569695156,,0.2833143934503527,,
S1-bedside,EKF -depth gating,T,0.29166516977119394,-0.22049733768321012,0.27169054341191773,0.47962195405257546,-0.5946956557826781,0.15370098041625785,,,,16,bedside,486.5304494322863,324.7163596153259,0.046376613569695156,,0.2931549445683855,,
S1-wearable,NIRS rScO2,sO2,10.417007571381758,10.23746723155876,10.23746723155876,17.981683854210605,6.463099844800513,14.011834618317007,1.0,0.3001667593107282,20.0,16,wearable,126.94829755502063,128.4571614265442,0.046376613569695156,,,,
S1-wearable,PA linear unmixing,sO2,1.2411408012851777,1.1757112847671523,1.1757112847671523,3.186596332159708,0.3962977146211352,1.9551248549131692,1.0,0.0,20.0,16,wearable,126.94829755502063,128.45716762542725,0.046376613569695156,,,,
S1-wearable,PA fluence-compensated,sO2,0.32816087090335677,-0.2921236811344398,0.294450811820591,1.1898772631818821,-0.5851637531577603,0.0009163908888806197,1.0,0.0,20.0,16,wearable,126.94829755502063,128.45716953277588,0.046376613569695156,,,,
S1-wearable,Proposed EKF,sO2,0.29279028684436353,0.16723159948998234,0.2120812791933402,3.1188787629835124,-0.303820237708476,0.6382834366884407,1.0,0.0,30.0,16,wearable,126.94829755502063,128.45717024803162,0.046376613569695156,0.9994444444444445,,,
S1-wearable,Rectal proxy,T,0.6204306294797348,-0.6032167921180238,0.6032167921180238,1.1529442481728296,-0.8876780124093235,-0.31875557182672404,,,,16,wearable,126.94829755502063,128.45717072486877,0.046376613569695156,,0.2518434183343511,,
S1-wearable,Scalp thermistor,T,3.4292397765322087,-3.4234530831495946,3.4234530831495946,4.164517408886304,-3.813756129000934,-3.033150037298255,,,,16,wearable,126.94829755502063,128.4571716785431,0.046376613569695156,,0.31646916440456674,,
S1-wearable,PA amplitude (800 nm),T,8.683067463931277,-6.990410537281508,7.036809268091682,21.72291372653818,-17.085803583171128,3.1049825086081126,,,,16,wearable,126.94829755502063,128.457172870636,0.046376613569695156,,8.686886129644982,,
S1-wearable,Echo shift only,T,0.2452255902899911,-0.22295187530252633,0.22317989362906188,0.4188654731897685,-0.4231028242930092,-0.022800926312043446,,,,16,wearable,126.94829755502063,128.45717358589172,0.046376613569695156,,0.24954537515297337,,
S1-wearable,Proposed EKF,T,0.2780076449587328,-0.20468915526343975,0.25774927710162177,0.4634780421521256,-0.573411992084095,0.16403368155721545,,,,16,wearable,126.94829755502063,128.45717430114746,0.046376613569695156,1.0,0.2804450122349898,0.4381385647647843,0.05990754552934466
S2-bedside,NIRS rScO2,sO2,6.358711534434779,2.3150910427772255,5.146146823612301,25.896181225065767,-9.292605134237576,13.922787219792026,0.8333333333333334,126.76056338028168,3.0,16,bedside,192.98696869945542,214.90775084495544,0.046376613569695156,,,,
S2-bedside,PA linear unmixing,sO2,1.1755320760540227,0.517283091314613,0.688629172139656,4.897145511443901,-1.551695234533303,2.5862614171625293,0.8333333333333334,0.0,5.0,16,bedside,192.98696869945542,214.90775799751282,0.046376613569695156,,,,
S2-bedside,PA fluence-compensated,sO2,1.0559486175013182,-0.9958497818736721,0.9967941739962574,2.556793886333791,-1.6841159839588802,-0.307583579788464,0.8333333333333334,0.0,3.0,16,bedside,192.98696869945542,214.90775966644287,0.046376613569695156,,,,
S2-bedside,Proposed EKF,sO2,0.8102425868357946,-0.18537798348797915,0.47848013943082734,5.033428231177062,-1.7313298350939508,1.3605738681179926,0.8333333333333334,0.0,5.0,16,bedside,192.98696869945542,214.90776109695435,0.046376613569695156,0.9303703703703704,,,
S2-bedside,EKF -echo,sO2,3.4074682787420554,-0.9003531244765469,1.9108456566109582,17.358647163015604,-7.341631330153513,5.540925081200419,0.75,0.0,12.0,16,bedside,192.98696869945542,214.90776228904724,0.046376613569695156,,,,
S2-bedside,EKF -reference,sO2,0.9801731001517464,-0.5758443735944063,0.7801019155801849,5.3958870080026315,-2.1304871211602716,0.9787983739714585,0.8333333333333334,0.0,5.0,16,bedside,192.98696869945542,214.90776300430298,0.046376613569695156,,,,
S2-bedside,EKF -fluence corr.,sO2,1.7325284925283588,-1.274026746082056,1.6422021827492954,4.744564251591454,-3.5752627608477097,1.0272092686835976,0.8333333333333334,0.0,6.0,16,bedside,192.98696869945542,214.9077639579773,0.046376613569695156,,,,
S2-bedside,EKF -depth gating,sO2,3.826725195468645,3.4233111304176513,3.5031843707938384,12.215237884158302,0.07132910922253086,6.775293151612772,0.75,0.0,8.0,16,bedside,192.98696869945542,214.90776538848877,0.046376613569695156,,,,
S2-bedside,Rectal proxy,T,0.29952858552801387,-0.28075621885110336,0.2808216330081972,0.6548075453438997,-0.485323505458716,-0.07618893224349071,,,,16,bedside,192.98696869945542,214.9077663421631,0.046376613569695156,,0.10803561710857135,,
S2-bedside,Scalp thermistor,T,1.0414803912372228,-1.0339999206099468,1.0339999206099468,1.4043622562984126,-1.27821914145594,-0.7897806997639536,,,,16,bedside,192.98696869945542,214.90776801109314,0.046376613569695156,,0.23127666070517625,,
S2-bedside,PA amplitude (800 nm),T,5.20730482617393,-3.7851596503010456,3.8799987889976775,15.66395541926348,-10.794342715805854,3.2240234152037632,,,,16,bedside,192.98696869945542,214.90776872634888,0.046376613569695156,,5.274267218306929,,
S2-bedside,Echo shift only,T,0.12142598698590554,0.11893955198947516,0.11893955198947516,0.19861442376952,0.07102353304642493,0.1668555709325254,,,,16,bedside,192.98696869945542,214.90776944160461,0.046376613569695156,,0.03667188376592963,,
S2-bedside,Proposed EKF,T,0.11894334320721975,0.1179609579727226,0.1179609579727226,0.16967040647872267,0.08806011326998514,0.14786180267546006,,,,16,bedside,192.98696869945542,214.90777015686035,0.046376613569695156,1.0,0.033821046408809216,0.35384331557834403,0.06795310590189364
S2-bedside,EKF -echo,T,12.408099110113954,-11.349749216986165,11.351623123338312,17.402980071279806,-21.177955408333688,-1.5215430256386426,,,,16,bedside,192.98696869945542,214.9077708721161,0.046376613569695156,,12.47230490852802,,
S2-bedside,EKF -reference,T,0.12003242580607396,0.11905412319911138,0.11905412319911138,0.17061012333196146,0.08907836005540654,0.14902988634281622,,,,16,bedside,192.98696869945542,214.9077718257904,0.046376613569695156,,0.0318032598440927,,
S2-bedside,EKF -fluence corr.,T,0.11882485731857743,0.11783342935712708,0.11783342935712708,0.16972018099496466,0.08781088390424834,0.1478559748100058,,,,16,bedside,192.98696869945542,214.90777277946472,0.046376613569695156,,0.03332161579923645,,
S2-bedside,EKF -depth gating,T,0.11716792244501402,0.11614788076231952,0.11614788076231952,0.16879951703509022,0.08591099154001244,0.1463847699846266,,,,16,bedside,192.98696869945542,214.9077742099762,0.046376613569695156,,0.03171950420551576,,
S2-wearable,NIRS rScO2,sO2,6.358711534434779,2.3150910427772255,5.146146823612301,25.896181225065767,-9.292605134237576,13.922787219792026,0.8333333333333334,126.76056338028168,3.0,16,wearable,72.17793963509621,95.7653431892395,0.046376613569695156,,,,
S2-wearable,PA linear unmixing,sO2,1.1732953087241598,0.8094422225037053,0.8295168267438887,4.548744545720901,-0.8553181003947573,2.4742025454021683,0.8333333333333334,0.0,5.0,16,wearable,72.17793963509621,95.76535129547119,0.046376613569695156,,,,
S2-wearable,PA fluence-compensated,sO2,0.5893690298365528,-0.471576052035154,0.4990171391163939,2.150608331982906,-1.1644627498740183,0.22131064580371024,0.8333333333333334,0.0,3.0,16,wearable,72.17793963509621,95.76535272598267,0.046376613569695156,,,,
S2-wearable,Proposed EKF,sO2,0.918330112291061,-0.030521034495956785,0.4541649395608798,5.3247124692590075,-1.8294536898165439,1.76841162082463,0.8333333333333334,0.0,5.0,16,wearable,72.17793963509621,95.76535415649414,0.046376613569695156,0.9237037037037037,,,
S2-wearable,Rectal proxy,T,0.29952858552801387,-0.28075621885110336,0.2808216330081972,0.6548075453438997,-0.485323505458716,-0.07618893224349071,,,,16,wearable,72.17793963509621,95.76535558700562,0.046376613569695156,,0.10803561710857135,,
S2-wearable,Scalp thermistor,T,1.0414803912372228,-1.0339999206099468,1.0339999206099468,1.4043622562984126,-1.27821914145594,-0.7897806997639536,,,,16,wearable,72.17793963509621,95.76535701751709,0.046376613569695156,,0.23127666070517625,,
S2-wearable,PA amplitude (800 nm),T,5.0667236618950815,-3.5591413021047775,3.7317536437723486,15.568998642637396,-10.627163787664964,3.5088811834554083,,,,16,wearable,72.17793963509621,95.76535844802856,0.046376613569695156,,5.131486231988801,,
S2-wearable,Echo shift only,T,0.12186238258907839,0.11958195566363364,0.11958195566363364,0.1992693361315787,0.07359097560807276,0.16557293571919451,,,,16,wearable,72.17793963509621,95.76535964012146,0.046376613569695156,,0.0365144103537478,,
S2-wearable,Proposed EKF,T,0.11962567025668065,0.11868200726693168,0.11868200726693168,0.16967004279056397,0.08928970875945413,0.14807430577440922,,,,16,wearable,72.17793963509621,95.76536083221436,0.046376613569695156,1.0,0.033669978510979345,0.35389729294166694,0.06810042204849263
S1-bedside,NIRS rScO2,sO2,7.825265371550184,7.541497765903188,7.541497765903188,15.490026529843654,3.4486209123391225,11.634374619467252,1.0,0.500277932184547,30.0,17,bedside,437.6271045753687,321.94177889823914,0.04796973861906827,,,,
S1-bedside,PA linear unmixing,sO2,0.7978284107215912,0.6658920731039168,0.6754576675997573,4.513172829744317,-0.19543353385922027,1.527217680067054,1.0,0.0,30.0,17,bedside,437.6271045753687,321.94178533554077,0.04796973861906827,,,,
S1-bedside,PA fluence-compensated,sO2,0.39622245950889384,-0.36092845313490746,0.3623416178190315,1.028378350920417,-0.6813323402967081,-0.040524565973106864,1.0,0.0,20.0,17,bedside,437.6271045753687,321.9417870044708,0.04796973861906827,,,,
S1-bedside,Proposed EKF,sO2,0.581186261683688,0.46897508114962916,0.49244409412643253,5.12863470966275,-0.20384996656173243,1.1418001288609907,1.0,0.0,30.0,17,bedside,437.6271045753687,321.9417881965637,0.04796973861906827,0.9972222222222222,,,
S1-bedside,EKF -echo,sO2,1.3117231791132657,-0.009856454027677763,1.0075675758509923,6.765006819426556,-2.5807613026746337,2.5610483946192786,1.0,0.0,60.0,17,bedside,437.6271045753687,321.94178891181946,0.04796973861906827,,,,
S1-bedside,EKF -reference,sO2,0.7141324449265858,0.6191368457112048,0.6377331545327394,5.116535858965598,-0.07839935681448734,1.3166730482368967,1.0,0.0,30.0,17,bedside,437.6271045753687,321.9417898654938,0.04796973861906827,,,,
S1-bedside,EKF -fluence corr.,sO2,0.5863477483631389,-0.36546350379399534,0.45101396629729973,5.029817669308356,-1.2641616757576322,0.5332346681696415,1.0,0.0,40.0,17,bedside,437.6271045753687,321.9417915344238,0.04796973861906827,,,,
S1-bedside,EKF -depth gating,sO2,2.6189566791241625,2.5362754994166985,2.540880981011146,9.930484747643309,1.2566481359527795,3.815902862880618,1.0,0.0,50.0,17,bedside,437.6271045753687,321.94179224967957,0.04796973861906827,,,,
S1-bedside,Rectal proxy,T,0.6451592953984346,-0.632126499029521,0.632126499029521,1.2733240036625801,-0.8850090811058969,-0.3792439169531451,,,,17,bedside,437.6271045753687,321.9417929649353,0.04796973861906827,,0.3036385266069338,,
S1-bedside,Scalp thermistor,T,1.9411518399880274,-1.9296515546249309,1.9296515546249309,2.6964558339241336,-2.343185282463623,-1.516117826786239,,,,17,bedside,437.6271045753687,321.94179368019104,0.04796973861906827,,0.33751997965317976,,
S1-bedside,PA amplitude (800 nm),T,8.45337821872507,-7.357020845922244,7.374223577285136,21.224209383321472,-15.517272610973205,0.8032309191287181,,,,17,bedside,437.6271045753687,321.94179463386536,0.04796973861906827,,8.36474598040974,,
S1-bedside,Echo shift only,T,0.9076944304809517,-0.8584515021875359,0.8584515021875359,1.248460853319017,-1.4364694178143276,-0.28043358656074413,,,,17,bedside,437.6271045753687,321.9417953491211,0.04796973861906827,,0.8118917703907431,,
S1-bedside,Proposed EKF,T,0.9055437686728948,-0.8439108593605819,0.8482109817402153,1.3135063025883156,-1.4875074687038683,-0.20031425001729541,,,,17,bedside,437.6271045753687,321.94179606437683,0.04796973861906827,0.19944444444444445,0.8091830131124838,0.839545010474103,0.006561967861221653
S1-bedside,EKF -echo,T,11.001920498987719,-0.17431327530557053,9.503699843721089,22.712803612436304,-21.735370718204216,21.386744167593072,,,,17,bedside,437.6271045753687,321.941796541214,0.04796973861906827,,11.000701672864638,,
S1-bedside,EKF -reference,T,0.9041863112519671,-0.8422946763909875,0.8466659791748026,1.307319949942105,-1.4866923736591215,-0.19789697912285342,,,,17,bedside,437.6271045753687,321.9417974948883,0.04796973861906827,,0.8067090453499333,,
S1-bedside,EKF -fluence corr.,T,0.9027131431764563,-0.8412481775453055,0.845596742408218,1.3095399071147682,-1.4829574536000212,-0.19953890149058973,,,,17,bedside,437.6271045753687,321.94179797172546,0.04796973861906827,,0.8060439828893486,,
S1-bedside,EKF -depth gating,T,0.9151431005377099,-0.852879161963461,0.857044285566849,1.3253718260955196,-1.5031858649277974,-0.20257245899912468,,,,17,bedside,437.6271045753687,321.9417984485626,0.04796973861906827,,0.8194792944920184,,
S1-wearable,NIRS rScO2,sO2,7.825265371550184,7.541497765903188,7.541497765903188,15.490026529843654,3.4486209123391225,11.634374619467252,1.0,0.500277932184547,30.0,17,wearable,111.17378668665845,129.02345395088196,0.04796973861906827,,,,
S1-wearable,PA linear unmixing,sO2,0.8550485896132357,0.7370976045677244,0.7444951608257119,3.753239162613914,-0.11227515587913153,1.5864703650145806,1.0,0.0,30.0,17,wearable,111.17378668665845,129.02346062660217,0.04796973861906827,,,,
S1-wearable,PA fluence-compensated,sO2,0.503646290837261,-0.46822156710970114,0.46883882862112614,1.5682904947147913,-0.8318961227932951,-0.10454701142610717,1.0,0.0,20.0,17,wearable,111.17378668665845,129.02346205711365,0.04796973861906827,,,,
S1-wearable,Proposed EKF,sO2,0.3706463139777555,-0.17860621990199624,0.23129641502817608,5.94687498601888,-0.8151643377508634,0.45795189794687086,1.0,0.0,30.0,17,wearable,111.17378668665845,129.02346301078796,0.04796973861906827,0.9988888888888889,,,
S1-wearable,Rectal proxy,T,0.6451592953984346,-0.632126499029521,0.632126499029521,1.2733240036625801,-0.8850090811058969,-0.3792439169531451,,,,17,wearable,111.17378668665845,129.02346348762512,0.04796973861906827,,0.3036385266069338,,
S1-wearable,Scalp thermistor,T,1.9411518399880274,-1.9296515546249309,1.9296515546249309,2.6964558339241336,-2.343185282463623,-1.516117826786239,,,,17,wearable,111.17378668665845,129.0234649181366,0.04796973861906827,,0.33751997965317976,,
S1-wearable,PA amplitude (800 nm),T,8.387745092117372,-7.2813243847112465,7.305243351603579,21.166267913246976,-15.442219985250318,0.8795712158278244,,,,17,wearable,111.17378668665845,129.02346563339233,0.04796973861906827,,8.299342377586814,,
S1-wearable,Echo shift only,T,0.9019192668267676,-0.8529630043853872,0.8529630043853872,1.2404302972739742,-1.4274552773815334,-0.27847073138924106,,,,17,wearable,111.17378668665845,129.02346634864807,0.04796973861906827,,0.8061248267062304,,
S1-wearable,Proposed EKF,T,0.8985748819187451,-0.8372291556746136,0.8416798545411345,1.3053093456779052,-1.4768146045248365,-0.19764370682439092,,,,17,wearable,111.17378668665845,129.02346777915955,0.04796973861906827,0.20222222222222222,0.8028480944532412,0.8309927791885651,0.006506893310622005
S2-bedside,NIRS rScO2,sO2,8.536485823881247,5.9587772942962305,7.022105054493749,27.018123546997604,-6.022028466340119,17.93958305493258,1.0,50.70422535211267,5.0,17,bedside,184.62242885928617,215.11219191551208,0.04796973861906827,,,,
S2-bedside,PA linear unmixing,sO2,1.1385558466683405,0.5274849866280424,0.6194607976303527,6.759646755071985,-1.4501433629584357,2.505113336214521,0.9166666666666666,0.0,4.0,17,bedside,184.62242885928617,215.11219930648804,0.04796973861906827,,,,
S2-bedside,PA fluence-compensated,sO2,0.9513605694081698,-0.8582365589243452,0.8899550726473178,1.9842241139312655,-1.6628325346764061,-0.05364058317228453,0.9166666666666666,0.0,2.0,17,bedside,184.62242885928617,215.1122009754181,0.04796973861906827,,,,
S2-bedside,Proposed EKF,sO2,0.9058851855523832,-0.19295827972413496,0.600270101599393,6.11508152970604,-1.9277465974739252,1.5418300380256553,0.9166666666666666,0.0,6.0,17,bedside,184.62242885928617,215.112202167511,0.04796973861906827,0.9288888888888889,,,
S2-bedside,EKF -echo,sO2,8.749906680681342,-5.602617009157243,6.06647913509546,24.20628735514156,-18.77573451510674,7.5705004967922545,0.8333333333333334,0.0,14.0,17,bedside,184.62242885928617,215.1122031211853,0.04796973861906827,,,,
S2-bedside,EKF -reference,sO2,0.9946376241503345,-0.32589776450627284,0.7213350093896117,5.069986697959383,-2.1677708353847334,1.5159753063721877,0.9166666666666666,0.0,6.0,17,bedside,184.62242885928617,215.1122043132782,0.04796973861906827,,,,
S2-bedside,EKF -fluence corr.,sO2,1.2485939858045678,-0.4433844312384549,0.9872694193719859,8.610577671622272,-2.7311311470239157,1.8443622845470062,0.9166666666666666,0.0,6.0,17,bedside,184.62242885928617,215.11220526695251,0.04796973861906827,,,,
S2-bedside,EKF -depth gating,sO2,3.037253501436604,2.0411007913335397,2.115888973778934,17.326333619377433,-2.3672945006060964,6.449496083273177,0.8333333333333334,0.0,8.0,17,bedside,184.62242885928617,215.1122064590454,0.04796973861906827,,,,
S2-bedside,Rectal proxy,T,0.3410947826024093,-0.3253367496685766,0.325338680795617,0.6756166613689771,-0.5261927646876683,-0.12448073464948492,,,,17,bedside,184.62242885928617,215.11220741271973,0.04796973861906827,,0.17844862722348492,,
S2-bedside,Scalp thermistor,T,0.6666029232507107,-0.6518967339373436,0.6518967339373436,1.1009549206377756,-0.9248235181686881,-0.378969949705999,,,,17,bedside,184.62242885928617,215.11220860481262,0.04796973861906827,,0.14395473184024166,,
S2-bedside,PA amplitude (800 nm),T,4.395372058924859,-2.3226937647181014,3.2676520539586162,14.365825202218232,-9.636511755052016,4.991124225615814,,,,17,bedside,184.62242885928617,215.11220908164978,0.04796973861906827,,4.41362323210651,,
S2-bedside,Echo shift only,T,0.042412686484420634,0.03416946238814096,0.03609419399041256,0.10705015632053971,-0.015076247104561138,0.08341517188084306,,,,17,bedside,184.62242885928617,215.11221027374268,0.04796973861906827,,0.025126050074211655,,
S2-bedside,Proposed EKF,T,0.037200392906092644,0.035010358851005625,0.035010358851005625,0.07321437222858407,0.010362316099174988,0.05965840160283627,,,,17,bedside,184.62242885928617,215.1122109889984,0.04796973861906827,1.0,0.0141764825303246,0.2544618728999164,0.0073204276524820085
S2-bedside,EKF -echo,T,16.47735611071106,-10.027780934963678,13.3056506441806,26.80270876763984,-35.65412501384869,15.598563143921337,,,,17,bedside,184.62242885928617,215.11221170425415,0.04796973861906827,,16.477610450820425,,
S2-bedside,EKF -reference,T,0.03811043847086557,0.035710050801256735,0.035710050801256735,0.07646270759570939,0.009619381232106379,0.06180072037040709,,,,17,bedside,184.62242885928617,215.1122124195099,0.04796973861906827,,0.014045520487375214,,
S2-bedside,EKF -fluence corr.,T,0.03712876877532093,0.03492670776158529,0.03492670776158529,0.07281434582016288,0.010237665519973321,0.05961575000319726,,,,17,bedside,184.62242885928617,215.1122133731842,0.04796973861906827,,0.014074646335830247,,
S2-bedside,EKF -depth gating,T,0.03613668924951799,0.033712767349112764,0.033712767349112764,0.07457597901733948,0.008209436874163041,0.05921609782406249,,,,17,bedside,184.62242885928617,215.11221504211426,0.04796973861906827,,0.013426752396056644,,
S2-wearable,NIRS rScO2,sO2,8.536485823881247,5.9587772942962305,7.022105054493749,27.018123546997604,-6.022028466340119,17.93958305493258,1.0,50.70422535211267,5.0,17,wearable,66.4891500727846,95.6023998260498,0.04796973861906827,,,,
S2-wearable,PA linear unmixing,sO2,1.0587058392493989,0.5564901208205139,0.6397742116858236,5.991278902358054,-1.2087908179879716,2.321771059628999,0.9166666666666666,0.0,4.0,17,wearable,66.4891500727846,95.60240507125854,0.04796973861906827,,,,
S2-wearable,PA fluence-compensated,sO2,0.8847318530660477,-0.8083542524141221,0.8140227364081315,2.110919264705391,-1.5131748701548753,-0.10353363467336874,0.9166666666666666,0.0,2.0,17,wearable,66.4891500727846,95.6024067401886,0.04796973861906827,,,,
S2-wearable,Proposed EKF,sO2,1.1276480178530865,-0.3889963518422233,0.7689860135601807,5.821200193558424,-2.4635171384922367,1.6855244348077902,0.9166666666666666,0.0,6.0,17,wearable,66.4891500727846,95.60240745544434,0.04796973861906827,0.9059259259259259,,,
S2-wearable,Rectal proxy,T,0.3410947826024093,-0.3253367496685766,0.325338680795617,0.6756166613689771,-0.5261927646876683,-0.12448073464948492,,,,17,wearable,66.4891500727846,95.60240817070007,0.04796973861906827,,0.17844862722348492,,
S2-wearable,Scalp thermistor,T,0.6666029232507107,-0.6518967339373436,0.6518967339373436,1.1009549206377756,-0.9248235181686881,-0.378969949705999,,,,17,wearable,66.4891500727846,95.60240912437439,0.04796973861906827,,0.14395473184024166,,
S2-wearable,PA amplitude (800 nm),T,4.476023428042937,-2.4931428560118447,3.321388348178461,14.452697440655335,-9.779236750702266,4.792951038678575,,,,17,wearable,66.4891500727846,95.60241055488586,0.04796973861906827,,4.495249929052405,,
S2-wearable,Echo shift only,T,0.043111144400577,0.035703611658622444,0.037069734609322974,0.11456114438008314,-0.011654745566678226,0.08306196888392312,,,,17,wearable,66.4891500727846,95.6024112701416,0.04796973861906827,,0.024200010895540473,,
S2-wearable,Proposed EKF,T,0.039138671903762245,0.0367522364875794,0.0367522364875794,0.07715790487275598,0.010375212774510409,0.0631292602006484,,,,17,wearable,66.4891500727846,95.6024124622345,0.04796973861906827,1.0,0.01521025640951546,0.27376155135985913,0.007848545951240798
S1-bedside,NIRS rScO2,sO2,8.134240872033338,7.909686523692478,7.909686523692478,14.091669011939011,4.1894363126487475,11.629936734736207,1.0,0.1000555864369094,30.0,18,bedside,422.93077094525637,301.6068892478943,0.06515107100389197,,,,
S1-bedside,PA linear unmixing,sO2,1.1411580518934232,1.087579621254785,1.087579621254785,3.5142477293335195,0.41028045230231913,1.7648787902072507,1.0,0.0,20.0,18,bedside,422.93077094525637,301.6068968772888,0.06515107100389197,,,,
S1-bedside,PA fluence-compensated,sO2,1.3191125451273031,-1.2639412380875377,1.265370067513452,2.7445381485756593,-2.0038521500772557,-0.5240303260978191,1.0,0.0,20.0,18,bedside,422.93077094525637,301.6068985462189,0.06515107100389197,,,,
S1-bedside,Proposed EKF,sO2,0.45879091461672333,0.003144155448454965,0.3823824667776032,3.913550115188602,-0.8960649205812731,0.9023532314781831,1.0,0.0,20.0,18,bedside,422.93077094525637,301.60689973831177,0.06515107100389197,0.9994444444444445,,,
S1-bedside,EKF -echo,sO2,0.9263507095752965,0.2725419623044395,0.6920572096194181,8.12532808757257,-1.4627461335271552,2.007830058136034,1.0,0.0,40.0,18,bedside,422.93077094525637,301.6069004535675,0.06515107100389197,,,,
S1-bedside,EKF -reference,sO2,0.49405446764987,0.23343155435710117,0.38096758166650374,3.618913961212389,-0.6200117892536843,1.0868748979678866,1.0,0.0,20.0,18,bedside,422.93077094525637,301.6069014072418,0.06515107100389197,,,,
S1-bedside,EKF -fluence corr.,sO2,0.8896773533089726,-0.8157952069207179,0.8357978615401466,3.422979919465785,-1.5115371591160471,-0.12005325472538879,1.0,0.0,30.0,18,bedside,422.93077094525637,301.60690236091614,0.06515107100389197,,,,
S1-bedside,EKF -depth gating,sO2,2.3542230222882687,2.3241439904805934,2.327199336678069,6.460519485724392,1.5888938059101243,3.0593941750510627,1.0,0.0,30.0,18,bedside,422.93077094525637,301.6069030761719,0.06515107100389197,,,,
S1-bedside,Rectal proxy,T,0.5805553351928378,-0.5616988537883771,0.5616988537883771,1.082554706971969,-0.84935110659856,-0.2740466009781943,,,,18,bedside,422.93077094525637,301.6069040298462,0.06515107100389197,,0.28025359227602126,,
S1-bedside,Scalp thermistor,T,2.6109416856940038,-2.6027644465072726,2.6027644465072726,3.4096331985420676,-3.0074639730574138,-2.1980649199571314,,,,18,bedside,422.93077094525637,301.60690569877625,0.06515107100389197,,0.2654124808764899,,
S1-bedside,PA amplitude (800 nm),T,9.33916544109584,-8.071087288563747,8.088029021593785,20.110643328193568,-17.280493283811964,1.1383187066844673,,,,18,bedside,422.93077094525637,301.60690665245056,0.06515107100389197,,9.373993448556687,,
S1-bedside,Echo shift only,T,0.2133726412468058,0.2031852086235338,0.2031852086235338,0.35105451977089075,0.07550425796775467,0.3308661592793129,,,,18,bedside,422.93077094525637,301.60690808296204,0.06515107100389197,,0.17545231262161218,,
S1-bedside,Proposed EKF,T,0.25228093949253483,0.21674967552182914,0.21858086890499862,0.7613994124494496,-0.036274486715361626,0.46977383775901993,,,,18,bedside,422.93077094525637,301.60690903663635,0.06515107100389197,0.9722222222222222,0.2198727372832904,0.17682973259575036,0.021853519408094272
S1-bedside,EKF -echo,T,7.277016458272212,-6.994976166847515,7.054523370588487,15.858796855905716,-10.927342371368951,-3.0626099623260776,,,,18,bedside,422.93077094525637,301.6069097518921,0.06515107100389197,,7.308085146060163,,
S1-bedside,EKF -reference,T,0.2520271312602266,0.2152934800386704,0.21713450270669205,0.7672313447166275,-0.04150685646634125,0.4720938165436821,,,,18,bedside,422.93077094525637,301.6069104671478,0.06515107100389197,,0.22014454260204755,,
S1-bedside,EKF -fluence corr.,T,0.25141740653579786,0.21586917861740676,0.21770267963971834,0.7596165328928208,-0.03674440862568981,0.4684827658605033,,,,18,bedside,422.93077094525637,301.6069116592407,0.06515107100389197,,0.2191135484600991,,
S1-bedside,EKF -depth gating,T,0.249902032297293,0.2141986635149775,0.2160877165273107,0.7581886599217356,-0.03810106257479881,0.46649838960475376,,,,18,bedside,422.93077094525637,301.60691237449646,0.06515107100389197,,0.2168095244271971,,
S1-wearable,NIRS rScO2,sO2,8.134240872033338,7.909686523692478,7.909686523692478,14.091669011939011,4.1894363126487475,11.629936734736207,1.0,0.1000555864369094,30.0,18,wearable,116.7474034121259,130.01486659049988,0.06515107100389197,,,,
S1-wearable,PA linear unmixing,sO2,1.389678106941319,1.3198335178170195,1.3198472099249559,4.228064475060133,0.46718907843358515,2.1724779572004542,1.0,0.0,30.0,18,wearable,116.7474034121259,130.01487398147583,0.06515107100389197,,,,
S1-wearable,PA fluence-compensated,sO2,0.551838434248765,-0.43666546461416056,0.4636317028805379,3.276986054009007,-1.0979990020009824,0.22466807277266126,1.0,0.0,20.0,18,wearable,116.7474034121259,130.01487565040588,0.06515107100389197,,,,
S1-wearable,Proposed EKF,sO2,0.3927913087548412,0.13397174968242018,0.27031047495409594,4.832991046775148,-0.5897344168038552,0.8576779161686957,1.0,0.0,30.0,18,wearable,116.7474034121259,130.01487636566162,0.06515107100389197,0.9988888888888889,,,
S1-wearable,Rectal proxy,T,0.5805553351928378,-0.5616988537883771,0.5616988537883771,1.082554706971969,-0.84935110659856,-0.2740466009781943,,,,18,wearable,116.7474034121259,130.01487708091736,0.06515107100389197,,0.28025359227602126,,
S1-wearable,Scalp thermistor,T,2.6109416856940038,-2.6027644465072726,2.6027644465072726,3.4096331985420676,-3.0074639730574138,-2.1980649199571314,,,,18,wearable,116.7474034121259,130.01487827301025,0.06515107100389197,,0.2654124808764899,,
S1-wearable,PA amplitude (800 nm),T,9.331263807510606,-8.064019822736952,8.079624533886781,20.113155496046343,-17.266437641881197,1.1383979964072921,,,,18,wearable,116.7474034121259,130.01487946510315,0.06515107100389197,,9.366090806934425,,
S1-wearable,Echo shift only,T,0.21382967601833366,0.20342035466523492,0.20342035466523492,0.349479002933613,0.07424922191990124,0.3325914874105686,,,,18,wearable,116.7474034121259,130.01488041877747,0.06515107100389197,,0.17595402661342227,,
S1-wearable,Proposed EKF,T,0.2532992105962363,0.21736671972594476,0.2191947725938345,0.7627980807019412,-0.037525227217746454,0.472258666669636,,,,18,wearable,116.7474034121259,130.0148811340332,0.06515107100389197,0.9722222222222222,0.2187726374342949,0.17919320159605356,0.02191468794318532
S2-bedside,NIRS rScO2,sO2,7.919853980236994,5.0491000192884075,6.384221108409196,24.431668211896373,-6.910221247636908,17.00842128621372,1.0,60.04447739065974,2.0,18,bedside,175.68139327929669,215.11139512062073,0.06515107100389197,,,,
S2-bedside,PA linear unmixing,sO2,1.1532760755534175,0.48017899880326853,0.6358464353330625,5.7896201240046015,-1.5749946402494677,2.5353526378560045,1.0,0.0,5.0,18,bedside,175.68139327929669,215.11140823364258,0.06515107100389197,,,,
S2-bedside,PA fluence-compensated,sO2,0.7116507729799587,-0.5237641960728888,0.5531323374325422,2.9082303252994492,-1.4680650404379194,0.42053664829214166,1.0,0.0,4.0,18,bedside,175.68139327929669,215.11140966415405,0.06515107100389197,,,,
S2-bedside,Proposed EKF,sO2,0.9631049224187047,0.3255976652849371,0.6166368367008649,5.853087057810624,-1.450942325563556,2.10213765613343,1.0,0.0,6.0,18,bedside,175.68139327929669,215.11141109466553,0.06515107100389197,0.9118518518518518,,,
S2-bedside,EKF -echo,sO2,3.315767225090913,0.2994692257875172,1.7260048124066962,17.08273799446647,-6.172874123272731,6.7718125748477656,0.8333333333333334,0.0,8.0,18,bedside,175.68139327929669,215.11141180992126,0.06515107100389197,,,,
S2-bedside,EKF -reference,sO2,0.9670230411881303,0.3392984499326421,0.6300072211268747,5.319456364503883,-1.435567993661568,2.114164893526852,1.0,0.0,6.0,18,bedside,175.68139327929669,215.11141276359558,0.06515107100389197,,,,
S2-bedside,EKF -fluence corr.,sO2,1.2773739158847455,-0.45776956616505465,1.0594981117348203,6.048390336514842,-2.7951311145121354,1.879591982182026,1.0,0.0,7.0,18,bedside,175.68139327929669,215.11141419410706,0.06515107100389197,,,,
S2-bedside,EKF -depth gating,sO2,3.2700608131867015,2.6725180571782032,2.8099831430779534,11.98350493691972,-1.0208963716333188,6.365932485989726,1.0,0.0,10.0,18,bedside,175.68139327929669,215.11141514778137,0.06515107100389197,,,,
S2-bedside,Rectal proxy,T,0.3334360934742723,-0.31747130981594845,0.3175421173280853,0.679480370219558,-0.517272097386714,-0.11767052224518293,,,,18,bedside,175.68139327929669,215.1114161014557,0.06515107100389197,,0.14297670487037314,,
S2-bedside,Scalp thermistor,T,1.215413001942263,-1.2086493957510345,1.2086493957510345,1.6437582989422808,-1.4596166881594324,-0.9576821033426366,,,,18,bedside,175.68139327929669,215.11141753196716,0.06515107100389197,,0.1360935422037647,,
S2-bedside,PA amplitude (800 nm),T,3.882631477155939,-3.100550170208026,3.118620480898567,10.12199695781445,-7.681005939050188,1.4799055986341352,,,,18,bedside,175.68139327929669,215.1114182472229,0.06515107100389197,,3.9501205947357754,,
S2-bedside,Echo shift only,T,0.12330276216383636,0.12080806262480594,0.12080806262480594,0.19710015535704883,0.07243999758786274,0.16917612766174914,,,,18,bedside,175.68139327929669,215.11141896247864,0.06515107100389197,,0.04422671095885533,,
S2-bedside,Proposed EKF,T,0.12122446964165509,0.12060773790943051,0.12060773790943051,0.16536529697788893,0.09667120259971153,0.14454427321914948,,,,18,bedside,175.68139327929669,215.11141967773438,0.06515107100389197,1.0,0.04146023482299207,0.45921062228887377,0.027121839967612176
S2-bedside,EKF -echo,T,14.110628081052292,10.60221616387788,10.60221616387788,26.4636879623325,-7.648198067129922,28.852630394885683,,,,18,bedside,175.68139327929669,215.11142086982727,0.06515107100389197,,14.05993605630254,,
S2-bedside,EKF -reference,T,0.12131939032337216,0.12070675306708703,0.12070675306708703,0.16519252188466282,0.09684024324000623,0.14457326289416783,,,,18,bedside,175.68139327929669,215.11142134666443,0.06515107100389197,,0.040583220510832456,,
S2-bedside,EKF -fluence corr.,T,0.12172579847432566,0.12109237539520828,0.12109237539520828,0.16632968549983929,0.09678468997697781,0.14540006081343876,,,,18,bedside,175.68139327929669,215.11142206192017,0.06515107100389197,,0.041822290882405015,,
S2-bedside,EKF -depth gating,T,0.12049888614338645,0.11985346445541786,0.11985346445541786,0.16517597029420727,0.09544153896926247,0.14426538994157326,,,,18,bedside,175.68139327929669,215.11142301559448,0.06515107100389197,,0.040299973532434114,,
S2-wearable,NIRS rScO2,sO2,7.919853980236994,5.0491000192884075,6.384221108409196,24.431668211896373,-6.910221247636908,17.00842128621372,1.0,60.04447739065974,2.0,18,wearable,66.4308686174185,94.30780982971191,0.06515107100389197,,,,
S2-wearable,PA linear unmixing,sO2,1.3977805217920503,0.509605666206103,0.7599473579086136,7.253143622780122,-2.0414775476227547,3.0606888800349603,1.0,0.0,6.0,18,wearable,66.4308686174185,94.3078145980835,0.06515107100389197,,,,
S2-wearable,PA fluence-compensated,sO2,0.7734903598252951,-0.6500081527235633,0.6752906006084856,2.0266234864445565,-1.471752588190934,0.17173628274380756,1.0,0.0,4.0,18,wearable,66.4308686174185,94.30781579017639,0.06515107100389197,,,,
S2-wearable,Proposed EKF,sO2,1.098408131999676,0.06598686526234594,0.5515166403469401,5.702481013921934,-2.0830046844621797,2.214978414986872,1.0,0.0,8.0,18,wearable,66.4308686174185,94.30781698226929,0.06515107100389197,0.9037037037037037,,,
S2-wearable,Rectal proxy,T,0.3334360934742723,-0.31747130981594845,0.3175421173280853,0.679480370219558,-0.517272097386714,-0.11767052224518293,,,,18,wearable,66.4308686174185,94.30781769752502,0.06515107100389197,,0.14297670487037314,,
S2-wearable,Scalp thermistor,T,1.215413001942263,-1.2086493957510345,1.2086493957510345,1.6437582989422808,-1.4596166881594324,-0.9576821033426366,,,,18,wearable,66.4308686174185,94.30781888961792,0.06515107100389197,,0.1360935422037647,,
S2-wearable,PA amplitude (800 nm),T,3.7771621769310997,-2.96696283446049,3.0006511188295786,10.233345677020164,-7.548538047436134,1.614612378515154,,,,18,wearable,66.4308686174185,94.30781960487366,0.06515107100389197,,3.843580174942326,,
S2-wearable,Echo shift only,T,0.13240215275203712,0.1302902638530969,0.1302902638530969,0.20894193753721169,0.0841249945955703,0.17645553311062348,,,,18,wearable,66.4308686174185,94.30782079696655,0.06515107100389197,,0.05184336974292219,,
S2-wearable,Proposed EKF,T,0.13068796468733795,0.13008648446889037,0.13008648446889037,0.17481006422458734,0.10553943690651847,0.15463353203126226,,,,18,wearable,66.4308686174185,94.30782198905945,0.06515107100389197,1.0,0.04934260361434999,0.46984903549719054,0.027089090878781523
S1-bedside,NIRS rScO2,sO2,2.858950733308113,-2.0527520188249135,2.380553022565762,8.539868212146162,-5.953008436181795,1.847504398531968,1.0,0.2001111728738188,50.0,19,bedside,558.1370066891402,303.68939542770386,0.0663001558293143,,,,
S1-bedside,PA linear unmixing,sO2,1.7546909840805727,1.707838069587379,1.707838069587379,4.1732456081064235,0.918394502495954,2.497281636678804,1.0,0.0,30.0,19,bedside,558.1370066891402,303.6894040107727,0.0663001558293143,,,,
S1-bedside,PA fluence-compensated,sO2,0.3983737369284609,0.22904330757653138,0.3240839737910391,1.1383484008570366,-0.40981086027904584,0.8678974754321087,1.0,0.0,20.0,19,bedside,558.1370066891402,303.689404964447,0.0663001558293143,,,,
S1-bedside,Proposed EKF,sO2,0.415900699651649,0.1526043030743435,0.32068024794333105,3.999011331823976,-0.6057037610664242,0.9109123672151113,1.0,0.0,40.0,19,bedside,558.1370066891402,303.68940591812134,0.0663001558293143,0.9994444444444445,,,
S1-bedside,EKF -echo,sO2,0.7584304147382492,0.3741494095970282,0.5521622013939891,4.541174569135253,-0.9188994654755551,1.6671982846696114,1.0,0.0,30.0,19,bedside,558.1370066891402,303.6894073486328,0.0663001558293143,,,,
S1-bedside,EKF -reference,sO2,0.6148613373795709,0.5047716043217145,0.5354761110932393,3.644069796563121,-0.18335336120230988,1.1928965698457388,1.0,0.0,40.0,19,bedside,558.1370066891402,303.68940806388855,0.0663001558293143,,,,
S1-bedside,EKF -fluence corr.,sO2,0.450452627406199,-0.23940315080842955,0.3461071827822408,3.0229886609393297,-0.9872753066310851,0.508469005014226,1.0,0.0,40.0,19,bedside,558.1370066891402,303.6894087791443,0.0663001558293143,,,,
S1-bedside,EKF -depth gating,sO2,1.7856956163304027,1.738264601569146,1.7475637684272194,5.815263844957941,0.9369505139545832,2.539578689183709,1.0,0.0,40.0,19,bedside,558.1370066891402,303.6894094944,0.0663001558293143,,,,
S1-bedside,Rectal proxy,T,0.5712125081170097,-0.5541701335527802,0.5541701335527802,1.0734284686604596,-0.8256084984470946,-0.28273176865846583,,,,19,bedside,558.1370066891402,303.68941044807434,0.0663001558293143,,0.2857256946090416,,
S1-bedside,Scalp thermistor,T,2.5077505490697405,-2.5005513262342967,2.5005513262342967,3.135587713848615,-2.8727236966804464,-2.128378955788147,,,,19,bedside,558.1370066891402,303.68941140174866,0.0663001558293143,,0.42205355837954356,,
S1-bedside,PA amplitude (800 nm),T,6.556604223027613,-4.925795619234833,4.928307655114298,17.427458747874137,-13.407319735886135,3.555728497416469,,,,19,bedside,558.1370066891402,303.689412355423,0.0663001558293143,,6.600454832495906,,
S1-bedside,Echo shift only,T,0.29236926540983565,-0.2598540169183862,0.2613786777663972,0.482465008413115,-0.5224916564802617,0.0027836226434893585,,,,19,bedside,558.1370066891402,303.6894133090973,0.0663001558293143,,0.34514705926097117,,
S1-bedside,Proposed EKF,T,0.2953719100176567,-0.21389201362521276,0.2665421715125052,0.5354781222884952,-0.6131492178138469,0.18536519056342138,,,,19,bedside,558.1370066891402,303.6894142627716,0.0663001558293143,1.0,0.3435176008439659,0.19220655340158546,0.06715341958914545
S1-bedside,EKF -echo,T,5.1931514188273615,-2.7841085807219135,4.222005708313536,14.372881153290855,-11.376324977266481,5.808107815822655,,,,19,bedside,558.1370066891402,303.68941497802734,0.0663001558293143,,5.237253335448734,,
S1-bedside,EKF -reference,T,0.29645835735989745,-0.21500580930155191,0.2675255041916521,0.5367882120751801,-0.6150574122447464,0.18504579364164261,,,,19,bedside,558.1370066891402,303.6894156932831,0.0663001558293143,,0.33974306094684464,,
S1-bedside,EKF -fluence corr.,T,0.294788939419975,-0.2132303981736829,0.26598170304107877,0.534744426664048,-0.6121918338113852,0.18573103746401937,,,,19,bedside,558.1370066891402,303.6894164085388,0.0663001558293143,,0.3421442813180434,,
S1-bedside,EKF -depth gating,T,0.2974108230705527,-0.21617741510300312,0.2684365231030791,0.5392226403957281,-0.6165192199292467,0.18416438972324053,,,,19,bedside,558.1370066891402,303.689416885376,0.0663001558293143,,0.3460009304763035,,
S1-wearable,NIRS rScO2,sO2,2.858950733308113,-2.0527520188249135,2.380553022565762,8.539868212146162,-5.953008436181795,1.847504398531968,1.0,0.2001111728738188,50.0,19,wearable,131.6857129590519,126.5162582397461,0.0663001558293143,,,,
S1-wearable,PA linear unmixing,sO2,1.9236143791870473,1.8777476740266812,1.8777476740266812,4.054492540682631,1.0593310153901248,2.6961643326632374,1.0,0.0,30.0,19,wearable,131.6857129590519,126.51626396179199,0.0663001558293143,,,,
S1-wearable,PA fluence-compensated,sO2,1.157824567386915,1.0094050159094703,1.0406129451336101,2.650948177232687,-0.10220919179123981,2.1210192236101806,1.0,0.0,20.0,19,wearable,131.6857129590519,126.51626563072205,0.0663001558293143,,,,
S1-wearable,Proposed EKF,sO2,0.6032563646872072,0.13252632794546518,0.464579635107008,5.058950356806435,-1.0209715790921055,1.2860242349830358,1.0,0.0,40.0,19,wearable,131.6857129590519,126.51626634597778,0.0663001558293143,0.9983333333333333,,,
S1-wearable,Rectal proxy,T,0.5712125081170097,-0.5541701335527802,0.5541701335527802,1.0734284686604596,-0.8256084984470946,-0.28273176865846583,,,,19,wearable,131.6857129590519,126.51626706123352,0.0663001558293143,,0.2857256946090416,,
S1-wearable,Scalp thermistor,T,2.5077505490697405,-2.5005513262342967,2.5005513262342967,3.135587713848615,-2.8727236966804464,-2.128378955788147,,,,19,wearable,131.6857129590519,126.51626801490784,0.0663001558293143,,0.42205355837954356,,
S1-wearable,PA amplitude (800 nm),T,6.595322893887805,-4.996150623462958,4.99688010621918,17.482554764663444,-13.434801512468326,3.44250026554241,,,,19,wearable,131.6857129590519,126.51626873016357,0.0663001558293143,,6.6395347134508675,,
S1-wearable,Echo shift only,T,0.2946201330583157,-0.26225453145773786,0.26363135059355924,0.4917773072820779,-0.5253883348754516,0.0008792719599757803,,,,19,wearable,131.6857129590519,126.51626968383789,0.0663001558293143,,0.3474582591862435,,
S1-wearable,Proposed EKF,T,0.29824453663395434,-0.21703828587167667,0.2692627218227456,0.5391500668810991,-0.6179729754579493,0.18389640371459587,,,,19,wearable,131.6857129590519,126.51627016067505,0.0663001558293143,1.0,0.3478547076742053,0.1934414094089179,0.06728867519414779
S2-bedside,NIRS rScO2,sO2,6.434668038548157,2.0014586475841774,5.150480061128353,22.913205968233914,-9.984885424368718,13.987802719537074,0.9166666666666666,68.05040770941437,2.0,19,bedside,194.47866729702247,213.98129296302795,0.0663001558293143,,,,
S2-bedside,PA linear unmixing,sO2,1.7374290591116743,1.510681832771028,1.510681832771028,5.388629832322972,-0.1713820544963109,3.1927457200383675,0.9166666666666666,0.0,4.0,19,bedside,194.47866729702247,213.9812994003296,0.0663001558293143,,,,
S2-bedside,PA fluence-compensated,sO2,0.5411218320609285,0.26248831035478526,0.4525500973070462,1.9452698500333487,-0.6649722660306199,1.1899488867401904,0.9166666666666666,0.0,2.0,19,bedside,194.47866729702247,213.98130083084106,0.0663001558293143,,,,
S2-bedside,Proposed EKF,sO2,0.9730751236433555,0.496673564801247,0.7508008995363863,4.460610094781348,-1.1434032868815267,2.1367504164840208,0.9166666666666666,0.0,6.0,19,bedside,194.47866729702247,213.9813015460968,0.0663001558293143,0.9207407407407407,,,
S2-bedside,EKF -echo,sO2,2.9457953037099758,0.3851135953843268,1.5857387068965902,18.21477280091267,-5.339092323135905,6.109319513904558,0.6666666666666666,0.0,14.0,19,bedside,194.47866729702247,213.98130226135254,0.0663001558293143,,,,
S2-bedside,EKF -reference,sO2,0.8318016572320758,0.10341321368596332,0.5371669962272926,4.328366331925116,-1.5142693212045955,1.721095748576522,0.9166666666666666,0.0,6.0,19,bedside,194.47866729702247,213.98130297660828,0.0663001558293143,,,,
S2-bedside,EKF -fluence corr.,sO2,1.1007216263902533,-0.5091780050591889,0.9450411776479382,5.314231296951344,-2.421886821363071,1.4035308112446934,0.9166666666666666,0.0,6.0,19,bedside,194.47866729702247,213.98130416870117,0.0663001558293143,,,,
S2-bedside,EKF -depth gating,sO2,2.5364327196614735,1.895633924526537,2.1165857054071484,9.05253883684669,-1.4074534022739542,5.198721251327028,0.9166666666666666,0.0,8.0,19,bedside,194.47866729702247,213.9813048839569,0.0663001558293143,,,,
S2-bedside,Rectal proxy,T,0.497740841854113,-0.48675083210473075,0.48675083210473075,0.7847112107666092,-0.6906244988734591,-0.2828771653360024,,,,19,bedside,194.47866729702247,213.98130583763123,0.0663001558293143,,0.11032202090820704,,
S2-bedside,Scalp thermistor,T,1.0487709469030537,-1.0401050004110424,1.0401050004110424,1.490256345736796,-1.3038112349617925,-0.7763987658602922,,,,19,bedside,194.47866729702247,213.98130655288696,0.0663001558293143,,0.13804743258954516,,
S2-bedside,PA amplitude (800 nm),T,8.296561427988033,-7.151619358143141,7.152828515893047,19.185705058238007,-15.394642131388522,1.0914034151022411,,,,19,bedside,194.47866729702247,213.98130774497986,0.0663001558293143,,8.226041278915924,,
S2-bedside,Echo shift only,T,0.05220330866081166,-0.0458408968791765,0.046626464211830705,0.12309947676376964,-0.09479374043924405,0.0031119466808910354,,,,19,bedside,194.47866729702247,213.9813084602356,0.0663001558293143,,0.043890163648554595,,
S2-bedside,Proposed EKF,T,0.04754049077752864,-0.04606960457124459,0.04606960457124459,0.08121147394466277,-0.06906849863299935,-0.023070710509489827,,,,19,bedside,194.47866729702247,213.98130893707275,0.0663001558293143,1.0,0.03704916707668112,0.35342197606515297,0.0673234673804846
S2-bedside,EKF -echo,T,13.00894950095806,-11.568285496844767,11.568285496844767,24.982384163690455,-23.231115219652523,0.09454422596298961,,,,19,bedside,194.47866729702247,213.9813094139099,0.0663001558293143,,12.939726049942594,,
S2-bedside,EKF -reference,T,0.046227231141274014,-0.0448333698321249,0.0448333698321249,0.08123949124313867,-0.0669149988376755,-0.0227517408265743,,,,19,bedside,194.47866729702247,213.98131012916565,0.0663001558293143,,0.037370886904638564,,
S2-bedside,EKF -fluence corr.,T,0.04755191103720482,-0.04606771547023022,0.04606771547023022,0.0809724483572225,-0.06917160442358558,-0.02296382651687485,,,,19,bedside,194.47866729702247,213.9813106060028,0.0663001558293143,,0.03684141979561094,,
S2-bedside,EKF -depth gating,T,0.04931670603351266,-0.0477876006510057,0.0477876006510057,0.08029497222076998,-0.07167088370694033,-0.023904317595071063,,,,19,bedside,194.47866729702247,213.98131203651428,0.0663001558293143,,0.0339440958808892,,
S2-wearable,NIRS rScO2,sO2,6.434668038548157,2.0014586475841774,5.150480061128353,22.913205968233914,-9.984885424368718,13.987802719537074,0.9166666666666666,68.05040770941437,2.0,19,wearable,70.78821153454906,92.40845894813538,0.0663001558293143,,,,
S2-wearable,PA linear unmixing,sO2,1.820094329990338,1.6284740452684878,1.6284740452684878,4.888073090715439,0.03517890116812479,3.2217691893688505,0.9166666666666666,0.0,4.0,19,wearable,70.78821153454906,92.40846490859985,0.0663001558293143,,,,
S2-wearable,PA fluence-compensated,sO2,0.6084893092186217,0.4835209788518484,0.5197648301884504,1.6800216977191473,-0.2405304586213271,1.2075724163250239,0.9166666666666666,0.0,4.0,19,wearable,70.78821153454906,92.40846657752991,0.0663001558293143,,,,
S2-wearable,Proposed EKF,sO2,0.9778792682804957,0.16296560122049325,0.5556195060114512,4.947763518868098,-1.7268749731518904,2.0528061755928766,0.9166666666666666,0.0,6.0,19,wearable,70.78821153454906,92.40846729278564,0.0663001558293143,0.9081481481481481,,,
S2-wearable,Rectal proxy,T,0.497740841854113,-0.48675083210473075,0.48675083210473075,0.7847112107666092,-0.6906244988734591,-0.2828771653360024,,,,19,wearable,70.78821153454906,92.40846800804138,0.0663001558293143,,0.11032202090820704,,
S2-wearable,Scalp thermistor,T,1.0487709469030537,-1.0401050004110424,1.0401050004110424,1.490256345736796,-1.3038112349617925,-0.7763987658602922,,,,19,wearable,70.78821153454906,92.40846943855286,0.0663001558293143,,0.13804743258954516,,
S2-wearable,PA amplitude (800 nm),T,8.325371009791734,-7.188494339179703,7.18928035596667,19.210970779954213,-15.419876352777667,1.0428876744182602,,,,19,wearable,70.78821153454906,92.4084701538086,0.0663001558293143,,8.254730981813742,,
S2-wearable,Echo shift only,T,0.0584393694230282,-0.05320553779865791,0.05356476937006681,0.12631686944580167,-0.10058448470677414,-0.005826590890541668,,,,19,wearable,70.78821153454906,92.40847086906433,0.0663001558293143,,0.03754364472208543,,
S2-wearable,Proposed EKF,T,0.05449167692405627,-0.053247569987703115,0.053247569987703115,0.08350683859678298,-0.07593952400511908,-0.030555615970287157,,,,19,wearable,70.78821153454906,92.40847182273865,0.0663001558293143,1.0,0.02985172853042152,0.35961109034923433,0.06751611714862579
S1-bedside,NIRS rScO2,sO2,9.826754116107212,9.624163305263272,9.624163305263272,19.163187693145744,5.733389460576518,13.514937149950027,1.0,0.3001667593107282,20.0,20,bedside,527.9678219266467,299.4423177242279,0.056557362280456464,,,,
S1-bedside,PA linear unmixing,sO2,0.5129134854234857,0.37356928132345113,0.40049496683399677,3.5251559579689062,-0.3152981853252528,1.062436747972155,1.0,0.0,20.0,20,bedside,527.9678219266467,299.44232416152954,0.056557362280456464,,,,
S1-bedside,PA fluence-compensated,sO2,1.6479166504366223,-1.523131963455774,1.526723423030537,2.508436442453532,-2.756061248794823,-0.2902026781167253,1.0,0.0,20.0,20,bedside,527.9678219266467,299.442325592041,0.056557362280456464,,,,
S1-bedside,Proposed EKF,sO2,1.1515480764712847,-0.9811445000468304,0.9941425324922232,4.928703921892186,-2.162714763943903,0.20042576385024183,1.0,0.0,30.0,20,bedside,527.9678219266467,299.4423267841339,0.056557362280456464,0.9983333333333333,,,
S1-bedside,EKF -echo,sO2,9.236677085368958,-8.107605726201198,8.134626087651442,16.450081318296995,-16.781116854302137,0.5659054018997384,0.5,0.0,60.0,20,bedside,527.9678219266467,299.4423277378082,0.056557362280456464,,,,
S1-bedside,EKF -reference,sO2,1.2333515784815867,-0.998825619479073,1.0140532950423715,4.936440909971706,-2.416955034580336,0.4193037956221902,1.0,0.0,30.0,20,bedside,527.9678219266467,299.44232869148254,0.056557362280456464,,,,
S1-bedside,EKF -fluence corr.,sO2,1.6530327265678657,-1.6144723002834716,1.629521069314082,3.912128580905938,-2.3101933070314504,-0.9187512935354927,1.0,0.0,40.0,20,bedside,527.9678219266467,299.44232964515686,0.056557362280456464,,,,
S1-bedside,EKF -depth gating,sO2,1.3034382781177942,1.253629880240271,1.259491078750479,5.456133381860051,0.5541447127364031,1.9531150477441388,1.0,0.0,40.0,20,bedside,527.9678219266467,299.44238233566284,0.056557362280456464,,,,
S1-bedside,Rectal proxy,T,0.8429850183805965,-0.8335946002998117,0.8335946002998117,1.4814301350971064,-1.0795241002460596,-0.5876651003535638,,,,20,bedside,527.9678219266467,299.44238471984863,0.056557362280456464,,0.12560354860220463,,
S1-bedside,Scalp thermistor,T,2.561388842532316,-2.552679499732486,2.552679499732486,3.5630364983377874,-2.9663285461110633,-2.1390304533539086,,,,20,bedside,527.9678219266467,299.4423863887787,0.056557362280456464,,0.21642641783448274,,
S1-bedside,PA amplitude (800 nm),T,9.156634227011688,-8.172069182462852,8.172069182462852,17.865254890771936,-16.26789791405239,-0.0762404508733141,,,,20,bedside,527.9678219266467,299.4423871040344,0.056557362280456464,,8.853582578793223,,
S1-bedside,Echo shift only,T,0.21980743193768912,-0.2083297113765708,0.2083297113765708,0.3928023352244452,-0.34572610970610174,-0.07093331304703987,,,,20,bedside,527.9678219266467,299.4423885345459,0.056557362280456464,,0.1501054258604064,,
S1-bedside,Proposed EKF,T,0.24152138116688493,-0.19288341537576015,0.21813095103372077,0.47164892137642767,-0.47778251635465424,0.09201568560313395,,,,20,bedside,527.9678219266467,299.4423894882202,0.056557362280456464,1.0,0.20698854250138485,0.18572645956165676,0.03446732877621826
S1-bedside,EKF -echo,T,22.26700506668582,-20.02893539434115,20.209105079861022,30.02603195530365,-39.0985631462821,-0.9593076424001978,,,,20,bedside,527.9678219266467,299.44239020347595,0.056557362280456464,,21.96457923339324,,
S1-bedside,EKF -reference,T,0.24250429888457378,-0.19413933135516173,0.21958928665714447,0.4707917851714569,-0.47896890917691826,0.09069024646659476,,,,20,bedside,527.9678219266467,299.44239139556885,0.056557362280456464,,0.20483693143665205,,
S1-bedside,EKF -fluence corr.,T,0.24169165806512996,-0.19301028161546127,0.21821718414421076,0.47185580511420255,-0.4781339598587102,0.0921133966277877,,,,20,bedside,527.9678219266467,299.4423921108246,0.056557362280456464,,0.20677167339054517,,
S1-bedside,EKF -depth gating,T,0.244135870766792,-0.1963853959567927,0.2212157846739416,0.47620711757626566,-0.48065364746452177,0.08788285555093636,,,,20,bedside,527.9678219266467,299.4423928260803,0.056557362280456464,,0.20370976700981278,,
S1-wearable,NIRS rScO2,sO2,9.826754116107212,9.624163305263272,9.624163305263272,19.163187693145744,5.733389460576518,13.514937149950027,1.0,0.3001667593107282,20.0,20,wearable,136.03834499043973,128.75952672958374,0.056557362280456464,,,,
S1-wearable,PA linear unmixing,sO2,0.6680462376911649,0.5182483511006551,0.5459146358542046,3.861673496728396,-0.30798969487082306,1.3444863970721332,1.0,0.0,20.0,20,wearable,136.03834499043973,128.75953340530396,0.056557362280456464,,,,
S1-wearable,PA fluence-compensated,sO2,1.0259921961746694,-0.8918195921455238,0.9148338239231212,3.2616177580903183,-1.8860590335887113,0.10241984929766391,1.0,0.0,20.0,20,wearable,136.03834499043973,128.75953483581543,0.056557362280456464,,,,
S1-wearable,Proposed EKF,sO2,0.9315528463033586,-0.7681979351424904,0.7995788920633216,4.993889293434206,-1.8009945219647248,0.2645986516797441,1.0,0.0,20.0,20,wearable,136.03834499043973,128.75953555107117,0.056557362280456464,0.9972222222222222,,,
S1-wearable,Rectal proxy,T,0.8429850183805965,-0.8335946002998117,0.8335946002998117,1.4814301350971064,-1.0795241002460596,-0.5876651003535638,,,,20,wearable,136.03834499043973,128.7595362663269,0.056557362280456464,,0.12560354860220463,,
S1-wearable,Scalp thermistor,T,2.561388842532316,-2.552679499732486,2.552679499732486,3.5630364983377874,-2.9663285461110633,-2.1390304533539086,,,,20,wearable,136.03834499043973,128.7595374584198,0.056557362280456464,,0.21642641783448274,,
S1-wearable,PA amplitude (800 nm),T,9.156069618339266,-8.169393491825229,8.169393491825229,17.95292789646451,-16.273139254537107,-0.06564772911335126,,,,20,wearable,136.03834499043973,128.7595386505127,0.056557362280456464,,8.853101722880082,,
S1-wearable,Echo shift only,T,0.22716640091708956,-0.21589075782489128,0.21589075782489128,0.3986355913260624,-0.35442483330840335,-0.07735668234137924,,,,20,wearable,136.03834499043973,128.75955152511597,0.056557362280456464,,0.14374751827515586,,
S1-wearable,Proposed EKF,T,0.2472388481503952,-0.19939566710278553,0.22361925820022063,0.4780252451287268,-0.48590728433842,0.08711595013284898,,,,20,wearable,136.03834499043973,128.75955271720886,0.056557362280456464,1.0,0.2017325191754371,0.19074396435757793,0.03449314539123365
S2-bedside,NIRS rScO2,sO2,6.00086694856365,1.0046469498375767,4.798665182187017,19.131039087144575,-10.591049757196473,12.600343656871624,0.9166666666666666,70.71905114899926,2.0,20,bedside,240.94233271220554,218.0636932849884,0.056557362280456464,,,,
S2-bedside,PA linear unmixing,sO2,0.9859787287208032,0.28153551043825176,0.5508822846075486,4.323706054636983,-1.5705263612949998,2.1335973821715033,0.9166666666666666,0.0,6.0,20,bedside,240.94233271220554,218.0637001991272,0.056557362280456464,,,,
S2-bedside,PA fluence-compensated,sO2,0.8968682669767324,-0.8329068738057626,0.8329259993760509,2.006748544799941,-1.484850215801157,-0.18096353181036817,0.9166666666666666,0.0,4.0,20,bedside,240.94233271220554,218.06370210647583,0.056557362280456464,,,,
S2-bedside,Proposed EKF,sO2,0.9024467941894194,-0.26512904023246725,0.5318173636600316,4.7122488724081535,-1.9558682664371372,1.4256101859722026,0.9166666666666666,0.0,8.0,20,bedside,240.94233271220554,218.06370329856873,0.056557362280456464,0.9118518518518518,,,
S2-bedside,EKF -echo,sO2,2.6667166555924355,-0.3464989078449028,1.4763277601201952,13.20536242625099,-5.528953965226324,4.835956149536519,0.9166666666666666,0.0,20.0,20,bedside,240.94233271220554,218.06370425224304,0.056557362280456464,,,,
S2-bedside,EKF -reference,sO2,0.884433989988458,-0.08411730985794495,0.4830340261272781,4.528832589254483,-1.809749842583648,1.6415152228677579,0.9166666666666666,0.0,8.0,20,bedside,240.94233271220554,218.06370520591736,0.056557362280456464,,,,
S2-bedside,EKF -fluence corr.,sO2,1.3676761765772254,-0.7854263081430061,1.2424709056990189,4.478260561096081,-2.979964391996624,1.4091117757106117,0.9166666666666666,0.0,8.0,20,bedside,240.94233271220554,218.06370663642883,0.056557362280456464,,,,
S2-bedside,EKF -depth gating,sO2,2.6637211146576947,2.095440571249965,2.2075620621582286,9.617566165096235,-1.1278740240491962,5.318755166549127,0.9166666666666666,0.0,10.0,20,bedside,240.94233271220554,218.06370782852173,0.056557362280456464,,,,
S2-bedside,Rectal proxy,T,0.5718254534299689,-0.5625240602939081,0.5625240602939081,1.0257560740759857,-0.7638517529933849,-0.3611963675944313,,,,20,bedside,240.94233271220554,218.06370854377747,0.056557362280456464,,0.10275890309242325,,
S2-bedside,Scalp thermistor,T,1.5739329969632208,-1.5698119564902575,1.5698119564902575,1.9225544827977288,-1.792903528561796,-1.346720384418719,,,,20,bedside,240.94233271220554,218.06370997428894,0.056557362280456464,,0.14557373780918859,,
S2-bedside,PA amplitude (800 nm),T,1.7043464115213736,-0.3185862965005874,1.3199253217549207,5.085481781600983,-3.600225401244903,2.963052808243728,,,,20,bedside,240.94233271220554,218.06371092796326,0.056557362280456464,,1.6811492958906702,,
S2-bedside,Echo shift only,T,0.1838472769096885,-0.18215584200290008,0.18215584200290008,0.2709523675323027,-0.23092284976223798,-0.13338883424356218,,,,20,bedside,240.94233271220554,218.063711643219,0.056557362280456464,,0.029108095343453353,,
S2-bedside,Proposed EKF,T,0.18348285056028887,-0.18302327554257078,0.18302327554257078,0.21926023223171143,-0.20846080308322446,-0.1575857480019171,,,,20,bedside,240.94233271220554,218.06371235847473,0.056557362280456464,1.0,0.01958357983483741,0.2685620419626215,0.04678503861892264
S2-bedside,EKF -echo,T,9.553788847973287,8.49553028581093,8.503136023026725,15.401181204086086,-0.07055469918722324,17.06161527080908,,,,20,bedside,240.94233271220554,218.06371307373047,0.056557362280456464,,9.708887148449058,,
S2-bedside,EKF -reference,T,0.18396953532250127,-0.18351294621837794,0.18351294621837794,0.21973142515479083,-0.20890145326747225,-0.15812443916928362,,,,20,bedside,240.94233271220554,218.06371426582336,0.056557362280456464,,0.0217247019158898,,
S2-bedside,EKF -fluence corr.,T,0.18315943686195368,-0.1826972616597297,0.1826972616597297,0.21868706577961916,-0.20818403735511576,-0.15721048596434362,,,,20,bedside,240.94233271220554,218.0637149810791,0.056557362280456464,,0.019650392648872587,,
S2-bedside,EKF -depth gating,T,0.1839645772877169,-0.1834963473711278,0.1834963473711278,0.21912860844125248,-0.20920570540728997,-0.15778698933496563,,,,20,bedside,240.94233271220554,218.06371665000916,0.056557362280456464,,0.02082256471657233,,
S2-wearable,NIRS rScO2,sO2,6.00086694856365,1.0046469498375767,4.798665182187017,19.131039087144575,-10.591049757196473,12.600343656871624,0.9166666666666666,70.71905114899926,2.0,20,wearable,84.28504533664842,93.24404883384705,0.056557362280456464,,,,
S2-wearable,PA linear unmixing,sO2,1.1018042598342175,0.34629147280306644,0.639970412751296,4.509762116868915,-1.7038112281129085,2.3963941737190417,0.9166666666666666,0.0,6.0,20,wearable,84.28504533664842,93.24405479431152,0.056557362280456464,,,,
S2-wearable,PA fluence-compensated,sO2,0.9415138875763982,-0.884037838964156,0.8842997324708529,1.951464884273213,-1.5189250730067592,-0.24915060492155283,0.9166666666666666,0.0,4.0,20,wearable,84.28504533664842,93.24405598640442,0.056557362280456464,,,,
S2-wearable,Proposed EKF,sO2,1.1742348994031675,-0.6234337119781376,0.9189281605729436,5.761164521871464,-2.573764708212371,1.326897284256096,0.9166666666666666,0.0,8.0,20,wearable,84.28504533664842,93.24405670166016,0.056557362280456464,0.9,,,
S2-wearable,Rectal proxy,T,0.5718254534299689,-0.5625240602939081,0.5625240602939081,1.0257560740759857,-0.7638517529933849,-0.3611963675944313,,,,20,wearable,84.28504533664842,93.2440574169159,0.056557362280456464,,0.10275890309242325,,
S2-wearable,Scalp thermistor,T,1.5739329969632208,-1.5698119564902575,1.5698119564902575,1.9225544827977288,-1.792903528561796,-1.346720384418719,,,,20,wearable,84.28504533664842,93.24405837059021,0.056557362280456464,,0.14557373780918859,,
S2-wearable,PA amplitude (800 nm),T,1.738827618187192,-0.5081623882132034,1.3414723826922328,5.0917745175183455,-3.7674794277453487,2.751154651318942,,,,20,wearable,84.28504533664842,93.24405908584595,0.056557362280456464,,1.6975425423528894,,
S2-wearable,Echo shift only,T,0.1877756227650159,-0.1862476574714774,0.1862476574714774,0.2740253160039856,-0.23310332544734502,-0.13939198949560977,,,,20,wearable,84.28504533664842,93.24406003952026,0.056557362280456464,,0.03066065110907518,,
S2-wearable,Proposed EKF,T,0.18727049029770507,-0.18681586927135796,0.18681586927135796,0.2222777360638304,-0.2123762175280186,-0.1612555210146973,,,,20,wearable,84.28504533664842,93.24406147003174,0.056557362280456464,1.0,0.023308406268274,0.26376163060460533,0.04648754392482934
S1-bedside,NIRS rScO2,sO2,3.9994635232567473,3.433893468608468,3.5294370898701106,10.65754681702824,-0.5848637467271642,7.4526506839441,1.0,0.3001667593107282,20.0,21,bedside,633.7140645677664,299.83356380462646,0.009031765333751834,,,,
S1-bedside,PA linear unmixing,sO2,1.241394176882357,1.1033052170110649,1.149923187947746,3.063813797283843,-0.011962512878495833,2.218572946900626,1.0,0.0,20.0,21,bedside,633.7140645677664,299.83357334136963,0.009031765333751834,,,,
S1-bedside,PA fluence-compensated,sO2,0.877312301447353,-0.8639955545876021,0.8639955545876021,1.7574085769577086,-1.1624602198941254,-0.565530889281079,1.0,0.0,20.0,21,bedside,633.7140645677664,299.833575963974,0.009031765333751834,,,,
S1-bedside,Proposed EKF,sO2,0.47493332055265036,-0.363188753879017,0.38235821209651755,3.063538030851287,-0.9630114834953768,0.23663397573734282,1.0,0.0,20.0,21,bedside,633.7140645677664,299.8335781097412,0.009031765333751834,0.9983333333333333,,,
S1-bedside,EKF -echo,sO2,18.4073913464077,16.75691586243336,16.80360717581105,36.90414284835867,1.8251337837191683,31.688697941147552,0.0,1.3007226236798222,,21,bedside,633.7140645677664,299.8335793018341,0.009031765333751834,,,,
S1-bedside,EKF -reference,sO2,0.3186340753926984,-0.16659699982066778,0.2347736271390844,3.900978984541592,-0.6989566464938113,0.3657626468524758,1.0,0.0,20.0,21,bedside,633.7140645677664,299.8335807323456,0.009031765333751834,,,,
S1-bedside,EKF -fluence corr.,sO2,1.1724192053472555,-1.0567575387178316,1.0699007360432924,3.9258301969475218,-2.0519865930603745,-0.06152848437528877,1.0,0.0,30.0,21,bedside,633.7140645677664,299.83358216285706,0.009031765333751834,,,,
S1-bedside,EKF -depth gating,sO2,2.224709478814532,2.191217332921785,2.195877983609218,6.360976832802445,1.4374479518106653,2.9449867140329054,1.0,0.0,30.0,21,bedside,633.7140645677664,299.83358335494995,0.009031765333751834,,,,
S1-bedside,Rectal proxy,T,0.5684876602190279,-0.5450377647664345,0.5450377647664345,1.0833473953813382,-0.8617585719745815,-0.22831695755828746,,,,21,bedside,633.7140645677664,299.83358454704285,0.009031765333751834,,0.3490837982001102,,
S1-bedside,Scalp thermistor,T,1.7029175358704842,-1.6873255007139691,1.6873255007139691,2.3806664282364025,-2.13795839514747,-1.2366926062804684,,,,21,bedside,633.7140645677664,299.83358693122864,0.009031765333751834,,0.27977050565961437,,
S1-bedside,PA amplitude (800 nm),T,8.943906176598357,-7.825089296465332,7.825166046219166,19.624933509078847,-16.31472588804961,0.6645472951189495,,,,21,bedside,633.7140645677664,299.8335886001587,0.009031765333751834,,9.004402347731242,,
S1-bedside,Echo shift only,T,0.4782822203136071,0.4465349627194602,0.44653716571351804,0.7044461624070806,0.11069132572456836,0.782378599714352,,,,21,bedside,633.7140645677664,299.8335905075073,0.009031765333751834,,0.41453178411997293,,
S1-bedside,Proposed EKF,T,0.4940577830916054,0.4547693272021168,0.4547693272021168,0.8076225654635465,0.07634234524880773,0.833196309155426,,,,21,bedside,633.7140645677664,299.8335921764374,0.009031765333751834,0.6372222222222222,0.42817232009578854,0.2868272184024256,0.03519569561255194
S1-bedside,EKF -echo,T,1595.2170503496418,1264.3711461410426,1289.6991519754108,19367.067335947606,-642.058138199631,3170.800430481716,,,,21,bedside,633.7140645677664,299.83359360694885,0.009031765333751834,,1595.1469362510663,,
S1-bedside,EKF -reference,T,0.49461448025060795,0.4552270257361541,0.4552270257361541,0.8084548094083814,0.07612107598532586,0.8343329754869824,,,,21,bedside,633.7140645677664,299.8335950374603,0.009031765333751834,,0.4264966728349608,,
S1-bedside,EKF -fluence corr.,T,0.4937468312662838,0.45440563938956957,0.45440563938956957,0.8072551124173231,0.07585941539728025,0.8329518633818589,,,,21,bedside,633.7140645677664,299.8335967063904,0.009031765333751834,,0.42775354761950163,,
S1-bedside,EKF -depth gating,T,0.49151947052410677,0.452165030839188,0.452165030839188,0.8058417768945461,0.07444818944187409,0.829881872236502,,,,21,bedside,633.7140645677664,299.83359813690186,0.009031765333751834,,0.4254296782861885,,
S1-wearable,NIRS rScO2,sO2,3.9994635232567473,3.433893468608468,3.5294370898701106,10.65754681702824,-0.5848637467271642,7.4526506839441,1.0,0.3001667593107282,20.0,21,wearable,154.90326548225147,127.2483811378479,0.009031765333751834,,,,
S1-wearable,PA linear unmixing,sO2,0.8360244973201011,0.7423350618855176,0.7661764040557691,3.180985468876807,-0.011375072371859387,1.4960451961428947,1.0,0.0,20.0,21,wearable,154.90326548225147,127.24840044975281,0.009031765333751834,,,,
S1-wearable,PA fluence-compensated,sO2,0.9424098057768032,-0.9275241685903699,0.9275241685903699,1.4480106095321021,-1.2545280610460807,-0.600520276134659,1.0,0.0,20.0,21,wearable,154.90326548225147,127.24840307235718,0.009031765333751834,,,,
S1-wearable,Proposed EKF,sO2,0.7260434572527582,-0.6776820459840391,0.6889475022966818,3.8930523416563,-1.1883594587375528,-0.16700463323052542,1.0,0.0,20.0,21,wearable,154.90326548225147,127.24840497970581,0.009031765333751834,0.9988888888888889,,,
S1-wearable,Rectal proxy,T,0.5684876602190279,-0.5450377647664345,0.5450377647664345,1.0833473953813382,-0.8617585719745815,-0.22831695755828746,,,,21,wearable,154.90326548225147,127.2484061717987,0.009031765333751834,,0.3490837982001102,,
S1-wearable,Scalp thermistor,T,1.7029175358704842,-1.6873255007139691,1.6873255007139691,2.3806664282364025,-2.13795839514747,-1.2366926062804684,,,,21,wearable,154.90326548225147,127.24840807914734,0.009031765333751834,,0.27977050565961437,,
S1-wearable,PA amplitude (800 nm),T,8.93456123898324,-7.81036295597724,7.810439705731074,19.71672197072289,-16.314282116903033,0.6935562049485533,,,,21,wearable,154.90326548225147,127.24840974807739,0.009031765333751834,,8.99500717285774,,
S1-wearable,Echo shift only,T,0.4868295285828003,0.4552662293262287,0.4552662293262287,0.7286155032976751,0.11728327956719553,0.7932491790852618,,,,21,wearable,154.90326548225147,127.24841165542603,0.009031765333751834,,0.42294147002252935,,
S1-wearable,Proposed EKF,T,0.5024432780172229,0.4632221171026893,0.4632221171026893,0.815758333849864,0.08177913607054804,0.8446650981348305,,,,21,wearable,154.90326548225147,127.2484130859375,0.009031765333751834,0.6194444444444445,0.43606046900353673,0.27842478223140893,0.034557730832291605
S2-bedside,NIRS rScO2,sO2,5.9403426116396885,0.39045304660076147,4.722267327690114,21.20335164842094,-11.227440424813881,12.008346518015404,1.0,50.70422535211267,2.0,21,bedside,272.47006775300036,221.0277042388916,0.009031765333751834,,,,
S2-bedside,PA linear unmixing,sO2,1.1604093869430383,0.7015596820214154,0.764863212241001,3.528651609227551,-1.110103802333198,2.5132231663760285,1.0,0.0,6.0,21,bedside,272.47006775300036,221.0277111530304,0.009031765333751834,,,,
S2-bedside,PA fluence-compensated,sO2,0.898971020599214,-0.8078295327682323,0.8212014922578741,1.7048320629390212,-1.5808758504667564,-0.03478321506970843,1.0,0.0,4.0,21,bedside,272.47006775300036,221.0277123451233,0.009031765333751834,,,,
S2-bedside,Proposed EKF,sO2,0.9318069561415879,-0.4923844571247904,0.801011739583251,3.7088362239100947,-2.0429188277208166,1.0581499134712358,1.0,0.0,6.0,21,bedside,272.47006775300036,221.0277135372162,0.009031765333751834,0.917037037037037,,,
S2-bedside,EKF -echo,sO2,2.7850819629133854,-1.42662319169226,2.2355045915289464,13.549114428338582,-6.114846423507077,3.2616000401225578,1.0,0.0,11.0,21,bedside,272.47006775300036,221.02771425247192,0.009031765333751834,,,,
S2-bedside,EKF -reference,sO2,0.972098617280012,-0.22902703412673997,0.6812903868494589,4.086065494933944,-2.080705683048621,1.6226516147951409,1.0,0.0,8.0,21,bedside,272.47006775300036,221.02771544456482,0.009031765333751834,,,,
S2-bedside,EKF -fluence corr.,sO2,1.1668866222481993,-0.5505309247461019,1.0524384745019952,4.059640015773641,-2.567084323506318,1.4660224740141148,1.0,0.0,8.0,21,bedside,272.47006775300036,221.02771663665771,0.009031765333751834,,,,
S2-bedside,EKF -depth gating,sO2,2.019330423675434,1.3278570336243831,1.421791886622714,8.184146162788142,-1.653979455742086,4.309693522990853,1.0,0.0,9.0,21,bedside,272.47006775300036,221.02771759033203,0.009031765333751834,,,,
S2-bedside,Rectal proxy,T,0.3120174662860005,-0.2924330545177427,0.2928357337130662,0.6474632952691834,-0.5056843682337171,-0.07918174080176829,,,,21,bedside,272.47006775300036,221.02771854400635,0.009031765333751834,,0.10930195928511653,,
S2-bedside,Scalp thermistor,T,0.9439917143118399,-0.9305317164583684,0.9305317164583684,1.3644200349986022,-1.2418638897576475,-0.6191995431590893,,,,21,bedside,272.47006775300036,221.02771973609924,0.009031765333751834,,0.16643687356774153,,
S2-bedside,PA amplitude (800 nm),T,4.532467527982524,-3.509623360817566,3.756450274242254,12.001674386936003,-9.131033806399994,2.111787084764862,,,,21,bedside,272.47006775300036,221.02772045135498,0.009031765333751834,,4.614950039304368,,
S2-bedside,Echo shift only,T,0.12426448506318308,0.12161975880859743,0.12161975880859743,0.2049424858394886,0.0716379711915659,0.17160154642562897,,,,21,bedside,272.47006775300036,221.02772092819214,0.009031765333751834,,0.02996046402256261,,
S2-bedside,Proposed EKF,T,0.12316896885072659,0.12247428786722409,0.12247428786722409,0.16493894291890143,0.09687067806856142,0.14807789766588675,,,,21,bedside,272.47006775300036,221.02772212028503,0.009031765333751834,1.0,0.020135608079980234,0.12906119349803405,0.04167311803734093
S2-bedside,EKF -echo,T,8.725782188095167,7.822062299539799,7.82325854674388,62.78172138797003,0.24250733222947485,15.401617266850124,,,,21,bedside,272.47006775300036,221.02772283554077,0.009031765333751834,,8.624553500001731,,
S2-bedside,EKF -reference,T,0.12422852812682389,0.12332872101532844,0.12332872101532844,0.16864037014060784,0.09407584260253253,0.15258159942812433,,,,21,bedside,272.47006775300036,221.02772331237793,0.009031765333751834,,0.020802787745626498,,
S2-bedside,EKF -fluence corr.,T,0.12313889836227056,0.12240393102301894,0.12240393102301894,0.16508678340599658,0.09607375761149807,0.14873410443453983,,,,21,bedside,272.47006775300036,221.02772402763367,0.009031765333751834,,0.020028750763723006,,
S2-bedside,EKF -depth gating,T,0.12262761840619574,0.1218519147933466,0.1218519147933466,0.1646501955799664,0.09486052591862601,0.1488433036680672,,,,21,bedside,272.47006775300036,221.02772569656372,0.009031765333751834,,0.01962242248614144,,
S2-wearable,NIRS rScO2,sO2,5.9403426116396885,0.39045304660076147,4.722267327690114,21.20335164842094,-11.227440424813881,12.008346518015404,1.0,50.70422535211267,2.0,21,wearable,95.1488836848021,92.64164638519287,0.009031765333751834,,,,
S2-wearable,PA linear unmixing,sO2,1.005566918065521,0.5930852848126685,0.6405865600879997,3.7379493964763255,-0.9985200062683401,2.1846905758936774,1.0,0.0,4.0,21,wearable,95.1488836848021,92.6416552066803,0.009031765333751834,,,,
S2-wearable,PA fluence-compensated,sO2,0.9809170658963711,-0.9460857335697188,0.9460857335697188,1.792802408804206,-1.45387356302785,-0.43829790411158775,1.0,0.0,4.0,21,wearable,95.1488836848021,92.64165782928467,0.009031765333751834,,,,
S2-wearable,Proposed EKF,sO2,1.1370145524017465,-0.6997500016506117,0.9445497575182726,5.330563839016622,-2.4562774933475744,1.056777490046351,1.0,0.0,6.0,21,wearable,95.1488836848021,92.64165925979614,0.009031765333751834,0.8962962962962963,,,
S2-wearable,Rectal proxy,T,0.3120174662860005,-0.2924330545177427,0.2928357337130662,0.6474632952691834,-0.5056843682337171,-0.07918174080176829,,,,21,wearable,95.1488836848021,92.6416609287262,0.009031765333751834,,0.10930195928511653,,
S2-wearable,Scalp thermistor,T,0.9439917143118399,-0.9305317164583684,0.9305317164583684,1.3644200349986022,-1.2418638897576475,-0.6191995431590893,,,,21,wearable,95.1488836848021,92.64166283607483,0.009031765333751834,,0.16643687356774153,,
S2-wearable,PA amplitude (800 nm),T,4.6115146097593565,-3.614610086840524,3.8384455504668944,12.038397015052198,-9.22742212497463,1.9982019512935825,,,,21,wearable,95.1488836848021,92.6416642665863,0.009031765333751834,,4.6949764296369905,,
S2-wearable,Echo shift only,T,0.11408533970562097,0.11135257504649168,0.11135257504649168,0.2006940055965245,0.06270393917174631,0.16000121092123704,,,,21,wearable,95.1488836848021,92.64166522026062,0.009031765333751834,,0.025414098482395966,,
S2-wearable,Proposed EKF,T,0.11326768084501203,0.11226125923708116,0.11226125923708116,0.1576908140829758,0.0827323648147512,0.1417901536594111,,,,21,wearable,95.1488836848021,92.64166617393494,0.009031765333751834,1.0,0.015589318539941707,0.14425358318527684,0.04152366039191078
S1-bedside,NIRS rScO2,sO2,2.266003058768255,1.0285018521809324,1.7985421858961848,9.367849967247816,-2.929025877011697,4.986029581373562,1.0,0.1000555864369094,30.0,22,bedside,474.04978744624464,280.19887614250183,0.0516853589021338,,,,
S1-bedside,PA linear unmixing,sO2,0.9567920922670069,0.8681264828272942,0.8703647058585342,4.47993319011184,0.07971050140606392,1.6565424642485247,1.0,0.0,20.0,22,bedside,474.04978744624464,280.1988823413849,0.0516853589021338,,,,
S1-bedside,PA fluence-compensated,sO2,0.2416671617850674,-0.19309794176841924,0.20188606901868664,1.5136054134053722,-0.47791367428357456,0.0917177907467361,1.0,0.0,20.0,22,bedside,474.04978744624464,280.19888401031494,0.0516853589021338,,,,
S1-bedside,Proposed EKF,sO2,0.6194875749443115,0.5441439140688318,0.5577510966951802,4.425872433956746,-0.03620230998389092,1.1244901381215544,1.0,0.0,30.0,22,bedside,474.04978744624464,280.19888520240784,0.0516853589021338,0.9972222222222222,,,
S1-bedside,EKF -echo,sO2,7.203401158837887,6.275454685431364,6.296590069604256,26.76849875155634,-0.6563137870706587,13.207223157933386,0.5,0.3001667593107282,120.0,22,bedside,474.04978744624464,280.1988859176636,0.0516853589021338,,,,
S1-bedside,EKF -reference,sO2,0.6783738758191638,0.6067304011999797,0.6190125630733367,4.461767002128891,0.012008987555768395,1.201451814844191,1.0,0.0,30.0,22,bedside,474.04978744624464,280.1988868713379,0.0516853589021338,,,,
S1-bedside,EKF -fluence corr.,sO2,0.4605338566149043,-0.17648916138478785,0.31999786178248,4.1573607931779,-1.0102221302562384,0.6572438074866629,1.0,0.0,30.0,22,bedside,474.04978744624464,280.1988880634308,0.0516853589021338,,,,
S1-bedside,EKF -depth gating,sO2,3.093952993766315,3.043613270862328,3.0461444652906224,8.258020174161985,1.9541575626894019,4.1330689790352535,1.0,0.0,30.0,22,bedside,474.04978744624464,280.1988887786865,0.0516853589021338,,,,
S1-bedside,Rectal proxy,T,0.660770137276842,-0.6469228254969062,0.6469228254969062,1.2232016628244793,-0.9106723589115076,-0.38317329208230483,,,,22,bedside,474.04978744624464,280.19888949394226,0.0516853589021338,,0.1762466123932519,,
S1-bedside,Scalp thermistor,T,3.1957589440437926,-3.189139535761951,3.189139535761951,3.842641257658567,-3.592081643667561,-2.7861974278563415,,,,22,bedside,474.04978744624464,280.19889068603516,0.0516853589021338,,0.4133176196811176,,
S1-bedside,PA amplitude (800 nm),T,7.6837966861218545,-6.341656749720849,6.433050773507184,17.08897329804319,-14.845464363620648,2.1621508641789493,,,,22,bedside,474.04978744624464,280.1988916397095,0.0516853589021338,,7.586160083844149,,
S1-bedside,Echo shift only,T,0.37102587890269045,-0.3593813115772117,0.3593813115772117,0.5314397987663995,-0.5401404528304992,-0.17862217032392422,,,,22,bedside,474.04978744624464,280.1988925933838,0.0516853589021338,,0.2577840359817612,,
S1-bedside,Proposed EKF,T,0.36979466492095164,-0.33636597887846886,0.3513521337603591,0.5957826484927082,-0.6375053085438322,-0.03522664921310542,,,,22,bedside,474.04978744624464,280.1988937854767,0.0516853589021338,0.9838888888888889,0.2642453107321759,0.16374397266651558,0.03239186264191388
S1-bedside,EKF -echo,T,98.31588379872208,87.47095124900515,87.47121293839633,192.78150901821678,-0.5076326270076521,175.44953512501797,,,,22,bedside,474.04978744624464,280.1988945007324,0.0516853589021338,,98.43447540759342,,
S1-bedside,EKF -reference,T,0.3704674060819697,-0.3357199199441248,0.35090469461827334,0.6225472884323011,-0.6427477378542917,-0.02869210203395789,,,,22,bedside,474.04978744624464,280.19889521598816,0.0516853589021338,,0.26570195224353393,,
S1-bedside,EKF -fluence corr.,T,0.370602742116997,-0.337182524847973,0.3521564922925045,0.5960719166257675,-0.6386298711005005,-0.03573517859544545,,,,22,bedside,474.04978744624464,280.1988956928253,0.0516853589021338,,0.26485553913439047,,
S1-bedside,EKF -depth gating,T,0.37673026423798917,-0.34326915802117797,0.3579150046499261,0.6043355282831229,-0.6474923316904049,-0.03904598435195106,,,,22,bedside,474.04978744624464,280.19889640808105,0.0516853589021338,,0.27158205021445836,,
S1-wearable,NIRS rScO2,sO2,2.266003058768255,1.0285018521809324,1.7985421858961848,9.367849967247816,-2.929025877011697,4.986029581373562,1.0,0.1000555864369094,30.0,22,wearable,119.12942238715497,125.59270334243774,0.0516853589021338,,,,
S1-wearable,PA linear unmixing,sO2,1.179694081687278,1.0734554029011503,1.0765520753053817,5.099075179636092,0.11451326069225505,2.032397545110045,1.0,0.0,20.0,22,wearable,119.12942238715497,125.59271812438965,0.0516853589021338,,,,
S1-wearable,PA fluence-compensated,sO2,0.21708954212833637,-0.13604020785926374,0.17357283429905232,0.8399227915096841,-0.4676275554687521,0.19554713975022467,1.0,0.0,20.0,22,wearable,119.12942238715497,125.5927197933197,0.0516853589021338,,,,
S1-wearable,Proposed EKF,sO2,0.31514813297285255,0.11501495209459418,0.19908629800744537,4.037412469170487,-0.4600702458130523,0.6901001500022406,1.0,0.0,30.0,22,wearable,119.12942238715497,125.59272074699402,0.0516853589021338,0.9977777777777778,,,
S1-wearable,Rectal proxy,T,0.660770137276842,-0.6469228254969062,0.6469228254969062,1.2232016628244793,-0.9106723589115076,-0.38317329208230483,,,,22,wearable,119.12942238715497,125.59272170066833,0.0516853589021338,,0.1762466123932519,,
S1-wearable,Scalp thermistor,T,3.1957589440437926,-3.189139535761951,3.189139535761951,3.842641257658567,-3.592081643667561,-2.7861974278563415,,,,22,wearable,119.12942238715497,125.59272336959839,0.0516853589021338,,0.4133176196811176,,
S1-wearable,PA amplitude (800 nm),T,7.636863966060234,-6.281093993009154,6.383672643150675,17.041481347723533,-14.795156555007313,2.232968568989005,,,,22,wearable,119.12942238715497,125.59272408485413,0.0516853589021338,,7.539572742983817,,
S1-wearable,Echo shift only,T,0.37310173276191955,-0.3617519273638724,0.3617519273638724,0.5283859324619229,-0.5407509706612816,-0.18275288406646312,,,,22,wearable,119.12942238715497,125.59272527694702,0.0516853589021338,,0.2596819604647004,,
S1-wearable,Proposed EKF,T,0.3743669443940803,-0.34116268959161067,0.3557814790454101,0.601498170064346,-0.6432738387104063,-0.039051540472815005,,,,22,wearable,119.12942238715497,125.59272599220276,0.0516853589021338,0.9805555555555555,0.26899663467058926,0.16434490123151096,0.0323126960656788
S2-bedside,NIRS rScO2,sO2,6.279926428546653,-0.8413582510108393,5.004090099328239,19.1968798085231,-13.039046620313389,11.35633011829171,0.9166666666666666,89.3995552260934,4.0,22,bedside,187.3222987391616,211.31313252449036,0.0516853589021338,,,,
S2-bedside,PA linear unmixing,sO2,1.1329646793646777,0.5948970617186976,0.67132980738252,4.463961354399526,-1.2949601553226018,2.484754278759997,0.9166666666666666,0.0,2.0,22,bedside,187.3222987391616,211.3131399154663,0.0516853589021338,,,,
S2-bedside,PA fluence-compensated,sO2,0.6758658812037721,-0.3464566772355241,0.4753442254163796,3.157320281809711,-1.4838689450634568,0.7909555905924086,0.9166666666666666,0.0,2.0,22,bedside,187.3222987391616,211.31314134597778,0.0516853589021338,,,,
S2-bedside,Proposed EKF,sO2,0.9154225222279324,0.08537082650753569,0.5217699647074063,4.770346653877732,-1.7010379639127313,1.8717796169278025,0.9166666666666666,0.0,4.0,22,bedside,187.3222987391616,211.31314301490784,0.0516853589021338,0.9155555555555556,,,
S2-bedside,EKF -echo,sO2,3.489927582771358,0.09652141556819709,1.7315064101509348,15.34467388841253,-6.741120030021581,6.934162861157976,0.9166666666666666,0.0,12.0,22,bedside,187.3222987391616,211.31314396858215,0.0516853589021338,,,,
S2-bedside,EKF -reference,sO2,0.9638926066692113,0.3771740757244486,0.6806055734621737,4.336441541357194,-1.3614118534844277,2.1157600049333247,0.9166666666666666,0.0,4.0,22,bedside,187.3222987391616,211.3131446838379,0.0516853589021338,,,,
S2-bedside,EKF -fluence corr.,sO2,1.6244174321124925,-1.1308537524347466,1.5349205032617774,4.997311456005998,-3.4165043588877375,1.154796854018244,0.9166666666666666,0.0,4.0,22,bedside,187.3222987391616,211.3131458759308,0.0516853589021338,,,,
S2-bedside,EKF -depth gating,sO2,2.73119280578524,1.9277802784923206,2.1790851914089817,10.018333804509167,-1.8642384332526767,5.719798990237318,0.9166666666666666,0.0,6.0,22,bedside,187.3222987391616,211.31314706802368,0.0516853589021338,,,,
S2-bedside,Rectal proxy,T,0.374319921013924,-0.36068222944592243,0.36068222944592243,0.7229218251662601,-0.5569146713881209,-0.16444978750372397,,,,22,bedside,187.3222987391616,211.31314778327942,0.0516853589021338,,0.17097747817951725,,
S2-bedside,Scalp thermistor,T,1.1314419664081785,-1.1241965286419264,1.1241965286419264,1.5236173210947186,-1.374763102955592,-0.8736299543282608,,,,22,bedside,187.3222987391616,211.31314873695374,0.0516853589021338,,0.1329399458358563,,
S2-bedside,PA amplitude (800 nm),T,4.869175988851383,-3.0775307112227104,3.407961398126404,14.743290003509465,-10.473169269839572,4.318107847394151,,,,22,bedside,187.3222987391616,211.31314969062805,0.0516853589021338,,4.904996641306446,,
S2-bedside,Echo shift only,T,0.0886071352940003,0.08463674807658816,0.08463719429840026,0.16743552852642551,0.033232210294471716,0.13604128585870462,,,,22,bedside,187.3222987391616,211.31315064430237,0.0516853589021338,,0.038562223878831944,,
S2-bedside,Proposed EKF,T,0.08404088220091582,0.0830787276910987,0.0830787276910987,0.12066140114504975,0.05822496267751929,0.10793249270467811,,,,22,bedside,187.3222987391616,211.3131513595581,0.0516853589021338,1.0,0.030429232466088665,0.24692998097141847,0.035593371486898964
S2-bedside,EKF -echo,T,11.829795086369822,-11.048017196680268,11.048688341488525,15.970829529789171,-19.33707196599753,-2.7589624273630076,,,,22,bedside,187.3222987391616,211.31315207481384,0.0516853589021338,,11.877878569502764,,
S2-bedside,EKF -reference,T,0.08461809975951583,0.08362719883664488,0.08362719883664488,0.12089133421235232,0.05832008279783982,0.10893431487544994,,,,22,bedside,187.3222987391616,211.31315279006958,0.0516853589021338,,0.031158498112338208,,
S2-bedside,EKF -fluence corr.,T,0.08425065784906739,0.08328231184109039,0.08328231184109039,0.12082117223133082,0.058317890833520694,0.10824673284866008,,,,22,bedside,187.3222987391616,211.31315350532532,0.0516853589021338,,0.030602762338995473,,
S2-bedside,EKF -depth gating,T,0.08405078488118914,0.0829972329979539,0.0829972329979539,0.12222431269174905,0.05699535605218503,0.10899910994372278,,,,22,bedside,187.3222987391616,211.31315445899963,0.0516853589021338,,0.028830209621472255,,
S2-wearable,NIRS rScO2,sO2,6.279926428546653,-0.8413582510108393,5.004090099328239,19.1968798085231,-13.039046620313389,11.35633011829171,0.9166666666666666,89.3995552260934,4.0,22,wearable,67.7647909651673,93.83277606964111,0.0516853589021338,,,,
S2-wearable,PA linear unmixing,sO2,1.3233795751001884,0.6929777212816151,0.7982802518360396,5.185287801582906,-1.5167998319094274,2.902755274472658,0.9166666666666666,0.0,4.0,22,wearable,67.7647909651673,93.83278155326843,0.0516853589021338,,,,
S2-wearable,PA fluence-compensated,sO2,1.0902702064728926,0.4236483852346256,0.9091760865432085,4.920809717983932,-1.5453578682096247,2.392654638678876,0.9166666666666666,0.0,2.0,22,wearable,67.7647909651673,93.83278298377991,0.0516853589021338,,,,
S2-wearable,Proposed EKF,sO2,1.4762455393653524,0.6494628151301542,1.1736066438691497,6.214240133611659,-1.9489228268149719,3.247848457075281,0.9166666666666666,0.0,4.0,22,wearable,67.7647909651673,93.83278369903564,0.0516853589021338,0.8962962962962963,,,
S2-wearable,Rectal proxy,T,0.374319921013924,-0.36068222944592243,0.36068222944592243,0.7229218251662601,-0.5569146713881209,-0.16444978750372397,,,,22,wearable,67.7647909651673,93.83278441429138,0.0516853589021338,,0.17097747817951725,,
S2-wearable,Scalp thermistor,T,1.1314419664081785,-1.1241965286419264,1.1241965286419264,1.5236173210947186,-1.374763102955592,-0.8736299543282608,,,,22,wearable,67.7647909651673,93.83278560638428,0.0516853589021338,,0.1329399458358563,,
S2-wearable,PA amplitude (800 nm),T,4.897471205351512,-3.128524733393401,3.4397199163052163,14.882979646920873,-10.513735342355382,4.256685875568579,,,,22,wearable,67.7647909651673,93.83278632164001,0.0516853589021338,,4.9336690373397465,,
S2-wearable,Echo shift only,T,0.0783791166014135,0.07418532077200594,0.07418916358197065,0.15139751457523687,0.02460762148024278,0.1237630200637691,,,,22,wearable,67.7647909651673,93.83278679847717,0.0516853589021338,,0.030940749663440032,,
S2-wearable,Proposed EKF,T,0.07385539621597977,0.07282069694675992,0.07282069694675992,0.1105400312133682,0.048674829655666815,0.09696656423785303,,,,22,wearable,67.7647909651673,93.83278751373291,0.0516853589021338,1.0,0.01987379055506907,0.26044711654497044,0.035616359528483105
S1-bedside,NIRS rScO2,sO2,2.196961873252271,-0.6085384796033616,1.737823440882363,8.122891322120495,-4.746099125524123,3.5290221663173997,1.0,0.4002223457476376,30.0,23,bedside,403.81962650984184,281.0224118232727,0.059777870576749374,,,,
S1-bedside,PA linear unmixing,sO2,1.027664901706427,0.8549359534091892,0.8726092732043894,4.687534052967157,-0.2627447720275596,1.9726166788459378,1.0,0.0,20.0,23,bedside,403.81962650984184,281.0224173069,0.059777870576749374,,,,
S1-bedside,PA fluence-compensated,sO2,0.763185858413658,-0.6683514375738392,0.6779794657852296,1.47242520718035,-1.3905230337051242,0.05382015855744582,1.0,0.0,20.0,23,bedside,403.81962650984184,281.02241921424866,0.059777870576749374,,,,
S1-bedside,Proposed EKF,sO2,0.4443047401585594,0.13393946610406293,0.3227611355651197,4.4617539539001605,-0.6963858471409506,0.9642647793490765,1.0,0.0,30.0,23,bedside,403.81962650984184,281.0224275588989,0.059777870576749374,0.9977777777777778,,,
S1-bedside,EKF -echo,sO2,0.9008547470586048,0.44864432014346584,0.6196999706000973,8.117772112266286,-1.082487745158165,1.9797763854450965,1.0,0.0,40.0,23,bedside,403.81962650984184,281.02242851257324,0.059777870576749374,,,,
S1-bedside,EKF -reference,sO2,0.6141302378051543,0.45626796223159477,0.48360314093088164,4.316565063804278,-0.3494219682026601,1.2619578926658497,1.0,0.0,30.0,23,bedside,403.81962650984184,281.02242970466614,0.059777870576749374,,,,
S1-bedside,EKF -fluence corr.,sO2,0.9966294103875444,-0.8171110560088127,0.8668207179880258,4.7079746098168895,-1.9355134085227952,0.3012912965051696,1.0,0.0,30.0,23,bedside,403.81962650984184,281.02243065834045,0.059777870576749374,,,,
S1-bedside,EKF -depth gating,sO2,0.8772711000018557,0.7120048123425143,0.7371462844541236,6.431481450735276,-0.29249036910461224,1.716499993789641,1.0,0.0,30.0,23,bedside,403.81962650984184,281.0224313735962,0.059777870576749374,,,,
S1-bedside,Rectal proxy,T,0.4638977641791185,-0.4427216171837063,0.44275235666847396,0.9464837752530855,-0.7142980267571386,-0.17114520761027402,,,,23,bedside,403.81962650984184,281.02243185043335,0.059777870576749374,,0.16795962251720484,,
S1-bedside,Scalp thermistor,T,3.41438705104085,-3.4086945336901895,3.4086945336901895,3.9963010950809874,-3.7949712536614193,-3.0224178137189597,,,,23,bedside,403.81962650984184,281.0224332809448,0.059777870576749374,,0.2792742872564635,,
S1-bedside,PA amplitude (800 nm),T,6.097370859614735,-4.992380704294557,5.102373937732448,14.81245019844031,-11.853519174684115,1.8687577660950012,,,,23,bedside,403.81962650984184,281.02243399620056,0.059777870576749374,,6.214328143663632,,
S1-bedside,Echo shift only,T,0.6914438155319591,-0.6119492660400973,0.6138314852302662,1.0506740091972944,-1.242852063800567,0.018953531720372396,,,,23,bedside,403.81962650984184,281.02243518829346,0.059777870576749374,,0.8199618606912313,,
S1-bedside,Proposed EKF,T,0.6966568556037046,-0.6052185929194942,0.6184149042625225,1.0861884572972968,-1.2814646918098869,0.07102750597089857,,,,23,bedside,403.81962650984184,281.0224361419678,0.059777870576749374,0.42333333333333334,0.8193615788187019,0.6733001501985475,0.04563876007224118
S1-bedside,EKF -echo,T,5.466235454565855,-4.892157615960398,4.933424662190483,12.518409880657984,-9.671714732975094,-0.11260049894570301,,,,23,bedside,403.81962650984184,281.0224368572235,0.059777870576749374,,5.573846971651323,,
S1-bedside,EKF -reference,T,0.6975721472056431,-0.6061321753786226,0.6193352625134811,1.0877819068696368,-1.2828594272057277,0.0705950764484824,,,,23,bedside,403.81962650984184,281.02243757247925,0.059777870576749374,,0.8188301306752459,,
S1-bedside,EKF -fluence corr.,T,0.6969837737424673,-0.6055372776425947,0.6187494433810813,1.0873829278499656,-1.2819814843297832,0.07090692904459384,,,,23,bedside,403.81962650984184,281.0224380493164,0.059777870576749374,,0.8192926625055184,,
S1-bedside,EKF -depth gating,T,0.6976190302974746,-0.6063916943927934,0.6195846401644138,1.0865189053463098,-1.2824110787249376,0.06962768993935087,,,,23,bedside,403.81962650984184,281.02243876457214,0.059777870576749374,,0.8211315275792597,,
S1-wearable,NIRS rScO2,sO2,2.196961873252271,-0.6085384796033616,1.737823440882363,8.122891322120495,-4.746099125524123,3.5290221663173997,1.0,0.4002223457476376,30.0,23,wearable,113.91208043291596,123.66672682762146,0.059777870576749374,,,,
S1-wearable,PA linear unmixing,sO2,1.51279497586151,1.4300989945128706,1.4300989945128706,4.226757416940686,0.46319004142234743,2.397007947603394,1.0,0.0,20.0,23,wearable,113.91208043291596,123.66673731803894,0.059777870576749374,,,,
S1-wearable,PA fluence-compensated,sO2,0.7737839364612897,0.5941120696869829,0.6585430890525846,3.1070148027510736,-0.3775665619402826,1.5657907013142487,1.0,0.0,20.0,23,wearable,113.91208043291596,123.66673922538757,0.059777870576749374,,,,
S1-wearable,Proposed EKF,sO2,0.7500367426926932,0.531485842467588,0.6113192541473982,5.770684834438855,-0.5057929613756569,1.568764646310833,1.0,0.0,20.0,23,wearable,113.91208043291596,123.66674089431763,0.059777870576749374,0.9983333333333333,,,
S1-wearable,Rectal proxy,T,0.4638977641791185,-0.4427216171837063,0.44275235666847396,0.9464837752530855,-0.7142980267571386,-0.17114520761027402,,,,23,wearable,113.91208043291596,123.6667423248291,0.059777870576749374,,0.16795962251720484,,
S1-wearable,Scalp thermistor,T,3.41438705104085,-3.4086945336901895,3.4086945336901895,3.9963010950809874,-3.7949712536614193,-3.0224178137189597,,,,23,wearable,113.91208043291596,123.66674423217773,0.059777870576749374,,0.2792742872564635,,
S1-wearable,PA amplitude (800 nm),T,5.9128787083190915,-4.747404806321568,4.887671212905189,14.780527126569908,-11.656031485518955,2.16122187287582,,,,23,wearable,113.91208043291596,123.66674566268921,0.059777870576749374,,6.027637318962401,,
S1-wearable,Echo shift only,T,0.6971746775334784,-0.6188261199767708,0.6204851866416303,1.045005198625681,-1.2481868634775395,0.01053462352399781,,,,23,wearable,113.91208043291596,123.66674733161926,0.059777870576749374,,0.8259849045187336,,
S1-wearable,Proposed EKF,T,0.7026064604189879,-0.6119728136129844,0.6249504986009577,1.0940223598107934,-1.2885139198931883,0.06456829266721964,,,,23,wearable,113.91208043291596,123.66674852371216,0.059777870576749374,0.41833333333333333,0.8278947688642491,0.6778123378649561,0.045474193368364266
S2-bedside,NIRS rScO2,sO2,6.145330324196435,-1.1752297264806555,4.910110416031989,23.417019649414694,-12.997770342794643,10.647310889833332,1.0,94.73684210526315,3.0,23,bedside,161.84644822142636,212.087233543396,0.059777870576749374,,,,
S2-bedside,PA linear unmixing,sO2,1.1452706509182367,0.4502906365911228,0.6452192934262102,6.218526639161404,-1.6136584242895011,2.514239697471747,0.9166666666666666,0.0,4.0,23,bedside,161.84644822142636,212.08723950386047,0.059777870576749374,,,,
S2-bedside,PA fluence-compensated,sO2,1.1109531244201623,-0.9267570418470795,1.0267481280599067,2.3468674071793205,-2.1275481746190676,0.2740340909249085,0.9166666666666666,0.0,4.0,23,bedside,161.84644822142636,212.08724069595337,0.059777870576749374,,,,
S2-bedside,Proposed EKF,sO2,0.9914737366148946,-0.10584232430021134,0.6147285467477517,6.520892393514405,-2.0380261632778494,1.8263415146774264,0.9166666666666666,0.0,8.0,23,bedside,161.84644822142636,212.08724188804626,0.059777870576749374,0.9244444444444444,,,
S2-bedside,EKF -echo,sO2,1.765001168427007,-0.17182914800184076,0.9712171921424093,9.84232597306039,-3.6147987936741433,3.2711404976704612,0.9166666666666666,0.0,8.0,23,bedside,161.84644822142636,212.087242603302,0.059777870576749374,,,,
S2-bedside,EKF -reference,sO2,1.275120621335262,-0.7794118165191485,1.1235983492554655,6.057897527523854,-2.7574100029525392,1.1985863699142425,0.9166666666666666,0.0,8.0,23,bedside,161.84644822142636,212.08724331855774,0.059777870576749374,,,,
S2-bedside,EKF -fluence corr.,sO2,1.2350859810282446,-0.2337729889175575,0.8629830801127863,7.170467628113925,-2.6107831970620032,2.1432372192268883,0.9166666666666666,0.0,8.0,23,bedside,161.84644822142636,212.08724427223206,0.059777870576749374,,,,
S2-bedside,EKF -depth gating,sO2,2.182114159875292,0.7313561542134518,1.069141652517455,12.133300618608839,-3.298215268793434,4.760927577220339,0.9166666666666666,0.0,8.0,23,bedside,161.84644822142636,212.08724546432495,0.059777870576749374,,,,
S2-bedside,Rectal proxy,T,0.45342783681918486,-0.44158093315940294,0.44158093315940294,0.7540065349049669,-0.6434046245215566,-0.23975724179724928,,,,23,bedside,161.84644822142636,212.0872461795807,0.059777870576749374,,0.13661636221045162,,
S2-bedside,Scalp thermistor,T,1.4878221586117064,-1.4811764386068793,1.4811764386068793,1.9316023200585235,-1.7564928419708206,-1.205860035242938,,,,23,bedside,161.84644822142636,212.08724761009216,0.059777870576749374,,0.16082883949618965,,
S2-bedside,PA amplitude (800 nm),T,2.5663055270766075,-1.1176318641300262,1.4864787149105918,11.405205073087977,-5.645538612653725,3.4102748843936723,,,,23,bedside,161.84644822142636,212.08724856376648,0.059777870576749374,,2.5526995283866523,,
S2-bedside,Echo shift only,T,0.03397139807600062,-0.021700997081820946,0.02791106760221009,0.11649935740464912,-0.072928761328266,0.02952676716462411,,,,23,bedside,161.84644822142636,212.0872495174408,0.059777870576749374,,0.0279505826333897,,
S2-bedside,Proposed EKF,T,0.029855824355041204,-0.023450110896275207,0.024924411359280755,0.07897127456254793,-0.05966837314146618,0.012768151348915766,,,,23,bedside,161.84644822142636,212.0872926712036,0.059777870576749374,1.0,0.025172433026002118,0.05050381439581258,0.05295871075544164
S2-bedside,EKF -echo,T,3.898693709109419,3.4638760138476425,3.566697027869179,9.637088990909248,-0.043032096983875334,6.97078412467916,,,,23,bedside,161.84644822142636,212.0872938632965,0.059777870576749374,,3.9726944803119557,,
S2-bedside,EKF -reference,T,0.030787393826982767,-0.02329478838084977,0.02541033363040099,0.0844702705755509,-0.06274956661681892,0.016159989855119388,,,,23,bedside,161.84644822142636,212.08729481697083,0.059777870576749374,,0.02342868698984035,,
S2-bedside,EKF -fluence corr.,T,0.03030736099757981,-0.023317655437254073,0.025184071252882637,0.07925767052069688,-0.061263937561090755,0.014628626686582609,,,,23,bedside,161.84644822142636,212.08729553222656,0.059777870576749374,,0.02567152972074084,,
S2-bedside,EKF -depth gating,T,0.03155162234170115,-0.025335523428017325,0.026555752418267773,0.08366979013717213,-0.06219270326971767,0.011521656413683013,,,,23,bedside,161.84644822142636,212.08729696273804,0.059777870576749374,,0.023305136140961684,,
S2-wearable,NIRS rScO2,sO2,6.145330324196435,-1.1752297264806555,4.910110416031989,23.417019649414694,-12.997770342794643,10.647310889833332,1.0,94.73684210526315,3.0,23,wearable,64.31347289995944,93.96186995506287,0.059777870576749374,,,,
S2-wearable,PA linear unmixing,sO2,1.349767564427232,1.0360686305280464,1.0408154703801835,5.334732243057971,-0.6595684458432677,2.73170570689936,0.9166666666666666,0.0,4.0,23,wearable,64.31347289995944,93.96187543869019,0.059777870576749374,,,,
S2-wearable,PA fluence-compensated,sO2,0.4922953424895716,-0.25865335898971165,0.40547505000448597,1.5329895624015655,-1.0796410558843763,0.5623343379049532,0.9166666666666666,0.0,4.0,23,wearable,64.31347289995944,93.96187663078308,0.059777870576749374,,,,
S2-wearable,Proposed EKF,sO2,1.0123863828663826,0.08143078253513307,0.4816573879173097,5.8457945895725505,-1.8964172655419502,2.059278830612216,0.9166666666666666,0.0,8.0,23,wearable,64.31347289995944,93.96187710762024,0.059777870576749374,0.9185185185185185,,,
S2-wearable,Rectal proxy,T,0.45342783681918486,-0.44158093315940294,0.44158093315940294,0.7540065349049669,-0.6434046245215566,-0.23975724179724928,,,,23,wearable,64.31347289995944,93.96187782287598,0.059777870576749374,,0.13661636221045162,,
S2-wearable,Scalp thermistor,T,1.4878221586117064,-1.4811764386068793,1.4811764386068793,1.9316023200585235,-1.7564928419708206,-1.205860035242938,,,,23,wearable,64.31347289995944,93.9618787765503,0.059777870576749374,,0.16082883949618965,,
S2-wearable,PA amplitude (800 nm),T,2.550892007502532,-1.0859233324857296,1.469847142836833,11.069462409642298,-5.610009474957914,3.438162809986454,,,,23,wearable,64.31347289995944,93.96187949180603,0.059777870576749374,,2.5375983189552604,,
S2-wearable,Echo shift only,T,0.029178334419575673,-0.015260983642924004,0.023638020345406477,0.10510236065978518,-0.06400463412878978,0.033482666842941766,,,,23,wearable,64.31347289995944,93.96188020706177,0.059777870576749374,,0.029759749745044854,,
S2-wearable,Proposed EKF,T,0.026017776813693803,-0.017246634034168862,0.020677309028009024,0.07730262774745711,-0.05542783271392816,0.02093456464559044,,,,23,wearable,64.31347289995944,93.9618809223175,0.059777870576749374,1.0,0.028881913545478696,0.0526574511233782,0.053567074550297494
S1-bedside,NIRS rScO2,sO2,3.089589375557345,2.3870271878081533,2.5966877364080307,9.036655294911078,-1.4576034738488803,6.231657849465187,1.0,0.0,20.0,24,bedside,525.2866414611002,282.0259566307068,0.07080397253389632,,,,
S1-bedside,PA linear unmixing,sO2,0.6903383504328847,0.4981475147845895,0.5383086902721925,3.2624945589109,-0.4385932484264007,1.4348882779955798,1.0,0.0,20.0,24,bedside,525.2866414611002,282.02596616744995,0.07080397253389632,,,,
S1-bedside,PA fluence-compensated,sO2,0.7804342241759681,-0.767398723297299,0.767398723297299,1.7264715392227847,-1.045806893781188,-0.4889905528134101,1.0,0.0,20.0,24,bedside,525.2866414611002,282.0259687900543,0.07080397253389632,,,,
S1-bedside,Proposed EKF,sO2,0.44396560941656443,0.3286527712791608,0.3503987679660615,4.100600864569948,-0.2563762627745453,0.9136818053328669,1.0,0.0,30.0,24,bedside,525.2866414611002,282.0259704589844,0.07080397253389632,0.9977777777777778,,,
S1-bedside,EKF -echo,sO2,2.2333745983210807,0.9944085101373675,1.388605634073048,12.428644272616884,-2.9251572333914218,4.913974253666156,0.5,0.0,60.0,24,bedside,525.2866414611002,282.02597212791443,0.07080397253389632,,,,
S1-bedside,EKF -reference,sO2,0.7371606277504394,0.6601320416518358,0.6687623393414626,4.482329644370031,0.017110200237792014,1.3031538830658795,1.0,0.0,20.0,24,bedside,525.2866414611002,282.0259733200073,0.07080397253389632,,,,
S1-bedside,EKF -fluence corr.,sO2,0.7846969838930311,-0.6250647701727096,0.6908061451463109,3.585434026391243,-1.554864041823995,0.30473450147857584,1.0,0.0,30.0,24,bedside,525.2866414611002,282.0259747505188,0.07080397253389632,,,,
S1-bedside,EKF -depth gating,sO2,2.16722507911523,2.0998704697739785,2.105486442481721,7.8339851156654206,1.049104701412592,3.150636238135365,1.0,0.0,30.0,24,bedside,525.2866414611002,282.02597641944885,0.07080397253389632,,,,
S1-bedside,Rectal proxy,T,0.619452355302162,-0.6090112764898674,0.6090112764898674,1.1021323043119793,-0.8309892642986952,-0.3870332886810396,,,,24,bedside,525.2866414611002,282.02597761154175,0.07080397253389632,,0.11359609962467143,,
S1-bedside,Scalp thermistor,T,2.1493095983614516,-2.140801503735458,2.140801503735458,2.7218186831305005,-2.515262420962586,-1.76634058650833,,,,24,bedside,525.2866414611002,282.02597975730896,0.07080397253389632,,0.3375747098728565,,
S1-bedside,PA amplitude (800 nm),T,7.609695684252594,-6.35895706841954,6.36693337576065,19.128089156495122,-14.551460111064351,1.833545974225271,,,,24,bedside,525.2866414611002,282.02598118782043,0.07080397253389632,,7.530160204241052,,
S1-bedside,Echo shift only,T,0.19267709071678196,0.15859784827176132,0.1641584741532062,0.35604272605883125,-0.05585144579794324,0.37304714234146585,,,,24,bedside,525.2866414611002,282.0259828567505,0.07080397253389632,,0.2765588315000066,,
S1-bedside,Proposed EKF,T,0.2572130428477798,0.1777994038837396,0.19105700068773968,0.9422963897824417,-0.18649664551878942,0.5420954532862686,,,,24,bedside,525.2866414611002,282.02598452568054,0.07080397253389632,0.9333333333333333,0.3306143185446936,0.3564004948822806,0.010401000586932588
S1-bedside,EKF -echo,T,21.96046056368459,19.290717668741717,19.290921426766605,53.328733538682954,-1.27808301678958,39.859518354273014,,,,24,bedside,525.2866414611002,282.025985956192,0.07080397253389632,,22.04538389966813,,
S1-bedside,EKF -reference,T,0.25855862115774275,0.17938507992580907,0.1922302472470557,0.9425583699805884,-0.18558330746945043,0.5443534673210686,,,,24,bedside,525.2866414611002,282.0259871482849,0.07080397253389632,,0.3323052996527761,,
S1-bedside,EKF -fluence corr.,T,0.25753485654543795,0.17812990088735556,0.1913334554682358,0.9426455065571986,-0.18641924911691402,0.5426790508916252,,,,24,bedside,525.2866414611002,282.0259883403778,0.07080397253389632,,0.3309988855366966,,
S1-bedside,EKF -depth gating,T,0.25424581577242,0.17347334472305626,0.18798500977420124,0.9384073922396112,-0.1908333136923353,0.5377800031384479,,,,24,bedside,525.2866414611002,282.0259895324707,0.07080397253389632,,0.3266197217946828,,
S1-wearable,NIRS rScO2,sO2,3.089589375557345,2.3870271878081533,2.5966877364080307,9.036655294911078,-1.4576034738488803,6.231657849465187,1.0,0.0,20.0,24,wearable,132.48443865175668,126.91071724891663,0.07080397253389632,,,,
S1-wearable,PA linear unmixing,sO2,0.8106396755444513,0.5738482581367259,0.6268652550421445,3.855685278678289,-0.5483862979812515,1.6960828142547033,1.0,0.0,20.0,24,wearable,132.48443865175668,126.91072392463684,0.07080397253389632,,,,
S1-wearable,PA fluence-compensated,sO2,0.8907796851256953,-0.8690634616730964,0.8690634616730964,1.3763828985396631,-1.2522279067643263,-0.4858990165818664,1.0,0.0,20.0,24,wearable,132.48443865175668,126.91072511672974,0.07080397253389632,,,,
S1-wearable,Proposed EKF,sO2,0.3616705958827118,0.1794734000021495,0.2501966791161313,3.9130713079777335,-0.4359632249741625,0.7949100249784615,1.0,0.0,30.0,24,wearable,132.48443865175668,126.91072607040405,0.07080397253389632,0.9977777777777778,,,
S1-wearable,Rectal proxy,T,0.619452355302162,-0.6090112764898674,0.6090112764898674,1.1021323043119793,-0.8309892642986952,-0.3870332886810396,,,,24,wearable,132.48443865175668,126.91072678565979,0.07080397253389632,,0.11359609962467143,,
S1-wearable,Scalp thermistor,T,2.1493095983614516,-2.140801503735458,2.140801503735458,2.7218186831305005,-2.515262420962586,-1.76634058650833,,,,24,wearable,132.48443865175668,126.9107277393341,0.07080397253389632,,0.3375747098728565,,
S1-wearable,PA amplitude (800 nm),T,7.689673736886923,-6.468816999626138,6.475029505859433,19.113195285854598,-14.617677888961225,1.6800438897089505,,,,24,wearable,132.48443865175668,126.91072869300842,0.07080397253389632,,7.60959695143411,,
S1-wearable,Echo shift only,T,0.1902958108402805,0.15509546370896013,0.16173936012165563,0.3413353334240483,-0.06101969269573129,0.3712106201136516,,,,24,wearable,132.48443865175668,126.91072940826416,0.07080397253389632,,0.2736870194507599,,
S1-wearable,Proposed EKF,T,0.25460490081522047,0.17310923017543078,0.18870108902183008,0.9385809651336956,-0.192822559584841,0.5390410199357025,,,,24,wearable,132.48443865175668,126.91073036193848,0.07080397253389632,0.9344444444444444,0.3264713383070939,0.3544081364214519,0.010420523999218338
S2-bedside,NIRS rScO2,sO2,9.193899064546791,7.04072040081094,7.667621852003109,24.514954002626222,-4.547511079671407,18.628951881293286,0.9166666666666666,60.04447739065974,2.0,24,bedside,203.65333813658148,210.495854139328,0.07080397253389632,,,,
S2-bedside,PA linear unmixing,sO2,1.1940376872772493,0.48984438991383017,0.6585724014038145,6.436220575885477,-1.644467344397669,2.624156124225329,0.8333333333333334,0.0,4.0,24,bedside,203.65333813658148,210.49586176872253,0.07080397253389632,,,,
S2-bedside,PA fluence-compensated,sO2,1.5064996393755523,-1.4500658787033904,1.4500658787033904,3.8789880388970355,-2.2506727646813283,-0.649458992725453,0.8333333333333334,0.0,3.0,24,bedside,203.65333813658148,210.4958634376526,0.07080397253389632,,,,
S2-bedside,Proposed EKF,sO2,1.0707581937482493,-0.6535699645501888,0.8405789671697235,5.330548928346213,-2.3159566611338325,1.008816732033455,0.8333333333333334,0.0,4.0,24,bedside,203.65333813658148,210.4958643913269,0.07080397253389632,0.9118518518518518,,,
S2-bedside,EKF -echo,sO2,2.9176966360694334,-1.0906159256518535,1.768258262865225,18.673840450553637,-6.394765073086061,4.213533221782355,0.8333333333333334,0.0,6.0,24,bedside,203.65333813658148,210.49586534500122,0.07080397253389632,,,,
S2-bedside,EKF -reference,sO2,0.9702645767745316,-0.5158428992474209,0.7283352893924377,4.9875739514281925,-2.126528221625188,1.0948424231303466,0.8333333333333334,0.0,4.0,24,bedside,203.65333813658148,210.49587154388428,0.07080397253389632,,,,
S2-bedside,EKF -fluence corr.,sO2,1.9167032446668273,-1.5221169026641934,1.8264137843819794,6.6262542934201365,-3.8052531393489777,0.7610193340205906,0.8333333333333334,0.0,5.0,24,bedside,203.65333813658148,210.4958734512329,0.07080397253389632,,,,
S2-bedside,EKF -depth gating,sO2,2.523851851645202,1.8557811449597919,2.067306330002239,12.758737706272793,-1.4968528597752797,5.208415149694863,0.8333333333333334,0.0,6.0,24,bedside,203.65333813658148,210.49587440490723,0.07080397253389632,,,,
S2-bedside,Rectal proxy,T,0.24994035204345225,-0.2287099067215764,0.22949699678769675,0.5161681648809733,-0.426290721624147,-0.031129091819005805,,,,24,bedside,203.65333813658148,210.49587535858154,0.07080397253389632,,0.2614475320820177,,
S2-bedside,Scalp thermistor,T,1.1650907268310753,-1.155501444915741,1.155501444915741,1.5904283587464292,-1.4478820268195378,-0.8631208630119442,,,,24,bedside,203.65333813658148,210.49587726593018,0.07080397253389632,,0.15580714254012865,,
S2-bedside,PA amplitude (800 nm),T,5.873752601394729,-4.608483653444468,4.620440485578707,15.529292615960898,-11.746449541849582,2.529482234960647,,,,24,bedside,203.65333813658148,210.49587845802307,0.07080397253389632,,5.9693610267362365,,
S2-bedside,Echo shift only,T,0.13702563212578325,0.13467807404306797,0.13467807404306797,0.21618795885568431,0.08517729593394457,0.18417885215219137,,,,24,bedside,203.65333813658148,210.49587965011597,0.07080397253389632,,0.028601267265338147,,
S2-bedside,Proposed EKF,T,0.135658753522298,0.13481206086271688,0.13481206086271688,0.1693498256051882,0.10515151270155441,0.16447260902387933,,,,24,bedside,203.65333813658148,210.49588060379028,0.07080397253389632,1.0,0.021745058424707232,0.07508475081270499,0.013699968214363855
S2-bedside,EKF -echo,T,7.94731983680637,-7.2747831709254065,7.2807248068033275,12.925083938946038,-13.545993732626439,-1.0035726092243742,,,,24,bedside,203.65333813658148,210.4958815574646,0.07080397253389632,,8.048110520644466,,
S2-bedside,EKF -reference,T,0.13651703313752406,0.13563223475920738,0.13563223475920738,0.17124179495876035,0.10521765532422886,0.1660468141941859,,,,24,bedside,203.65333813658148,210.49588251113892,0.07080397253389632,,0.02118359516753742,,
S2-bedside,EKF -fluence corr.,T,0.13582588926429925,0.13497564442584678,0.13497564442584678,0.16932004309047954,0.1052347768489277,0.16471651200276588,,,,24,bedside,203.65333813658148,210.4958837032318,0.07080397253389632,,0.021544636810087923,,
S2-bedside,EKF -depth gating,T,0.1350810489267693,0.13420671171034426,0.13420671171034426,0.17043188771066298,0.10413183462430489,0.16428158879638363,,,,24,bedside,203.65333813658148,210.4958851337433,0.07080397253389632,,0.020738585830489074,,
S2-wearable,NIRS rScO2,sO2,9.193899064546791,7.04072040081094,7.667621852003109,24.514954002626222,-4.547511079671407,18.628951881293286,0.9166666666666666,60.04447739065974,2.0,24,wearable,75.73308194780857,95.32668280601501,0.07080397253389632,,,,
S2-wearable,PA linear unmixing,sO2,1.4412783560821807,0.561042068980711,0.7849985866184196,7.783477604101857,-2.041049012224267,3.163133150185689,0.8333333333333334,0.0,4.0,24,wearable,75.73308194780857,95.32668948173523,0.07080397253389632,,,,
S2-wearable,PA fluence-compensated,sO2,1.179790252462869,-1.073299849402909,1.0898326247216765,2.413734817518476,-2.033364737093737,-0.11323496171208122,0.8333333333333334,0.0,4.0,24,wearable,75.73308194780857,95.32669162750244,0.07080397253389632,,,,
S2-wearable,Proposed EKF,sO2,1.1398241924530064,-0.3374104804352107,0.7705538199286842,7.035907115497847,-2.471339593073061,1.7965186322026392,0.8333333333333334,0.0,5.0,24,wearable,75.73308194780857,95.32669258117676,0.07080397253389632,0.8933333333333333,,,
S2-wearable,Rectal proxy,T,0.24994035204345225,-0.2287099067215764,0.22949699678769675,0.5161681648809733,-0.426290721624147,-0.031129091819005805,,,,24,wearable,75.73308194780857,95.3266932964325,0.07080397253389632,,0.2614475320820177,,
S2-wearable,Scalp thermistor,T,1.1650907268310753,-1.155501444915741,1.155501444915741,1.5904283587464292,-1.4478820268195378,-0.8631208630119442,,,,24,wearable,75.73308194780857,95.32669472694397,0.07080397253389632,,0.15580714254012865,,
S2-wearable,PA amplitude (800 nm),T,5.915221301546452,-4.66726003192869,4.674288853383573,15.57699667434489,-11.790053971876961,2.455533908019583,,,,24,wearable,75.73308194780857,95.3266954421997,0.07080397253389632,,6.011355778235537,,
S2-wearable,Echo shift only,T,0.15504737706483174,0.15310719274182352,0.15310719274182352,0.2295475152823343,0.10518222015123009,0.20103216533241697,,,,24,wearable,75.73308194780857,95.32669615745544,0.07080397253389632,,0.040155578749624735,,
S2-wearable,Proposed EKF,T,0.15460784015516887,0.15385417500603857,0.15385417500603857,0.1864176690092023,0.12396966539590906,0.18373868461616807,,,,24,wearable,75.73308194780857,95.32669758796692,0.07080397253389632,1.0,0.03712627092487943,0.06236941020858002,0.013658967285276677
S1-bedside,NIRS rScO2,sO2,3.2026196740165913,-2.571444530195005,2.7281168412370462,8.473101303220377,-6.313169132925145,1.1702800725351354,1.0,0.3001667593107282,30.0,25,bedside,493.4998879653541,285.055362701416,0.020618285045698983,,,,
S1-bedside,PA linear unmixing,sO2,1.912606842775549,1.8472516388174216,1.8472516388174216,3.8545293143329995,0.8756641631290156,2.8188391145058276,1.0,0.0,20.0,25,bedside,493.4998879653541,285.0553698539734,0.020618285045698983,,,,
S1-bedside,PA fluence-compensated,sO2,0.8922488680770326,0.8677438240176468,0.8679206450471204,1.4524475789839841,0.4607018015934073,1.2747858464418864,1.0,0.0,20.0,25,bedside,493.4998879653541,285.05537152290344,0.020618285045698983,,,,
S1-bedside,Proposed EKF,sO2,0.6698656555926318,0.5691894624441162,0.5865341746457785,3.918436067363895,-0.12306342669589658,1.2614423515841289,1.0,0.0,30.0,25,bedside,493.4998879653541,285.05537271499634,0.020618285045698983,0.9983333333333333,,,
S1-bedside,EKF -echo,sO2,0.6449592578910073,0.28464163489420574,0.45959464176354575,6.303361579187827,-0.8497084015526035,1.418991671341015,1.0,0.0,40.0,25,bedside,493.4998879653541,285.0553734302521,0.020618285045698983,,,,
S1-bedside,EKF -reference,sO2,0.5534067395685149,-0.3531951466129139,0.4292227477190342,4.743876191443008,-1.1882384374181332,0.4818481441923055,1.0,0.0,30.0,25,bedside,493.4998879653541,285.0553743839264,0.020618285045698983,,,,
S1-bedside,EKF -fluence corr.,sO2,0.9038946496366582,0.753511268288748,0.7735731173977434,4.521052159525341,-0.22501037680244762,1.7320329133799435,1.0,0.0,30.0,25,bedside,493.4998879653541,285.0553755760193,0.020618285045698983,,,,
S1-bedside,EKF -depth gating,sO2,1.5420110165345622,1.4568577583556974,1.4648856771531205,5.750060592671402,0.4664011878181124,2.4473143288932824,1.0,0.0,30.0,25,bedside,493.4998879653541,285.055376291275,0.020618285045698983,,,,
S1-bedside,Rectal proxy,T,0.4827294384518914,-0.4647664774260687,0.4647777777753238,1.0590019457857096,-0.7204682322386935,-0.2090647226134439,,,,25,bedside,493.4998879653541,285.05537700653076,0.020618285045698983,,0.30639727278859347,,
S1-bedside,Scalp thermistor,T,2.314003196363333,-2.306721258558941,2.306721258558941,3.0332148463129798,-2.66625080727245,-1.9471917098454317,,,,25,bedside,493.4998879653541,285.05537819862366,0.020618285045698983,,0.2892865232024929,,
S1-bedside,PA amplitude (800 nm),T,7.5119692854371385,-6.600918519400742,6.601770883684812,17.382800497555266,-13.628975997440651,0.4271389586391683,,,,25,bedside,493.4998879653541,285.055379152298,0.020618285045698983,,7.523229579281228,,
S1-bedside,Echo shift only,T,0.38539017337668174,-0.35254819914625646,0.3528230991573084,0.6154079309751026,-0.657675274540652,-0.04742112375186086,,,,25,bedside,493.4998879653541,285.0553801059723,0.020618285045698983,,0.3971437194483671,,
S1-bedside,Proposed EKF,T,0.38783571422548435,-0.3348334788394621,0.35514074848264904,0.7324619217012085,-0.718428476737212,0.04876151905828785,,,,25,bedside,493.4998879653541,285.0553810596466,0.020618285045698983,0.9405555555555556,0.39921711526817066,0.4027858588725246,0.05332096913274901
S1-bedside,EKF -echo,T,9.52356020870865,9.233847822481424,9.245404383803272,17.745639909713802,4.6647967157750285,13.802898929187819,,,,25,bedside,493.4998879653541,285.05538153648376,0.020618285045698983,,9.509550194539843,,
S1-bedside,EKF -reference,T,0.387932267563977,-0.33417998295861245,0.3547758193836335,0.7348261874071369,-0.7203307408349058,0.05197077491768093,,,,25,bedside,493.4998879653541,285.0553824901581,0.020618285045698983,,0.39936003021416977,,
S1-bedside,EKF -fluence corr.,T,0.38624703702250496,-0.33336223137454135,0.35373955593883544,0.7317729941595346,-0.7157199853595004,0.048995522610417785,,,,25,bedside,493.4998879653541,285.0553832054138,0.020618285045698983,,0.39772971958329045,,
S1-bedside,EKF -depth gating,T,0.3908481862973755,-0.3377033577310964,0.35786556393037655,0.7358233676937473,-0.723374121629482,0.04796740616728917,,,,25,bedside,493.4998879653541,285.05538392066956,0.020618285045698983,,0.4023078099222673,,
S1-wearable,NIRS rScO2,sO2,3.2026196740165913,-2.571444530195005,2.7281168412370462,8.473101303220377,-6.313169132925145,1.1702800725351354,1.0,0.3001667593107282,30.0,25,wearable,125.6604010840041,124.61356520652771,0.020618285045698983,,,,
S1-wearable,PA linear unmixing,sO2,1.7470284864505154,1.709726020433321,1.709726020433321,3.651432524098752,1.0059100586679894,2.4135419821986526,1.0,0.0,20.0,25,wearable,125.6604010840041,124.61357307434082,0.020618285045698983,,,,
S1-wearable,PA fluence-compensated,sO2,0.48885596124822495,0.46506062757896993,0.4655477519831014,1.0583835578113043,0.1697648945367259,0.7603563606212138,1.0,0.0,20.0,25,wearable,125.6604010840041,124.61357474327087,0.020618285045698983,,,,
S1-wearable,Proposed EKF,sO2,0.3783037707558447,-0.2693963095900082,0.29434346654540794,4.209563368270164,-0.7899575922149038,0.25116497303488733,1.0,0.0,30.0,25,wearable,125.6604010840041,124.61357569694519,0.020618285045698983,0.9983333333333333,,,
S1-wearable,Rectal proxy,T,0.4827294384518914,-0.4647664774260687,0.4647777777753238,1.0590019457857096,-0.7204682322386935,-0.2090647226134439,,,,25,wearable,125.6604010840041,124.61357617378235,0.020618285045698983,,0.30639727278859347,,
S1-wearable,Scalp thermistor,T,2.314003196363333,-2.306721258558941,2.306721258558941,3.0332148463129798,-2.66625080727245,-1.9471917098454317,,,,25,wearable,125.6604010840041,124.61357712745667,0.020618285045698983,,0.2892865232024929,,
S1-wearable,PA amplitude (800 nm),T,7.559438707391258,-6.657886436557162,6.658819614629584,17.49050359871893,-13.675031828430509,0.359258955316184,,,,25,wearable,125.6604010840041,124.61361598968506,0.020618285045698983,,7.570724802029015,,
S1-wearable,Echo shift only,T,0.3985347210292369,-0.3675865434282341,0.36770468552275665,0.6255736839483674,-0.6693887216898481,-0.06578436516662012,,,,25,wearable,125.6604010840041,124.61361765861511,0.020618285045698983,,0.4103812891090586,,
S1-wearable,Proposed EKF,T,0.4025281018950356,-0.352009542046353,0.3703418518851655,0.7514846181282877,-0.7346774198759138,0.030658335783207924,,,,25,wearable,125.6604010840041,124.61361885070801,0.020618285045698983,0.9161111111111111,0.4149593656588184,0.4217064256977922,0.053256524135851864
S2-bedside,NIRS rScO2,sO2,7.3421223275076954,-4.054127373657932,5.936338711133976,25.738984629535683,-16.051955072777265,7.943700325461396,0.9166666666666666,118.75463306152706,4.0,25,bedside,203.71598871092166,212.48363161087036,0.020618285045698983,,,,
S2-bedside,PA linear unmixing,sO2,1.5991812045079854,1.2543135295610175,1.2546977192384245,7.455100224916277,-0.6900203943040031,3.198647453426038,0.9166666666666666,0.0,4.0,25,bedside,203.71598871092166,212.48363757133484,0.020618285045698983,,,,
S2-bedside,PA fluence-compensated,sO2,5.182938563672765,3.4572273908562274,4.654812472277949,31.312593876614187,-4.111121929353575,11.025576711066028,0.9166666666666666,0.0,2.0,25,bedside,203.71598871092166,212.4836390018463,0.020618285045698983,,,,
S2-bedside,Proposed EKF,sO2,4.08385598563989,2.357100428130516,3.60330768243649,24.01401001363842,-4.179420901977974,8.893621758239007,0.9166666666666666,0.0,4.0,25,bedside,203.71598871092166,212.48363995552063,0.020618285045698983,0.08962962962962963,,,
S2-bedside,EKF -echo,sO2,4.7771563694701165,1.3623609267147623,3.5181273449438164,34.59647786220863,-7.612041322940439,10.336763176369963,0.75,0.0,4.0,25,bedside,203.71598871092166,212.4836413860321,0.020618285045698983,,,,
S2-bedside,EKF -reference,sO2,4.566267723786628,3.1295795744342354,4.215004197441839,22.646990527398113,-3.3876879269412865,9.646847075809758,0.9166666666666666,0.0,4.0,25,bedside,203.71598871092166,212.48364210128784,0.020618285045698983,,,,
S2-bedside,EKF -fluence corr.,sO2,1.249291700900538,-0.49482713917134663,0.9921174442479523,7.619299501179288,-2.743175130359395,1.7535208520167016,0.9166666666666666,0.0,4.0,25,bedside,203.71598871092166,212.48364305496216,0.020618285045698983,,,,
S2-bedside,EKF -depth gating,sO2,6.1129697795489175,4.699506431269087,5.760311140344055,26.048773231273714,-2.9628249347172564,12.36183779725543,0.9166666666666666,0.0,6.0,25,bedside,203.71598871092166,212.48364400863647,0.020618285045698983,,,,
S2-bedside,Rectal proxy,T,0.5557972755638031,-0.544895852193847,0.544895852193847,0.8863778862629204,-0.7595952379718058,-0.3301964664158881,,,,25,bedside,203.71598871092166,212.4836447238922,0.020618285045698983,,0.12450775168734049,,
S2-bedside,Scalp thermistor,T,1.843065839475533,-1.8365499778620897,1.8365499778620897,2.371971658010274,-2.1400391744087557,-1.5330607813154236,,,,25,bedside,203.71598871092166,212.48364567756653,0.020618285045698983,,0.1702790627089974,,
S2-bedside,PA amplitude (800 nm),T,3.7071219946316467,-2.4801961283126395,2.832746433519209,12.031355238947793,-7.8804783337225,2.920086077097222,,,,25,bedside,203.71598871092166,212.48364639282227,0.020618285045698983,,3.597564310641322,,
S2-bedside,Echo shift only,T,0.1269263561354569,-0.12430821303394414,0.12430821303394414,0.2159081574348889,-0.17457631183184014,-0.07404011423604814,,,,25,bedside,203.71598871092166,212.483647108078,0.020618285045698983,,0.04976390635740729,,
S2-bedside,Proposed EKF,T,0.12787940711096957,-0.12708276723873757,0.12708276723873757,0.16040015064655222,-0.15501624234310796,-0.09914929213436717,,,,25,bedside,203.71598871092166,212.48364806175232,0.020618285045698983,1.0,0.03623756436546559,0.058865224022697685,0.061655481978613695
S2-bedside,EKF -echo,T,16.085701345515464,-14.79444208065976,14.79444208065976,23.11388002735759,-27.171073311439237,-2.4178108498802846,,,,25,bedside,203.71598871092166,212.48364853858948,0.020618285045698983,,15.96279435448858,,
S2-bedside,EKF -reference,T,0.12820258561268763,-0.1274119553628469,0.1274119553628469,0.16313968542038282,-0.15527544857486092,-0.0995484621508329,,,,25,bedside,203.71598871092166,212.48364901542664,0.020618285045698983,,0.0384521427681028,,
S2-bedside,EKF -fluence corr.,T,0.12809786012862012,-0.1273087409626113,0.1273087409626113,0.16064319016516038,-0.15513426972898162,-0.09948321219624098,,,,25,bedside,203.71598871092166,212.48364973068237,0.020618285045698983,,0.036231640146197924,,
S2-bedside,EKF -depth gating,T,0.12824069060078827,-0.127401522167392,0.127401522167392,0.16322446715112449,-0.15610912471032595,-0.09869391962445806,,,,25,bedside,203.71598871092166,212.48365116119385,0.020618285045698983,,0.036575247438240616,,
S2-wearable,NIRS rScO2,sO2,7.3421223275076954,-4.054127373657932,5.936338711133976,25.738984629535683,-16.051955072777265,7.943700325461396,0.9166666666666666,118.75463306152706,4.0,25,wearable,73.65724739700012,93.4172751903534,0.020618285045698983,,,,
S2-wearable,PA linear unmixing,sO2,1.5973370928486816,1.353188941350824,1.353188941350824,6.62910051117962,-0.31034825907379704,3.016726141775445,0.9166666666666666,0.0,4.0,25,wearable,73.65724739700012,93.41728138923645,0.020618285045698983,,,,
S2-wearable,PA fluence-compensated,sO2,5.699885754389773,3.489243759323138,4.9944461203261055,34.65760957500703,-5.344655974614453,12.323143493260728,0.9166666666666666,0.0,2.0,25,wearable,73.65724739700012,93.4172830581665,0.020618285045698983,,,,
S2-wearable,Proposed EKF,sO2,4.250178177999457,2.1425625534247263,3.610049083424975,24.569294179184205,-5.051849727096447,9.336974833945899,0.9166666666666666,0.0,4.0,25,wearable,73.65724739700012,93.41728377342224,0.020618285045698983,0.2111111111111111,,,
S2-wearable,Rectal proxy,T,0.5557972755638031,-0.544895852193847,0.544895852193847,0.8863778862629204,-0.7595952379718058,-0.3301964664158881,,,,25,wearable,73.65724739700012,93.41728472709656,0.020618285045698983,,0.12450775168734049,,
S2-wearable,Scalp thermistor,T,1.843065839475533,-1.8365499778620897,1.8365499778620897,2.371971658010274,-2.1400391744087557,-1.5330607813154236,,,,25,wearable,73.65724739700012,93.41728591918945,0.020618285045698983,,0.1702790627089974,,
S2-wearable,PA amplitude (800 nm),T,3.6856959747843927,-2.453920834599197,2.807815017463561,11.873272755435703,-7.843966219477437,2.936124550279043,,,,25,wearable,73.65724739700012,93.41728687286377,0.020618285045698983,,3.576708521082457,,
S2-wearable,Echo shift only,T,0.12371385758770746,-0.12114375270497602,0.12114375270497602,0.21038976069218052,-0.1703124042663766,-0.07197510114357544,,,,25,wearable,73.65724739700012,93.4172875881195,0.020618285045698983,,0.05222934806196702,,
S2-wearable,Proposed EKF,T,0.12429306752655962,-0.12347633483910138,0.12347633483910138,0.15777594616120894,-0.15135807507298324,-0.09559459460521952,,,,25,wearable,73.65724739700012,93.41728830337524,0.020618285045698983,1.0,0.03713252895658578,0.0605057167716653,0.061632309543849184
