scenario,method,quantity,rmse,bias,mae,maxerr,loa_lo,loa_hi,sensitivity,false_alarms_per_h,latency_s,seed,setting,value,snr,coverage95,rmse_rel,grad_rmse,g_rmse
S1-E5,NIRS rScO2,sO2,9.539068013267782,9.368847704254431,9.368847704254431,16.044678613771126,5.852566594622774,12.88512881388609,1.0,0.16682113067655235,20.0,10,bone,0.0,274.68626433082085,,,,
S1-E5,PA linear unmixing,sO2,0.9631642566273321,-0.07891627784498595,0.7639419897915649,7.207156605479392,-1.960370912030658,1.8025383563406863,1.0,0.0,40.0,10,bone,0.0,274.68626433082085,,,,
S1-E5,PA fluence-compensated,sO2,4.089802918512626,-4.041135406376709,4.041135406376709,10.118694772818515,-5.274086862087215,-2.8081839506662014,1.0,0.0,20.0,10,bone,0.0,274.68626433082085,,,,
S1-E5,Proposed EKF,sO2,1.1333011303904186,-0.5784332824050828,0.8342459943031889,8.898145137941126,-2.488590185811974,1.3317236210018086,1.0,0.0,40.0,10,bone,0.0,274.68626433082085,0.9972222222222222,,,
S1-E5,Rectal proxy,T,0.7391534019025491,-0.7307349146558089,0.7307349146558089,1.1338765372603419,-0.9487644199950153,-0.5127054093166025,,,,10,bone,0.0,274.68626433082085,,0.148394120411275,,
S1-E5,Scalp thermistor,T,2.8003387613413784,-2.79317109932358,2.79317109932358,3.3338297218272785,-3.1856235402779474,-2.400718658369213,,,,10,bone,0.0,274.68626433082085,,0.25993961836569845,,
S1-E5,PA amplitude (800 nm),T,7.581497029664866,-6.998051908411013,6.998051908411013,15.395394729827547,-12.714524448977015,-1.281579367845012,,,,10,bone,0.0,274.68626433082085,,7.383084199087234,,
S1-E5,Echo shift only,T,0.09193511773304414,0.07114759116778678,0.08306449584243415,0.2154590713899509,-0.042972323524140515,0.18526750585971408,,,,10,bone,0.0,274.68626433082085,,0.2924610489725001,,
S1-E5,Proposed EKF,T,0.17314500259725413,0.12477791044286461,0.13307119151658636,0.49795335506796334,-0.11050100706837303,0.36005682795410227,,,,10,bone,0.0,274.68626433082085,1.0,0.3580395223069866,0.43505948413281226,0.0641466485521465
S1-E5,NIRS rScO2,sO2,10.105343914837867,9.911969560079317,9.911969560079317,18.564374881313405,6.0557797264979225,13.768159393660712,1.0,0.5004633920296571,20.0,11,bone,0.0,495.4620507410118,,,,
S1-E5,PA linear unmixing,sO2,0.4741940528667002,-0.18936140112777836,0.3685865227689982,2.3801431380748195,-1.0414594472689567,0.6627366450133999,1.0,0.0,20.0,11,bone,0.0,495.4620507410118,,,,
S1-E5,PA fluence-compensated,sO2,2.51669752460156,-2.5026112137201437,2.5026112137201437,3.2059897839118556,-3.023777916352678,-1.9814445110876093,1.0,0.0,20.0,11,bone,0.0,495.4620507410118,,,,
S1-E5,Proposed EKF,sO2,1.4912883883116446,-1.4577248156854816,1.4604958237568082,4.577949397397097,-2.0743603121061627,-0.8410893192648008,1.0,0.0,40.0,11,bone,0.0,495.4620507410118,0.9981481481481481,,,
S1-E5,Rectal proxy,T,0.599625109421067,-0.5835678570073269,0.5835678570073269,0.9206357333113786,-0.8537268807152526,-0.3134088332994013,,,,11,bone,0.0,495.4620507410118,,0.3803866039984471,,
S1-E5,Scalp thermistor,T,2.0857490193520256,-2.0764092269274523,2.0764092269274523,2.7859109800701383,-2.4628509212295104,-1.6899675326253942,,,,11,bone,0.0,495.4620507410118,,0.3290599607319201,,
S1-E5,PA amplitude (800 nm),T,8.007714399141273,-6.5812737353781765,6.581427767265493,21.765057144317172,-15.522467618048147,2.359920147291793,,,,11,bone,0.0,495.4620507410118,,8.076213991936894,,
S1-E5,Echo shift only,T,0.4169475619678079,0.4109013797544972,0.4109013797544972,0.5298475891314851,0.2722346619726418,0.5495680975363526,,,,11,bone,0.0,495.4620507410118,,0.33527369564310583,,
S1-E5,Proposed EKF,T,0.47702393169587504,0.46381740470457383,0.46381740470457383,0.85705029207476,0.24533896876951236,0.6822958406396353,,,,11,bone,0.0,495.4620507410118,0.8074074074074075,0.39784918105207284,0.19622549735281491,0.06715252844363356
S1-E5,NIRS rScO2,sO2,7.628872987089102,7.4051172205316,7.4051172205316,13.069398623896545,3.8102709651306625,10.999963475932537,1.0,0.6672845227062094,20.0,12,bone,0.0,461.4893491790421,,,,
S1-E5,PA linear unmixing,sO2,0.9591901905742393,0.9025166858150104,0.9025166858150104,2.8125449733965135,0.2658651982333987,1.5391681733966223,1.0,0.0,40.0,12,bone,0.0,461.4893491790421,,,,
S1-E5,PA fluence-compensated,sO2,0.5506745083741258,-0.5328437178518094,0.5328437178518094,1.069659273659529,-0.8052765723521146,-0.2604108633515041,1.0,0.0,40.0,12,bone,0.0,461.4893491790421,,,,
S1-E5,Proposed EKF,sO2,0.2971600473467545,0.19553637122154852,0.23619735563830327,1.8857285703280824,-0.24303797488819018,0.6341107173312872,1.0,0.0,40.0,12,bone,0.0,461.4893491790421,1.0,,,
S1-E5,Rectal proxy,T,0.8853334980918699,-0.8776506458850531,0.8776506458850531,1.2328841830912793,-1.1057591696621276,-0.6495421221079788,,,,12,bone,0.0,461.4893491790421,,0.19262098135125696,,
S1-E5,Scalp thermistor,T,3.351859459780736,-3.346747143082688,3.346747143082688,3.8435537356913336,-3.7094551833202623,-2.984039102845114,,,,12,bone,0.0,461.4893491790421,,0.29266972982791767,,
S1-E5,PA amplitude (800 nm),T,8.63673839120309,-7.526686054024222,7.526986521107758,18.252649040980778,-15.828910839654153,0.7755387316057094,,,,12,bone,0.0,461.4893491790421,,8.413288079567629,,
S1-E5,Echo shift only,T,0.5949366419002522,0.5720355512829748,0.5764067529331868,0.7579255949900627,0.2516193938841799,0.8924517086817696,,,,12,bone,0.0,461.4893491790421,,0.8454835149636993,,
S1-E5,Proposed EKF,T,0.6327391338721124,0.6159460056794497,0.6181610075259094,1.063879011145012,0.33212251005035104,0.8997695013085483,,,,12,bone,0.0,461.4893491790421,0.287962962962963,0.8872885807152138,0.3029439052867353,0.005286230074471325
S1-E5,NIRS rScO2,sO2,4.74600936840808,4.30446215108922,4.3351176418549295,11.627726975899566,0.38631943879847974,8.22260486337996,1.0,0.5004633920296571,20.0,13,bone,0.0,394.033592704771,,,,
S1-E5,PA linear unmixing,sO2,1.0110704240257844,-0.7298398430098356,0.8252769738721889,4.868881940332215,-2.1012758153273383,0.6415961293076671,1.0,0.0,20.0,13,bone,0.0,394.033592704771,,,,
S1-E5,PA fluence-compensated,sO2,2.2488777088933425,-2.2280667895362316,2.228173466612086,2.9457645134122967,-2.8263303616130364,-1.6298032174594266,1.0,0.0,20.0,13,bone,0.0,394.033592704771,,,,
S1-E5,Proposed EKF,sO2,0.8139298891098927,-0.6696050604720423,0.7074351068544739,3.7946530842574377,-1.5765386515415507,0.23732853059746642,1.0,0.0,40.0,13,bone,0.0,394.033592704771,0.9953703703703703,,,
S1-E5,Rectal proxy,T,0.91852577430698,-0.9118838571067917,0.9118838571067917,1.3371799094409624,-1.1279948935430875,-0.6957728206704957,,,,13,bone,0.0,394.033592704771,,0.2002859351674398,,
S1-E5,Scalp thermistor,T,3.36705621993394,-3.3626433769305044,3.3626433769305044,3.9227734693076783,-3.700407213438268,-3.0248795404227407,,,,13,bone,0.0,394.033592704771,,0.34314647520788183,,
S1-E5,PA amplitude (800 nm),T,5.730397590870872,-4.4092878907337765,4.5932152222354015,15.855728392690395,-11.58289775661919,2.7643219751516366,,,,13,bone,0.0,394.033592704771,,5.459339025427169,,
S1-E5,Echo shift only,T,0.089811094439062,-0.0628783964950747,0.06553674564956827,0.36474223706117925,-0.1885683527681787,0.0628115597780293,,,,13,bone,0.0,394.033592704771,,0.3025135621281097,,
S1-E5,Proposed EKF,T,0.13565416213422601,0.007570247399937017,0.10093949859178203,0.46120470595143814,-0.2578975753848245,0.2730380701846985,,,,13,bone,0.0,394.033592704771,1.0,0.39711355008546756,0.3580866412628983,0.06907925270191442
S1-E5,NIRS rScO2,sO2,5.215579632087442,4.827497299039109,4.83269919343412,12.74449780541519,0.9580280260511844,8.696966572027033,1.0,0.0,20.0,14,bone,0.0,453.48057920360714,,,,
S1-E5,PA linear unmixing,sO2,0.5226009140262835,0.2625685714287138,0.38463487035410276,3.275543528602587,-0.6230596801479559,1.1481968230053836,1.0,0.0,20.0,14,bone,0.0,453.48057920360714,,,,
S1-E5,PA fluence-compensated,sO2,1.5154387951556068,-1.4918480091365312,1.4918480091365312,2.3597947528138707,-2.0139011360189336,-0.9697948822541287,1.0,0.0,20.0,14,bone,0.0,453.48057920360714,,,,
S1-E5,Proposed EKF,sO2,0.36457404795982506,-0.16815091629757034,0.25413470015054535,3.7251536299068078,-0.802172308254195,0.4658704756590543,1.0,0.0,40.0,14,bone,0.0,453.48057920360714,0.9990740740740741,,,
S1-E5,Rectal proxy,T,0.8382215812931114,-0.8304077565430197,0.8304077565430197,1.3408672234593482,-1.0542117554425223,-0.606603757643517,,,,14,bone,0.0,453.48057920360714,,0.13531311019026013,,
S1-E5,Scalp thermistor,T,2.026585014792535,-2.0172915009923322,2.0172915009923322,2.670519177013901,-2.3972577207877985,-1.6373252811968657,,,,14,bone,0.0,453.48057920360714,,0.19954852165090933,,
S1-E5,PA amplitude (800 nm),T,7.2055431796662965,-5.845960648243731,5.87604108066317,17.32549581028181,-14.10233045278559,2.410409156298127,,,,14,bone,0.0,453.48057920360714,,7.004181888363486,,
S1-E5,Echo shift only,T,0.1823808045983428,-0.17998545231851268,0.17998545231851268,0.2878032130784405,-0.23773048652889578,-0.12224041810812956,,,,14,bone,0.0,453.48057920360714,,0.07602729581927475,,
S1-E5,Proposed EKF,T,0.1954778183988183,-0.1445771257422473,0.1782654947186059,0.4136463803958321,-0.40244216426455776,0.11328791278006317,,,,14,bone,0.0,453.48057920360714,1.0,0.16954512910848413,0.3970412514935931,0.016750841362981866
S1-E5,NIRS rScO2,sO2,13.001788984664287,12.863115740770468,12.863115740770468,18.18720994794384,9.151116743073425,16.57511473846751,1.0,0.3336422613531047,20.0,15,bone,0.0,591.1468817453783,,,,
S1-E5,PA linear unmixing,sO2,0.7584171497052069,0.6137985710856309,0.6222041371660956,3.9836478257474104,-0.2593322341687471,1.4869293763400089,1.0,0.0,20.0,15,bone,0.0,591.1468817453783,,,,
S1-E5,PA fluence-compensated,sO2,1.6872150837102533,-1.6788327701274999,1.6788327701274999,2.187338855525467,-2.008061833286037,-1.3496037069689626,1.0,0.0,20.0,15,bone,0.0,591.1468817453783,,,,
S1-E5,Proposed EKF,sO2,0.9151470252552255,-0.8592188785822985,0.8657121465227952,1.777533926814756,-1.4766561999648784,-0.2417815571997185,1.0,0.0,20.0,15,bone,0.0,591.1468817453783,1.0,,,
S1-E5,Rectal proxy,T,0.5796153591280528,-0.5660931263471503,0.5660931263471503,0.974065800057268,-0.8100524047589455,-0.32213384793535504,,,,15,bone,0.0,591.1468817453783,,0.26455119492323753,,
S1-E5,Scalp thermistor,T,1.996619148703865,-1.9874122626003967,1.9874122626003967,2.5353744592830694,-2.3627945994700643,-1.6120299257307293,,,,15,bone,0.0,591.1468817453783,,0.21962046441068384,,
S1-E5,PA amplitude (800 nm),T,7.7806929971924905,-6.572278626345537,6.572416208533134,16.88965574030312,-14.734999109650573,1.5904418569594982,,,,15,bone,0.0,591.1468817453783,,7.819435625619053,,
S1-E5,Echo shift only,T,0.8069846604482948,0.7927163296260477,0.7927163296260477,0.9917860745387799,0.4966002007136758,1.0888324585384195,,,,15,bone,0.0,591.1468817453783,,0.7620225792831941,,
S1-E5,Proposed EKF,T,0.8199789536845731,0.8059153381581396,0.8059153381581396,1.0514664630371797,0.5095340938143211,1.1022965825019582,,,,15,bone,0.0,591.1468817453783,0.9398148148148148,0.7750504958510445,1.3964170591999432,0.011877078639338071
S1-E5,NIRS rScO2,sO2,8.62144095062342,8.412268426306783,8.412268426306783,15.601218738468381,4.712598266473575,12.111938586139992,1.0,0.0,20.0,16,bone,0.0,537.4478118387021,,,,
S1-E5,PA linear unmixing,sO2,0.6789951358324038,0.5403902456723512,0.5564117187951767,3.5265165614917215,-0.26538855996189326,1.3461690513065956,1.0,0.0,40.0,16,bone,0.0,537.4478118387021,,,,
S1-E5,PA fluence-compensated,sO2,1.594077092951853,-1.5812978655860468,1.5812978655860468,2.0515693494234877,-1.9761239871109337,-1.1864717440611598,1.0,0.0,20.0,16,bone,0.0,537.4478118387021,,,,
S1-E5,Proposed EKF,sO2,1.004328464197224,-0.9545257100695698,0.9651580783913984,4.128639534472356,-1.5667122895812284,-0.3423391305579112,1.0,0.0,40.0,16,bone,0.0,537.4478118387021,0.9990740740740741,,,
S1-E5,Rectal proxy,T,0.6015347167956765,-0.5901674490788689,0.5901674490788689,0.9959929415938262,-0.8182898742359849,-0.36204502392175286,,,,16,bone,0.0,537.4478118387021,,0.28164420806981627,,
S1-E5,Scalp thermistor,T,2.4426312026942023,-2.433818939794468,2.433818939794468,3.021420477468755,-2.8401234919245355,-2.0275143876644006,,,,16,bone,0.0,537.4478118387021,,0.34864352231491846,,
S1-E5,PA amplitude (800 nm),T,6.073185584713546,-4.9539295880835486,4.988935894236616,16.34088082603346,-11.839687369849774,1.9318281936826773,,,,16,bone,0.0,537.4478118387021,,6.131283061380967,,
S1-E5,Echo shift only,T,0.0397914325355432,-0.024947392086051363,0.0329640016756714,0.11697414726039312,-0.08570694101046726,0.03581215683836453,,,,16,bone,0.0,537.4478118387021,,0.10088304782441262,,
S1-E5,Proposed EKF,T,0.17175246739896527,0.03606590955572376,0.11424188735413217,0.523882888900836,-0.2930633239111269,0.3651951430225744,,,,16,bone,0.0,537.4478118387021,0.9953703703703703,0.1712182813242696,0.324171940594712,0.011782093063719835
S1-E5,NIRS rScO2,sO2,10.205526315163986,10.021330654563595,10.021330654563595,16.945459602508638,6.238124823597045,13.804536485530145,1.0,0.16682113067655235,20.0,17,bone,0.0,401.29965098512946,,,,
S1-E5,PA linear unmixing,sO2,1.5242524317670396,-1.1622799293064887,1.2664165175624886,8.459927324810701,-3.095093203628194,0.7705333450152169,1.0,0.0,40.0,17,bone,0.0,401.29965098512946,,,,
S1-E5,PA fluence-compensated,sO2,4.160221642787731,-3.938077463050475,3.938077463050475,9.072108810598417,-6.566955556574708,-1.3091993695262423,1.0,0.0,20.0,17,bone,0.0,401.29965098512946,,,,
S1-E5,Proposed EKF,sO2,6.072407594894373,-5.724259628630071,5.724259628630071,18.017605847233664,-9.696336701772108,-1.7521825554880348,1.0,0.0,40.0,17,bone,0.0,401.29965098512946,0.26481481481481484,,,
S1-E5,Rectal proxy,T,1.00949376871113,-1.002697749718974,1.002697749718974,1.3739878610328802,-1.2318995477992862,-0.7734959516386617,,,,17,bone,0.0,401.29965098512946,,0.29073334143968,,
S1-E5,Scalp thermistor,T,3.621376514045047,-3.6162188829090516,3.6162188829090516,4.2808754036959655,-3.9949041084632237,-3.2375336573548794,,,,17,bone,0.0,401.29965098512946,,0.2938702483822087,,
S1-E5,PA amplitude (800 nm),T,9.17824863395626,-8.520997739125114,8.520997739125114,19.528288957619218,-15.205961414146678,-1.8360340641035506,,,,17,bone,0.0,401.29965098512946,,8.836565381784261,,
S1-E5,Echo shift only,T,0.5785163985745893,-0.5766059744727038,0.5766059744727038,0.6787717940193545,-0.6686795404221488,-0.4845324085232588,,,,17,bone,0.0,401.29965098512946,,0.2126734887296939,,
S1-E5,Proposed EKF,T,0.5433877274916593,-0.5250995570908698,0.5251018003202503,0.7057289911648894,-0.799083985124829,-0.25111512905691047,,,,17,bone,0.0,401.29965098512946,0.5574074074074075,0.25668652130569186,0.5104192448418751,0.05256958911975853
S1-E5,NIRS rScO2,sO2,9.539068013267782,9.368847704254431,9.368847704254431,16.044678613771126,5.852566594622774,12.88512881388609,1.0,0.16682113067655235,20.0,10,bone,0.05,376.7012614306381,,,,
S1-E5,PA linear unmixing,sO2,0.4647163693862027,0.26922659022638706,0.36976861385216436,2.37259741471616,-0.47319271056200246,1.0116458910147765,1.0,0.0,20.0,10,bone,0.05,376.7012614306381,,,,
S1-E5,PA fluence-compensated,sO2,2.216946897379421,-2.2052650021898965,2.2052650021898965,3.341527034194586,-2.650749400149419,-1.7597806042303739,1.0,0.0,20.0,10,bone,0.05,376.7012614306381,,,,
S1-E5,Proposed EKF,sO2,0.4015546079763785,-0.1997358051442146,0.322037911489288,3.6819062049509466,-0.8825130266792313,0.48304141639080206,1.0,0.0,20.0,10,bone,0.05,376.7012614306381,0.9990740740740741,,,
S1-E5,Rectal proxy,T,0.7391534019025491,-0.7307349146558089,0.7307349146558089,1.1338765372603419,-0.9487644199950153,-0.5127054093166025,,,,10,bone,0.05,376.7012614306381,,0.148394120411275,,
S1-E5,Scalp thermistor,T,2.8003387613413784,-2.79317109932358,2.79317109932358,3.3338297218272785,-3.1856235402779474,-2.400718658369213,,,,10,bone,0.05,376.7012614306381,,0.25993961836569845,,
S1-E5,PA amplitude (800 nm),T,7.644599728495933,-7.066099867376289,7.066099867376289,15.538909179809782,-12.783839358233411,-1.3483603765191674,,,,10,bone,0.05,376.7012614306381,,7.445899340497239,,
S1-E5,Echo shift only,T,0.07553181116478622,0.053211486989452585,0.06655130603212454,0.2154590713899509,-0.051856070344981624,0.1582790443238868,,,,10,bone,0.05,376.7012614306381,,0.2739661677837333,,
S1-E5,Proposed EKF,T,0.15983797325913168,0.10555450678062947,0.11799930590247883,0.48202828317624125,-0.12969794835339973,0.34080696191465865,,,,10,bone,0.05,376.7012614306381,1.0,0.34508556428481535,0.3723193814086173,0.0641522632184023
S1-E5,NIRS rScO2,sO2,10.105343914837867,9.911969560079317,9.911969560079317,18.564374881313405,6.0557797264979225,13.768159393660712,1.0,0.5004633920296571,20.0,11,bone,0.05,471.0513069710443,,,,
S1-E5,PA linear unmixing,sO2,0.45452480779296217,0.20800986344044625,0.3597759856580174,1.7501916576635246,-0.5840937650964563,1.0001134919773487,1.0,0.0,20.0,11,bone,0.05,471.0513069710443,,,,
S1-E5,PA fluence-compensated,sO2,1.3002143446030197,-1.2920206557651341,1.2920206557651341,1.7150443707696472,-1.577669841270573,-1.0063714702596953,1.0,0.0,20.0,11,bone,0.05,471.0513069710443,,,,
S1-E5,Proposed EKF,sO2,0.2399958251648372,-0.07142919105788206,0.1599043918723937,3.0152679090503676,-0.5205039306619597,0.3776455485461956,1.0,0.0,40.0,11,bone,0.05,471.0513069710443,0.9990740740740741,,,
S1-E5,Rectal proxy,T,0.599625109421067,-0.5835678570073269,0.5835678570073269,0.9206357333113786,-0.8537268807152526,-0.3134088332994013,,,,11,bone,0.05,471.0513069710443,,0.3803866039984471,,
S1-E5,Scalp thermistor,T,2.0857490193520256,-2.0764092269274523,2.0764092269274523,2.7859109800701383,-2.4628509212295104,-1.6899675326253942,,,,11,bone,0.05,471.0513069710443,,0.3290599607319201,,
S1-E5,PA amplitude (800 nm),T,7.9851601293400725,-6.550556495725995,6.550796647009849,21.840568582931102,-15.500911440365709,2.39979844891372,,,,11,bone,0.05,471.0513069710443,,8.053534310313493,,
S1-E5,Echo shift only,T,0.43666627674261976,0.4307767712505147,0.4307767712505147,0.556472450472917,0.2906839206738746,0.5708696218271548,,,,11,bone,0.05,471.0513069710443,,0.35487217306405844,,
S1-E5,Proposed EKF,T,0.509444305589684,0.49749283595630234,0.49749283595630234,0.8873162556173639,0.28247825715214214,0.7125074147604625,,,,11,bone,0.05,471.0513069710443,0.700925925925926,0.4315374255421243,0.22161413226516682,0.06752332728690527
S1-E5,NIRS rScO2,sO2,7.628872987089102,7.4051172205316,7.4051172205316,13.069398623896545,3.8102709651306625,10.999963475932537,1.0,0.6672845227062094,20.0,12,bone,0.05,458.7027282315926,,,,
S1-E5,PA linear unmixing,sO2,1.5039541954376612,1.463910630703183,1.463910630703183,2.9331225468006483,0.7882252916521809,2.1395959697541853,1.0,0.0,40.0,12,bone,0.05,458.7027282315926,,,,
S1-E5,PA fluence-compensated,sO2,0.251298875572943,-0.11774573356724079,0.20125572677944198,0.812879095239194,-0.5528792727670442,0.3173878056325625,1.0,0.0,40.0,12,bone,0.05,458.7027282315926,,,,
S1-E5,Proposed EKF,sO2,0.5638432451678367,0.4857327272106511,0.4983108527274055,2.2690482756182684,-0.07546741211049936,1.0469328665318016,1.0,0.0,40.0,12,bone,0.05,458.7027282315926,1.0,,,
S1-E5,Rectal proxy,T,0.8853334980918699,-0.8776506458850531,0.8776506458850531,1.2328841830912793,-1.1057591696621276,-0.6495421221079788,,,,12,bone,0.05,458.7027282315926,,0.19262098135125696,,
S1-E5,Scalp thermistor,T,3.351859459780736,-3.346747143082688,3.346747143082688,3.8435537356913336,-3.7094551833202623,-2.984039102845114,,,,12,bone,0.05,458.7027282315926,,0.29266972982791767,,
S1-E5,PA amplitude (800 nm),T,8.698589870173706,-7.605648286653854,7.605648286653854,18.372738455858997,-15.879444152249594,0.6681475789418867,,,,12,bone,0.05,458.7027282315926,,8.474371219974545,,
S1-E5,Echo shift only,T,0.5323665524375307,0.5077385661839956,0.5149224788885912,0.6954587368581215,0.1940424517106265,0.8214346806573647,,,,12,bone,0.05,458.7027282315926,,0.7817895363079022,,
S1-E5,Proposed EKF,T,0.5690827361781834,0.5512404822620696,0.5544372742328799,1.0005726040202205,0.27413022756332905,0.8283507369608101,,,,12,bone,0.05,458.7027282315926,0.44074074074074077,0.8255534789446222,0.2636601050680595,0.004184698345949022
S1-E5,NIRS rScO2,sO2,4.74600936840808,4.30446215108922,4.3351176418549295,11.627726975899566,0.38631943879847974,8.22260486337996,1.0,0.5004633920296571,20.0,13,bone,0.05,400.21982239153823,,,,
S1-E5,PA linear unmixing,sO2,0.6730321925008649,-0.40927577338176824,0.5195359678369157,3.2599190943712886,-1.4564839337702398,0.6379323870067033,1.0,0.0,20.0,13,bone,0.05,400.21982239153823,,,,
S1-E5,PA fluence-compensated,sO2,2.0850804395404503,-2.0619684400330907,2.0619684400330907,2.9544407308469522,-2.6687668139000578,-1.4551700661661238,1.0,0.0,20.0,13,bone,0.05,400.21982239153823,,,,
S1-E5,Proposed EKF,sO2,1.7144943509770454,-1.6565686742253067,1.6634688191893472,2.7513244853933805,-2.5226826881198927,-0.790454660330721,1.0,0.0,20.0,13,bone,0.05,400.21982239153823,0.9962962962962963,,,
S1-E5,Rectal proxy,T,0.91852577430698,-0.9118838571067917,0.9118838571067917,1.3371799094409624,-1.1279948935430875,-0.6957728206704957,,,,13,bone,0.05,400.21982239153823,,0.2002859351674398,,
S1-E5,Scalp thermistor,T,3.36705621993394,-3.3626433769305044,3.3626433769305044,3.9227734693076783,-3.700407213438268,-3.0248795404227407,,,,13,bone,0.05,400.21982239153823,,0.34314647520788183,,
S1-E5,PA amplitude (800 nm),T,5.840874724828408,-4.583264078410392,4.71199192489894,16.1513795964418,-11.679846755817897,2.513318598997113,,,,13,bone,0.05,400.21982239153823,,5.5639910850771415,,
S1-E5,Echo shift only,T,0.08056463336722983,-0.04961939917802474,0.054766973607258934,0.3585168840654305,-0.17402267550088696,0.07478387714483749,,,,13,bone,0.05,400.21982239153823,,0.3153509656629785,,
S1-E5,Proposed EKF,T,0.06273965793462181,-0.030038587064229946,0.04265303757261984,0.3615145825590034,-0.13799790580099272,0.07792073167253283,,,,13,bone,0.05,400.21982239153823,1.0,0.33602125461671184,0.39246400041043406,0.0697200959004113
S1-E5,NIRS rScO2,sO2,5.215579632087442,4.827497299039109,4.83269919343412,12.74449780541519,0.9580280260511844,8.696966572027033,1.0,0.0,20.0,14,bone,0.05,454.32505586233293,,,,
S1-E5,PA linear unmixing,sO2,0.8463732223857873,0.7220181755837201,0.7299423009003051,2.766446711643966,-0.14357735403689625,1.5876137052043364,1.0,0.0,20.0,14,bone,0.05,454.32505586233293,,,,
S1-E5,PA fluence-compensated,sO2,1.1834116783587383,-1.1554772648094822,1.1554772648094822,2.017813740603108,-1.6564691032310976,-0.6544854263878668,1.0,0.0,20.0,14,bone,0.05,454.32505586233293,,,,
S1-E5,Proposed EKF,sO2,0.393391289604071,0.14728204304134798,0.29280309909297025,4.005601392560687,-0.5676874504482058,0.8622515365309018,1.0,0.0,40.0,14,bone,0.05,454.32505586233293,0.9990740740740741,,,
S1-E5,Rectal proxy,T,0.8382215812931114,-0.8304077565430197,0.8304077565430197,1.3408672234593482,-1.0542117554425223,-0.606603757643517,,,,14,bone,0.05,454.32505586233293,,0.13531311019026013,,
S1-E5,Scalp thermistor,T,2.026585014792535,-2.0172915009923322,2.0172915009923322,2.670519177013901,-2.3972577207877985,-1.6373252811968657,,,,14,bone,0.05,454.32505586233293,,0.19954852165090933,,
S1-E5,PA amplitude (800 nm),T,7.206144204767685,-5.844168852800301,5.8758408575259855,17.176922639187595,-14.10742395305202,2.4190862474514176,,,,14,bone,0.05,454.32505586233293,,7.004864157688978,,
S1-E5,Echo shift only,T,0.17238158454358923,-0.17016302274683207,0.17016302274683207,0.25878146706696015,-0.2241949431937197,-0.11613110229994444,,,,14,bone,0.05,454.32505586233293,,0.08453068101102153,,
S1-E5,Proposed EKF,T,0.18649455503521528,-0.13226341177085454,0.16975780199601495,0.4027695356693002,-0.3899613686857007,0.1254345451439916,,,,14,bone,0.05,454.32505586233293,1.0,0.17890480743576345,0.41467187662860683,0.016365716142950425
S1-E5,NIRS rScO2,sO2,13.001788984664287,12.863115740770468,12.863115740770468,18.18720994794384,9.151116743073425,16.57511473846751,1.0,0.3336422613531047,20.0,15,bone,0.05,558.6843837051329,,,,
S1-E5,PA linear unmixing,sO2,0.9190291408947597,0.8333058480746147,0.8336216621352027,2.98825398653067,0.07365494210945295,1.5929567540397764,1.0,0.0,20.0,15,bone,0.05,558.6843837051329,,,,
S1-E5,PA fluence-compensated,sO2,0.6850074990900568,-0.66832714456712,0.66832714456712,1.1732581172680057,-0.9628108773555833,-0.37384341177865643,1.0,0.0,20.0,15,bone,0.05,558.6843837051329,,,,
S1-E5,Proposed EKF,sO2,0.41251626011557535,0.33368157974843604,0.3525206606938701,1.087688191093078,-0.1416993116460524,0.8090624711429245,1.0,0.0,20.0,15,bone,0.05,558.6843837051329,1.0,,,
S1-E5,Rectal proxy,T,0.5796153591280528,-0.5660931263471503,0.5660931263471503,0.974065800057268,-0.8100524047589455,-0.32213384793535504,,,,15,bone,0.05,558.6843837051329,,0.26455119492323753,,
S1-E5,Scalp thermistor,T,1.996619148703865,-1.9874122626003967,1.9874122626003967,2.5353744592830694,-2.3627945994700643,-1.6120299257307293,,,,15,bone,0.05,558.6843837051329,,0.21962046441068384,,
S1-E5,PA amplitude (800 nm),T,8.057086393973254,-6.93534780133042,6.9354326541477676,17.113790827597626,-14.973162277906212,1.1024666752453713,,,,15,bone,0.05,558.6843837051329,,8.096561194999367,,
S1-E5,Echo shift only,T,0.8058312717644069,0.7921601548067405,0.7921601548067405,0.9643067039422633,0.5024622907243265,1.0818580188891547,,,,15,bone,0.05,558.6843837051329,,0.760834526117465,,
S1-E5,Proposed EKF,T,0.8685559476251841,0.8533631544880742,0.8533631544880742,1.059573657559632,0.5363471006810671,1.1703792082950812,,,,15,bone,0.05,558.6843837051329,1.0,0.8239510814182958,1.4708307157872103,0.011503561258872913
S1-E5,NIRS rScO2,sO2,8.62144095062342,8.412268426306783,8.412268426306783,15.601218738468381,4.712598266473575,12.111938586139992,1.0,0.0,20.0,16,bone,0.05,531.0517937642403,,,,
S1-E5,PA linear unmixing,sO2,1.055519428917317,0.9821092522950858,0.9821092522950858,3.0213216521683517,0.2240612137230048,1.740157290867167,1.0,0.0,40.0,16,bone,0.05,531.0517937642403,,,,
S1-E5,PA fluence-compensated,sO2,0.3798616784452003,-0.3629822447323594,0.3630345275410268,0.7678763969637292,-0.5824566066405868,-0.143507882824132,1.0,0.0,20.0,16,bone,0.05,531.0517937642403,,,,
S1-E5,Proposed EKF,sO2,0.6916786764503814,0.6501858903853057,0.6570963195293855,2.8623568886025907,0.18770189064573461,1.1126698901248768,1.0,0.0,40.0,16,bone,0.05,531.0517937642403,1.0,,,
S1-E5,Rectal proxy,T,0.6015347167956765,-0.5901674490788689,0.5901674490788689,0.9959929415938262,-0.8182898742359849,-0.36204502392175286,,,,16,bone,0.05,531.0517937642403,,0.28164420806981627,,
S1-E5,Scalp thermistor,T,2.4426312026942023,-2.433818939794468,2.433818939794468,3.021420477468755,-2.8401234919245355,-2.0275143876644006,,,,16,bone,0.05,531.0517937642403,,0.34864352231491846,,
S1-E5,PA amplitude (800 nm),T,6.0977106136119925,-4.985732563373403,5.015502688629774,16.425753674718802,-11.866573654615951,1.8951085278691462,,,,16,bone,0.05,531.0517937642403,,6.155943718239673,,
S1-E5,Echo shift only,T,0.03149118425235492,-0.012711168170973989,0.02534697221377894,0.09698583875695732,-0.06918233256934364,0.04375999622739566,,,,16,bone,0.05,531.0517937642403,,0.08858240929723364,,
S1-E5,Proposed EKF,T,0.17330952832689597,0.0694405338639956,0.1080914408707079,0.5408701192622303,-0.24178750056026824,0.38066856828825946,,,,16,bone,0.05,531.0517937642403,0.9879629629629629,0.15879249393031702,0.3513579921736907,0.012281814710453845
S1-E5,NIRS rScO2,sO2,10.205526315163986,10.021330654563595,10.021330654563595,16.945459602508638,6.238124823597045,13.804536485530145,1.0,0.16682113067655235,20.0,17,bone,0.05,498.81887406086196,,,,
S1-E5,PA linear unmixing,sO2,0.47184786241800303,0.3615707132810556,0.37483777466941903,3.437651628716387,-0.2326262452875964,0.9557676718497076,1.0,0.0,20.0,17,bone,0.05,498.81887406086196,,,,
S1-E5,PA fluence-compensated,sO2,1.4015224659624763,-1.3001176246789674,1.3030988970546333,2.1631411031657555,-2.3260037644949447,-0.27423148486299,1.0,0.0,20.0,17,bone,0.05,498.81887406086196,,,,
S1-E5,Proposed EKF,sO2,1.2413294930005063,-1.107889110812393,1.1199618360960837,5.926434874429698,-2.205280190517535,-0.010498031107250907,1.0,0.0,20.0,17,bone,0.05,498.81887406086196,0.9972222222222222,,,
S1-E5,Rectal proxy,T,1.00949376871113,-1.002697749718974,1.002697749718974,1.3739878610328802,-1.2318995477992862,-0.7734959516386617,,,,17,bone,0.05,498.81887406086196,,0.29073334143968,,
S1-E5,Scalp thermistor,T,3.621376514045047,-3.6162188829090516,3.6162188829090516,4.2808754036959655,-3.9949041084632237,-3.2375336573548794,,,,17,bone,0.05,498.81887406086196,,0.2938702483822087,,
S1-E5,PA amplitude (800 nm),T,9.145424404450528,-8.48582940510913,8.48582940510913,19.37146434779734,-15.16982795862372,-1.8018308515945387,,,,17,bone,0.05,498.81887406086196,,8.803941990817764,,
S1-E5,Echo shift only,T,0.5397975264985663,-0.5378596684985775,0.5378596684985775,0.6317015456565898,-0.6274285937026804,-0.4482907432944745,,,,17,bone,0.05,498.81887406086196,,0.1747550008285622,,
S1-E5,Proposed EKF,T,0.5044516720024487,-0.48570868290692604,0.485871180880686,0.6659923333945059,-0.7527191364205198,-0.21869822939333228,,,,17,bone,0.05,498.81887406086196,0.7333333333333333,0.1796880628164935,0.5061734520868424,0.05250554189620416
S1-E5,NIRS rScO2,sO2,9.539068013267782,9.368847704254431,9.368847704254431,16.044678613771126,5.852566594622774,12.88512881388609,1.0,0.16682113067655235,20.0,10,bone,0.1,192.60757503190547,,,,
S1-E5,PA linear unmixing,sO2,1.3015654261722593,-0.8552429031268565,1.0472785773962803,6.182189973463947,-2.7782737429231394,1.0677879366694267,1.0,0.0,40.0,10,bone,0.1,192.60757503190547,,,,
S1-E5,PA fluence-compensated,sO2,6.116933446662073,-6.0655024556195185,6.0655024556195185,12.483409010075059,-7.616944602264743,-4.514060308974295,1.0,0.0,20.0,10,bone,0.1,192.60757503190547,,,,
S1-E5,Proposed EKF,sO2,2.186130672675074,-1.6863047931183168,1.75267882623817,11.587963210822483,-4.413131477448196,1.0405218912115617,1.0,0.0,40.0,10,bone,0.1,192.60757503190547,0.9944444444444445,,,
S1-E5,Rectal proxy,T,0.7391534019025491,-0.7307349146558089,0.7307349146558089,1.1338765372603419,-0.9487644199950153,-0.5127054093166025,,,,10,bone,0.1,192.60757503190547,,0.148394120411275,,
S1-E5,Scalp thermistor,T,2.8003387613413784,-2.79317109932358,2.79317109932358,3.3338297218272785,-3.1856235402779474,-2.400718658369213,,,,10,bone,0.1,192.60757503190547,,0.25993961836569845,,
S1-E5,PA amplitude (800 nm),T,7.306080662687978,-6.673647344775203,6.673734397753785,15.248943064442024,-12.501556896198897,-0.8457377933515087,,,,10,bone,0.1,192.60757503190547,,7.109813045486419,,
S1-E5,Echo shift only,T,0.06112773058001597,0.018106046264479567,0.04882419574842473,0.22395085848376795,-0.09632792109423952,0.13254001362319864,,,,10,bone,0.1,192.60757503190547,,0.24075181145623703,,
S1-E5,Proposed EKF,T,0.14124262845849592,0.07267820977573264,0.10145144223605693,0.44599210745298024,-0.16469517158047597,0.31005159113194125,,,,10,bone,0.1,192.60757503190547,1.0,0.3156236552103235,0.3046958900309669,0.06414692852401616
S1-E5,NIRS rScO2,sO2,10.105343914837867,9.911969560079317,9.911969560079317,18.564374881313405,6.0557797264979225,13.768159393660712,1.0,0.5004633920296571,20.0,11,bone,0.1,308.5487969538456,,,,
S1-E5,PA linear unmixing,sO2,0.4670182534691999,0.07878427417795761,0.36215992602811287,1.7057052223289904,-0.8234526866298638,0.9810212349857789,1.0,0.0,20.0,11,bone,0.1,308.5487969538456,,,,
S1-E5,PA fluence-compensated,sO2,2.175428234037526,-2.1548236582801588,2.1548236582801588,3.108165661591933,-2.740279966601994,-1.5693673499583232,1.0,0.0,20.0,11,bone,0.1,308.5487969538456,,,,
S1-E5,Proposed EKF,sO2,0.33400855739555824,-0.09174807168051352,0.23892233652183653,3.6290080249392953,-0.7212224716340526,0.5377263282730255,1.0,0.0,40.0,11,bone,0.1,308.5487969538456,0.9990740740740741,,,
S1-E5,Rectal proxy,T,0.599625109421067,-0.5835678570073269,0.5835678570073269,0.9206357333113786,-0.8537268807152526,-0.3134088332994013,,,,11,bone,0.1,308.5487969538456,,0.3803866039984471,,
S1-E5,Scalp thermistor,T,2.0857490193520256,-2.0764092269274523,2.0764092269274523,2.7859109800701383,-2.4628509212295104,-1.6899675326253942,,,,11,bone,0.1,308.5487969538456,,0.3290599607319201,,
S1-E5,PA amplitude (800 nm),T,8.052128557311892,-6.6323071332714045,6.632461165158721,21.764390515334107,-15.58186467501724,2.31725040847443,,,,11,bone,0.1,308.5487969538456,,8.120776224047898,,
S1-E5,Echo shift only,T,0.43806210854073396,0.4323195996066409,0.4323195996066409,0.5532218303799183,0.2937519696839608,0.570887229529321,,,,11,bone,0.1,308.5487969538456,,0.3562282646920647,,
S1-E5,Proposed EKF,T,0.4978061710609721,0.4856209002372926,0.4856209002372926,0.8790177381570032,0.27106288457511674,0.7001789158994685,,,,11,bone,0.1,308.5487969538456,0.7546296296296297,0.42439109690313936,0.15272190081303008,0.06684763192732733
S1-E5,NIRS rScO2,sO2,7.628872987089102,7.4051172205316,7.4051172205316,13.069398623896545,3.8102709651306625,10.999963475932537,1.0,0.6672845227062094,20.0,12,bone,0.1,309.9292996477541,,,,
S1-E5,PA linear unmixing,sO2,1.4391048435686482,1.3956643797718276,1.3956643797718276,2.798287352661588,0.7078644097164738,2.083464349827181,1.0,0.0,40.0,12,bone,0.1,309.9292996477541,,,,
S1-E5,PA fluence-compensated,sO2,0.22488480691538523,0.07896273472987435,0.1770781263763707,0.9668824453360814,-0.333746730217552,0.49167219967730075,1.0,0.0,40.0,12,bone,0.1,309.9292996477541,,,,
S1-E5,Proposed EKF,sO2,1.7764445492214307,1.7530182804621757,1.7534658648801744,3.474803521256453,1.1894300198004009,2.3166065411239503,1.0,0.0,40.0,12,bone,0.1,309.9292996477541,0.9916666666666667,,,
S1-E5,Rectal proxy,T,0.8853334980918699,-0.8776506458850531,0.8776506458850531,1.2328841830912793,-1.1057591696621276,-0.6495421221079788,,,,12,bone,0.1,309.9292996477541,,0.19262098135125696,,
S1-E5,Scalp thermistor,T,3.351859459780736,-3.346747143082688,3.346747143082688,3.8435537356913336,-3.7094551833202623,-2.984039102845114,,,,12,bone,0.1,309.9292996477541,,0.29266972982791767,,
S1-E5,PA amplitude (800 nm),T,8.688090958631179,-7.595978451032872,7.596021611903638,18.45327677999095,-15.861518495377977,0.669561593312233,,,,12,bone,0.1,309.9292996477541,,8.463888360426933,,
S1-E5,Echo shift only,T,0.536316333791682,0.5115131118266038,0.5187562842991656,0.7114839386620488,0.1955361488252158,0.8274900748279916,,,,12,bone,0.1,309.9292996477541,,0.7857224574648948,,
S1-E5,Proposed EKF,T,0.575382499392512,0.5570737966175394,0.5603301109159993,1.0078400169843675,0.2748487302438081,0.8392988629912708,,,,12,bone,0.1,309.9292996477541,0.41388888888888886,0.8346793034559377,0.21305764925187046,0.005392534226153512
S1-E5,NIRS rScO2,sO2,4.74600936840808,4.30446215108922,4.3351176418549295,11.627726975899566,0.38631943879847974,8.22260486337996,1.0,0.5004633920296571,20.0,13,bone,0.1,279.71402858536754,,,,
S1-E5,PA linear unmixing,sO2,1.299953004287318,-1.044480453356925,1.1162282283848606,4.419575144237331,-2.561346215951444,0.47238530923759403,1.0,0.0,20.0,13,bone,0.1,279.71402858536754,,,,
S1-E5,PA fluence-compensated,sO2,2.642399468778314,-2.61064906206475,2.61064906206475,3.6604976486340535,-3.4111031452392457,-1.8101949788902543,1.0,0.0,20.0,13,bone,0.1,279.71402858536754,,,,
S1-E5,Proposed EKF,sO2,0.7092496972945718,-0.4004051244394932,0.539819167142914,4.2416188827949615,-1.5478187708729114,0.747008521993925,1.0,0.0,40.0,13,bone,0.1,279.71402858536754,0.9962962962962963,,,
S1-E5,Rectal proxy,T,0.91852577430698,-0.9118838571067917,0.9118838571067917,1.3371799094409624,-1.1279948935430875,-0.6957728206704957,,,,13,bone,0.1,279.71402858536754,,0.2002859351674398,,
S1-E5,Scalp thermistor,T,3.36705621993394,-3.3626433769305044,3.3626433769305044,3.9227734693076783,-3.700407213438268,-3.0248795404227407,,,,13,bone,0.1,279.71402858536754,,0.34314647520788183,,
S1-E5,PA amplitude (800 nm),T,5.889964198437878,-4.683269128904328,4.777141050050951,15.76812474003161,-11.68424770379982,2.317709445991164,,,,13,bone,0.1,279.71402858536754,,5.6091131655878295,,
S1-E5,Echo shift only,T,0.07165372305718849,-0.03178861778812799,0.046915797291694344,0.3585168840654305,-0.15765266683655715,0.09407543126030116,,,,13,bone,0.1,279.71402858536754,,0.33297912816218445,,
S1-E5,Proposed EKF,T,0.13758247024933573,0.04081304577414287,0.09711267395101914,0.48078954591418466,-0.2167106032410962,0.2983366947893819,,,,13,bone,0.1,279.71402858536754,1.0,0.43213113487774524,0.38751768078942866,0.06905609557238833
S1-E5,NIRS rScO2,sO2,5.215579632087442,4.827497299039109,4.83269919343412,12.74449780541519,0.9580280260511844,8.696966572027033,1.0,0.0,20.0,14,bone,0.1,310.26797124343125,,,,
S1-E5,PA linear unmixing,sO2,0.7840217108330647,0.6250694513631713,0.6541106093324434,2.5649374227228905,-0.3025267675997043,1.5526656703260469,1.0,0.0,20.0,14,bone,0.1,310.26797124343125,,,,
S1-E5,PA fluence-compensated,sO2,1.0526299464147022,-1.008082297891526,1.008082297891526,3.295444788626256,-1.6019328155472605,-0.4142317802357912,1.0,0.0,20.0,14,bone,0.1,310.26797124343125,,,,
S1-E5,Proposed EKF,sO2,1.762656622167958,1.735893789673161,1.7433431346178585,4.28050332023796,1.136149422969159,2.335638156377163,1.0,0.0,40.0,14,bone,0.1,310.26797124343125,0.9972222222222222,,,
S1-E5,Rectal proxy,T,0.8382215812931114,-0.8304077565430197,0.8304077565430197,1.3408672234593482,-1.0542117554425223,-0.606603757643517,,,,14,bone,0.1,310.26797124343125,,0.13531311019026013,,
S1-E5,Scalp thermistor,T,2.026585014792535,-2.0172915009923322,2.0172915009923322,2.670519177013901,-2.3972577207877985,-1.6373252811968657,,,,14,bone,0.1,310.26797124343125,,0.19954852165090933,,
S1-E5,PA amplitude (800 nm),T,7.170822045013234,-5.790962360543036,5.828432077192233,17.249629516148726,-14.080034725510483,2.4981100044244116,,,,14,bone,0.1,310.26797124343125,,6.970430926434118,,
S1-E5,Echo shift only,T,0.19426910986740364,-0.19194975331258313,0.19194975331258313,0.29347090431627265,-0.2506117135094986,-0.13328779311566766,,,,14,bone,0.1,310.26797124343125,,0.06537583861446578,,
S1-E5,Proposed EKF,T,0.203870200516944,-0.1550862542605662,0.18591027542578736,0.4238638629803049,-0.4144536726251359,0.10428116410400348,,,,14,bone,0.1,310.26797124343125,1.0,0.1670314227015944,0.4979871551369806,0.01692912460384667
S1-E5,NIRS rScO2,sO2,13.001788984664287,12.863115740770468,12.863115740770468,18.18720994794384,9.151116743073425,16.57511473846751,1.0,0.3336422613531047,20.0,15,bone,0.1,374.5953946662219,,,,
S1-E5,PA linear unmixing,sO2,0.5565918388449048,-0.23076960693455997,0.43395646208640604,3.8949353458499534,-1.2235049895740508,0.7619657757049307,1.0,0.0,20.0,15,bone,0.1,374.5953946662219,,,,
S1-E5,PA fluence-compensated,sO2,2.7860850795375502,-2.770207138184589,2.770207138184589,3.6524256111120756,-3.3523716224561197,-2.188042653913058,1.0,0.0,20.0,15,bone,0.1,374.5953946662219,,,,
S1-E5,Proposed EKF,sO2,1.2938880919877689,-1.2519684158938218,1.2664815771602451,2.7625883464969414,-1.892266189047713,-0.6116706427399304,1.0,0.0,20.0,15,bone,0.1,374.5953946662219,1.0,,,
S1-E5,Rectal proxy,T,0.5796153591280528,-0.5660931263471503,0.5660931263471503,0.974065800057268,-0.8100524047589455,-0.32213384793535504,,,,15,bone,0.1,374.5953946662219,,0.26455119492323753,,
S1-E5,Scalp thermistor,T,1.996619148703865,-1.9874122626003967,1.9874122626003967,2.5353744592830694,-2.3627945994700643,-1.6120299257307293,,,,15,bone,0.1,374.5953946662219,,0.21962046441068384,,
S1-E5,PA amplitude (800 nm),T,7.927634522183296,-6.752234050776036,6.752493783500966,16.971458077149283,-14.893840121569497,1.3893720200174249,,,,15,bone,0.1,374.5953946662219,,7.9666975847394355,,
S1-E5,Echo shift only,T,0.8102671959634491,0.7965910148444212,0.7965910148444212,0.9797603492429445,0.5060367387428235,1.0871452909460189,,,,15,bone,0.1,374.5953946662219,,0.765265978467194,,
S1-E5,Proposed EKF,T,0.8364478214000551,0.8251977007609607,0.8251977007609607,1.1644118139233441,0.5572167942365804,1.0931786072853409,,,,15,bone,0.1,374.5953946662219,0.12962962962962962,0.7981534168580898,1.1420383436575674,0.01719645335903469
S1-E5,NIRS rScO2,sO2,8.62144095062342,8.412268426306783,8.412268426306783,15.601218738468381,4.712598266473575,12.111938586139992,1.0,0.0,20.0,16,bone,0.1,368.55427175956345,,,,
S1-E5,PA linear unmixing,sO2,0.9184648112265655,0.8180176686667446,0.8200447286602016,2.777308772284748,-0.0005603299707458362,1.6365956673042352,1.0,0.0,20.0,16,bone,0.1,368.55427175956345,,,,
S1-E5,PA fluence-compensated,sO2,1.2296338569845002,-1.211050298256211,1.211050298256211,1.9548477299006217,-1.6284732304562053,-0.7936273660562168,1.0,0.0,20.0,16,bone,0.1,368.55427175956345,,,,
S1-E5,Proposed EKF,sO2,0.4646458290601965,0.38108254643430833,0.4041162882072174,3.036726807293888,-0.13996729544740566,0.9021323883160224,1.0,0.0,40.0,16,bone,0.1,368.55427175956345,0.9990740740740741,,,
S1-E5,Rectal proxy,T,0.6015347167956765,-0.5901674490788689,0.5901674490788689,0.9959929415938262,-0.8182898742359849,-0.36204502392175286,,,,16,bone,0.1,368.55427175956345,,0.28164420806981627,,
S1-E5,Scalp thermistor,T,2.4426312026942023,-2.433818939794468,2.433818939794468,3.021420477468755,-2.8401234919245355,-2.0275143876644006,,,,16,bone,0.1,368.55427175956345,,0.34864352231491846,,
S1-E5,PA amplitude (800 nm),T,6.12758126620506,-5.022925104617205,5.0475361456065135,16.35491255164806,-11.901792318013971,1.8559421087795611,,,,16,bone,0.1,368.55427175956345,,6.185960387780595,,
S1-E5,Echo shift only,T,0.04866988913825197,-0.03771426706292162,0.0416957739677092,0.12712388180556644,-0.0980107027372917,0.022582168611448468,,,,16,bone,0.1,368.55427175956345,,0.11303575780385668,,
S1-E5,Proposed EKF,T,0.16879591124282253,0.025908754836770083,0.11595121335657259,0.5215163171815078,-0.30101076156155626,0.3528282712350964,,,,16,bone,0.1,368.55427175956345,0.9990740740740741,0.17117157876691416,0.24452824040717822,0.011427005464330118
S1-E5,NIRS rScO2,sO2,10.205526315163986,10.021330654563595,10.021330654563595,16.945459602508638,6.238124823597045,13.804536485530145,1.0,0.16682113067655235,20.0,17,bone,0.1,244.49584912640483,,,,
S1-E5,PA linear unmixing,sO2,1.2500580621233806,-0.7210202091526079,0.9416493783010145,8.517083293378203,-2.7225007871377485,1.2804603688325331,1.0,0.0,40.0,17,bone,0.1,244.49584912640483,,,,
S1-E5,PA fluence-compensated,sO2,2.88012718198018,-2.5509658378541014,2.5633458841335757,8.73844098687025,-5.171586165711236,0.06965449000303388,1.0,0.0,20.0,17,bone,0.1,244.49584912640483,,,,
S1-E5,Proposed EKF,sO2,2.498553796852328,-2.0418173170550027,2.137553118663737,14.038884676318597,-4.864321521484628,0.780686887374623,1.0,0.0,20.0,17,bone,0.1,244.49584912640483,0.9787037037037037,,,
S1-E5,Rectal proxy,T,1.00949376871113,-1.002697749718974,1.002697749718974,1.3739878610328802,-1.2318995477992862,-0.7734959516386617,,,,17,bone,0.1,244.49584912640483,,0.29073334143968,,
S1-E5,Scalp thermistor,T,3.621376514045047,-3.6162188829090516,3.6162188829090516,4.2808754036959655,-3.9949041084632237,-3.2375336573548794,,,,17,bone,0.1,244.49584912640483,,0.2938702483822087,,
S1-E5,PA amplitude (800 nm),T,9.028093667739055,-8.356601754499392,8.356601754499392,19.435717787168993,-15.053288866054505,-1.6599146429442797,,,,17,bone,0.1,244.49584912640483,,8.687491022843892,,
S1-E5,Echo shift only,T,0.5422297790079457,-0.5402735449347879,0.5402735449347879,0.6581477267873765,-0.6304682619218498,-0.4500788279477259,,,,17,bone,0.1,244.49584912640483,,0.1771686694145023,,
S1-E5,Proposed EKF,T,0.5122351273065031,-0.49348970335022807,0.49359743249438437,0.6795096277216146,-0.7626080408598561,-0.22437136584060008,,,,17,bone,0.1,244.49584912640483,0.7092592592592593,0.17820871315277242,0.5570287329449637,0.05252646828566375
S1-E5,NIRS rScO2,sO2,9.539068013267782,9.368847704254431,9.368847704254431,16.044678613771126,5.852566594622774,12.88512881388609,1.0,0.16682113067655235,20.0,10,bone,0.15,124.54815142839588,,,,
S1-E5,PA linear unmixing,sO2,1.5414967174895031,-1.1190107512138452,1.276470666501855,6.960651280114705,-3.1970055508014363,0.9589840483737457,0.0,0.0,,10,bone,0.15,124.54815142839588,,,,
S1-E5,PA fluence-compensated,sO2,12.535561286058153,-12.151558098599487,12.151558098599487,43.245448123406845,-18.186299917295294,-6.116816279903679,1.0,2.6691380908248377,20.0,10,bone,0.15,124.54815142839588,,,,
S1-E5,Proposed EKF,sO2,12.399678586373021,12.295773240648124,12.295773240648124,35.40672732448107,9.15610683970275,15.435439641593499,1.0,1.3345690454124188,40.0,10,bone,0.15,124.54815142839588,0.02962962962962963,,,
S1-E5,Rectal proxy,T,0.7391534019025491,-0.7307349146558089,0.7307349146558089,1.1338765372603419,-0.9487644199950153,-0.5127054093166025,,,,10,bone,0.15,124.54815142839588,,0.148394120411275,,
S1-E5,Scalp thermistor,T,2.8003387613413784,-2.79317109932358,2.79317109932358,3.3338297218272785,-3.1856235402779474,-2.400718658369213,,,,10,bone,0.15,124.54815142839588,,0.25993961836569845,,
S1-E5,PA amplitude (800 nm),T,7.615315949161741,-7.032876290396944,7.032876290396944,15.560587740572696,-12.75785078507701,-1.3079017957168775,,,,10,bone,0.15,124.54815142839588,,7.416796183497477,,
S1-E5,Echo shift only,T,0.06449408947179919,-0.017976350494956415,0.04498165627887853,0.2878948091762723,-0.1393751873765614,0.10342248638664857,,,,10,bone,0.15,124.54815142839588,,0.20696802519174118,,
S1-E5,Proposed EKF,T,0.10879578303267076,0.017967260606461175,0.08165167464099492,0.38306514592574104,-0.19234448356292766,0.22827900477585,,,,10,bone,0.15,124.54815142839588,1.0,0.2597819765857297,0.22140664813971567,0.0641629208632681
S1-E5,NIRS rScO2,sO2,10.105343914837867,9.911969560079317,9.911969560079317,18.564374881313405,6.0557797264979225,13.768159393660712,1.0,0.5004633920296571,20.0,11,bone,0.15,178.84400538718904,,,,
S1-E5,PA linear unmixing,sO2,1.4724676909809062,-1.1864496229582795,1.2736579246692423,3.748819241728507,-2.8956981792489933,0.5227989333324344,1.0,0.0,40.0,11,bone,0.15,178.84400538718904,,,,
S1-E5,PA fluence-compensated,sO2,3.5834874814158084,-3.540102782931582,3.540102782931582,5.041031645947092,-4.629719678983445,-2.4504858868797186,1.0,0.0,20.0,11,bone,0.15,178.84400538718904,,,,
S1-E5,Proposed EKF,sO2,1.5777939269239194,1.4607700197989002,1.4645273698385386,4.662129670673587,0.29200404845823436,2.6295359911395657,1.0,0.0,40.0,11,bone,0.15,178.84400538718904,0.9879629629629629,,,
S1-E5,Rectal proxy,T,0.599625109421067,-0.5835678570073269,0.5835678570073269,0.9206357333113786,-0.8537268807152526,-0.3134088332994013,,,,11,bone,0.15,178.84400538718904,,0.3803866039984471,,
S1-E5,Scalp thermistor,T,2.0857490193520256,-2.0764092269274523,2.0764092269274523,2.7859109800701383,-2.4628509212295104,-1.6899675326253942,,,,11,bone,0.15,178.84400538718904,,0.3290599607319201,,
S1-E5,PA amplitude (800 nm),T,7.982514361338281,-6.54569193939308,6.545974836222363,21.842775106944792,-15.50065128983579,2.4092674110496297,,,,11,bone,0.15,178.84400538718904,,8.050860754269063,,
S1-E5,Echo shift only,T,0.4259160531579218,0.4200477837540859,0.4200477837540859,0.5448945018152784,0.2819499099059115,0.5581456576022603,,,,11,bone,0.15,178.84400538718904,,0.3441600223690698,,
S1-E5,Proposed EKF,T,0.4935997646002264,0.48134951337211024,0.48134951337211024,0.8771470817831784,0.26714945739009854,0.6955495693541219,,,,11,bone,0.15,178.84400538718904,0.7712962962962963,0.41874592608032396,0.11908224630841723,0.06663826851060216
S1-E5,NIRS rScO2,sO2,7.628872987089102,7.4051172205316,7.4051172205316,13.069398623896545,3.8102709651306625,10.999963475932537,1.0,0.6672845227062094,20.0,12,bone,0.15,182.70639561865343,,,,
S1-E5,PA linear unmixing,sO2,0.8175847691564595,0.4709834860905152,0.6432322794713995,4.064778057588903,-0.838876478833088,1.7808434510141185,1.0,0.0,60.0,12,bone,0.15,182.70639561865343,,,,
S1-E5,PA fluence-compensated,sO2,0.9340954049335276,-0.6095916032554592,0.7658657002839196,4.453589801208768,-1.9968123983261477,0.7776291918152289,1.0,0.0,20.0,12,bone,0.15,182.70639561865343,,,,
S1-E5,Proposed EKF,sO2,3.4350641392491124,3.3873714029915654,3.3981034307801696,5.829777161276772,2.269345381040775,4.505397424942355,1.0,0.0,40.0,12,bone,0.15,182.70639561865343,0.7166666666666667,,,
S1-E5,Rectal proxy,T,0.8853334980918699,-0.8776506458850531,0.8776506458850531,1.2328841830912793,-1.1057591696621276,-0.6495421221079788,,,,12,bone,0.15,182.70639561865343,,0.19262098135125696,,
S1-E5,Scalp thermistor,T,3.351859459780736,-3.346747143082688,3.346747143082688,3.8435537356913336,-3.7094551833202623,-2.984039102845114,,,,12,bone,0.15,182.70639561865343,,0.29266972982791767,,
S1-E5,PA amplitude (800 nm),T,8.644834371180457,-7.5389300533353145,7.539594709468348,18.313933087607914,-15.830840867086405,0.7529807604157766,,,,12,bone,0.15,182.70639561865343,,8.421224500704938,,
S1-E5,Echo shift only,T,0.5375211543087932,0.5121847386205384,0.5201793240211742,0.6926962818037765,0.19254374141609326,0.8318257358249834,,,,12,bone,0.15,182.70639561865343,,0.7867651745300764,,
S1-E5,Proposed EKF,T,0.5653148243502192,0.5465788910579409,0.5502731148261016,0.9990452010713611,0.26368382381651156,0.8294739582993702,,,,12,bone,0.15,182.70639561865343,0.45185185185185184,0.8268400589986038,0.18193826956703202,0.005453438315372034
S1-E5,NIRS rScO2,sO2,4.74600936840808,4.30446215108922,4.3351176418549295,11.627726975899566,0.38631943879847974,8.22260486337996,1.0,0.5004633920296571,20.0,13,bone,0.15,151.42681730972203,,,,
S1-E5,PA linear unmixing,sO2,1.8486930223240703,-1.393354601634764,1.5392994361138919,7.956704708512463,-3.774757702863259,0.9880484995937306,1.0,0.0,40.0,13,bone,0.15,151.42681730972203,,,,
S1-E5,PA fluence-compensated,sO2,3.082536097721291,-3.0012618001329474,3.0012618001329474,5.493360770183264,-4.379486640055905,-1.6230369602099899,1.0,0.0,20.0,13,bone,0.15,151.42681730972203,,,,
S1-E5,Proposed EKF,sO2,1.9714921292375212,1.8682361718598839,1.8881730291414798,5.765537121146802,0.6340977373938825,3.1023746063258852,1.0,0.0,40.0,13,bone,0.15,151.42681730972203,0.9944444444444445,,,
S1-E5,Rectal proxy,T,0.91852577430698,-0.9118838571067917,0.9118838571067917,1.3371799094409624,-1.1279948935430875,-0.6957728206704957,,,,13,bone,0.15,151.42681730972203,,0.2002859351674398,,
S1-E5,Scalp thermistor,T,3.36705621993394,-3.3626433769305044,3.3626433769305044,3.9227734693076783,-3.700407213438268,-3.0248795404227407,,,,13,bone,0.15,151.42681730972203,,0.34314647520788183,,
S1-E5,PA amplitude (800 nm),T,5.917899127831461,-4.722297162831509,4.817912780555102,16.479656189115087,-11.713054084714866,2.268459759051848,,,,13,bone,0.15,151.42681730972203,,5.635957586289096,,
S1-E5,Echo shift only,T,0.07210175044375235,-0.03247664553110363,0.047909499997642824,0.3585168840654305,-0.15864843774443504,0.09369514668222778,,,,13,bone,0.15,151.42681730972203,,0.3323344205098547,,
S1-E5,Proposed EKF,T,0.13649359778080114,0.025949916687850138,0.09825503178218647,0.46840053163140993,-0.2366981576496766,0.28859799102537687,,,,13,bone,0.15,151.42681730972203,1.0,0.4222356420651808,0.4493493956168749,0.06906182708441884
S1-E5,NIRS rScO2,sO2,5.215579632087442,4.827497299039109,4.83269919343412,12.74449780541519,0.9580280260511844,8.696966572027033,1.0,0.0,20.0,14,bone,0.15,182.19791241430295,,,,
S1-E5,PA linear unmixing,sO2,1.0876542285644557,-0.5639282648037719,0.8874222073854693,5.689691027182098,-2.386809016142151,1.2589524865346073,1.0,0.0,40.0,14,bone,0.15,182.19791241430295,,,,
S1-E5,PA fluence-compensated,sO2,3.680578648618403,-3.1648594091936197,3.2321046593762643,18.774187935596444,-6.847534129556301,0.5178153111690627,1.0,0.0,20.0,14,bone,0.15,182.19791241430295,,,,
S1-E5,Proposed EKF,sO2,4.377474098712739,3.7839756935417848,3.9966423183019733,9.570359321175538,-0.5297200125258916,8.097671399609462,1.0,0.0,40.0,14,bone,0.15,182.19791241430295,0.649074074074074,,,
S1-E5,Rectal proxy,T,0.8382215812931114,-0.8304077565430197,0.8304077565430197,1.3408672234593482,-1.0542117554425223,-0.606603757643517,,,,14,bone,0.15,182.19791241430295,,0.13531311019026013,,
S1-E5,Scalp thermistor,T,2.026585014792535,-2.0172915009923322,2.0172915009923322,2.670519177013901,-2.3972577207877985,-1.6373252811968657,,,,14,bone,0.15,182.19791241430295,,0.19954852165090933,,
S1-E5,PA amplitude (800 nm),T,7.228540408469617,-5.878227272683919,5.908554580452417,17.19644582379588,-14.123805540113793,2.367350994745955,,,,14,bone,0.15,182.19791241430295,,7.0266898234782,,
S1-E5,Echo shift only,T,0.1919843686581783,-0.18936944509553225,0.18936944509553225,0.3139640992047106,-0.25126359715490704,-0.12747529303615748,,,,14,bone,0.15,182.19791241430295,,0.06842541807149179,,
S1-E5,Proposed EKF,T,0.20867598195507067,-0.1603913161799646,0.19022106221285004,0.42994457620402216,-0.42203693613083115,0.10125430377090194,,,,14,bone,0.15,182.19791241430295,1.0,0.16437215571744535,0.5515407230120303,0.01690343311337738
S1-E5,NIRS rScO2,sO2,13.001788984664287,12.863115740770468,12.863115740770468,18.18720994794384,9.151116743073425,16.57511473846751,1.0,0.3336422613531047,20.0,15,bone,0.15,193.93645375815612,,,,
S1-E5,PA linear unmixing,sO2,1.187715135743706,-0.7775559977363875,0.9636259191732591,7.550230065584068,-2.537275733446742,0.9821637379739672,1.0,0.0,40.0,15,bone,0.15,193.93645375815612,,,,
S1-E5,PA fluence-compensated,sO2,3.296003846450763,-3.2150153442267433,3.2367085435536223,5.0858276269519,-4.638301558020031,-1.7917291304334553,1.0,0.0,40.0,15,bone,0.15,193.93645375815612,,,,
S1-E5,Proposed EKF,sO2,0.7085818728942382,-0.19326116974803148,0.49060990709464897,6.861000931052636,-1.5294269537490985,1.1429046142530357,1.0,0.0,40.0,15,bone,0.15,193.93645375815612,0.9944444444444445,,,
S1-E5,Rectal proxy,T,0.5796153591280528,-0.5660931263471503,0.5660931263471503,0.974065800057268,-0.8100524047589455,-0.32213384793535504,,,,15,bone,0.15,193.93645375815612,,0.26455119492323753,,
S1-E5,Scalp thermistor,T,1.996619148703865,-1.9874122626003967,1.9874122626003967,2.5353744592830694,-2.3627945994700643,-1.6120299257307293,,,,15,bone,0.15,193.93645375815612,,0.21962046441068384,,
S1-E5,PA amplitude (800 nm),T,7.939141748616414,-6.7846016470350134,6.78468649985236,17.056612835092118,-14.865687160436092,1.2964838663660645,,,,15,bone,0.15,193.93645375815612,,7.97833436215084,,
S1-E5,Echo shift only,T,0.8656631307512855,0.8524787038736522,0.8524787038736522,1.034761861388965,0.5574826506471154,1.147474757100189,,,,15,bone,0.15,193.93645375815612,,0.8205791483996671,,
S1-E5,Proposed EKF,T,0.9065094127572662,0.8972601640369563,0.8972601640369563,1.2324345963305419,0.6440973996557646,1.150422928418148,,,,15,bone,0.15,193.93645375815612,0.021296296296296296,0.875934735748489,0.8550163238435312,0.027818241667204553
S1-E5,NIRS rScO2,sO2,8.62144095062342,8.412268426306783,8.412268426306783,15.601218738468381,4.712598266473575,12.111938586139992,1.0,0.0,20.0,16,bone,0.15,225.4186179691881,,,,
S1-E5,PA linear unmixing,sO2,0.8171130711606377,-0.2773980768886876,0.6219326192477167,5.274166275949311,-1.7838261760839011,1.2290300223065258,1.0,0.0,40.0,16,bone,0.15,225.4186179691881,,,,
S1-E5,PA fluence-compensated,sO2,2.4384703308512234,-2.395349109955979,2.399489273360057,3.588987111873043,-3.2901920327488705,-1.5005061871630883,1.0,0.0,40.0,16,bone,0.15,225.4186179691881,,,,
S1-E5,Proposed EKF,sO2,1.0310721933342755,0.8703014629463488,0.8839605488177696,4.628612305855306,-0.21335917820429987,1.9539621040969977,1.0,0.0,40.0,16,bone,0.15,225.4186179691881,0.9944444444444445,,,
S1-E5,Rectal proxy,T,0.6015347167956765,-0.5901674490788689,0.5901674490788689,0.9959929415938262,-0.8182898742359849,-0.36204502392175286,,,,16,bone,0.15,225.4186179691881,,0.28164420806981627,,
S1-E5,Scalp thermistor,T,2.4426312026942023,-2.433818939794468,2.433818939794468,3.021420477468755,-2.8401234919245355,-2.0275143876644006,,,,16,bone,0.15,225.4186179691881,,0.34864352231491846,,
S1-E5,PA amplitude (800 nm),T,6.091631112403053,-4.9722294591693945,5.003976072115928,16.57182170335588,-11.869899101560879,1.92544018322209,,,,16,bone,0.15,225.4186179691881,,6.149765770016616,,
S1-E5,Echo shift only,T,0.05175134979798032,-0.040208252539833976,0.04441898452887541,0.12459507668658176,-0.10406632290576537,0.02364981782609741,,,,16,bone,0.15,225.4186179691881,,0.11593509162087834,,
S1-E5,Proposed EKF,T,0.16951667340308438,0.0322155417591466,0.1145443025795073,0.5250688740654539,-0.29398205601344574,0.3584131395317389,,,,16,bone,0.15,225.4186179691881,0.9962962962962963,0.1697540765624893,0.21035958283005338,0.011100519625009395
S1-E5,NIRS rScO2,sO2,10.205526315163986,10.021330654563595,10.021330654563595,16.945459602508638,6.238124823597045,13.804536485530145,1.0,0.16682113067655235,20.0,17,bone,0.15,152.57887162535968,,,,
S1-E5,PA linear unmixing,sO2,1.555529488025462,-1.0499726912837504,1.2375604014856543,8.301160351017867,-3.299476684596391,1.1995313020288902,1.0,0.0,40.0,17,bone,0.15,152.57887162535968,,,,
S1-E5,PA fluence-compensated,sO2,6.774238717182341,-5.751489046116214,5.82561748250939,46.74742905709282,-12.766724142780117,1.2637460505476878,1.0,1.3345690454124188,20.0,17,bone,0.15,152.57887162535968,,,,
S1-E5,Proposed EKF,sO2,11.036979426072042,10.823850580509738,10.824659619923807,45.137487685176794,6.593167329200089,15.05453383181939,1.0,0.0,40.0,17,bone,0.15,152.57887162535968,0.22592592592592592,,,
S1-E5,Rectal proxy,T,1.00949376871113,-1.002697749718974,1.002697749718974,1.3739878610328802,-1.2318995477992862,-0.7734959516386617,,,,17,bone,0.15,152.57887162535968,,0.29073334143968,,
S1-E5,Scalp thermistor,T,3.621376514045047,-3.6162188829090516,3.6162188829090516,4.2808754036959655,-3.9949041084632237,-3.2375336573548794,,,,17,bone,0.15,152.57887162535968,,0.2938702483822087,,
S1-E5,PA amplitude (800 nm),T,8.911941136957688,-8.222073777941748,8.222073777941748,19.10284648474094,-14.960654575997559,-1.4834929798859378,,,,17,bone,0.15,152.57887162535968,,8.572517214494782,,
S1-E5,Echo shift only,T,0.5425539580777381,-0.5405971769903376,0.5405971769903376,0.6752521994353202,-0.6308314912066946,-0.45036286277398063,,,,17,bone,0.15,152.57887162535968,,0.17748645316901934,,
S1-E5,Proposed EKF,T,0.5256123674476733,-0.5122987307425926,0.5123608217608919,0.6913350550724928,-0.7426998053082703,-0.2818976561769148,,,,17,bone,0.15,152.57887162535968,0.6972222222222222,0.18244148879258215,0.607519311409948,0.05258915721272859
S1-E5,NIRS rScO2,sO2,9.539068013267782,9.368847704254431,9.368847704254431,16.044678613771126,5.852566594622774,12.88512881388609,1.0,0.16682113067655235,20.0,10,bone,0.2,93.2146401292336,,,,
S1-E5,PA linear unmixing,sO2,1.9175837990556868,-1.5699854805401068,1.6509176172104911,6.0135222725770205,-3.7280097601896616,0.5880387991094475,1.0,0.0,40.0,10,bone,0.2,93.2146401292336,,,,
S1-E5,PA fluence-compensated,sO2,33.19015916953889,-31.79771289325345,31.79771289325345,65.31199877840152,-50.44267280068486,-13.152752985822039,1.0,27.52548656163114,0.0,10,bone,0.2,93.2146401292336,,,,
S1-E5,Proposed EKF,sO2,3.8742600157330354,2.454459613461581,2.979346672543786,28.82828157926729,-3.42080791605507,8.329727142978232,0.0,0.0,,10,bone,0.2,93.2146401292336,0.7518518518518519,,,
S1-E5,Rectal proxy,T,0.7391534019025491,-0.7307349146558089,0.7307349146558089,1.1338765372603419,-0.9487644199950153,-0.5127054093166025,,,,10,bone,0.2,93.2146401292336,,0.148394120411275,,
S1-E5,Scalp thermistor,T,2.8003387613413784,-2.79317109932358,2.79317109932358,3.3338297218272785,-3.1856235402779474,-2.400718658369213,,,,10,bone,0.2,93.2146401292336,,0.25993961836569845,,
S1-E5,PA amplitude (800 nm),T,7.100699664873115,-6.433059925202482,6.434927655793025,15.060452869424775,-12.324702470569768,-0.5414173798351944,,,,10,bone,0.2,93.2146401292336,,6.906101368124662,,
S1-E5,Echo shift only,T,0.06347673414246763,0.0022520036968123277,0.0472332320763941,0.2995633472004755,-0.12208407274403459,0.12658808013765924,,,,10,bone,0.2,93.2146401292336,,0.22676493660215044,,
S1-E5,Proposed EKF,T,0.05811713310022205,-0.0020420696231387,0.04303406501918045,0.27834544264159433,-0.11588131135339673,0.11179717210711933,,,,10,bone,0.2,93.2146401292336,1.0,0.22671378686832508,0.16060446513103702,0.06355993471031933
S1-E5,NIRS rScO2,sO2,10.105343914837867,9.911969560079317,9.911969560079317,18.564374881313405,6.0557797264979225,13.768159393660712,1.0,0.5004633920296571,20.0,11,bone,0.2,141.2923786514961,,,,
S1-E5,PA linear unmixing,sO2,0.9834811357839344,-0.7527440059619652,0.8410047930798559,2.515799804162666,-1.9933041799741984,0.48781616805026784,1.0,0.0,40.0,11,bone,0.2,141.2923786514961,,,,
S1-E5,PA fluence-compensated,sO2,4.890885101245445,-4.151365408062269,4.350315510864673,23.2240681116395,-9.219745898264023,0.9170150821394863,1.0,0.5004633920296571,20.0,11,bone,0.2,141.2923786514961,,,,
S1-E5,Proposed EKF,sO2,5.344728746736814,4.493747122608565,4.616349944762452,20.630525549115596,-1.1775196255323188,10.165013870749448,1.0,0.0,40.0,11,bone,0.2,141.2923786514961,0.5481481481481482,,,
S1-E5,Rectal proxy,T,0.599625109421067,-0.5835678570073269,0.5835678570073269,0.9206357333113786,-0.8537268807152526,-0.3134088332994013,,,,11,bone,0.2,141.2923786514961,,0.3803866039984471,,
S1-E5,Scalp thermistor,T,2.0857490193520256,-2.0764092269274523,2.0764092269274523,2.7859109800701383,-2.4628509212295104,-1.6899675326253942,,,,11,bone,0.2,141.2923786514961,,0.3290599607319201,,
S1-E5,PA amplitude (800 nm),T,8.004366011560654,-6.561474037459869,6.562947887164739,21.83196454445301,-15.546943001990972,2.4239949270712344,,,,11,bone,0.2,141.2923786514961,,8.072690011684115,,
S1-E5,Echo shift only,T,0.41920855910697563,0.4131795498663636,0.4131795498663636,0.5346652558074751,0.27433079809689176,0.5520283016358355,,,,11,bone,0.2,141.2923786514961,,0.337520390315191,,
S1-E5,Proposed EKF,T,0.4419482430446779,0.43139097483758726,0.43139097483758726,0.8003668365834145,0.24318936660705975,0.6195925830681148,,,,11,bone,0.2,141.2923786514961,0.8805555555555555,0.3672277980383054,0.11388620108876057,0.06645553647482433
S1-E5,NIRS rScO2,sO2,7.628872987089102,7.4051172205316,7.4051172205316,13.069398623896545,3.8102709651306625,10.999963475932537,1.0,0.6672845227062094,20.0,12,bone,0.2,152.8761498898023,,,,
S1-E5,PA linear unmixing,sO2,0.679004612899453,0.4744461852152571,0.5555429432130099,3.0089099691864463,-0.4776137659205067,1.426506136351021,1.0,0.0,40.0,12,bone,0.2,152.8761498898023,,,,
S1-E5,PA fluence-compensated,sO2,3.2474424532474004,0.21164850401749882,2.383917405801138,25.776899562251337,-6.139806238620215,6.5631032466552135,1.0,1.3345690454124188,20.0,12,bone,0.2,152.8761498898023,,,,
S1-E5,Proposed EKF,sO2,11.358296136673966,10.171450009763475,11.224269982103255,35.493141078064575,0.2637525996675119,20.07914741985944,1.0,0.3336422613531047,20.0,12,bone,0.2,152.8761498898023,0.07777777777777778,,,
S1-E5,Rectal proxy,T,0.8853334980918699,-0.8776506458850531,0.8776506458850531,1.2328841830912793,-1.1057591696621276,-0.6495421221079788,,,,12,bone,0.2,152.8761498898023,,0.19262098135125696,,
S1-E5,Scalp thermistor,T,3.351859459780736,-3.346747143082688,3.346747143082688,3.8435537356913336,-3.7094551833202623,-2.984039102845114,,,,12,bone,0.2,152.8761498898023,,0.29266972982791767,,
S1-E5,PA amplitude (800 nm),T,8.681749948179798,-7.584977965857535,7.5858006948314545,18.48705570373262,-15.863719928242082,0.6937639965270126,,,,12,bone,0.2,152.8761498898023,,8.45771416687292,,
S1-E5,Echo shift only,T,0.5872446693172707,0.5630095118219515,0.5691793170288728,0.766969983440724,0.2357623377991831,0.8902566858447198,,,,12,bone,0.2,152.8761498898023,,0.8373176134741452,,
S1-E5,Proposed EKF,T,0.5741703183541946,0.5506671660962453,0.556777865097125,0.7700573897052507,0.2319804077478444,0.8693539244446462,,,,12,bone,0.2,152.8761498898023,1.0,0.8318472538614137,0.17463127783829382,0.0063277444908482255
S1-E5,NIRS rScO2,sO2,4.74600936840808,4.30446215108922,4.3351176418549295,11.627726975899566,0.38631943879847974,8.22260486337996,1.0,0.5004633920296571,20.0,13,bone,0.2,131.75483655660753,,,,
S1-E5,PA linear unmixing,sO2,1.0952712641941005,-0.665753017908481,0.8646848267635997,4.626320560166953,-2.3703807610676906,1.0388747252507289,1.0,0.0,20.0,13,bone,0.2,131.75483655660753,,,,
S1-E5,PA fluence-compensated,sO2,4.674633669907344,-0.6865327144688137,2.8703345588784495,49.82497943294781,-9.749466062500362,8.376400633562733,1.0,0.8341056533827618,20.0,13,bone,0.2,131.75483655660753,,,,
S1-E5,Proposed EKF,sO2,10.505509930764822,9.494004084318078,10.311165204990573,28.882372407249733,0.6784423464826744,18.30956582215348,1.0,0.0,20.0,13,bone,0.2,131.75483655660753,0.04814814814814815,,,
S1-E5,Rectal proxy,T,0.91852577430698,-0.9118838571067917,0.9118838571067917,1.3371799094409624,-1.1279948935430875,-0.6957728206704957,,,,13,bone,0.2,131.75483655660753,,0.2002859351674398,,
S1-E5,Scalp thermistor,T,3.36705621993394,-3.3626433769305044,3.3626433769305044,3.9227734693076783,-3.700407213438268,-3.0248795404227407,,,,13,bone,0.2,131.75483655660753,,0.34314647520788183,,
S1-E5,PA amplitude (800 nm),T,5.663012236811137,-4.339204468564535,4.520247095607494,15.522304526357054,-11.471291986861395,2.7928830497323247,,,,13,bone,0.2,131.75483655660753,,5.393225919581671,,
S1-E5,Echo shift only,T,0.06896581063347963,-0.026689138677902197,0.04636320326752837,0.3585168840654305,-0.1513299279182031,0.09795165056239871,,,,13,bone,0.2,131.75483655660753,,0.3378662834938328,,
S1-E5,Proposed EKF,T,0.10514219463520785,-0.019783666675235574,0.0762562224993603,0.40549065633916115,-0.222181428674895,0.18261409532442385,,,,13,bone,0.2,131.75483655660753,1.0,0.3631572864882936,0.5240837443312851,0.06906307077507486
S1-E5,NIRS rScO2,sO2,5.215579632087442,4.827497299039109,4.83269919343412,12.74449780541519,0.9580280260511844,8.696966572027033,1.0,0.0,20.0,14,bone,0.2,148.74381313363688,,,,
S1-E5,PA linear unmixing,sO2,0.6461943704597931,-0.2023927586149889,0.5190356024610361,3.28420459451203,-1.4052074641809746,1.0004219469509967,1.0,0.0,20.0,14,bone,0.2,148.74381313363688,,,,
S1-E5,PA fluence-compensated,sO2,7.411687029031652,-1.0328544097515504,5.148138435390557,55.947965402458166,-15.41801485456324,13.35230603506014,1.0,3.670064874884152,20.0,14,bone,0.2,148.74381313363688,,,,
S1-E5,Proposed EKF,sO2,16.86632196015995,16.680765777251032,16.70868839133502,48.33546327775291,11.790626836830887,21.57090471767118,1.0,1.0009267840593141,20.0,14,bone,0.2,148.74381313363688,0.003703703703703704,,,
S1-E5,Rectal proxy,T,0.8382215812931114,-0.8304077565430197,0.8304077565430197,1.3408672234593482,-1.0542117554425223,-0.606603757643517,,,,14,bone,0.2,148.74381313363688,,0.13531311019026013,,
S1-E5,Scalp thermistor,T,2.026585014792535,-2.0172915009923322,2.0172915009923322,2.670519177013901,-2.3972577207877985,-1.6373252811968657,,,,14,bone,0.2,148.74381313363688,,0.19954852165090933,,
S1-E5,PA amplitude (800 nm),T,7.097148618531929,-5.6852055651970685,5.741157200392543,17.093858298841813,-14.011851259511353,2.6414401291172167,,,,14,bone,0.2,148.74381313363688,,6.898451325149236,,
S1-E5,Echo shift only,T,0.13318573904474615,-0.1286045332743486,0.1286045332743486,0.27433599140871223,-0.19648154640773213,-0.06072752014096505,,,,14,bone,0.2,148.74381313363688,,0.1263080115918115,,
S1-E5,Proposed EKF,T,0.14598532766004108,-0.14319117929496783,0.14319117929496783,0.2662691349009947,-0.19890491844022865,-0.08747744014970701,,,,14,bone,0.2,148.74381313363688,1.0,0.1222606761422519,0.5532964107373944,0.017799024088772885
S1-E5,NIRS rScO2,sO2,13.001788984664287,12.863115740770468,12.863115740770468,18.18720994794384,9.151116743073425,16.57511473846751,1.0,0.3336422613531047,20.0,15,bone,0.2,164.14527121333774,,,,
S1-E5,PA linear unmixing,sO2,0.5829937175522102,-0.13773672754831837,0.4444211052531302,4.307711735947589,-1.2480560004666577,0.9725825453700208,1.0,0.0,20.0,15,bone,0.2,164.14527121333774,,,,
S1-E5,PA fluence-compensated,sO2,3.92984004812766,-3.4759894040294363,3.489096906859394,23.43999676451196,-7.06933842935506,0.11735962129618624,1.0,0.0,20.0,15,bone,0.2,164.14527121333774,,,,
S1-E5,Proposed EKF,sO2,1.9621503519892607,-0.5670610996642137,1.5714573371545897,16.826231929904527,-4.2487716123591195,3.1146494130306923,1.0,0.0,40.0,15,bone,0.2,164.14527121333774,0.9962962962962963,,,
S1-E5,Rectal proxy,T,0.5796153591280528,-0.5660931263471503,0.5660931263471503,0.974065800057268,-0.8100524047589455,-0.32213384793535504,,,,15,bone,0.2,164.14527121333774,,0.26455119492323753,,
S1-E5,Scalp thermistor,T,1.996619148703865,-1.9874122626003967,1.9874122626003967,2.5353744592830694,-2.3627945994700643,-1.6120299257307293,,,,15,bone,0.2,164.14527121333774,,0.21962046441068384,,
S1-E5,PA amplitude (800 nm),T,7.763859843924919,-6.551477861784719,6.551690987244884,16.70567504680862,-14.716861738994528,1.6139060154250897,,,,15,bone,0.2,164.14527121333774,,7.802563902910121,,
S1-E5,Echo shift only,T,0.8981367707031481,0.8847723208162388,0.8847723208162388,1.069671782520821,0.5822229775484169,1.1873216640840607,,,,15,bone,0.2,164.14527121333774,,0.8530344195898478,,
S1-E5,Proposed EKF,T,0.9167998646233471,0.9074510593766325,0.9074510593766325,1.2562904319530617,0.6514885170242476,1.1634136017290175,,,,15,bone,0.2,164.14527121333774,0.023148148148148147,0.8814323314333423,0.8229468173105008,0.027745322259730656
S1-E5,NIRS rScO2,sO2,8.62144095062342,8.412268426306783,8.412268426306783,15.601218738468381,4.712598266473575,12.111938586139992,1.0,0.0,20.0,16,bone,0.2,184.16448066710112,,,,
S1-E5,PA linear unmixing,sO2,0.5629157213893753,0.0341461190096001,0.4366567032044434,3.462320163015653,-1.067136967443514,1.1354292054627144,1.0,0.0,40.0,16,bone,0.2,184.16448066710112,,,,
S1-E5,PA fluence-compensated,sO2,3.138804666786636,-2.251034400570363,2.51740976768142,21.926006298873517,-6.538437010397555,2.0363682092568287,1.0,0.0,20.0,16,bone,0.2,184.16448066710112,,,,
S1-E5,Proposed EKF,sO2,3.0604316123016275,2.677008962043497,2.7968424621410635,7.517452054801598,-0.23005142931658945,5.584069353403584,1.0,0.0,20.0,16,bone,0.2,184.16448066710112,0.9481481481481482,,,
S1-E5,Rectal proxy,T,0.6015347167956765,-0.5901674490788689,0.5901674490788689,0.9959929415938262,-0.8182898742359849,-0.36204502392175286,,,,16,bone,0.2,184.16448066710112,,0.28164420806981627,,
S1-E5,Scalp thermistor,T,2.4426312026942023,-2.433818939794468,2.433818939794468,3.021420477468755,-2.8401234919245355,-2.0275143876644006,,,,16,bone,0.2,184.16448066710112,,0.34864352231491846,,
S1-E5,PA amplitude (800 nm),T,6.10600799846738,-4.99223056029642,5.025620086501377,16.215145786666234,-11.883231471301027,1.898770350708186,,,,16,bone,0.2,184.16448066710112,,6.164237620233324,,
S1-E5,Echo shift only,T,0.041282167553100976,-0.023758349298396788,0.03408006365159331,0.10732581469369507,-0.08992854717981057,0.042411848583016984,,,,16,bone,0.2,184.16448066710112,,0.10064429647058978,,
S1-E5,Proposed EKF,T,0.14847316642236838,0.010282263806984205,0.10958149784523026,0.4333602059300077,-0.2800264640881843,0.30059099170215275,,,,16,bone,0.2,184.16448066710112,1.0,0.15804217200686782,0.16040575460624876,0.010991475450552185
S1-E5,NIRS rScO2,sO2,10.205526315163986,10.021330654563595,10.021330654563595,16.945459602508638,6.238124823597045,13.804536485530145,1.0,0.16682113067655235,20.0,17,bone,0.2,107.12638995214999,,,,
S1-E5,PA linear unmixing,sO2,1.8112487644192123,-1.4342659896097534,1.5338140294329834,6.793155420307906,-3.6022626986622246,0.7337307194427177,1.0,0.0,40.0,17,bone,0.2,107.12638995214999,,,,
S1-E5,PA fluence-compensated,sO2,16.938322531209977,-14.86038531453446,15.048704742507187,58.75399610999224,-30.792631863374886,1.0718612343059624,1.0,17.015755329008343,20.0,17,bone,0.2,107.12638995214999,,,,
S1-E5,Proposed EKF,sO2,3.8912053626406276,-0.22854954826351717,2.7453760654710466,33.75091547778681,-7.842145336014202,7.385046239487168,0.0,0.0,,17,bone,0.2,107.12638995214999,0.8074074074074075,,,
S1-E5,Rectal proxy,T,1.00949376871113,-1.002697749718974,1.002697749718974,1.3739878610328802,-1.2318995477992862,-0.7734959516386617,,,,17,bone,0.2,107.12638995214999,,0.29073334143968,,
S1-E5,Scalp thermistor,T,3.621376514045047,-3.6162188829090516,3.6162188829090516,4.2808754036959655,-3.9949041084632237,-3.2375336573548794,,,,17,bone,0.2,107.12638995214999,,0.2938702483822087,,
S1-E5,PA amplitude (800 nm),T,9.192362376971774,-8.544387658583949,8.544387658583949,19.822620579639697,-15.189037889039142,-1.8997374281287556,,,,17,bone,0.2,107.12638995214999,,8.850248323611593,,
S1-E5,Echo shift only,T,0.5509299322483752,-0.5489189268018327,0.5489189268018327,0.6626514812306965,-0.6410973339242142,-0.4567405196794513,,,,17,bone,0.2,107.12638995214999,,0.18578453807134065,,
S1-E5,Proposed EKF,T,0.5540289735175025,-0.5522981054294381,0.5522981054294381,0.6447586352184516,-0.6380670030315093,-0.46652920782736695,,,,17,bone,0.2,107.12638995214999,1.0,0.18301631973377006,0.6658785650778033,0.053190203385996594
S1-E5,NIRS rScO2,sO2,9.539068013267782,9.368847704254431,9.368847704254431,16.044678613771126,5.852566594622774,12.88512881388609,1.0,0.16682113067655235,20.0,10,bone,0.3,27.48585770127493,,,,
S1-E5,PA linear unmixing,sO2,2.628863954337341,-2.002680825867623,2.210948544403349,8.024538436282402,-5.340552884645029,1.3351912329097837,1.0,0.16682113067655235,40.0,10,bone,0.3,27.48585770127493,,,,
S1-E5,PA fluence-compensated,sO2,49.40596353460152,-40.167734557811436,43.3104706087934,70.10929249863173,-96.54976151243106,16.21429239680819,0.0,28.19277108433735,,10,bone,0.3,27.48585770127493,,,,
S1-E5,Proposed EKF,sO2,2.799408368166044,0.8507357063350549,2.145677228426855,21.627334335501637,-4.376601552852867,6.078072965522976,0.0,0.0,,10,bone,0.3,27.48585770127493,0.8138888888888889,,,
S1-E5,Rectal proxy,T,0.7391534019025491,-0.7307349146558089,0.7307349146558089,1.1338765372603419,-0.9487644199950153,-0.5127054093166025,,,,10,bone,0.3,27.48585770127493,,0.148394120411275,,
S1-E5,Scalp thermistor,T,2.8003387613413784,-2.79317109932358,2.79317109932358,3.3338297218272785,-3.1856235402779474,-2.400718658369213,,,,10,bone,0.3,27.48585770127493,,0.25993961836569845,,
S1-E5,PA amplitude (800 nm),T,5.966362824378887,-5.039638449773084,5.096115078835328,14.32424158905551,-11.299232134238643,1.2199552346924758,,,,10,bone,0.3,27.48585770127493,,5.785519537821667,,
S1-E5,Echo shift only,T,0.10297236683211901,0.07499855094930206,0.09128222481878874,0.29850790775468994,-0.06329643911653503,0.21329354101513914,,,,10,bone,0.3,27.48585770127493,,0.2989049281318151,,
S1-E5,Proposed EKF,T,0.09208937100848064,0.06577471846118749,0.0815053312133641,0.26317064980411686,-0.06055239300727261,0.19210182992964758,,,,10,bone,0.3,27.48585770127493,1.0,0.29940989962139863,0.1655270503135646,0.06315445590893448
S1-E5,NIRS rScO2,sO2,10.105343914837867,9.911969560079317,9.911969560079317,18.564374881313405,6.0557797264979225,13.768159393660712,1.0,0.5004633920296571,20.0,11,bone,0.3,65.48579489211966,,,,
S1-E5,PA linear unmixing,sO2,1.2638528867064256,-1.0723984398455046,1.1197250257832363,3.4173576507202874,-2.38323510627981,0.2384382265888007,1.0,0.0,20.0,11,bone,0.3,65.48579489211966,,,,
S1-E5,PA fluence-compensated,sO2,23.338296492473244,-14.786472833869887,18.34354291500806,64.62249813139405,-50.17716464137122,20.604218973631447,1.0,22.854494902687673,20.0,11,bone,0.3,65.48579489211966,,,,
S1-E5,Proposed EKF,sO2,7.3416226945185254,-3.67233977547769,5.395936065471563,29.88000209088736,-16.13235196253019,8.78767241157481,1.0,0.8341056533827618,200.0,11,bone,0.3,65.48579489211966,0.7129629629629629,,,
S1-E5,Rectal proxy,T,0.599625109421067,-0.5835678570073269,0.5835678570073269,0.9206357333113786,-0.8537268807152526,-0.3134088332994013,,,,11,bone,0.3,65.48579489211966,,0.3803866039984471,,
S1-E5,Scalp thermistor,T,2.0857490193520256,-2.0764092269274523,2.0764092269274523,2.7859109800701383,-2.4628509212295104,-1.6899675326253942,,,,11,bone,0.3,65.48579489211966,,0.3290599607319201,,
S1-E5,PA amplitude (800 nm),T,7.828145684124012,-6.328811240557983,6.338069651866267,21.6743793335414,-15.35886395650142,2.701241475385454,,,,11,bone,0.3,65.48579489211966,,7.895543625406307,,
S1-E5,Echo shift only,T,0.4183636126280605,0.41292613212435353,0.41292613212435353,0.5355194460711061,0.28115170429354996,0.5447005599551571,,,,11,bone,0.3,65.48579489211966,,0.336533010843367,,
S1-E5,Proposed EKF,T,0.3940994854601079,0.38944757226059157,0.38944757226059157,0.4920225671736489,0.27111497013584934,0.5077801743853338,,,,11,bone,0.3,65.48579489211966,1.0,0.3214344078461805,0.20696673024323528,0.06528314850261722
S1-E5,NIRS rScO2,sO2,7.628872987089102,7.4051172205316,7.4051172205316,13.069398623896545,3.8102709651306625,10.999963475932537,1.0,0.6672845227062094,20.0,12,bone,0.3,52.36548064570552,,,,
S1-E5,PA linear unmixing,sO2,0.8099980480229708,0.4415094833263032,0.6526010451616076,3.139460449537479,-0.8895112255466707,1.7725301921992773,1.0,0.0,40.0,12,bone,0.3,52.36548064570552,,,,
S1-E5,PA fluence-compensated,sO2,13.93226232580794,6.529981983117839,11.408610227866655,59.713738797849004,-17.592137738846773,30.652101705082448,1.0,22.854494902687673,20.0,12,bone,0.3,52.36548064570552,,,,
S1-E5,Proposed EKF,sO2,9.800873425398558,-8.910702739329295,9.190447807087464,25.251660412556287,-16.90992753350783,-0.9114779451507599,1.0,0.0,200.0,12,bone,0.3,52.36548064570552,0.11666666666666667,,,
S1-E5,Rectal proxy,T,0.8853334980918699,-0.8776506458850531,0.8776506458850531,1.2328841830912793,-1.1057591696621276,-0.6495421221079788,,,,12,bone,0.3,52.36548064570552,,0.19262098135125696,,
S1-E5,Scalp thermistor,T,3.351859459780736,-3.346747143082688,3.346747143082688,3.8435537356913336,-3.7094551833202623,-2.984039102845114,,,,12,bone,0.3,52.36548064570552,,0.29266972982791767,,
S1-E5,PA amplitude (800 nm),T,8.101260841600931,-6.858984659826698,6.910016284546825,18.02898802545494,-15.308552766229742,1.5905834465763462,,,,12,bone,0.3,52.36548064570552,,7.884443558125778,,
S1-E5,Echo shift only,T,0.6113061237056981,0.5872774061446263,0.5925023927207838,0.7905173233503859,0.2546519213862521,0.9199028909030005,,,,12,bone,0.3,52.36548064570552,,0.8616480033365754,,
S1-E5,Proposed EKF,T,0.6030106169234353,0.5791928295629968,0.5845809451502636,0.7650994429740194,0.2503011484209784,0.9080845107050152,,,,12,bone,0.3,52.36548064570552,1.0,0.8644861553597231,0.18021683737669278,0.006901080858046365
S1-E5,NIRS rScO2,sO2,4.74600936840808,4.30446215108922,4.3351176418549295,11.627726975899566,0.38631943879847974,8.22260486337996,1.0,0.5004633920296571,20.0,13,bone,0.3,65.0596462661103,,,,
S1-E5,PA linear unmixing,sO2,1.6618355942791863,-1.2558507645361248,1.3977707211146968,5.405330660893782,-3.389044387442444,0.8773428583701948,1.0,0.0,20.0,13,bone,0.3,65.0596462661103,,,,
S1-E5,PA fluence-compensated,sO2,14.57529275632071,0.5266123608696471,11.182254967217045,62.962839523449134,-28.0223091287434,29.0755338504827,1.0,24.522706209453197,20.0,13,bone,0.3,65.0596462661103,,,,
S1-E5,Proposed EKF,sO2,10.686293342571643,-8.78372557844597,9.528238205846282,38.632327450419766,-20.71287078898803,3.14541963209609,0.0,0.8341056533827618,,13,bone,0.3,65.0596462661103,0.14351851851851852,,,
S1-E5,Rectal proxy,T,0.91852577430698,-0.9118838571067917,0.9118838571067917,1.3371799094409624,-1.1279948935430875,-0.6957728206704957,,,,13,bone,0.3,65.0596462661103,,0.2002859351674398,,
S1-E5,Scalp thermistor,T,3.36705621993394,-3.3626433769305044,3.3626433769305044,3.9227734693076783,-3.700407213438268,-3.0248795404227407,,,,13,bone,0.3,65.0596462661103,,0.34314647520788183,,
S1-E5,PA amplitude (800 nm),T,5.387864853311304,-3.933410667605109,4.21592747160668,15.280291382320367,-11.150195662849425,3.283374327639207,,,,13,bone,0.3,65.0596462661103,,5.131981465390167,,
S1-E5,Echo shift only,T,0.1224678612256471,-0.10570512586352858,0.10583475215802152,0.4133260001480039,-0.22692131594959397,0.015511064222536827,,,,13,bone,0.3,65.0596462661103,,0.26026637985820766,,
S1-E5,Proposed EKF,T,0.12671399429931995,-0.11273544482147466,0.11277691927769765,0.40622731071530893,-0.22613047930248745,0.0006595896595381345,,,,13,bone,0.3,65.0596462661103,1.0,0.26290523444639846,0.6798222645535869,0.07015193059432517
S1-E5,NIRS rScO2,sO2,5.215579632087442,4.827497299039109,4.83269919343412,12.74449780541519,0.9580280260511844,8.696966572027033,1.0,0.0,20.0,14,bone,0.3,33.17077801487716,,,,
S1-E5,PA linear unmixing,sO2,0.8791831824549446,0.17717169588034684,0.7046087609026528,3.0960646717230866,-1.510675403183147,1.8650187949438408,1.0,0.0,20.0,14,bone,0.3,33.17077801487716,,,,
S1-E5,PA fluence-compensated,sO2,23.752641559685056,10.076543976781492,20.77043856776535,65.18121641355685,-32.0817412512498,52.23482920481278,1.0,25.023169601482856,20.0,14,bone,0.3,33.17077801487716,,,,
S1-E5,Proposed EKF,sO2,7.023701632793476,-4.362028796275883,5.68944961689838,33.595737980283225,-15.151840261996657,6.427782669444893,1.0,0.0,200.0,14,bone,0.3,33.17077801487716,0.48518518518518516,,,
S1-E5,Rectal proxy,T,0.8382215812931114,-0.8304077565430197,0.8304077565430197,1.3408672234593482,-1.0542117554425223,-0.606603757643517,,,,14,bone,0.3,33.17077801487716,,0.13531311019026013,,
S1-E5,Scalp thermistor,T,2.026585014792535,-2.0172915009923322,2.0172915009923322,2.670519177013901,-2.3972577207877985,-1.6373252811968657,,,,14,bone,0.3,33.17077801487716,,0.19954852165090933,,
S1-E5,PA amplitude (800 nm),T,6.74427033218627,-5.287764593956687,5.440418242467769,16.62741593469876,-13.4928236887276,2.9172945008142284,,,,14,bone,0.3,33.17077801487716,,6.55004369273711,,
S1-E5,Echo shift only,T,0.1455312765219808,-0.1393472354973044,0.1393472354973044,0.32023172589172333,-0.22161356079078381,-0.05708091020382501,,,,14,bone,0.3,33.17077801487716,,0.11841335392034388,,
S1-E5,Proposed EKF,T,0.17669921344191258,-0.17224665632878222,0.17258207395565003,0.36659977617544115,-0.249504014257435,-0.09498929840012946,,,,14,bone,0.3,33.17077801487716,1.0,0.09607195535650494,0.6711372313699003,0.018120068024020303
S1-E5,NIRS rScO2,sO2,13.001788984664287,12.863115740770468,12.863115740770468,18.18720994794384,9.151116743073425,16.57511473846751,1.0,0.3336422613531047,20.0,15,bone,0.3,75.70663676210724,,,,
S1-E5,PA linear unmixing,sO2,1.1752704631195263,-0.8079332655028841,0.9530165317109356,4.852879011835282,-2.4808417767802,0.8649752457744315,1.0,0.0,40.0,15,bone,0.3,75.70663676210724,,,,
S1-E5,PA fluence-compensated,sO2,21.18903716544746,-18.347501963593814,18.49123876899505,59.53057321132336,-39.12206590837275,2.427061981185119,1.0,26.524559777571827,20.0,15,bone,0.3,75.70663676210724,,,,
S1-E5,Proposed EKF,sO2,3.825365166787721,0.11715290277666557,2.748011848885504,36.43811347770777,-7.377045914954489,7.61135172050782,0.0,0.0,,15,bone,0.3,75.70663676210724,0.8296296296296296,,,
S1-E5,Rectal proxy,T,0.5796153591280528,-0.5660931263471503,0.5660931263471503,0.974065800057268,-0.8100524047589455,-0.32213384793535504,,,,15,bone,0.3,75.70663676210724,,0.26455119492323753,,
S1-E5,Scalp thermistor,T,1.996619148703865,-1.9874122626003967,1.9874122626003967,2.5353744592830694,-2.3627945994700643,-1.6120299257307293,,,,15,bone,0.3,75.70663676210724,,0.21962046441068384,,
S1-E5,PA amplitude (800 nm),T,7.662933477554906,-6.42748419607608,6.432895488316443,16.438422799463595,-14.605170845381066,1.7502024532289067,,,,15,bone,0.3,75.70663676210724,,7.701407037386079,,
S1-E5,Echo shift only,T,0.899022447787788,0.8845731719664299,0.8845731719664299,1.1064633300182933,0.5699234802324227,1.1992228637004372,,,,15,bone,0.3,75.70663676210724,,0.8539775605661493,,
S1-E5,Proposed EKF,T,0.8812705369325131,0.867242942783306,0.867242942783306,1.0628386084054569,0.5602826786803482,1.174203206886264,,,,15,bone,0.3,75.70663676210724,1.0,0.8455382286147627,0.7147382512414704,0.02878898792760048
S1-E5,NIRS rScO2,sO2,8.62144095062342,8.412268426306783,8.412268426306783,15.601218738468381,4.712598266473575,12.111938586139992,1.0,0.0,20.0,16,bone,0.3,89.27144005733976,,,,
S1-E5,PA linear unmixing,sO2,0.5771715869654064,-0.11576802407970524,0.45166034128817073,2.78185694192733,-1.2240346041171488,0.9924985559577385,1.0,0.0,20.0,16,bone,0.3,89.27144005733976,,,,
S1-E5,PA fluence-compensated,sO2,13.789471430960562,-5.6733886990632465,11.166788821938608,60.23515342491002,-30.30725811231134,18.96048071418485,1.0,21.0194624652456,20.0,16,bone,0.3,89.27144005733976,,,,
S1-E5,Proposed EKF,sO2,6.137213338680775,-2.274766479575058,4.366881604828871,31.703646769298967,-13.446908325573748,8.897375366423631,1.0,1.1677479147358665,200.0,16,bone,0.3,89.27144005733976,0.8324074074074074,,,
S1-E5,Rectal proxy,T,0.6015347167956765,-0.5901674490788689,0.5901674490788689,0.9959929415938262,-0.8182898742359849,-0.36204502392175286,,,,16,bone,0.3,89.27144005733976,,0.28164420806981627,,
S1-E5,Scalp thermistor,T,2.4426312026942023,-2.433818939794468,2.433818939794468,3.021420477468755,-2.8401234919245355,-2.0275143876644006,,,,16,bone,0.3,89.27144005733976,,0.34864352231491846,,
S1-E5,PA amplitude (800 nm),T,5.9447547264686165,-4.788706576982348,4.85567477908798,16.128789929203467,-11.692915587019762,2.1155024330550667,,,,16,bone,0.3,89.27144005733976,,6.002139438899591,,
S1-E5,Echo shift only,T,0.09358436746016671,-0.08517107499047401,0.08690788055442734,0.20365021527558014,-0.16118071948111104,-0.009161430499836976,,,,16,bone,0.3,89.27144005733976,,0.160967132412612,,
S1-E5,Proposed EKF,T,0.11670754702859536,-0.10283332140733836,0.10872388687635226,0.5223372411917211,-0.21100613765824078,0.005339494843564052,,,,16,bone,0.3,89.27144005733976,1.0,0.17191609629209315,0.15843845093731376,0.009634286738954115
S1-E5,NIRS rScO2,sO2,10.205526315163986,10.021330654563595,10.021330654563595,16.945459602508638,6.238124823597045,13.804536485530145,1.0,0.16682113067655235,20.0,17,bone,0.3,29.89438810258064,,,,
S1-E5,PA linear unmixing,sO2,1.9490341179303732,-1.15595290783494,1.5366331135777263,7.875024135651232,-4.231658742769538,1.919752927099658,1.0,0.16682113067655235,40.0,17,bone,0.3,29.89438810258064,,,,
S1-E5,PA fluence-compensated,sO2,24.600723732591582,4.758556588900122,20.509949608427,68.67354202647559,-42.54821663279285,52.0653298105931,1.0,37.36793327154773,0.0,17,bone,0.3,29.89438810258064,,,,
S1-E5,Proposed EKF,sO2,4.543703537933679,-2.628963896406799,3.3047724803967693,23.729603515486865,-9.892553246420633,4.634625453607033,0.0,0.0,,17,bone,0.3,29.89438810258064,0.6425925925925926,,,
S1-E5,Rectal proxy,T,1.00949376871113,-1.002697749718974,1.002697749718974,1.3739878610328802,-1.2318995477992862,-0.7734959516386617,,,,17,bone,0.3,29.89438810258064,,0.29073334143968,,
S1-E5,Scalp thermistor,T,3.621376514045047,-3.6162188829090516,3.6162188829090516,4.2808754036959655,-3.9949041084632237,-3.2375336573548794,,,,17,bone,0.3,29.89438810258064,,0.2938702483822087,,
S1-E5,PA amplitude (800 nm),T,8.34706906497583,-7.561049320154178,7.564664191280744,19.732014623967522,-14.491830801513142,-0.6302678387952145,,,,17,bone,0.3,29.89438810258064,,8.014174934100526,,
S1-E5,Echo shift only,T,0.5841061660652096,-0.581864236783108,0.581864236783108,0.6917050651835339,-0.6820741738144489,-0.48165429975176705,,,,17,bone,0.3,29.89438810258064,,0.2187378656468059,,
S1-E5,Proposed EKF,T,0.5974478539918389,-0.5952357881551302,0.5952357881551302,0.6992078598587526,-0.6959098814887823,-0.49456169482147816,,,,17,bone,0.3,29.89438810258064,1.0,0.22210315555385649,0.7942333972459183,0.05374639445592519
S1-E5,NIRS rScO2,sO2,9.539068013267782,9.368847704254431,9.368847704254431,16.044678613771126,5.852566594622774,12.88512881388609,1.0,0.16682113067655235,20.0,10,noise_scale,0.25,821.782084689126,,,,
S1-E5,PA linear unmixing,sO2,0.6654971411577967,0.5085966788139387,0.5462157218841668,2.8727023120067585,-0.33264268071784653,1.3498360383457237,1.0,0.0,20.0,10,noise_scale,0.25,821.782084689126,,,,
S1-E5,PA fluence-compensated,sO2,1.985214145235813,-1.9777667769302016,1.9777667769302016,2.4369965809270977,-2.3144864400701377,-1.6410471137902658,1.0,0.0,20.0,10,noise_scale,0.25,821.782084689126,,,,
S1-E5,Proposed EKF,sO2,1.0916686482083053,-1.0419808837498614,1.0487463840032594,4.535076561741825,-1.6801596388827045,-0.4038021286170185,1.0,0.0,20.0,10,noise_scale,0.25,821.782084689126,0.9990740740740741,,,
S1-E5,Rectal proxy,T,0.7391534019025491,-0.7307349146558089,0.7307349146558089,1.1338765372603419,-0.9487644199950153,-0.5127054093166025,,,,10,noise_scale,0.25,821.782084689126,,0.148394120411275,,
S1-E5,Scalp thermistor,T,2.8003387613413784,-2.79317109932358,2.79317109932358,3.3338297218272785,-3.1856235402779474,-2.400718658369213,,,,10,noise_scale,0.25,821.782084689126,,0.25993961836569845,,
S1-E5,PA amplitude (800 nm),T,7.431846452826937,-6.82023493064517,6.82023493064517,15.305382390800407,-12.60696264033096,-1.0335072209593807,,,,10,noise_scale,0.25,821.782084689126,,7.234625169295527,,
S1-E5,Echo shift only,T,0.05017844611397553,0.0022461186220812833,0.036320167039257646,0.2528744576527231,-0.09600505504803745,0.10049729229220002,,,,10,noise_scale,0.25,821.782084689126,,0.22340183787006704,,
S1-E5,Proposed EKF,T,0.13534308688772126,0.057424993567945205,0.09389257058193329,0.4476834254303981,-0.18278595105573994,0.29763593819163037,,,,10,noise_scale,0.25,821.782084689126,1.0,0.3009807396786665,0.3612344994038947,0.06409159906831675
S1-E5,NIRS rScO2,sO2,10.105343914837867,9.911969560079317,9.911969560079317,18.564374881313405,6.0557797264979225,13.768159393660712,1.0,0.5004633920296571,20.0,11,noise_scale,0.25,1373.5976617180675,,,,
S1-E5,PA linear unmixing,sO2,0.5481882166733876,-0.5109357777987641,0.5173110487617844,1.000884700739002,-0.9002558814198227,-0.12161567417770547,1.0,0.0,20.0,11,noise_scale,0.25,1373.5976617180675,,,,
S1-E5,PA fluence-compensated,sO2,2.1618525381375675,-2.1478675489117407,2.1478675489117407,2.575708780952457,-2.6290520955462258,-1.6666830022772552,1.0,0.0,20.0,11,noise_scale,0.25,1373.5976617180675,,,,
S1-E5,Proposed EKF,sO2,1.6687882809558054,-1.6359867193467694,1.6359867193467694,2.8625017543258413,-2.281305463093394,-0.9906679756001447,1.0,0.0,20.0,11,noise_scale,0.25,1373.5976617180675,0.9990740740740741,,,
S1-E5,Rectal proxy,T,0.599625109421067,-0.5835678570073269,0.5835678570073269,0.9206357333113786,-0.8537268807152526,-0.3134088332994013,,,,11,noise_scale,0.25,1373.5976617180675,,0.3803866039984471,,
S1-E5,Scalp thermistor,T,2.0857490193520256,-2.0764092269274523,2.0764092269274523,2.7859109800701383,-2.4628509212295104,-1.6899675326253942,,,,11,noise_scale,0.25,1373.5976617180675,,0.3290599607319201,,
S1-E5,PA amplitude (800 nm),T,8.027185677122652,-6.600240319927981,6.600394351815298,21.782726620467162,-15.554788912610409,2.3543082727544453,,,,11,noise_scale,0.25,1373.5976617180675,,8.095715386293241,,
S1-E5,Echo shift only,T,0.32515134902252446,0.31984178333704477,0.31984178333704477,0.42724669401111726,0.20514186319426936,0.4345417034798202,,,,11,noise_scale,0.25,1373.5976617180675,,0.24379243085961352,,
S1-E5,Proposed EKF,T,0.3668462489976304,0.3612740674687265,0.3612740674687265,0.46384046319906247,0.23642932032195255,0.48611881461550044,,,,11,noise_scale,0.25,1373.5976617180675,1.0,0.2814636111952609,0.1513658737475424,0.068023322001436
S1-E5,NIRS rScO2,sO2,7.628872987089102,7.4051172205316,7.4051172205316,13.069398623896545,3.8102709651306625,10.999963475932537,1.0,0.6672845227062094,20.0,12,noise_scale,0.25,1311.6430096580852,,,,
S1-E5,PA linear unmixing,sO2,0.33429558934645703,0.2843287002840339,0.28742642209518976,1.4684508967233056,-0.060267679811498026,0.6289250803795658,1.0,0.0,40.0,12,noise_scale,0.25,1311.6430096580852,,,,
S1-E5,PA fluence-compensated,sO2,1.436616872635834,-1.4317075226337226,1.4317075226337226,1.6409185109848567,-1.6642927903037403,-1.1991222549637046,1.0,0.0,40.0,12,noise_scale,0.25,1311.6430096580852,,,,
S1-E5,Proposed EKF,sO2,1.0103372002345041,-0.9915215405697462,0.9915215405697462,1.9062006207037352,-1.3719145350922226,-0.6111285460472697,1.0,0.0,40.0,12,noise_scale,0.25,1311.6430096580852,1.0,,,
S1-E5,Rectal proxy,T,0.8853334980918699,-0.8776506458850531,0.8776506458850531,1.2328841830912793,-1.1057591696621276,-0.6495421221079788,,,,12,noise_scale,0.25,1311.6430096580852,,0.19262098135125696,,
S1-E5,Scalp thermistor,T,3.351859459780736,-3.346747143082688,3.346747143082688,3.8435537356913336,-3.7094551833202623,-2.984039102845114,,,,12,noise_scale,0.25,1311.6430096580852,,0.29266972982791767,,
S1-E5,PA amplitude (800 nm),T,8.667311435950692,-7.566948902649115,7.566983675750432,18.3669567180973,-15.850951410590223,0.7170536052919942,,,,12,noise_scale,0.25,1311.6430096580852,,8.443442366997834,,
S1-E5,Echo shift only,T,0.56478282745752,0.5419876145682185,0.547548257499237,0.7186854294112948,0.2306678640937032,0.8533073650427339,,,,12,noise_scale,0.25,1311.6430096580852,,0.8151062189353891,,
S1-E5,Proposed EKF,T,0.5957879641402015,0.5730678013163302,0.5778278056003234,0.7673500731942937,0.25366240240288024,0.8924732002297802,,,,12,noise_scale,0.25,1311.6430096580852,1.0,0.8430836429069899,0.3606657928685071,0.004031587767607877
S1-E5,NIRS rScO2,sO2,4.74600936840808,4.30446215108922,4.3351176418549295,11.627726975899566,0.38631943879847974,8.22260486337996,1.0,0.5004633920296571,20.0,13,noise_scale,0.25,716.5299802062862,,,,
S1-E5,PA linear unmixing,sO2,0.6419534923026676,-0.3634173024610653,0.4822102334141843,3.276216112450825,-1.4006113583439048,0.6737767534217741,1.0,0.0,20.0,13,noise_scale,0.25,716.5299802062862,,,,
S1-E5,PA fluence-compensated,sO2,1.9231753145675778,-1.91540353770859,1.91540353770859,2.3291178758094833,-2.2539368931996986,-1.5768701822174813,1.0,0.0,20.0,13,noise_scale,0.25,716.5299802062862,,,,
S1-E5,Proposed EKF,sO2,0.3443645801668627,-0.2771455835640573,0.2915162169491831,1.7515468377932275,-0.6777596567911169,0.12346848966300247,1.0,0.0,20.0,13,noise_scale,0.25,716.5299802062862,1.0,,,
S1-E5,Rectal proxy,T,0.91852577430698,-0.9118838571067917,0.9118838571067917,1.3371799094409624,-1.1279948935430875,-0.6957728206704957,,,,13,noise_scale,0.25,716.5299802062862,,0.2002859351674398,,
S1-E5,Scalp thermistor,T,3.36705621993394,-3.3626433769305044,3.3626433769305044,3.9227734693076783,-3.700407213438268,-3.0248795404227407,,,,13,noise_scale,0.25,716.5299802062862,,0.34314647520788183,,
S1-E5,PA amplitude (800 nm),T,5.809415771037185,-4.538655235315878,4.678478359998966,16.050863991469612,-11.646167715386243,2.5688572447544864,,,,13,noise_scale,0.25,716.5299802062862,,5.533848289509764,,
S1-E5,Echo shift only,T,0.07931053458739455,-0.04759237320082121,0.05364416286206551,0.3585168840654305,-0.17194239345059584,0.07675764704895341,,,,13,noise_scale,0.25,716.5299802062862,,0.31733133845564104,,
S1-E5,Proposed EKF,T,0.06945906674252769,-0.003265860902429295,0.04856199690111198,0.35808285718815824,-0.13925506370233792,0.1327233418974793,,,,13,noise_scale,0.25,716.5299802062862,1.0,0.3615369925174129,0.3609089635477596,0.07173458516060784
S1-E5,NIRS rScO2,sO2,5.215579632087442,4.827497299039109,4.83269919343412,12.74449780541519,0.9580280260511844,8.696966572027033,1.0,0.0,20.0,14,noise_scale,0.25,892.6487920901915,,,,
S1-E5,PA linear unmixing,sO2,0.6813779546826506,0.5584637370714975,0.5684859858025917,2.907955888166147,-0.2066751060468084,1.3236025801898037,1.0,0.0,20.0,14,noise_scale,0.25,892.6487920901915,,,,
S1-E5,PA fluence-compensated,sO2,0.9828890591761588,-0.9716326593047361,0.9716326593047361,1.3805582611236544,-1.2623534411624175,-0.6809118774470545,1.0,0.0,20.0,14,noise_scale,0.25,892.6487920901915,,,,
S1-E5,Proposed EKF,sO2,0.9665784717442951,-0.9164632171640732,0.9247322745044676,2.546972837062045,-1.518566519680415,-0.31435991464773133,1.0,0.0,40.0,14,noise_scale,0.25,892.6487920901915,1.0,,,
S1-E5,Rectal proxy,T,0.8382215812931114,-0.8304077565430197,0.8304077565430197,1.3408672234593482,-1.0542117554425223,-0.606603757643517,,,,14,noise_scale,0.25,892.6487920901915,,0.13531311019026013,,
S1-E5,Scalp thermistor,T,2.026585014792535,-2.0172915009923322,2.0172915009923322,2.670519177013901,-2.3972577207877985,-1.6373252811968657,,,,14,noise_scale,0.25,892.6487920901915,,0.19954852165090933,,
S1-E5,PA amplitude (800 nm),T,7.3024112612739245,-5.967518761523927,5.983891487168022,17.275250718952428,-14.216751072297681,2.2817135492498277,,,,14,noise_scale,0.25,892.6487920901915,,7.099515830376211,,
S1-E5,Echo shift only,T,0.22266893143540836,-0.22111362719506203,0.22111362719506203,0.29655815704083466,-0.2726067065816599,-0.1696205478084641,,,,14,noise_scale,0.25,892.6487920901915,,0.03910008870923142,,
S1-E5,Proposed EKF,T,0.20813312523620667,-0.20657321562093148,0.20665541852637231,0.28160773409793194,-0.2564244741421505,-0.15672195709971243,,,,14,noise_scale,0.25,892.6487920901915,1.0,0.05220335357748946,0.38692951252424596,0.014878020895558345
S1-E5,NIRS rScO2,sO2,13.001788984664287,12.863115740770468,12.863115740770468,18.18720994794384,9.151116743073425,16.57511473846751,1.0,0.3336422613531047,20.0,15,noise_scale,0.25,997.941346775535,,,,
S1-E5,PA linear unmixing,sO2,0.9184897667788618,0.8372580181573083,0.837377237475055,2.899917158273019,0.09705638836846037,1.5774596479461562,1.0,0.0,20.0,15,noise_scale,0.25,997.941346775535,,,,
S1-E5,PA fluence-compensated,sO2,0.6724560256064138,-0.6631542561068197,0.6631542561068197,0.939258863102499,-0.8816176794811312,-0.44469083273250815,1.0,0.0,20.0,15,noise_scale,0.25,997.941346775535,,,,
S1-E5,Proposed EKF,sO2,0.4463173005669062,0.39574550379912493,0.3975554114130774,1.4953069183401058,-0.008720948205913088,0.8002119558041629,1.0,0.0,20.0,15,noise_scale,0.25,997.941346775535,1.0,,,
S1-E5,Rectal proxy,T,0.5796153591280528,-0.5660931263471503,0.5660931263471503,0.974065800057268,-0.8100524047589455,-0.32213384793535504,,,,15,noise_scale,0.25,997.941346775535,,0.26455119492323753,,
S1-E5,Scalp thermistor,T,1.996619148703865,-1.9874122626003967,1.9874122626003967,2.5353744592830694,-2.3627945994700643,-1.6120299257307293,,,,15,noise_scale,0.25,997.941346775535,,0.21962046441068384,,
S1-E5,PA amplitude (800 nm),T,7.8553553209236995,-6.673549990012208,6.673634842829554,16.953685213498385,-14.795222816202866,1.4481228361784515,,,,15,noise_scale,0.25,997.941346775535,,7.894319338484481,,
S1-E5,Echo shift only,T,0.8031650667960856,0.7895375623462447,0.7895375623462447,0.958334095453921,0.5007811840330366,1.078293940659453,,,,15,noise_scale,0.25,997.941346775535,,0.7581685823141545,,
S1-E5,Proposed EKF,T,0.8862905533295679,0.8701550031260579,0.8701550031260579,1.0980120514135905,0.5401919547471983,1.2001180515049175,,,,15,noise_scale,0.25,997.941346775535,1.0,0.8402061242562768,1.6905992186338452,0.006994423722568228
S1-E5,NIRS rScO2,sO2,8.62144095062342,8.412268426306783,8.412268426306783,15.601218738468381,4.712598266473575,12.111938586139992,1.0,0.0,20.0,16,noise_scale,0.25,1040.484284303401,,,,
S1-E5,PA linear unmixing,sO2,0.9647763596626096,0.8888090399398274,0.8888090399398274,3.2012162904344166,0.15332073177021363,1.6242973481094412,1.0,0.0,40.0,16,noise_scale,0.25,1040.484284303401,,,,
S1-E5,PA fluence-compensated,sO2,0.48563142095190615,-0.48206543624123793,0.48206543624123793,0.6643391349843153,-0.5972025862198395,-0.3669282862626364,1.0,0.0,20.0,16,noise_scale,0.25,1040.484284303401,,,,
S1-E5,Proposed EKF,sO2,0.31014616922228816,0.2197116979446576,0.2389559985909406,2.4959987041421883,-0.20933322461325884,0.6487566205025741,1.0,0.0,40.0,16,noise_scale,0.25,1040.484284303401,1.0,,,
S1-E5,Rectal proxy,T,0.6015347167956765,-0.5901674490788689,0.5901674490788689,0.9959929415938262,-0.8182898742359849,-0.36204502392175286,,,,16,noise_scale,0.25,1040.484284303401,,0.28164420806981627,,
S1-E5,Scalp thermistor,T,2.4426312026942023,-2.433818939794468,2.433818939794468,3.021420477468755,-2.8401234919245355,-2.0275143876644006,,,,16,noise_scale,0.25,1040.484284303401,,0.34864352231491846,,
S1-E5,PA amplitude (800 nm),T,6.116932329213176,-5.006375604143538,5.036829639197827,16.394885069721276,-11.8951731999408,1.8824219916537226,,,,16,noise_scale,0.25,1040.484284303401,,6.175221698490088,,
S1-E5,Echo shift only,T,0.03535874018030318,-0.0017487776714422555,0.027194709959527483,0.16777921806954055,-0.07096709505508883,0.06746953971220432,,,,16,noise_scale,0.25,1040.484284303401,,0.080916809764641,,
S1-E5,Proposed EKF,T,0.18181993418265058,0.08181682463227588,0.11205555066039773,0.5574941619729543,-0.2364312650374855,0.4000649143020373,,,,16,noise_scale,0.25,1040.484284303401,0.9787037037037037,0.16275443864250716,0.3781046411992415,0.012579507531446862
S1-E5,NIRS rScO2,sO2,10.205526315163986,10.021330654563595,10.021330654563595,16.945459602508638,6.238124823597045,13.804536485530145,1.0,0.16682113067655235,20.0,17,noise_scale,0.25,1009.882342922934,,,,
S1-E5,PA linear unmixing,sO2,1.1745261502036761,1.0858497368383264,1.086098635181929,3.060822237178651,0.2083429909492748,1.9633564827273777,1.0,0.0,20.0,17,noise_scale,0.25,1009.882342922934,,,,
S1-E5,PA fluence-compensated,sO2,0.1825074226538617,0.06913041627182374,0.13339594714357902,1.7679398775164334,-0.2619294517459958,0.4001902842896433,1.0,0.0,20.0,17,noise_scale,0.25,1009.882342922934,,,,
S1-E5,Proposed EKF,sO2,0.34649992785216416,0.07987733399181259,0.2154669015423601,4.578269308872507,-0.5809706418086287,0.7407253097922538,1.0,0.0,20.0,17,noise_scale,0.25,1009.882342922934,0.9981481481481481,,,
S1-E5,Rectal proxy,T,1.00949376871113,-1.002697749718974,1.002697749718974,1.3739878610328802,-1.2318995477992862,-0.7734959516386617,,,,17,noise_scale,0.25,1009.882342922934,,0.29073334143968,,
S1-E5,Scalp thermistor,T,3.621376514045047,-3.6162188829090516,3.6162188829090516,4.2808754036959655,-3.9949041084632237,-3.2375336573548794,,,,17,noise_scale,0.25,1009.882342922934,,0.2938702483822087,,
S1-E5,PA amplitude (800 nm),T,8.990596601038842,-8.310222944854852,8.310222944854852,19.296012962989256,-15.034771817212649,-1.5856740724970546,,,,17,noise_scale,0.25,1009.882342922934,,8.650496922855393,,
S1-E5,Echo shift only,T,0.5641269769449161,-0.562196860746129,0.562196860746129,0.6553164302975816,-0.6535828120339058,-0.47081090945835213,,,,17,noise_scale,0.25,1009.882342922934,,0.19856310884144554,,
S1-E5,Proposed EKF,T,0.5223715399445806,-0.5042767966422446,0.5043292256203156,0.6815949236683352,-0.7714193904984946,-0.2371342027859945,,,,17,noise_scale,0.25,1009.882342922934,0.6453703703703704,0.19313345890762593,0.512439479840644,0.053066898810191804
S1-E5,NIRS rScO2,sO2,9.539068013267782,9.368847704254431,9.368847704254431,16.044678613771126,5.852566594622774,12.88512881388609,1.0,0.16682113067655235,20.0,10,noise_scale,4.0,231.7543646399508,,,,
S1-E5,PA linear unmixing,sO2,0.7026226393469293,0.5050803140536301,0.5742000075929821,3.127415028164926,-0.45225971053756925,1.4624203386448293,1.0,0.0,20.0,10,noise_scale,4.0,231.7543646399508,,,,
S1-E5,PA fluence-compensated,sO2,2.008801837556012,-1.9780267954010582,1.9780267954010582,3.184752110173783,-2.6645720725729993,-1.2914815182291175,1.0,0.0,20.0,10,noise_scale,4.0,231.7543646399508,,,,
S1-E5,Proposed EKF,sO2,1.107468808976313,-1.0572870049185197,1.0659793499720216,3.9046741881324842,-1.703288709384506,-0.41128530045253336,1.0,0.0,20.0,10,noise_scale,4.0,231.7543646399508,0.9990740740740741,,,
S1-E5,Rectal proxy,T,0.7391534019025491,-0.7307349146558089,0.7307349146558089,1.1338765372603419,-0.9487644199950153,-0.5127054093166025,,,,10,noise_scale,4.0,231.7543646399508,,0.148394120411275,,
S1-E5,Scalp thermistor,T,2.8003387613413784,-2.79317109932358,2.79317109932358,3.3338297218272785,-3.1856235402779474,-2.400718658369213,,,,10,noise_scale,4.0,231.7543646399508,,0.25993961836569845,,
S1-E5,PA amplitude (800 nm),T,7.461315616015163,-6.851089997601941,6.851089997601941,15.284305439279922,-12.64347749241441,-1.0587025027894708,,,,10,noise_scale,4.0,231.7543646399508,,7.263979236992033,,
S1-E5,Echo shift only,T,0.05017844611397553,0.0022461186220812833,0.036320167039257646,0.2528744576527231,-0.09600505504803745,0.10049729229220002,,,,10,noise_scale,4.0,231.7543646399508,,0.22340183787006704,,
S1-E5,Proposed EKF,T,0.13603668241564312,0.05817212492959862,0.09443226894746674,0.44765776220441467,-0.18285195953678052,0.29919620939597774,,,,10,noise_scale,4.0,231.7543646399508,1.0,0.30176555153915274,0.36277768238741953,0.06430262055071301
S1-E5,NIRS rScO2,sO2,10.105343914837867,9.911969560079317,9.911969560079317,18.564374881313405,6.0557797264979225,13.768159393660712,1.0,0.5004633920296571,20.0,11,noise_scale,4.0,426.67430858543133,,,,
S1-E5,PA linear unmixing,sO2,0.5641392889033163,-0.5120432113779549,0.5215925375843065,1.1697768916417162,-0.9761325021065095,-0.04795392064940027,1.0,0.0,20.0,11,noise_scale,4.0,426.67430858543133,,,,
S1-E5,PA fluence-compensated,sO2,2.1688390466347407,-2.14890671365292,2.14890671365292,3.07099149816924,-2.7239011883199042,-1.5739122389859361,1.0,0.0,20.0,11,noise_scale,4.0,426.67430858543133,,,,
S1-E5,Proposed EKF,sO2,1.6995983972935966,-1.6534836330459473,1.6547599930588786,4.665745339654892,-2.424206344463703,-0.8827609216281913,1.0,0.0,40.0,11,noise_scale,4.0,426.67430858543133,0.9916666666666667,,,
S1-E5,Rectal proxy,T,0.599625109421067,-0.5835678570073269,0.5835678570073269,0.9206357333113786,-0.8537268807152526,-0.3134088332994013,,,,11,noise_scale,4.0,426.67430858543133,,0.3803866039984471,,
S1-E5,Scalp thermistor,T,2.0857490193520256,-2.0764092269274523,2.0764092269274523,2.7859109800701383,-2.4628509212295104,-1.6899675326253942,,,,11,noise_scale,4.0,426.67430858543133,,0.3290599607319201,,
S1-E5,PA amplitude (800 nm),T,8.038939438384034,-6.617168840978044,6.617322872865359,21.71305961174351,-15.564225098891095,2.329887416935007,,,,11,noise_scale,4.0,426.67430858543133,,8.10754347194505,,
S1-E5,Echo shift only,T,0.32515134902252446,0.31984178333704477,0.31984178333704477,0.42724669401111726,0.20514186319426936,0.4345417034798202,,,,11,noise_scale,4.0,426.67430858543133,,0.24379243085961352,,
S1-E5,Proposed EKF,T,0.36953388285389127,0.36175203560820485,0.36175203560820485,0.661380762371266,0.21389532929967184,0.5096087419167379,,,,11,noise_scale,4.0,426.67430858543133,0.9953703703703703,0.28389618968219005,0.11590305539752484,0.06744119540120815
S1-E5,NIRS rScO2,sO2,7.628872987089102,7.4051172205316,7.4051172205316,13.069398623896545,3.8102709651306625,10.999963475932537,1.0,0.6672845227062094,20.0,12,noise_scale,4.0,403.4886433151528,,,,
S1-E5,PA linear unmixing,sO2,0.36062054895854107,0.2839085582604847,0.3015858450225832,1.4235329963524723,-0.15191325710381776,0.7197303736247872,1.0,0.0,40.0,12,noise_scale,4.0,403.4886433151528,,,,
S1-E5,PA fluence-compensated,sO2,1.4457704316033337,-1.4316616222654421,1.4316616222654421,1.9739523250723923,-1.8265767700004174,-1.0367464745304666,1.0,0.0,40.0,12,noise_scale,4.0,403.4886433151528,,,,
S1-E5,Proposed EKF,sO2,1.037902191409904,-1.0033664490437137,1.0048888934853957,3.148741465589844,-1.5237703592648448,-0.4829625388225826,1.0,0.0,40.0,12,noise_scale,4.0,403.4886433151528,0.9990740740740741,,,
S1-E5,Rectal proxy,T,0.8853334980918699,-0.8776506458850531,0.8776506458850531,1.2328841830912793,-1.1057591696621276,-0.6495421221079788,,,,12,noise_scale,4.0,403.4886433151528,,0.19262098135125696,,
S1-E5,Scalp thermistor,T,3.351859459780736,-3.346747143082688,3.346747143082688,3.8435537356913336,-3.7094551833202623,-2.984039102845114,,,,12,noise_scale,4.0,403.4886433151528,,0.29266972982791767,,
S1-E5,PA amplitude (800 nm),T,8.633974807918095,-7.5246649724956445,7.524859105252476,18.2966701766707,-15.82288417645914,0.7735542314678518,,,,12,noise_scale,4.0,403.4886433151528,,8.41051295009603,,
S1-E5,Echo shift only,T,0.56478282745752,0.5419876145682185,0.547548257499237,0.7186854294112948,0.2306678640937032,0.8533073650427339,,,,12,noise_scale,4.0,403.4886433151528,,0.8151062189353891,,
S1-E5,Proposed EKF,T,0.59024548272777,0.571314668133724,0.5737166997562709,0.9747548754207997,0.2806705257636997,0.8619588105037483,,,,12,noise_scale,4.0,403.4886433151528,0.3972222222222222,0.8390812392210234,0.30053467570414705,0.004669353459178369
S1-E5,NIRS rScO2,sO2,4.74600936840808,4.30446215108922,4.3351176418549295,11.627726975899566,0.38631943879847974,8.22260486337996,1.0,0.5004633920296571,20.0,13,noise_scale,4.0,207.62932523254685,,,,
S1-E5,PA linear unmixing,sO2,0.6785389736911135,-0.35265167922800195,0.5228748562961205,3.3135012019906207,-1.488863412049,0.7835600535929962,1.0,0.0,20.0,13,noise_scale,4.0,207.62932523254685,,,,
S1-E5,PA fluence-compensated,sO2,1.9335343684012956,-1.9006278692561538,1.9006278692561538,3.2771598442999927,-2.596824880690516,-1.2044308578217917,1.0,0.0,20.0,13,noise_scale,4.0,207.62932523254685,,,,
S1-E5,Proposed EKF,sO2,0.46688519527734623,-0.2899046825459295,0.3653596960246765,3.104049446024071,-1.0072139687177122,0.4274046036258531,1.0,0.0,40.0,13,noise_scale,4.0,207.62932523254685,0.9981481481481481,,,
S1-E5,Rectal proxy,T,0.91852577430698,-0.9118838571067917,0.9118838571067917,1.3371799094409624,-1.1279948935430875,-0.6957728206704957,,,,13,noise_scale,4.0,207.62932523254685,,0.2002859351674398,,
S1-E5,Scalp thermistor,T,3.36705621993394,-3.3626433769305044,3.3626433769305044,3.9227734693076783,-3.700407213438268,-3.0248795404227407,,,,13,noise_scale,4.0,207.62932523254685,,0.34314647520788183,,
S1-E5,PA amplitude (800 nm),T,5.889558322405872,-4.646402373961207,4.764714416732199,16.35864501597062,-11.739826839101331,2.4470220911789173,,,,13,noise_scale,4.0,207.62932523254685,,5.611043056930384,,
S1-E5,Echo shift only,T,0.07931053458739455,-0.04759237320082121,0.05364416286206551,0.3585168840654305,-0.17194239345059584,0.07675764704895341,,,,13,noise_scale,4.0,207.62932523254685,,0.31733133845564104,,
S1-E5,Proposed EKF,T,0.10181142168990082,0.008088390033743625,0.07539047268363078,0.3613793422421594,-0.19083127062620103,0.20700805069368827,,,,13,noise_scale,4.0,207.62932523254685,1.0,0.38315342713628336,0.37135190448329114,0.06961137295244904
S1-E5,NIRS rScO2,sO2,5.215579632087442,4.827497299039109,4.83269919343412,12.74449780541519,0.9580280260511844,8.696966572027033,1.0,0.0,20.0,14,noise_scale,4.0,268.6509974864759,,,,
S1-E5,PA linear unmixing,sO2,0.6971730015293991,0.5530774717874116,0.5770675709240861,2.96678873075803,-0.27883922186394455,1.3849941654387679,1.0,0.0,20.0,14,noise_scale,4.0,268.6509974864759,,,,
S1-E5,PA fluence-compensated,sO2,1.0077989735734225,-0.9777182791611025,0.9777182791611025,1.8619415797275773,-1.4567197343396538,-0.4987168239825512,1.0,0.0,20.0,14,noise_scale,4.0,268.6509974864759,,,,
S1-E5,Proposed EKF,sO2,0.5754779077116071,-0.455228125610202,0.48961734198777274,3.995031102871127,-1.145254402649609,0.23479815142920507,1.0,0.0,40.0,14,noise_scale,4.0,268.6509974864759,0.9990740740740741,,,
S1-E5,Rectal proxy,T,0.8382215812931114,-0.8304077565430197,0.8304077565430197,1.3408672234593482,-1.0542117554425223,-0.606603757643517,,,,14,noise_scale,4.0,268.6509974864759,,0.13531311019026013,,
S1-E5,Scalp thermistor,T,2.026585014792535,-2.0172915009923322,2.0172915009923322,2.670519177013901,-2.3972577207877985,-1.6373252811968657,,,,14,noise_scale,4.0,268.6509974864759,,0.19954852165090933,,
S1-E5,PA amplitude (800 nm),T,7.228130079832431,-5.8637449548137415,5.893650632295188,17.13103385426107,-14.14746636912075,2.4199764594932667,,,,14,noise_scale,4.0,268.6509974864759,,7.026783128872397,,
S1-E5,Echo shift only,T,0.22266893143540836,-0.22111362719506203,0.22111362719506203,0.29655815704083466,-0.2726067065816599,-0.1696205478084641,,,,14,noise_scale,4.0,268.6509974864759,,0.03910008870923142,,
S1-E5,Proposed EKF,T,0.21801538003688645,-0.18717084703038264,0.19815204331176242,0.416452179253362,-0.40628604840497146,0.03194435434420617,,,,14,noise_scale,4.0,268.6509974864759,1.0,0.13027906174397438,0.42614979790171936,0.015851048802717867
S1-E5,NIRS rScO2,sO2,13.001788984664287,12.863115740770468,12.863115740770468,18.18720994794384,9.151116743073425,16.57511473846751,1.0,0.3336422613531047,20.0,15,noise_scale,4.0,288.8577092131947,,,,
S1-E5,PA linear unmixing,sO2,0.9397652734631344,0.8391477610854668,0.8415070561581932,3.154176372536849,0.009926902632672631,1.668368619538261,1.0,0.0,20.0,15,noise_scale,4.0,288.8577092131947,,,,
S1-E5,PA fluence-compensated,sO2,0.7078263559027733,-0.6608216397363023,0.6614729558214977,1.6340986648858302,-1.157954729797215,-0.1636885496753896,1.0,0.0,20.0,15,noise_scale,4.0,288.8577092131947,,,,
S1-E5,Proposed EKF,sO2,0.3882198068929313,0.24816041304383574,0.31244274338832667,1.6766665724320506,-0.3369940594113154,0.8333148854989869,1.0,0.0,20.0,15,noise_scale,4.0,288.8577092131947,1.0,,,
S1-E5,Rectal proxy,T,0.5796153591280528,-0.5660931263471503,0.5660931263471503,0.974065800057268,-0.8100524047589455,-0.32213384793535504,,,,15,noise_scale,4.0,288.8577092131947,,0.26455119492323753,,
S1-E5,Scalp thermistor,T,1.996619148703865,-1.9874122626003967,1.9874122626003967,2.5353744592830694,-2.3627945994700643,-1.6120299257307293,,,,15,noise_scale,4.0,288.8577092131947,,0.21962046441068384,,
S1-E5,PA amplitude (800 nm),T,7.946407488143739,-6.791968686008726,6.792053538826073,17.06283520855919,-14.876714080590306,1.2927767085728537,,,,15,noise_scale,4.0,288.8577092131947,,7.985606713357044,,
S1-E5,Echo shift only,T,0.8031650667960856,0.7895375623462447,0.7895375623462447,0.958334095453921,0.5007811840330366,1.078293940659453,,,,15,noise_scale,4.0,288.8577092131947,,0.7581685823141545,,
S1-E5,Proposed EKF,T,0.8452084263377934,0.8305634232648972,0.8305634232648972,1.1443418397133769,0.523514025252245,1.1376128212775494,,,,15,noise_scale,4.0,288.8577092131947,0.5916666666666667,0.8033088389732069,1.1984466699225464,0.01692344732552418
S1-E5,NIRS rScO2,sO2,8.62144095062342,8.412268426306783,8.412268426306783,15.601218738468381,4.712598266473575,12.111938586139992,1.0,0.0,20.0,16,noise_scale,4.0,326.210142182397,,,,
S1-E5,PA linear unmixing,sO2,0.9773568268409706,0.8925622052555836,0.8932983458095327,3.2917735098067946,0.11210045146171146,1.6730239590494558,1.0,0.0,40.0,16,noise_scale,4.0,326.210142182397,,,,
S1-E5,PA fluence-compensated,sO2,0.5120318487129976,-0.4773394750518338,0.47830723658733004,1.1056259712166505,-0.8404616226738357,-0.11421732742983187,1.0,0.0,20.0,16,noise_scale,4.0,326.210142182397,,,,
S1-E5,Proposed EKF,sO2,0.35381531251350146,0.24545700362336864,0.27588933302376895,2.4785923562110734,-0.2540013582267869,0.7449153654735242,1.0,0.0,40.0,16,noise_scale,4.0,326.210142182397,1.0,,,
S1-E5,Rectal proxy,T,0.6015347167956765,-0.5901674490788689,0.5901674490788689,0.9959929415938262,-0.8182898742359849,-0.36204502392175286,,,,16,noise_scale,4.0,326.210142182397,,0.28164420806981627,,
S1-E5,Scalp thermistor,T,2.4426312026942023,-2.433818939794468,2.433818939794468,3.021420477468755,-2.8401234919245355,-2.0275143876644006,,,,16,noise_scale,4.0,326.210142182397,,0.34864352231491846,,
S1-E5,PA amplitude (800 nm),T,6.127915292799402,-5.019232046124336,5.049162603867213,16.342815719802694,-11.90958842151425,1.8711243292655793,,,,16,noise_scale,4.0,326.210142182397,,6.186248844216315,,
S1-E5,Echo shift only,T,0.03535874018030318,-0.0017487776714422555,0.027194709959527483,0.16777921806954055,-0.07096709505508883,0.06746953971220432,,,,16,noise_scale,4.0,326.210142182397,,0.080916809764641,,
S1-E5,Proposed EKF,T,0.1798432368464382,0.07135007678081536,0.11009127001507268,0.5548494990006105,-0.2522147373137824,0.3949148908754131,,,,16,noise_scale,4.0,326.210142182397,0.9796296296296296,0.1650881123344675,0.34237568667898743,0.011980098709242545
S1-E5,NIRS rScO2,sO2,10.205526315163986,10.021330654563595,10.021330654563595,16.945459602508638,6.238124823597045,13.804536485530145,1.0,0.16682113067655235,20.0,17,noise_scale,4.0,299.3068493282439,,,,
S1-E5,PA linear unmixing,sO2,1.191201563528511,1.0888378819686746,1.090887514666501,3.018517732513548,0.14194642089042173,2.0357293430469277,1.0,0.0,20.0,17,noise_scale,4.0,299.3068493282439,,,,
S1-E5,PA fluence-compensated,sO2,0.2819050608108694,0.072745218642268,0.21526318537079614,1.8215185816142176,-0.4610754405871778,0.6065658778717138,1.0,0.0,20.0,17,noise_scale,4.0,299.3068493282439,,,,
S1-E5,Proposed EKF,sO2,0.48887553778802867,0.31074422050967687,0.37796900152865004,4.5406307674852435,-0.42897681599265186,1.0504652570120054,1.0,0.0,20.0,17,noise_scale,4.0,299.3068493282439,0.9981481481481481,,,
S1-E5,Rectal proxy,T,1.00949376871113,-1.002697749718974,1.002697749718974,1.3739878610328802,-1.2318995477992862,-0.7734959516386617,,,,17,noise_scale,4.0,299.3068493282439,,0.29073334143968,,
S1-E5,Scalp thermistor,T,3.621376514045047,-3.6162188829090516,3.6162188829090516,4.2808754036959655,-3.9949041084632237,-3.2375336573548794,,,,17,noise_scale,4.0,299.3068493282439,,0.2938702483822087,,
S1-E5,PA amplitude (800 nm),T,9.015858488921625,-8.338886580401837,8.338886580401837,19.281991298112963,-15.057049235697605,-1.620723925106069,,,,17,noise_scale,4.0,299.3068493282439,,8.675529359226232,,
S1-E5,Echo shift only,T,0.5641269769449161,-0.562196860746129,0.562196860746129,0.6553164302975816,-0.6535828120339058,-0.47081090945835213,,,,17,noise_scale,4.0,299.3068493282439,,0.19856310884144554,,
S1-E5,Proposed EKF,T,0.5214500568207264,-0.5033555851163359,0.5034128294396274,0.6808418570468078,-0.7702563258390611,-0.23645484439361075,,,,17,noise_scale,4.0,299.3068493282439,0.6481481481481481,0.1924918462306123,0.49858868850165644,0.05247378064164469
S1-E5,NIRS rScO2,sO2,9.539068013267782,9.368847704254431,9.368847704254431,16.044678613771126,5.852566594622774,12.88512881388609,1.0,0.16682113067655235,20.0,10,noise_scale,16.0,117.00525758323354,,,,
S1-E5,PA linear unmixing,sO2,0.8175734764023616,0.49852176585847874,0.6573645932548258,3.46712962491319,-0.7715558722818363,1.768599403998794,1.0,0.0,20.0,10,noise_scale,16.0,117.00525758323354,,,,
S1-E5,PA fluence-compensated,sO2,2.0799400886030988,-1.9765077026611837,1.9777715857571894,4.08134516130395,-3.2460795640202864,-0.7069358413020806,1.0,0.0,20.0,10,noise_scale,16.0,117.00525758323354,,,,
S1-E5,Proposed EKF,sO2,1.2201985554307262,-1.1064612115895378,1.1197956363546138,3.8311284050834726,-2.1147247269205063,-0.09819769625856942,1.0,0.0,20.0,10,noise_scale,16.0,117.00525758323354,0.9990740740740741,,,
S1-E5,Rectal proxy,T,0.7391534019025491,-0.7307349146558089,0.7307349146558089,1.1338765372603419,-0.9487644199950153,-0.5127054093166025,,,,10,noise_scale,16.0,117.00525758323354,,0.148394120411275,,
S1-E5,Scalp thermistor,T,2.8003387613413784,-2.79317109932358,2.79317109932358,3.3338297218272785,-3.1856235402779474,-2.400718658369213,,,,10,noise_scale,16.0,117.00525758323354,,0.25993961836569845,,
S1-E5,PA amplitude (800 nm),T,7.501873727860629,-6.892516464882503,6.892516464882503,15.258891652417336,-12.697335735857136,-1.0876971939078697,,,,10,noise_scale,16.0,117.00525758323354,,7.30441110878096,,
S1-E5,Echo shift only,T,0.05017844611397553,0.0022461186220812833,0.036320167039257646,0.2528744576527231,-0.09600505504803745,0.10049729229220002,,,,10,noise_scale,16.0,117.00525758323354,,0.22340183787006704,,
S1-E5,Proposed EKF,T,0.1360349158316795,0.05815263299553581,0.09444897284556401,0.44776222604573945,-0.18288569030445986,0.2991909562955315,,,,10,noise_scale,16.0,117.00525758323354,1.0,0.3015909220902534,0.36377095839432827,0.06444639402858911
S1-E5,NIRS rScO2,sO2,10.105343914837867,9.911969560079317,9.911969560079317,18.564374881313405,6.0557797264979225,13.768159393660712,1.0,0.5004633920296571,20.0,11,noise_scale,16.0,217.75416562019348,,,,
S1-E5,PA linear unmixing,sO2,0.6122162730050872,-0.5142333673410668,0.5416565878472865,1.6606504851028103,-1.16539247421137,0.13692573952923637,1.0,0.0,20.0,11,noise_scale,16.0,217.75416562019348,,,,
S1-E5,PA fluence-compensated,sO2,2.1888437698719163,-2.15084480670105,2.15084480670105,3.753216382624569,-2.946768122617891,-1.3549214907842089,1.0,0.0,20.0,11,noise_scale,16.0,217.75416562019348,,,,
S1-E5,Proposed EKF,sO2,1.729695359086481,-1.6684702451294553,1.669748864573288,4.829283988772259,-2.562481821204379,-0.7744586690545315,1.0,0.0,40.0,11,noise_scale,16.0,217.75416562019348,0.9787037037037037,,,
S1-E5,Rectal proxy,T,0.599625109421067,-0.5835678570073269,0.5835678570073269,0.9206357333113786,-0.8537268807152526,-0.3134088332994013,,,,11,noise_scale,16.0,217.75416562019348,,0.3803866039984471,,
S1-E5,Scalp thermistor,T,2.0857490193520256,-2.0764092269274523,2.0764092269274523,2.7859109800701383,-2.4628509212295104,-1.6899675326253942,,,,11,noise_scale,16.0,217.75416562019348,,0.3290599607319201,,
S1-E5,PA amplitude (800 nm),T,8.05347574026785,-6.6381016709943585,6.638424798513986,21.657627792460904,-15.575804334995116,2.2996009930063996,,,,11,noise_scale,16.0,217.75416562019348,,8.122171361386982,,
S1-E5,Echo shift only,T,0.32515134902252446,0.31984178333704477,0.31984178333704477,0.42724669401111726,0.20514186319426936,0.4345417034798202,,,,11,noise_scale,16.0,217.75416562019348,,0.24379243085961352,,
S1-E5,Proposed EKF,T,0.3886830885361923,0.3751315641250932,0.3751315641250932,0.7791759116479895,0.17572284680495867,0.5745402814452277,,,,11,noise_scale,16.0,217.75416562019348,0.8916666666666667,0.3049535594618986,0.11821459041290037,0.06710550219363746
S1-E5,NIRS rScO2,sO2,7.628872987089102,7.4051172205316,7.4051172205316,13.069398623896545,3.8102709651306625,10.999963475932537,1.0,0.6672845227062094,20.0,12,noise_scale,16.0,205.52622311130912,,,,
S1-E5,PA linear unmixing,sO2,0.43460251149579093,0.282575441560446,0.35122802554023075,1.5079321793864287,-0.3646118775288064,0.9297627606496984,1.0,0.0,40.0,12,noise_scale,16.0,205.52622311130912,,,,
S1-E5,PA fluence-compensated,sO2,1.474901274678609,-1.4317255214600575,1.4324284303514845,2.442368987179322,-2.126063097914251,-0.7373879450058638,1.0,0.0,40.0,12,noise_scale,16.0,205.52622311130912,,,,
S1-E5,Proposed EKF,sO2,1.0756121164844494,-1.015410182388231,1.0187870423001755,3.2581712806760477,-1.710819692245237,-0.32000067253122505,1.0,0.0,40.0,12,noise_scale,16.0,205.52622311130912,0.9990740740740741,,,
S1-E5,Rectal proxy,T,0.8853334980918699,-0.8776506458850531,0.8776506458850531,1.2328841830912793,-1.1057591696621276,-0.6495421221079788,,,,12,noise_scale,16.0,205.52622311130912,,0.19262098135125696,,
S1-E5,Scalp thermistor,T,3.351859459780736,-3.346747143082688,3.346747143082688,3.8435537356913336,-3.7094551833202623,-2.984039102845114,,,,12,noise_scale,16.0,205.52622311130912,,0.29266972982791767,,
S1-E5,PA amplitude (800 nm),T,8.588579497842371,-7.466813867999865,7.4688086837222984,18.295118942803438,-15.784788878476313,0.8511611424765819,,,,12,noise_scale,16.0,205.52622311130912,,8.365685709320259,,
S1-E5,Echo shift only,T,0.56478282745752,0.5419876145682185,0.547548257499237,0.7186854294112948,0.2306678640937032,0.8533073650427339,,,,12,noise_scale,16.0,205.52622311130912,,0.8151062189353891,,
S1-E5,Proposed EKF,T,0.6027843229322648,0.5858855501941582,0.5883006553549225,1.035435581946615,0.3080970379079069,0.8636740624804096,,,,12,noise_scale,16.0,205.52622311130912,0.3509259259259259,0.852796302612376,0.2910409125460425,0.00520664321896664
S1-E5,NIRS rScO2,sO2,4.74600936840808,4.30446215108922,4.3351176418549295,11.627726975899566,0.38631943879847974,8.22260486337996,1.0,0.5004633920296571,20.0,13,noise_scale,16.0,105.05700025819927,,,,
S1-E5,PA linear unmixing,sO2,0.8076007134206846,-0.3417456547062657,0.6415567990534847,3.36013579383585,-1.7759364907425694,1.092445181330038,1.0,0.0,20.0,13,noise_scale,16.0,105.05700025819927,,,,
S1-E5,PA fluence-compensated,sO2,1.9951915168707886,-1.8834531162798345,1.88491186311836,4.536238980588814,-3.1737727096787536,-0.5931335228809155,1.0,0.0,20.0,13,noise_scale,16.0,105.05700025819927,,,,
S1-E5,Proposed EKF,sO2,0.6273551663873327,-0.28795982848999313,0.49033339021366423,3.3273347995221303,-1.3803915339012258,0.8044718769212397,1.0,0.0,40.0,13,noise_scale,16.0,105.05700025819927,0.9962962962962963,,,
S1-E5,Rectal proxy,T,0.91852577430698,-0.9118838571067917,0.9118838571067917,1.3371799094409624,-1.1279948935430875,-0.6957728206704957,,,,13,noise_scale,16.0,105.05700025819927,,0.2002859351674398,,
S1-E5,Scalp thermistor,T,3.36705621993394,-3.3626433769305044,3.3626433769305044,3.9227734693076783,-3.700407213438268,-3.0248795404227407,,,,13,noise_scale,16.0,105.05700025819927,,0.34314647520788183,,
S1-E5,PA amplitude (800 nm),T,5.99587199340636,-4.785790045195614,4.880812627802345,16.673227486971868,-11.865350906796653,2.2937708164054262,,,,13,noise_scale,16.0,105.05700025819927,,5.713794032679597,,
S1-E5,Echo shift only,T,0.07931053458739455,-0.04759237320082121,0.05364416286206551,0.3585168840654305,-0.17194239345059584,0.07675764704895341,,,,13,noise_scale,16.0,105.05700025819927,,0.31733133845564104,,
S1-E5,Proposed EKF,T,0.13295532170146404,0.019426644482904456,0.09666318121262363,0.465690261666154,-0.2383690422147655,0.2772223311805744,,,,13,noise_scale,16.0,105.05700025819927,1.0,0.4090564105153882,0.3695343208342819,0.06915808641595084
S1-E5,NIRS rScO2,sO2,5.215579632087442,4.827497299039109,4.83269919343412,12.74449780541519,0.9580280260511844,8.696966572027033,1.0,0.0,20.0,14,noise_scale,16.0,136.46744240728304,,,,
S1-E5,PA linear unmixing,sO2,0.7565160372516315,0.544597588025695,0.6163414247964417,3.069605525702379,-0.4845983592239647,1.5737935352753547,1.0,0.0,20.0,14,noise_scale,16.0,136.46744240728304,,,,
S1-E5,PA fluence-compensated,sO2,1.0758273357611525,-0.9873614070312429,0.9925769170289718,2.732836315868503,-1.8247240302918848,-0.14999878377060083,1.0,0.0,20.0,14,noise_scale,16.0,136.46744240728304,,,,
S1-E5,Proposed EKF,sO2,0.5087801504695241,-0.26879758396821546,0.39700651114226915,3.7769184504084397,-1.115474708709877,0.5778795407734463,1.0,0.0,40.0,14,noise_scale,16.0,136.46744240728304,0.9981481481481481,,,
S1-E5,Rectal proxy,T,0.8382215812931114,-0.8304077565430197,0.8304077565430197,1.3408672234593482,-1.0542117554425223,-0.606603757643517,,,,14,noise_scale,16.0,136.46744240728304,,0.13531311019026013,,
S1-E5,Scalp thermistor,T,2.026585014792535,-2.0172915009923322,2.0172915009923322,2.670519177013901,-2.3972577207877985,-1.6373252811968657,,,,14,noise_scale,16.0,136.46744240728304,,0.19954852165090933,,
S1-E5,PA amplitude (800 nm),T,7.129079720390548,-5.723235450819237,5.779165831940583,16.98212254959776,-14.054585120652229,2.608114219013755,,,,14,noise_scale,16.0,136.46744240728304,,6.9299256414360135,,
S1-E5,Echo shift only,T,0.22266893143540836,-0.22111362719506203,0.22111362719506203,0.29655815704083466,-0.2726067065816599,-0.1696205478084641,,,,14,noise_scale,16.0,136.46744240728304,,0.03910008870923142,,
S1-E5,Proposed EKF,T,0.2187312937709124,-0.17859508575353372,0.20106499231926073,0.4192945801134016,-0.4261080439621694,0.06891787245510198,,,,14,noise_scale,16.0,136.46744240728304,1.0,0.1471588041221602,0.4404746923381924,0.016489010731172926
S1-E5,NIRS rScO2,sO2,13.001788984664287,12.863115740770468,12.863115740770468,18.18720994794384,9.151116743073425,16.57511473846751,1.0,0.3336422613531047,20.0,15,noise_scale,16.0,146.16510375025962,,,,
S1-E5,PA linear unmixing,sO2,0.9970120742023725,0.8387380036610339,0.8640315805619408,3.5005314359697506,-0.21775769908867065,1.8952337064107385,1.0,0.0,20.0,15,noise_scale,16.0,146.16510375025962,,,,
S1-E5,PA fluence-compensated,sO2,0.8154369549462002,-0.6608424349991422,0.692997639856163,2.547519025134881,-1.5971906722141667,0.2755058022158822,1.0,0.0,20.0,15,noise_scale,16.0,146.16510375025962,,,,
S1-E5,Proposed EKF,sO2,0.4485345504337481,0.18584737575904045,0.35131456003146116,2.3401815832824413,-0.6142648504201969,0.9859596019382778,1.0,0.0,20.0,15,noise_scale,16.0,146.16510375025962,1.0,,,
S1-E5,Rectal proxy,T,0.5796153591280528,-0.5660931263471503,0.5660931263471503,0.974065800057268,-0.8100524047589455,-0.32213384793535504,,,,15,noise_scale,16.0,146.16510375025962,,0.26455119492323753,,
S1-E5,Scalp thermistor,T,1.996619148703865,-1.9874122626003967,1.9874122626003967,2.5353744592830694,-2.3627945994700643,-1.6120299257307293,,,,15,noise_scale,16.0,146.16510375025962,,0.21962046441068384,,
S1-E5,PA amplitude (800 nm),T,8.064703471897266,-6.944082956998184,6.94416780981553,17.334730333889702,-14.98227068272621,1.0941047687298422,,,,15,noise_scale,16.0,146.16510375025962,,8.104190558768117,,
S1-E5,Echo shift only,T,0.8031650667960856,0.7895375623462447,0.7895375623462447,0.958334095453921,0.5007811840330366,1.078293940659453,,,,15,noise_scale,16.0,146.16510375025962,,0.7581685823141545,,
S1-E5,Proposed EKF,T,0.840623574864279,0.8307816609253525,0.8307816609253525,1.1674870197282416,0.579398182082378,1.082165139768327,,,,15,noise_scale,16.0,146.16510375025962,0.032407407407407406,0.7985960408609183,0.948733278265372,0.02452338237587332
S1-E5,NIRS rScO2,sO2,8.62144095062342,8.412268426306783,8.412268426306783,15.601218738468381,4.712598266473575,12.111938586139992,1.0,0.0,20.0,16,noise_scale,16.0,166.5164581269299,,,,
S1-E5,PA linear unmixing,sO2,1.0120135531829213,0.8965835019928283,0.9036186831183547,3.411426537103357,-0.023384326425756816,1.8165513304114134,1.0,0.0,40.0,16,noise_scale,16.0,166.5164581269299,,,,
S1-E5,PA fluence-compensated,sO2,0.5963487643381258,-0.47191811892165525,0.5075712495053628,1.701081274502625,-1.1865125558037741,0.24267631796046368,1.0,0.0,20.0,16,noise_scale,16.0,166.5164581269299,,,,
S1-E5,Proposed EKF,sO2,0.43074211584962885,0.2586255569070311,0.3353394278585629,2.499020252693185,-0.41651291378048605,0.9337640275945482,1.0,0.0,40.0,16,noise_scale,16.0,166.5164581269299,1.0,,,
S1-E5,Rectal proxy,T,0.6015347167956765,-0.5901674490788689,0.5901674490788689,0.9959929415938262,-0.8182898742359849,-0.36204502392175286,,,,16,noise_scale,16.0,166.5164581269299,,0.28164420806981627,,
S1-E5,Scalp thermistor,T,2.4426312026942023,-2.433818939794468,2.433818939794468,3.021420477468755,-2.8401234919245355,-2.0275143876644006,,,,16,noise_scale,16.0,166.5164581269299,,0.34864352231491846,,
S1-E5,PA amplitude (800 nm),T,6.141869174981547,-5.034626978075614,5.065025336105257,16.386499326514578,-11.929562703175463,1.8603087470242352,,,,16,noise_scale,16.0,166.5164581269299,,6.200247870390528,,
S1-E5,Echo shift only,T,0.03535874018030318,-0.0017487776714422555,0.027194709959527483,0.16777921806954055,-0.07096709505508883,0.06746953971220432,,,,16,noise_scale,16.0,166.5164581269299,,0.080916809764641,,
S1-E5,Proposed EKF,T,0.17928062024517388,0.06572508262496757,0.11031370419730856,0.5535532182857708,-0.2612000637849211,0.39265022903485625,,,,16,noise_scale,16.0,166.5164581269299,0.9796296296296296,0.16684857402334183,0.3250219299938562,0.011776557715703594
S1-E5,NIRS rScO2,sO2,10.205526315163986,10.021330654563595,10.021330654563595,16.945459602508638,6.238124823597045,13.804536485530145,1.0,0.16682113067655235,20.0,17,noise_scale,16.0,151.77295831636428,,,,
S1-E5,PA linear unmixing,sO2,1.23194708953817,1.089056432343952,1.1063189273938814,3.151333700225789,-0.0396886934228775,2.2178015581107817,1.0,0.0,20.0,17,noise_scale,16.0,151.77295831636428,,,,
S1-E5,PA fluence-compensated,sO2,0.4699098582119077,0.0727239691653973,0.36754217839776515,1.897534210750984,-0.8372027307112123,0.9826506690420069,1.0,0.0,20.0,17,noise_scale,16.0,151.77295831636428,,,,
S1-E5,Proposed EKF,sO2,0.5802681366133047,0.3176290854423256,0.4532491310850698,4.722646448472167,-0.6341782240936721,1.2694363949783234,1.0,0.0,20.0,17,noise_scale,16.0,151.77295831636428,0.9981481481481481,,,
S1-E5,Rectal proxy,T,1.00949376871113,-1.002697749718974,1.002697749718974,1.3739878610328802,-1.2318995477992862,-0.7734959516386617,,,,17,noise_scale,16.0,151.77295831636428,,0.29073334143968,,
S1-E5,Scalp thermistor,T,3.621376514045047,-3.6162188829090516,3.6162188829090516,4.2808754036959655,-3.9949041084632237,-3.2375336573548794,,,,17,noise_scale,16.0,151.77295831636428,,0.2938702483822087,,
S1-E5,PA amplitude (800 nm),T,9.0475260909221,-8.374477080061663,8.374477080061663,19.25474249794132,-15.086114098310217,-1.6628400618131085,,,,17,noise_scale,16.0,151.77295831636428,,8.706925676794206,,
S1-E5,Echo shift only,T,0.5641269769449161,-0.562196860746129,0.562196860746129,0.6553164302975816,-0.6535828120339058,-0.47081090945835213,,,,17,noise_scale,16.0,151.77295831636428,,0.19856310884144554,,
S1-E5,Proposed EKF,T,0.5215050982837693,-0.5034201151384069,0.5034768745413093,0.6809335631044817,-0.7702664327347429,-0.23657379754207086,,,,17,noise_scale,16.0,151.77295831636428,0.6481481481481481,0.19259632012357947,0.4959940738302712,0.05229979856980259
S1-E5,NIRS rScO2,sO2,9.539068013267782,9.368847704254431,9.368847704254431,16.044678613771126,5.852566594622774,12.88512881388609,1.0,0.16682113067655235,20.0,10,kg_bias,0.7,462.1966895276857,,,,
S1-E5,PA linear unmixing,sO2,0.6703397993269244,0.5059714970501747,0.5491976527794693,2.9496046732191528,-0.3558676954245736,1.3678106895249231,1.0,0.0,20.0,10,kg_bias,0.7,462.1966895276857,,,,
S1-E5,PA fluence-compensated,sO2,1.9918343407107328,-1.9800996486629676,1.9800996486629676,2.704737840182292,-2.4032482706872242,-1.5569510266387108,1.0,0.0,20.0,10,kg_bias,0.7,462.1966895276857,,,,
S1-E5,Proposed EKF,sO2,1.0789850433619619,-1.0418369823426061,1.0497532245310892,4.242120871661381,-1.5919808280833119,-0.4916931366019005,1.0,0.0,20.0,10,kg_bias,0.7,462.1966895276857,0.9990740740740741,,,
S1-E5,Rectal proxy,T,0.7391534019025491,-0.7307349146558089,0.7307349146558089,1.1338765372603419,-0.9487644199950153,-0.5127054093166025,,,,10,kg_bias,0.7,462.1966895276857,,0.148394120411275,,
S1-E5,Scalp thermistor,T,2.8003387613413784,-2.79317109932358,2.79317109932358,3.3338297218272785,-3.1856235402779474,-2.400718658369213,,,,10,kg_bias,0.7,462.1966895276857,,0.25993961836569845,,
S1-E5,PA amplitude (800 nm),T,7.094524962116702,-6.415450978530672,6.415450978530672,15.066123645035283,-12.352107263757976,-0.4787946933033682,,,,10,kg_bias,0.7,462.1966895276857,,6.900302372271614,,
S1-E5,Echo shift only,T,0.05017844611397553,0.0022461186220812833,0.036320167039257646,0.2528744576527231,-0.09600505504803745,0.10049729229220002,,,,10,kg_bias,0.7,462.1966895276857,,0.22340183787006704,,
S1-E5,Proposed EKF,T,0.13580891805949005,0.05796861971388246,0.0942564598322868,0.44797748934058035,-0.18275019367119122,0.2986874330989561,,,,10,kg_bias,0.7,462.1966895276857,1.0,0.30161071002592577,0.3707956409377241,0.06435394987846689
S1-E5,NIRS rScO2,sO2,10.105343914837867,9.911969560079317,9.911969560079317,18.564374881313405,6.0557797264979225,13.768159393660712,1.0,0.5004633920296571,20.0,11,kg_bias,0.7,836.6516967776884,,,,
S1-E5,PA linear unmixing,sO2,0.5552527040080554,-0.5158901863406464,0.5224217663199874,1.03091137393454,-0.9183487847590263,-0.1134315879222668,1.0,0.0,20.0,11,kg_bias,0.7,836.6516967776884,,,,
S1-E5,PA fluence-compensated,sO2,2.1687353836914407,-2.153712368552042,2.153712368552042,2.7000433639434496,-2.653170973762023,-1.654253763342061,1.0,0.0,20.0,11,kg_bias,0.7,836.6516967776884,,,,
S1-E5,Proposed EKF,sO2,1.7011273995641507,-1.6643148460580581,1.6643148460580581,4.6098885162687,-2.3541973231168165,-0.9744323689992996,1.0,0.0,20.0,11,kg_bias,0.7,836.6516967776884,0.9944444444444445,,,
S1-E5,Rectal proxy,T,0.599625109421067,-0.5835678570073269,0.5835678570073269,0.9206357333113786,-0.8537268807152526,-0.3134088332994013,,,,11,kg_bias,0.7,836.6516967776884,,0.3803866039984471,,
S1-E5,Scalp thermistor,T,2.0857490193520256,-2.0764092269274523,2.0764092269274523,2.7859109800701383,-2.4628509212295104,-1.6899675326253942,,,,11,kg_bias,0.7,836.6516967776884,,0.3290599607319201,,
S1-E5,PA amplitude (800 nm),T,7.352160294695785,-5.60274719522503,5.604644846701263,21.4554348934644,-14.933558706478149,3.728064316028089,,,,11,kg_bias,0.7,836.6516967776884,,7.415741453913677,,
S1-E5,Echo shift only,T,0.32515134902252446,0.31984178333704477,0.31984178333704477,0.42724669401111726,0.20514186319426936,0.4345417034798202,,,,11,kg_bias,0.7,836.6516967776884,,0.24379243085961352,,
S1-E5,Proposed EKF,T,0.3607783312659661,0.3552248862636473,0.3552248862636473,0.5544711036467405,0.2316316239193155,0.4788181486079791,,,,11,kg_bias,0.7,836.6516967776884,1.0,0.2755786520620695,0.12466183543345477,0.067918342653675
S1-E5,NIRS rScO2,sO2,7.628872987089102,7.4051172205316,7.4051172205316,13.069398623896545,3.8102709651306625,10.999963475932537,1.0,0.6672845227062094,20.0,12,kg_bias,0.7,779.2695921311671,,,,
S1-E5,PA linear unmixing,sO2,0.3378734267169109,0.28272344343772504,0.288500611763705,1.4517807629081725,-0.0798813612434174,0.6453282481188675,1.0,0.0,40.0,12,kg_bias,0.7,779.2695921311671,,,,
S1-E5,PA fluence-compensated,sO2,1.4400893181522354,-1.4334974632191848,1.4334974632191848,1.7364765540401672,-1.7032540454869693,-1.1637408809514003,1.0,0.0,40.0,12,kg_bias,0.7,779.2695921311671,,,,
S1-E5,Proposed EKF,sO2,1.0344748799759518,-1.0116922088634266,1.0116922088634266,2.0508108834212946,-1.4348759165553895,-0.5885085011714639,1.0,0.0,40.0,12,kg_bias,0.7,779.2695921311671,1.0,,,
S1-E5,Rectal proxy,T,0.8853334980918699,-0.8776506458850531,0.8776506458850531,1.2328841830912793,-1.1057591696621276,-0.6495421221079788,,,,12,kg_bias,0.7,779.2695921311671,,0.19262098135125696,,
S1-E5,Scalp thermistor,T,3.351859459780736,-3.346747143082688,3.346747143082688,3.8435537356913336,-3.7094551833202623,-2.984039102845114,,,,12,kg_bias,0.7,779.2695921311671,,0.29266972982791767,,
S1-E5,PA amplitude (800 nm),T,8.348403336638443,-7.175452045851922,7.181772119471653,18.15032799391453,-15.539102122464143,1.1881980307602982,,,,12,kg_bias,0.7,779.2695921311671,,8.128153853363001,,
S1-E5,Echo shift only,T,0.56478282745752,0.5419876145682185,0.547548257499237,0.7186854294112948,0.2306678640937032,0.8533073650427339,,,,12,kg_bias,0.7,779.2695921311671,,0.8151062189353891,,
S1-E5,Proposed EKF,T,0.5897812921387922,0.567847507986162,0.5724140550450967,0.8342339796773288,0.25552914801564064,0.8801658679566834,,,,12,kg_bias,0.7,779.2695921311671,0.7898148148148149,0.8371086019148835,0.32854391605997624,0.004135135951493264
S1-E5,NIRS rScO2,sO2,4.74600936840808,4.30446215108922,4.3351176418549295,11.627726975899566,0.38631943879847974,8.22260486337996,1.0,0.5004633920296571,20.0,13,kg_bias,0.7,410.2448221199837,,,,
S1-E5,PA linear unmixing,sO2,0.6475981336789773,-0.36143606943135687,0.4898687197916486,3.285602979677038,-1.414646242121213,0.6917741032584992,1.0,0.0,20.0,13,kg_bias,0.7,410.2448221199837,,,,
S1-E5,PA fluence-compensated,sO2,1.924939899829059,-1.9126328584931118,1.9126328584931118,2.6289147776854205,-2.3385853984331773,-1.4866803185530468,1.0,0.0,20.0,13,kg_bias,0.7,410.2448221199837,,,,
S1-E5,Proposed EKF,sO2,0.36533631154096474,-0.2709721915828974,0.30041565506289786,1.7307193927273645,-0.7512509528002609,0.20930656963446598,1.0,0.0,20.0,13,kg_bias,0.7,410.2448221199837,1.0,,,
S1-E5,Rectal proxy,T,0.91852577430698,-0.9118838571067917,0.9118838571067917,1.3371799094409624,-1.1279948935430875,-0.6957728206704957,,,,13,kg_bias,0.7,410.2448221199837,,0.2002859351674398,,
S1-E5,Scalp thermistor,T,3.36705621993394,-3.3626433769305044,3.3626433769305044,3.9227734693076783,-3.700407213438268,-3.0248795404227407,,,,13,kg_bias,0.7,410.2448221199837,,0.34314647520788183,,
S1-E5,PA amplitude (800 nm),T,5.536653299514769,-4.092027620835375,4.351413618100312,15.934768312145202,-11.402023532423279,3.2179682907525287,,,,13,kg_bias,0.7,410.2448221199837,,5.277209691771269,,
S1-E5,Echo shift only,T,0.07931053458739455,-0.04759237320082121,0.05364416286206551,0.3585168840654305,-0.17194239345059584,0.07675764704895341,,,,13,kg_bias,0.7,410.2448221199837,,0.31733133845564104,,
S1-E5,Proposed EKF,T,0.06603764536827449,-0.005536567039625082,0.04658148475625823,0.3591348875707041,-0.1345146500888956,0.12344151600964544,,,,13,kg_bias,0.7,410.2448221199837,1.0,0.35966941670595437,0.33864994514701313,0.0696550329302722
S1-E5,NIRS rScO2,sO2,5.215579632087442,4.827497299039109,4.83269919343412,12.74449780541519,0.9580280260511844,8.696966572027033,1.0,0.0,20.0,14,kg_bias,0.7,534.6228909572766,,,,
S1-E5,PA linear unmixing,sO2,0.6798263260211515,0.5528275183260692,0.5652411684461545,2.9046425263056785,-0.22266294330181038,1.3283179799539488,1.0,0.0,20.0,14,kg_bias,0.7,534.6228909572766,,,,
S1-E5,PA fluence-compensated,sO2,0.9922721528481301,-0.977929517009808,0.977929517009808,1.5104036234337315,-1.3074071206778273,-0.6484519133417888,1.0,0.0,20.0,14,kg_bias,0.7,534.6228909572766,,,,
S1-E5,Proposed EKF,sO2,0.7692035403808337,-0.7002519621379502,0.7142902221652939,2.8565837287045537,-1.324139623578783,-0.07636430069711742,1.0,0.0,40.0,14,kg_bias,0.7,534.6228909572766,1.0,,,
S1-E5,Rectal proxy,T,0.8382215812931114,-0.8304077565430197,0.8304077565430197,1.3408672234593482,-1.0542117554425223,-0.606603757643517,,,,14,kg_bias,0.7,534.6228909572766,,0.13531311019026013,,
S1-E5,Scalp thermistor,T,2.026585014792535,-2.0172915009923322,2.0172915009923322,2.670519177013901,-2.3972577207877985,-1.6373252811968657,,,,14,kg_bias,0.7,534.6228909572766,,0.19954852165090933,,
S1-E5,PA amplitude (800 nm),T,6.409042280703082,-4.696355046257064,5.014945451979935,16.471372712180774,-13.2443085732286,3.8515984807144727,,,,14,kg_bias,0.7,534.6228909572766,,6.2281219653207245,,
S1-E5,Echo shift only,T,0.22266893143540836,-0.22111362719506203,0.22111362719506203,0.29655815704083466,-0.2726067065816599,-0.1696205478084641,,,,14,kg_bias,0.7,534.6228909572766,,0.03910008870923142,,
S1-E5,Proposed EKF,T,0.2177308735119323,-0.19883297050523635,0.200634024262038,0.4173107537577607,-0.3727346055610079,-0.02493133544946477,,,,14,kg_bias,0.7,534.6228909572766,1.0,0.10457373049670707,0.41112552928329166,0.015264472258679222
S1-E5,NIRS rScO2,sO2,13.001788984664287,12.863115740770468,12.863115740770468,18.18720994794384,9.151116743073425,16.57511473846751,1.0,0.3336422613531047,20.0,15,kg_bias,0.7,577.6714670935287,,,,
S1-E5,PA linear unmixing,sO2,0.9208637297084065,0.835951144439106,0.8362497782960465,2.9732538982984504,0.07893506701826206,1.5929672218599498,1.0,0.0,20.0,15,kg_bias,0.7,577.6714670935287,,,,
S1-E5,PA fluence-compensated,sO2,0.6808809243931321,-0.6647814728410467,0.6647814728410467,1.149265006884792,-0.9532707466629573,-0.3762921990191361,1.0,0.0,20.0,15,kg_bias,0.7,577.6714670935287,,,,
S1-E5,Proposed EKF,sO2,0.42189732417746956,0.3523041695848029,0.3638409374660281,1.4343652583387323,-0.1026486232248114,0.8072569623944172,1.0,0.0,20.0,15,kg_bias,0.7,577.6714670935287,1.0,,,
S1-E5,Rectal proxy,T,0.5796153591280528,-0.5660931263471503,0.5660931263471503,0.974065800057268,-0.8100524047589455,-0.32213384793535504,,,,15,kg_bias,0.7,577.6714670935287,,0.26455119492323753,,
S1-E5,Scalp thermistor,T,1.996619148703865,-1.9874122626003967,1.9874122626003967,2.5353744592830694,-2.3627945994700643,-1.6120299257307293,,,,15,kg_bias,0.7,577.6714670935287,,0.21962046441068384,,
S1-E5,PA amplitude (800 nm),T,7.3452225237952335,-5.995034756651985,6.014442041649731,16.53369901333576,-14.31334776924188,2.32327825593791,,,,15,kg_bias,0.7,577.6714670935287,,7.382667856579898,,
S1-E5,Echo shift only,T,0.8031650667960856,0.7895375623462447,0.7895375623462447,0.958334095453921,0.5007811840330366,1.078293940659453,,,,15,kg_bias,0.7,577.6714670935287,,0.7581685823141545,,
S1-E5,Proposed EKF,T,0.8638883679679019,0.8489893514757039,0.8489893514757039,1.039348462969528,0.5358785485140629,1.1621001544373448,,,,15,kg_bias,0.7,577.6714670935287,0.9888888888888889,0.8192666709951343,1.452570601036562,0.009924281117238398
S1-E5,NIRS rScO2,sO2,8.62144095062342,8.412268426306783,8.412268426306783,15.601218738468381,4.712598266473575,12.111938586139992,1.0,0.0,20.0,16,kg_bias,0.7,643.8708495886059,,,,
S1-E5,PA linear unmixing,sO2,0.9624701300947333,0.8849477758158651,0.8849909169719176,3.2200884921803286,0.1432070543743032,1.6266884972574274,1.0,0.0,40.0,16,kg_bias,0.7,643.8708495886059,,,,
S1-E5,PA fluence-compensated,sO2,0.49557874563050586,-0.48681778101324336,0.4868334574736774,0.8078674884302139,-0.6686519280608166,-0.30498363396567013,1.0,0.0,20.0,16,kg_bias,0.7,643.8708495886059,,,,
S1-E5,Proposed EKF,sO2,0.2903780310981742,0.18332534779057819,0.21355515947391507,2.450949393163382,-0.2580500188848171,0.6247007144659734,1.0,0.0,40.0,16,kg_bias,0.7,643.8708495886059,1.0,,,
S1-E5,Rectal proxy,T,0.6015347167956765,-0.5901674490788689,0.5901674490788689,0.9959929415938262,-0.8182898742359849,-0.36204502392175286,,,,16,kg_bias,0.7,643.8708495886059,,0.28164420806981627,,
S1-E5,Scalp thermistor,T,2.4426312026942023,-2.433818939794468,2.433818939794468,3.021420477468755,-2.8401234919245355,-2.0275143876644006,,,,16,kg_bias,0.7,643.8708495886059,,0.34864352231491846,,
S1-E5,PA amplitude (800 nm),T,5.2470195360447764,-3.5999893156836804,3.995605056717008,16.2861343182923,-11.081771942151883,3.881793310784523,,,,16,kg_bias,0.7,643.8708495886059,,5.2960225808795185,,
S1-E5,Echo shift only,T,0.03535874018030318,-0.0017487776714422555,0.027194709959527483,0.16777921806954055,-0.07096709505508883,0.06746953971220432,,,,16,kg_bias,0.7,643.8708495886059,,0.080916809764641,,
S1-E5,Proposed EKF,T,0.1810194158062716,0.0757531332580709,0.11096384039634023,0.557131747745089,-0.24648357370804633,0.39798984022418815,,,,16,kg_bias,0.7,643.8708495886059,0.9787037037037037,0.16449273424207914,0.35994184055056055,0.012245367847061183
S1-E5,NIRS rScO2,sO2,10.205526315163986,10.021330654563595,10.021330654563595,16.945459602508638,6.238124823597045,13.804536485530145,1.0,0.16682113067655235,20.0,17,kg_bias,0.7,597.7012660105876,,,,
S1-E5,PA linear unmixing,sO2,1.175019215897847,1.0836453464559321,1.0841664444071728,3.0424396922780095,0.19322936014709752,1.9740613327647667,1.0,0.0,20.0,17,kg_bias,0.7,597.7012660105876,,,,
S1-E5,PA fluence-compensated,sO2,0.2027103707208679,0.06642855348401228,0.1498238128724931,1.7911810821149898,-0.3089446661749975,0.4418017731430221,1.0,0.0,20.0,17,kg_bias,0.7,597.7012660105876,,,,
S1-E5,Proposed EKF,sO2,0.36520988302742097,0.1076918957881289,0.23681288205412407,4.541451427624132,-0.5762911389677334,0.7916749305439912,1.0,0.0,20.0,17,kg_bias,0.7,597.7012660105876,0.9981481481481481,,,
S1-E5,Rectal proxy,T,1.00949376871113,-1.002697749718974,1.002697749718974,1.3739878610328802,-1.2318995477992862,-0.7734959516386617,,,,17,kg_bias,0.7,597.7012660105876,,0.29073334143968,,
S1-E5,Scalp thermistor,T,3.621376514045047,-3.6162188829090516,3.6162188829090516,4.2808754036959655,-3.9949041084632237,-3.2375336573548794,,,,17,kg_bias,0.7,597.7012660105876,,0.2938702483822087,,
S1-E5,PA amplitude (800 nm),T,8.036717442740644,-7.170379233153095,7.170379233153095,18.820483023924858,-14.28452827474414,-0.05623019156205,,,,17,kg_bias,0.7,597.7012660105876,,7.709132547997936,,
S1-E5,Echo shift only,T,0.5641269769449161,-0.562196860746129,0.562196860746129,0.6553164302975816,-0.6535828120339058,-0.47081090945835213,,,,17,kg_bias,0.7,597.7012660105876,,0.19856310884144554,,
S1-E5,Proposed EKF,T,0.5224331051747061,-0.5042535888441352,0.5043119652555849,0.6819841559497988,-0.7720262288691521,-0.2364809488191183,,,,17,kg_bias,0.7,597.7012660105876,0.6435185185185185,0.19326806544872874,0.4960341473660622,0.05246856202236974
S1-E5,NIRS rScO2,sO2,9.539068013267782,9.368847704254431,9.368847704254431,16.044678613771126,5.852566594622774,12.88512881388609,1.0,0.16682113067655235,20.0,10,kg_bias,1.3,442.22682611888723,,,,
S1-E5,PA linear unmixing,sO2,0.6762373547794213,0.5117960573296434,0.5544362939370704,2.9690646824414357,-0.3545189666082898,1.3781110812675765,1.0,0.0,20.0,10,kg_bias,1.3,442.22682611888723,,,,
S1-E5,PA fluence-compensated,sO2,1.9851749767900613,-1.9727716750201338,1.9727716750201338,2.719629305276472,-2.4070415408220036,-1.538501809218264,1.0,0.0,20.0,10,kg_bias,1.3,442.22682611888723,,,,
S1-E5,Proposed EKF,sO2,1.0577459810173238,-1.0241089275389081,1.0325186573375744,4.04776607098063,-1.5427779059196425,-0.5054399491581739,1.0,0.0,20.0,10,kg_bias,1.3,442.22682611888723,0.9990740740740741,,,
S1-E5,Rectal proxy,T,0.7391534019025491,-0.7307349146558089,0.7307349146558089,1.1338765372603419,-0.9487644199950153,-0.5127054093166025,,,,10,kg_bias,1.3,442.22682611888723,,0.148394120411275,,
S1-E5,Scalp thermistor,T,2.8003387613413784,-2.79317109932358,2.79317109932358,3.3338297218272785,-3.1856235402779474,-2.400718658369213,,,,10,kg_bias,1.3,442.22682611888723,,0.25993961836569845,,
S1-E5,PA amplitude (800 nm),T,8.32784349356491,-7.852136614115512,7.852136614115512,15.870716751978204,-13.289830795973668,-2.4144424322573554,,,,10,kg_bias,1.3,442.22682611888723,,8.125009030034791,,
S1-E5,Echo shift only,T,0.05017844611397553,0.0022461186220812833,0.036320167039257646,0.2528744576527231,-0.09600505504803745,0.10049729229220002,,,,10,kg_bias,1.3,442.22682611888723,,0.22340183787006704,,
S1-E5,Proposed EKF,T,0.13546365232321814,0.05762779145062657,0.0940229457334151,0.44678084247808414,-0.18265764696493259,0.29791322986618574,,,,10,kg_bias,1.3,442.22682611888723,1.0,0.30106126852930853,0.35103297984503445,0.06390381922485074
S1-E5,NIRS rScO2,sO2,10.105343914837867,9.911969560079317,9.911969560079317,18.564374881313405,6.0557797264979225,13.768159393660712,1.0,0.5004633920296571,20.0,11,kg_bias,1.3,801.8940014894331,,,,
S1-E5,PA linear unmixing,sO2,0.5495115172771337,-0.509201757191583,0.5159539250527493,1.0282979768639455,-0.9141041630166418,-0.10429935136652413,1.0,0.0,20.0,11,kg_bias,1.3,801.8940014894331,,,,
S1-E5,PA fluence-compensated,sO2,2.160959602055576,-2.1457212575467235,2.1457212575467235,2.708050014101404,-2.647828297281557,-1.64361421781189,1.0,0.0,20.0,11,kg_bias,1.3,801.8940014894331,,,,
S1-E5,Proposed EKF,sO2,1.6755426950635823,-1.635856554242886,1.635856554242886,4.535530109510977,-2.346384688259922,-0.9253284202258503,1.0,0.0,20.0,11,kg_bias,1.3,801.8940014894331,0.9953703703703703,,,
S1-E5,Rectal proxy,T,0.599625109421067,-0.5835678570073269,0.5835678570073269,0.9206357333113786,-0.8537268807152526,-0.3134088332994013,,,,11,kg_bias,1.3,801.8940014894331,,0.3803866039984471,,
S1-E5,Scalp thermistor,T,2.0857490193520256,-2.0764092269274523,2.0764092269274523,2.7859109800701383,-2.4628509212295104,-1.6899675326253942,,,,11,kg_bias,1.3,801.8940014894331,,0.3290599607319201,,
S1-E5,PA amplitude (800 nm),T,8.333915044813011,-7.020521959788043,7.02067599167536,21.886135334962127,-15.822299392874443,1.7812554732983568,,,,11,kg_bias,1.3,801.8940014894331,,8.404103367471754,,
S1-E5,Echo shift only,T,0.32515134902252446,0.31984178333704477,0.31984178333704477,0.42724669401111726,0.20514186319426936,0.4345417034798202,,,,11,kg_bias,1.3,801.8940014894331,,0.24379243085961352,,
S1-E5,Proposed EKF,T,0.3603611468189367,0.35505177907138297,0.35505177907138297,0.5047642673938668,0.2342548576133447,0.47584870052942124,,,,11,kg_bias,1.3,801.8940014894331,1.0,0.2750841985062091,0.12592480364780903,0.0678534827335359
S1-E5,NIRS rScO2,sO2,7.628872987089102,7.4051172205316,7.4051172205316,13.069398623896545,3.8102709651306625,10.999963475932537,1.0,0.6672845227062094,20.0,12,kg_bias,1.3,751.691267056047,,,,
S1-E5,PA linear unmixing,sO2,0.343577671758704,0.28833918681157666,0.2939637495255835,1.458850508917242,-0.07785118519032944,0.6545295588134827,1.0,0.0,40.0,12,kg_bias,1.3,751.691267056047,,,,
S1-E5,PA fluence-compensated,sO2,1.433661145018795,-1.42682151010027,1.42682151010027,1.7414448828304119,-1.7009739978331897,-1.15266902236735,1.0,0.0,40.0,12,kg_bias,1.3,751.691267056047,,,,
S1-E5,Proposed EKF,sO2,0.9903611913483539,-0.9632356139844119,0.9632356139844119,2.0300854973924753,-1.4144293223016988,-0.512041905667125,1.0,0.0,40.0,12,kg_bias,1.3,751.691267056047,1.0,,,
S1-E5,Rectal proxy,T,0.8853334980918699,-0.8776506458850531,0.8776506458850531,1.2328841830912793,-1.1057591696621276,-0.6495421221079788,,,,12,kg_bias,1.3,751.691267056047,,0.19262098135125696,,
S1-E5,Scalp thermistor,T,3.351859459780736,-3.346747143082688,3.346747143082688,3.8435537356913336,-3.7094551833202623,-2.984039102845114,,,,12,kg_bias,1.3,751.691267056047,,0.29266972982791767,,
S1-E5,PA amplitude (800 nm),T,9.460422322357894,-8.505922981342543,8.505922981342543,18.83352301254429,-16.622515790797515,-0.3893301718875737,,,,12,kg_bias,1.3,751.691267056047,,9.22959715764688,,
S1-E5,Echo shift only,T,0.56478282745752,0.5419876145682185,0.547548257499237,0.7186854294112948,0.2306678640937032,0.8533073650427339,,,,12,kg_bias,1.3,751.691267056047,,0.8151062189353891,,
S1-E5,Proposed EKF,T,0.5905880217796469,0.5682652363877237,0.5728894965485086,0.7982150783755912,0.2530229371160539,0.8835075356593936,,,,12,kg_bias,1.3,751.691267056047,0.9231481481481482,0.8376493177037456,0.33070070039235605,0.004271827200164309
S1-E5,NIRS rScO2,sO2,4.74600936840808,4.30446215108922,4.3351176418549295,11.627726975899566,0.38631943879847974,8.22260486337996,1.0,0.5004633920296571,20.0,13,kg_bias,1.3,395.31771921490486,,,,
S1-E5,PA linear unmixing,sO2,0.645168124256429,-0.3556060648768909,0.48743151476872737,3.2954663686786456,-1.4107092830811192,0.6994971533273375,1.0,0.0,20.0,13,kg_bias,1.3,395.31771921490486,,,,
S1-E5,PA fluence-compensated,sO2,1.9184063566245844,-1.905504136464643,1.905504136464643,2.6523233103482924,-2.3408577510154807,-1.4701505219138051,1.0,0.0,20.0,13,kg_bias,1.3,395.31771921490486,,,,
S1-E5,Proposed EKF,sO2,0.512014309588909,-0.40210441795794855,0.4328491868948742,3.1194884156253933,-1.0233678112053515,0.21915897528945436,1.0,0.0,40.0,13,kg_bias,1.3,395.31771921490486,0.9981481481481481,,,
S1-E5,Rectal proxy,T,0.91852577430698,-0.9118838571067917,0.9118838571067917,1.3371799094409624,-1.1279948935430875,-0.6957728206704957,,,,13,kg_bias,1.3,395.31771921490486,,0.2002859351674398,,
S1-E5,Scalp thermistor,T,3.36705621993394,-3.3626433769305044,3.3626433769305044,3.9227734693076783,-3.700407213438268,-3.0248795404227407,,,,13,kg_bias,1.3,395.31771921490486,,0.34314647520788183,,
S1-E5,PA amplitude (800 nm),T,6.579106683206256,-5.6345854542930605,5.645504280478241,16.646138732083397,-12.29169061602517,1.0225197074390486,,,,13,kg_bias,1.3,395.31771921490486,,6.2747901211930674,,
S1-E5,Echo shift only,T,0.07931053458739455,-0.04759237320082121,0.05364416286206551,0.3585168840654305,-0.17194239345059584,0.07675764704895341,,,,13,kg_bias,1.3,395.31771921490486,,0.31733133845564104,,
S1-E5,Proposed EKF,T,0.1016999254813402,-0.016991735064772893,0.07513461652118594,0.39758683021356944,-0.2135217451234479,0.17953827499390212,,,,13,kg_bias,1.3,395.31771921490486,1.0,0.3564062794739645,0.5053670975883942,0.07485894131357451
S1-E5,NIRS rScO2,sO2,5.215579632087442,4.827497299039109,4.83269919343412,12.74449780541519,0.9580280260511844,8.696966572027033,1.0,0.0,20.0,14,kg_bias,1.3,515.0907173285207,,,,
S1-E5,PA linear unmixing,sO2,0.684246585155735,0.5575559317708548,0.5697189632331137,2.9148338322675604,-0.21986213147064046,1.3349739950123503,1.0,0.0,20.0,14,kg_bias,1.3,515.0907173285207,,,,
S1-E5,PA fluence-compensated,sO2,0.9875540478028759,-0.9726660480254242,0.9726660480254242,1.5211565529877347,-1.3074978242890898,-0.6378342717617588,1.0,0.0,20.0,14,kg_bias,1.3,515.0907173285207,,,,
S1-E5,Proposed EKF,sO2,0.8046754032204315,-0.7410536748234492,0.7520444072978183,2.9370285195516654,-1.355700285934947,-0.1264070637119515,1.0,0.0,40.0,14,kg_bias,1.3,515.0907173285207,1.0,,,
S1-E5,Rectal proxy,T,0.8382215812931114,-0.8304077565430197,0.8304077565430197,1.3408672234593482,-1.0542117554425223,-0.606603757643517,,,,14,kg_bias,1.3,515.0907173285207,,0.13531311019026013,,
S1-E5,Scalp thermistor,T,2.026585014792535,-2.0172915009923322,2.0172915009923322,2.670519177013901,-2.3972577207877985,-1.6373252811968657,,,,14,kg_bias,1.3,515.0907173285207,,0.19954852165090933,,
S1-E5,PA amplitude (800 nm),T,7.443431882796958,-6.151830560014539,6.154475371795356,17.36217971013574,-14.365062922514205,2.0614018024851264,,,,14,kg_bias,1.3,515.0907173285207,,7.238122026460426,,
S1-E5,Echo shift only,T,0.22266893143540836,-0.22111362719506203,0.22111362719506203,0.29655815704083466,-0.2726067065816599,-0.1696205478084641,,,,14,kg_bias,1.3,515.0907173285207,,0.03910008870923142,,
S1-E5,Proposed EKF,T,0.2096672960044278,-0.20083241263398935,0.2012978949075872,0.40019282223513386,-0.3188679844632031,-0.08279684080477562,,,,14,kg_bias,1.3,515.0907173285207,1.0,0.08034025006092028,0.4002737459780365,0.015120510034895809
S1-E5,NIRS rScO2,sO2,13.001788984664287,12.863115740770468,12.863115740770468,18.18720994794384,9.151116743073425,16.57511473846751,1.0,0.3336422613531047,20.0,15,kg_bias,1.3,551.1490692845628,,,,
S1-E5,PA linear unmixing,sO2,0.925552718105988,0.8402851887054854,0.8405890109208787,2.991120909899098,0.07974296722294125,1.6008274101880295,1.0,0.0,20.0,15,kg_bias,1.3,551.1490692845628,,,,
S1-E5,PA fluence-compensated,sO2,0.6768337664260726,-0.6594761705588706,0.6594761705588706,1.1692795919485355,-0.9579831271080687,-0.36096921400967263,1.0,0.0,20.0,15,kg_bias,1.3,551.1490692845628,,,,
S1-E5,Proposed EKF,sO2,0.3553243090183798,0.27554309867541443,0.29787269388215315,1.0496478424429523,-0.16417609937630137,0.7152622967271303,1.0,0.0,20.0,15,kg_bias,1.3,551.1490692845628,1.0,,,
S1-E5,Rectal proxy,T,0.5796153591280528,-0.5660931263471503,0.5660931263471503,0.974065800057268,-0.8100524047589455,-0.32213384793535504,,,,15,kg_bias,1.3,551.1490692845628,,0.26455119492323753,,
S1-E5,Scalp thermistor,T,1.996619148703865,-1.9874122626003967,1.9874122626003967,2.5353744592830694,-2.3627945994700643,-1.6120299257307293,,,,15,kg_bias,1.3,551.1490692845628,,0.21962046441068384,,
S1-E5,PA amplitude (800 nm),T,8.443991217242079,-7.415125239854105,7.415210092671452,17.435612466603903,-15.332386357719553,0.5021358780113419,,,,15,kg_bias,1.3,551.1490692845628,,8.484257009663777,,
S1-E5,Echo shift only,T,0.8031650667960856,0.7895375623462447,0.7895375623462447,0.958334095453921,0.5007811840330366,1.078293940659453,,,,15,kg_bias,1.3,551.1490692845628,,0.7581685823141545,,
S1-E5,Proposed EKF,T,0.8609546343940911,0.8458230872117753,0.8458230872117753,1.0571306903839712,0.5308407347265205,1.1608054396970302,,,,15,kg_bias,1.3,551.1490692845628,1.0,0.8163090107917496,1.3995992792346368,0.014226360741798174
S1-E5,NIRS rScO2,sO2,8.62144095062342,8.412268426306783,8.412268426306783,15.601218738468381,4.712598266473575,12.111938586139992,1.0,0.0,20.0,16,kg_bias,1.3,616.5051643166399,,,,
S1-E5,PA linear unmixing,sO2,0.9681985971615275,0.8907719371680558,0.8908151743471242,3.2320024346521703,0.1471750090645516,1.63436886527156,1.0,0.0,40.0,16,kg_bias,1.3,616.5051643166399,,,,
S1-E5,PA fluence-compensated,sO2,0.4893703837217399,-0.47962442323341203,0.47966493353968215,0.8078552938408978,-0.6700955361292134,-0.2891533103376108,1.0,0.0,20.0,16,kg_bias,1.3,616.5051643166399,,,,
S1-E5,Proposed EKF,sO2,0.3262540468745954,0.23497850461515926,0.25444964528054986,2.4931336841852114,-0.2086349486264106,0.6785919578567291,1.0,0.0,40.0,16,kg_bias,1.3,616.5051643166399,1.0,,,
S1-E5,Rectal proxy,T,0.6015347167956765,-0.5901674490788689,0.5901674490788689,0.9959929415938262,-0.8182898742359849,-0.36204502392175286,,,,16,kg_bias,1.3,616.5051643166399,,0.28164420806981627,,
S1-E5,Scalp thermistor,T,2.4426312026942023,-2.433818939794468,2.433818939794468,3.021420477468755,-2.8401234919245355,-2.0275143876644006,,,,16,kg_bias,1.3,616.5051643166399,,0.34864352231491846,,
S1-E5,PA amplitude (800 nm),T,6.243697839557721,-5.1851268458794255,5.194975396216861,16.389682760953004,-12.002496632125801,1.6322429403669494,,,,16,kg_bias,1.3,616.5051643166399,,6.302830066907915,,
S1-E5,Echo shift only,T,0.03535874018030318,-0.0017487776714422555,0.027194709959527483,0.16777921806954055,-0.07096709505508883,0.06746953971220432,,,,16,kg_bias,1.3,616.5051643166399,,0.080916809764641,,
S1-E5,Proposed EKF,T,0.1809935576255061,0.0780596415031901,0.11111035715956484,0.5564358591214784,-0.24199917811361554,0.39811846111999577,,,,16,kg_bias,1.3,616.5051643166399,0.9787037037037037,0.16346894988035748,0.3653757134976337,0.012369688301155984
S1-E5,NIRS rScO2,sO2,10.205526315163986,10.021330654563595,10.021330654563595,16.945459602508638,6.238124823597045,13.804536485530145,1.0,0.16682113067655235,20.0,17,kg_bias,1.3,577.5545167716858,,,,
S1-E5,PA linear unmixing,sO2,1.1790939787870507,1.0876215063620278,1.0881400812143822,3.047704017248243,0.19513884826691685,1.9801041644571389,1.0,0.0,20.0,17,kg_bias,1.3,577.5545167716858,,,,
S1-E5,PA fluence-compensated,sO2,0.20677086183529705,0.07130253180826208,0.1538476385638822,1.7845574137057119,-0.30910988011687096,0.4517149437333951,1.0,0.0,20.0,17,kg_bias,1.3,577.5545167716858,,,,
S1-E5,Proposed EKF,sO2,0.42842056526941386,0.25341887608229813,0.31305873930297073,4.545577092894848,-0.423627240671671,0.9304649928362673,1.0,0.0,20.0,17,kg_bias,1.3,577.5545167716858,0.9981481481481481,,,
S1-E5,Rectal proxy,T,1.00949376871113,-1.002697749718974,1.002697749718974,1.3739878610328802,-1.2318995477992862,-0.7734959516386617,,,,17,kg_bias,1.3,577.5545167716858,,0.29073334143968,,
S1-E5,Scalp thermistor,T,3.621376514045047,-3.6162188829090516,3.6162188829090516,4.2808754036959655,-3.9949041084632237,-3.2375336573548794,,,,17,kg_bias,1.3,577.5545167716858,,0.2938702483822087,,
S1-E5,PA amplitude (800 nm),T,9.147455662470916,-8.491565900153946,8.491565900153946,19.362851821782368,-15.158232598068123,-1.8248992022397683,,,,17,kg_bias,1.3,577.5545167716858,,8.805811517121239,,
S1-E5,Echo shift only,T,0.5641269769449161,-0.562196860746129,0.562196860746129,0.6553164302975816,-0.6535828120339058,-0.47081090945835213,,,,17,kg_bias,1.3,577.5545167716858,,0.19856310884144554,,
S1-E5,Proposed EKF,T,0.5215408815231122,-0.5034668526334637,0.5035224513420058,0.6808949096920074,-0.7702430811925198,-0.2366906240744075,,,,17,kg_bias,1.3,577.5545167716858,0.649074074074074,0.19247764893205316,0.5088188627680168,0.05289671183336392
S1-E5,NIRS rScO2,sO2,9.539068013267782,9.368847704254431,9.368847704254431,16.044678613771126,5.852566594622774,12.88512881388609,1.0,0.16682113067655235,20.0,10,kc_bias,0.7,455.74797256114584,,,,
S1-E5,PA linear unmixing,sO2,0.6712291928611548,0.506826266273105,0.5501275784976091,2.944685568077665,-0.35574246690513533,1.3693949994513455,1.0,0.0,20.0,10,kc_bias,0.7,455.74797256114584,,,,
S1-E5,PA fluence-compensated,sO2,1.9908801966848646,-1.9789976145877193,1.9789976145877193,2.7222359842482113,-2.404694088650459,-1.5533011405249795,1.0,0.0,20.0,10,kc_bias,0.7,455.74797256114584,,,,
S1-E5,Proposed EKF,sO2,1.0135522143255078,-0.9867964514920464,0.9931313559940338,3.342985633744633,-1.4402341148997806,-0.5333587880843121,1.0,0.0,20.0,10,kc_bias,0.7,455.74797256114584,0.9990740740740741,,,
S1-E5,Rectal proxy,T,0.7391534019025491,-0.7307349146558089,0.7307349146558089,1.1338765372603419,-0.9487644199950153,-0.5127054093166025,,,,10,kc_bias,0.7,455.74797256114584,,0.148394120411275,,
S1-E5,Scalp thermistor,T,2.8003387613413784,-2.79317109932358,2.79317109932358,3.3338297218272785,-3.1856235402779474,-2.400718658369213,,,,10,kc_bias,0.7,455.74797256114584,,0.25993961836569845,,
S1-E5,PA amplitude (800 nm),T,7.475952940553432,-6.870949450793534,6.870949450793534,15.320739730716387,-12.645445426670483,-1.0964534749165846,,,,10,kc_bias,0.7,455.74797256114584,,7.278425530589923,,
S1-E5,Echo shift only,T,0.9369538099704616,0.9095288044096487,0.9129995116571611,1.139744783431368,0.46846436446005096,1.3505932443592463,,,,10,kc_bias,0.7,455.74797256114584,,1.1472739501372,,
S1-E5,Proposed EKF,T,0.9619306385473398,0.9404425851580592,0.9430349314202047,1.29649197732558,0.5441622963705108,1.3367228739456076,,,,10,kc_bias,0.7,455.74797256114584,0.03333333333333333,1.175420598279506,1.1858058760115255,0.06415942379497847
S1-E5,NIRS rScO2,sO2,10.105343914837867,9.911969560079317,9.911969560079317,18.564374881313405,6.0557797264979225,13.768159393660712,1.0,0.5004633920296571,20.0,11,kc_bias,0.7,811.6771572929318,,,,
S1-E5,PA linear unmixing,sO2,0.5510817603400215,-0.5111266787780488,0.5178010603993606,1.0291645748230271,-0.9149086797532059,-0.10734467780289186,1.0,0.0,20.0,11,kc_bias,0.7,811.6771572929318,,,,
S1-E5,PA fluence-compensated,sO2,2.16321163192845,-2.1480165952782255,2.1480165952782255,2.702183426539384,-2.649674262583174,-1.6463589279732769,1.0,0.0,20.0,11,kc_bias,0.7,811.6771572929318,,,,
S1-E5,Proposed EKF,sO2,1.6635197192240314,-1.6275586547891512,1.6275586547891512,3.4167550671654223,-2.3018404786046562,-0.9532768309736462,1.0,0.0,20.0,11,kc_bias,0.7,811.6771572929318,0.9888888888888889,,,
S1-E5,Rectal proxy,T,0.599625109421067,-0.5835678570073269,0.5835678570073269,0.9206357333113786,-0.8537268807152526,-0.3134088332994013,,,,11,kc_bias,0.7,811.6771572929318,,0.3803866039984471,,
S1-E5,Scalp thermistor,T,2.0857490193520256,-2.0764092269274523,2.0764092269274523,2.7859109800701383,-2.4628509212295104,-1.6899675326253942,,,,11,kc_bias,0.7,811.6771572929318,,0.3290599607319201,,
S1-E5,PA amplitude (800 nm),T,8.04279052968341,-6.622166253546015,6.622320285433331,21.76563634470644,-15.568314302313574,2.3239817952215445,,,,11,kc_bias,0.7,811.6771572929318,,8.11141323701354,,
S1-E5,Echo shift only,T,0.8506313364501148,0.8362114471619356,0.8362114471619356,1.0292768505835213,0.5305262995130897,1.1418965948107815,,,,11,kc_bias,0.7,811.6771572929318,,0.7690153670393494,,
S1-E5,Proposed EKF,T,0.8746281112962788,0.8605580818490566,0.8605580818490566,1.0370147121531303,0.5543077159786252,1.166808447719488,,,,11,kc_bias,0.7,811.6771572929318,0.2111111111111111,0.7892204497928007,0.5915147555225799,0.06785733734473955
S1-E5,NIRS rScO2,sO2,7.628872987089102,7.4051172205316,7.4051172205316,13.069398623896545,3.8102709651306625,10.999963475932537,1.0,0.6672845227062094,20.0,12,kc_bias,0.7,771.3404206026199,,,,
S1-E5,PA linear unmixing,sO2,0.3393014745382419,0.2841127196028591,0.28986841939343305,1.4533565741173704,-0.07944193784285769,0.6476673770485759,1.0,0.0,40.0,12,kc_bias,0.7,771.3404206026199,,,,
S1-E5,PA fluence-compensated,sO2,1.4385067090390928,-1.4318497579577438,1.4318497579577438,1.73737656520081,-1.7027826117233504,-1.1609169041921374,1.0,0.0,40.0,12,kc_bias,0.7,771.3404206026199,,,,
S1-E5,Proposed EKF,sO2,1.0141397273467168,-0.9910368439139481,0.9910368439139481,1.9722223748955714,-1.4128940534466103,-0.569179634381286,1.0,0.0,40.0,12,kc_bias,0.7,771.3404206026199,1.0,,,
S1-E5,Rectal proxy,T,0.8853334980918699,-0.8776506458850531,0.8776506458850531,1.2328841830912793,-1.1057591696621276,-0.6495421221079788,,,,12,kc_bias,0.7,771.3404206026199,,0.19262098135125696,,
S1-E5,Scalp thermistor,T,3.351859459780736,-3.346747143082688,3.346747143082688,3.8435537356913336,-3.7094551833202623,-2.984039102845114,,,,12,kc_bias,0.7,771.3404206026199,,0.29266972982791767,,
S1-E5,PA amplitude (800 nm),T,8.663324955067123,-7.5615364289586875,7.561581995820224,18.348128665239177,-15.84850499717202,0.7254321392546448,,,,12,kc_bias,0.7,771.3404206026199,,8.439515276433083,,
S1-E5,Echo shift only,T,0.8067945698359078,0.779981533875949,0.7842137801456878,0.9918747711595159,0.37569721880076923,1.1842658489511289,,,,12,kc_bias,0.7,771.3404206026199,,1.0577804445964945,,
S1-E5,Proposed EKF,T,0.8277005737928923,0.8015385978410144,0.805012087106648,1.0568622509036274,0.3968846665197965,1.2061925291622324,,,,12,kc_bias,0.7,771.3404206026199,0.18796296296296297,1.0754497282568083,0.5478913392113705,0.004188521597937292
S1-E5,NIRS rScO2,sO2,4.74600936840808,4.30446215108922,4.3351176418549295,11.627726975899566,0.38631943879847974,8.22260486337996,1.0,0.5004633920296571,20.0,13,kc_bias,0.7,405.33377515595384,,,,
S1-E5,PA linear unmixing,sO2,0.6466059652802849,-0.35941241457571277,0.4889711522248567,3.285504069046441,-1.4129411132977603,0.6941162841463347,1.0,0.0,20.0,13,kc_bias,0.7,405.33377515595384,,,,
S1-E5,PA fluence-compensated,sO2,1.922641234935333,-1.9101581688515303,1.9101581688515303,2.6353982141975485,-2.3388791632009553,-1.4814371745021055,1.0,0.0,20.0,13,kc_bias,0.7,405.33377515595384,,,,
S1-E5,Proposed EKF,sO2,0.349427975811535,-0.25196083378002676,0.2858351408986278,1.8283768866826922,-0.726489942852184,0.22256827529213058,1.0,0.0,20.0,13,kc_bias,0.7,405.33377515595384,1.0,,,
S1-E5,Rectal proxy,T,0.91852577430698,-0.9118838571067917,0.9118838571067917,1.3371799094409624,-1.1279948935430875,-0.6957728206704957,,,,13,kc_bias,0.7,405.33377515595384,,0.2002859351674398,,
S1-E5,Scalp thermistor,T,3.36705621993394,-3.3626433769305044,3.3626433769305044,3.9227734693076783,-3.700407213438268,-3.0248795404227407,,,,13,kc_bias,0.7,405.33377515595384,,0.34314647520788183,,
S1-E5,PA amplitude (800 nm),T,5.850231646355185,-4.596432937798493,4.724442792248532,16.16631624273755,-11.689904073311506,2.497038197714521,,,,13,kc_bias,0.7,405.33377515595384,,5.572965731352134,,
S1-E5,Echo shift only,T,0.5135874944558633,0.48759671022759915,0.49750333487576126,0.6801930849760325,0.17142518237436744,0.8037682380808309,,,,13,kc_bias,0.7,405.33377515595384,,0.8613534565346235,,
S1-E5,Proposed EKF,T,0.5389052044975922,0.5141348781521469,0.5219187778128508,0.7674245085834457,0.19758337017540872,0.830686386128885,,,,13,kc_bias,0.7,405.33377515595384,0.9972222222222222,0.8880380009677404,0.22547650473508798,0.07083755770820156
S1-E5,NIRS rScO2,sO2,5.215579632087442,4.827497299039109,4.83269919343412,12.74449780541519,0.9580280260511844,8.696966572027033,1.0,0.0,20.0,14,kc_bias,0.7,517.9614646389839,,,,
S1-E5,PA linear unmixing,sO2,0.68432043913972,0.5577095660718328,0.5698860051924634,2.9106163122867845,-0.21953486138770947,1.334953993531375,1.0,0.0,20.0,14,kc_bias,0.7,517.9614646389839,,,,
S1-E5,PA fluence-compensated,sO2,0.9873711791490807,-0.9724946768254925,0.9724946768254925,1.5167684812046223,-1.3071668948627713,-0.6378224587882138,1.0,0.0,20.0,14,kc_bias,0.7,517.9614646389839,,,,
S1-E5,Proposed EKF,sO2,0.542696624670751,-0.47920647553262213,0.49158883016971455,1.9855196923524665,-0.978451911522809,0.020038960457564783,1.0,0.0,40.0,14,kc_bias,0.7,517.9614646389839,1.0,,,
S1-E5,Rectal proxy,T,0.8382215812931114,-0.8304077565430197,0.8304077565430197,1.3408672234593482,-1.0542117554425223,-0.606603757643517,,,,14,kc_bias,0.7,517.9614646389839,,0.13531311019026013,,
S1-E5,Scalp thermistor,T,2.026585014792535,-2.0172915009923322,2.0172915009923322,2.670519177013901,-2.3972577207877985,-1.6373252811968657,,,,14,kc_bias,0.7,517.9614646389839,,0.19954852165090933,,
S1-E5,PA amplitude (800 nm),T,7.284041142971954,-5.943554636487124,5.959449050968276,17.255804617653553,-14.196856927046657,2.3097476540724076,,,,14,kc_bias,0.7,517.9614646389839,,7.08146564584911,,
S1-E5,Echo shift only,T,0.84624481026864,0.8177131029868437,0.8222437062622123,1.0832165941048757,0.39065091580624733,1.24477529016744,,,,14,kc_bias,0.7,517.9614646389839,,1.0897894540017892,,
S1-E5,Proposed EKF,T,0.8524077354061775,0.8277535673757838,0.830765798492222,1.144254701059694,0.42884190243977494,1.2266652323117926,,,,14,kc_bias,0.7,517.9614646389839,0.09259259259259259,1.1007653316161619,0.629930301493432,0.015199461950530289
S1-E5,NIRS rScO2,sO2,13.001788984664287,12.863115740770468,12.863115740770468,18.18720994794384,9.151116743073425,16.57511473846751,1.0,0.3336422613531047,20.0,15,kc_bias,0.7,563.9492710564087,,,,
S1-E5,PA linear unmixing,sO2,0.9230755048223065,0.8380506342396202,0.8383488703957096,2.981767226445525,0.07960528490927711,1.5964959835699635,1.0,0.0,20.0,15,kc_bias,0.7,563.9492710564087,,,,
S1-E5,PA fluence-compensated,sO2,0.6788797621445529,-0.6622132788058045,0.6622132788058045,1.1605471312454485,-0.9552401932811224,-0.3691863643304866,1.0,0.0,20.0,15,kc_bias,0.7,563.9492710564087,,,,
S1-E5,Proposed EKF,sO2,0.41032259474665644,0.34454277900552227,0.35539435219293497,1.0278631858946896,-0.09221148118694518,0.7812970391979898,1.0,0.0,20.0,15,kc_bias,0.7,563.9492710564087,1.0,,,
S1-E5,Rectal proxy,T,0.5796153591280528,-0.5660931263471503,0.5660931263471503,0.974065800057268,-0.8100524047589455,-0.32213384793535504,,,,15,kc_bias,0.7,563.9492710564087,,0.26455119492323753,,
S1-E5,Scalp thermistor,T,1.996619148703865,-1.9874122626003967,1.9874122626003967,2.5353744592830694,-2.3627945994700643,-1.6120299257307293,,,,15,kc_bias,0.7,563.9492710564087,,0.21962046441068384,,
S1-E5,PA amplitude (800 nm),T,7.899204637820208,-6.730504395726902,6.730589248544249,17.000817230117374,-14.834990513300644,1.3739817218468406,,,,15,kc_bias,0.7,563.9492710564087,,7.938282173826657,,
S1-E5,Echo shift only,T,1.220236654848597,1.1992357615603273,1.1992357615603273,1.447046194299169,0.757426014350101,1.6410455087705536,,,,15,kc_bias,0.7,563.9492710564087,,1.1752352097942986,,
S1-E5,Proposed EKF,T,1.266517927538051,1.244604917896593,1.244604917896593,1.5135312144702482,0.7848344566373784,1.7043753791558076,,,,15,kc_bias,0.7,563.9492710564087,0.05555555555555555,1.2218655621924577,1.8546489845980294,0.010778619761942136
S1-E5,NIRS rScO2,sO2,8.62144095062342,8.412268426306783,8.412268426306783,15.601218738468381,4.712598266473575,12.111938586139992,1.0,0.0,20.0,16,kc_bias,0.7,619.1232393033365,,,,
S1-E5,PA linear unmixing,sO2,0.9669981739934336,0.8897523758036254,0.8897919053674624,3.2288129329679505,0.1474680593873223,1.6320366922199285,1.0,0.0,40.0,16,kc_bias,0.7,619.1232393033365,,,,
S1-E5,PA fluence-compensated,sO2,0.49047551487627117,-0.4808847480156528,0.4809185897682389,0.806850317901131,-0.6700637390503908,-0.2917057569809148,1.0,0.0,20.0,16,kc_bias,0.7,619.1232393033365,,,,
S1-E5,Proposed EKF,sO2,0.332215318204545,0.267949400116499,0.2772365658192542,2.151879964370018,-0.11698051151172446,0.6528793117447224,1.0,0.0,40.0,16,kc_bias,0.7,619.1232393033365,1.0,,,
S1-E5,Rectal proxy,T,0.6015347167956765,-0.5901674490788689,0.5901674490788689,0.9959929415938262,-0.8182898742359849,-0.36204502392175286,,,,16,kc_bias,0.7,619.1232393033365,,0.28164420806981627,,
S1-E5,Scalp thermistor,T,2.4426312026942023,-2.433818939794468,2.433818939794468,3.021420477468755,-2.8401234919245355,-2.0275143876644006,,,,16,kc_bias,0.7,619.1232393033365,,0.34864352231491846,,
S1-E5,PA amplitude (800 nm),T,6.13512769580377,-5.031495277828782,5.0586788774235565,16.37983394234878,-11.912141400782687,1.8491508451251226,,,,16,kc_bias,0.7,619.1232393033365,,6.1935340066400295,,
S1-E5,Echo shift only,T,0.7341488624195875,0.7238005763723462,0.7238005763723462,0.8729862939461484,0.48305322637433296,0.9645479263703594,,,,16,kc_bias,0.7,619.1232393033365,,0.6642021107217044,,
S1-E5,Proposed EKF,T,0.7838430432385614,0.7740820608399572,0.7740820608399572,1.0968104586629224,0.5323823538455844,1.01578176783433,,,,16,kc_bias,0.7,619.1232393033365,0.032407407407407406,0.7142925548188166,1.0198149814204955,0.012335963454630682
S1-E5,NIRS rScO2,sO2,10.205526315163986,10.021330654563595,10.021330654563595,16.945459602508638,6.238124823597045,13.804536485530145,1.0,0.16682113067655235,20.0,17,kc_bias,0.7,579.325760637564,,,,
S1-E5,PA linear unmixing,sO2,1.178224262908648,1.086779399911411,1.0872994474910165,3.0516570204787596,0.19476845641512933,1.9787903434076926,1.0,0.0,20.0,17,kc_bias,0.7,579.325760637564,,,,
S1-E5,PA fluence-compensated,sO2,0.20592697391607576,0.07027192203323766,0.15306431726386976,1.779663034980422,-0.30911733267918157,0.4496611767456569,1.0,0.0,20.0,17,kc_bias,0.7,579.325760637564,,,,
S1-E5,Proposed EKF,sO2,0.4186616259401501,0.31155460360131165,0.3434697593453169,3.0931470228724667,-0.23658449948729832,0.8596937066899216,1.0,0.0,20.0,17,kc_bias,0.7,579.325760637564,0.9990740740740741,,,
S1-E5,Rectal proxy,T,1.00949376871113,-1.002697749718974,1.002697749718974,1.3739878610328802,-1.2318995477992862,-0.7734959516386617,,,,17,kc_bias,0.7,579.325760637564,,0.29073334143968,,
S1-E5,Scalp thermistor,T,3.621376514045047,-3.6162188829090516,3.6162188829090516,4.2808754036959655,-3.9949041084632237,-3.2375336573548794,,,,17,kc_bias,0.7,579.325760637564,,0.2938702483822087,,
S1-E5,PA amplitude (800 nm),T,9.02914592168309,-8.354661839567642,8.354661839567642,19.30888047591078,-15.06608124154409,-1.6432424375911934,,,,17,kc_bias,0.7,579.325760637564,,8.688666954753701,,
S1-E5,Echo shift only,T,0.4042669275713361,0.3749454739527463,0.3890594211010058,0.5604883897317947,0.0786829300169884,0.6712080178885043,,,,17,kc_bias,0.7,579.325760637564,,0.759327727052122,,
S1-E5,Proposed EKF,T,0.4346448881909036,0.4082136607489738,0.4156160051984355,0.8416411065105365,0.11566906119210674,0.7007582603058409,,,,17,kc_bias,0.7,579.325760637564,0.8796296296296297,0.7898426230075554,0.40032731701603397,0.0528302120749048
S1-E5,NIRS rScO2,sO2,9.539068013267782,9.368847704254431,9.368847704254431,16.044678613771126,5.852566594622774,12.88512881388609,1.0,0.16682113067655235,20.0,10,kc_bias,1.3,457.0876697006553,,,,
S1-E5,PA linear unmixing,sO2,0.6725216760166602,0.508158256541307,0.551047305785122,2.9623268672460457,-0.3552669958499328,1.3715835089325468,1.0,0.0,20.0,10,kc_bias,1.3,457.0876697006553,,,,
S1-E5,PA fluence-compensated,sO2,1.9893055952860628,-1.9773689562815555,1.9773689562815555,2.697857889853883,-2.403860462356313,-1.5508774502067981,1.0,0.0,20.0,10,kc_bias,1.3,457.0876697006553,,,,
S1-E5,Proposed EKF,sO2,1.1314971568221617,-1.0835841911837107,1.093004191184252,4.809759414789994,-1.7221085033267955,-0.4450598790406257,1.0,0.0,40.0,10,kc_bias,1.3,457.0876697006553,0.9990740740740741,,,
S1-E5,Rectal proxy,T,0.7391534019025491,-0.7307349146558089,0.7307349146558089,1.1338765372603419,-0.9487644199950153,-0.5127054093166025,,,,10,kc_bias,1.3,457.0876697006553,,0.148394120411275,,
S1-E5,Scalp thermistor,T,2.8003387613413784,-2.79317109932358,2.79317109932358,3.3338297218272785,-3.1856235402779474,-2.400718658369213,,,,10,kc_bias,1.3,457.0876697006553,,0.25993961836569845,,
S1-E5,PA amplitude (800 nm),T,7.415530979012703,-6.799863952953998,6.799863952953998,15.281736517916844,-12.598268114480572,-1.0014597914274228,,,,10,kc_bias,1.3,457.0876697006553,,7.218471968940407,,
S1-E5,Echo shift only,T,0.6919206186448504,-0.6851759406039191,0.6851759406039191,0.8433583809462846,-0.8740702521714256,-0.49628162903641254,,,,10,kc_bias,1.3,457.0876697006553,,0.4795018353954231,,
S1-E5,Proposed EKF,T,0.6533291912337191,-0.6082395634753409,0.6196495047297735,0.8415091087073776,-1.0757053799196734,-0.14077374703100837,,,,10,kc_bias,1.3,457.0876697006553,0.28055555555555556,0.4578152983559667,0.3372506790124004,0.06419465860399735
S1-E5,NIRS rScO2,sO2,10.105343914837867,9.911969560079317,9.911969560079317,18.564374881313405,6.0557797264979225,13.768159393660712,1.0,0.5004633920296571,20.0,11,kc_bias,1.3,812.4695772831051,,,,
S1-E5,PA linear unmixing,sO2,0.5525306759129868,-0.5125303830956274,0.5192391727827029,1.0287242660961704,-0.9170829021151208,-0.1079778640761339,1.0,0.0,20.0,11,kc_bias,1.3,812.4695772831051,,,,
S1-E5,PA fluence-compensated,sO2,2.1648816752079862,-2.1496994504661204,2.1496994504661204,2.713279372050248,-2.6513405360260793,-1.6480583649061613,1.0,0.0,20.0,11,kc_bias,1.3,812.4695772831051,,,,
S1-E5,Proposed EKF,sO2,1.7301549395830684,-1.6872097729761393,1.6872097729761393,5.512133022722631,-2.438069623490924,-0.9363499224613547,1.0,0.0,40.0,11,kc_bias,1.3,812.4695772831051,0.9981481481481481,,,
S1-E5,Rectal proxy,T,0.599625109421067,-0.5835678570073269,0.5835678570073269,0.9206357333113786,-0.8537268807152526,-0.3134088332994013,,,,11,kc_bias,1.3,812.4695772831051,,0.3803866039984471,,
S1-E5,Scalp thermistor,T,2.0857490193520256,-2.0764092269274523,2.0764092269274523,2.7859109800701383,-2.4628509212295104,-1.6899675326253942,,,,11,kc_bias,1.3,812.4695772831051,,0.3290599607319201,,
S1-E5,PA amplitude (800 nm),T,8.026702130375696,-6.597711498386973,6.597865530274289,21.747171875976047,-15.557752420370845,2.362329423596899,,,,11,kc_bias,1.3,812.4695772831051,,8.095209949714262,,
S1-E5,Echo shift only,T,0.9596825378143609,-0.9375916707097522,0.9380279555752611,1.1825079446244118,-1.3388531818388802,-0.5363301595806241,,,,11,kc_bias,1.3,812.4695772831051,,1.0410963254706704,,
S1-E5,Proposed EKF,T,0.8906345003858105,-0.8680137925156967,0.8692010184482685,1.0760227789215833,-1.2589434908324733,-0.47708409419892017,,,,11,kc_bias,1.3,812.4695772831051,0.5685185185185185,0.9755806797474189,1.1092212228025418,0.06791709654606182
S1-E5,NIRS rScO2,sO2,7.628872987089102,7.4051172205316,7.4051172205316,13.069398623896545,3.8102709651306625,10.999963475932537,1.0,0.6672845227062094,20.0,12,kc_bias,1.3,773.0656521423296,,,,
S1-E5,PA linear unmixing,sO2,0.3400957616197142,0.2850462366412267,0.2906577614951966,1.4556509729575562,-0.07855235936514936,0.6486448326476028,1.0,0.0,40.0,12,kc_bias,1.3,773.0656521423296,,,,
S1-E5,PA fluence-compensated,sO2,1.43737613550713,-1.4307136899806967,1.4307136899806967,1.7393944617316581,-1.7016512911735326,-1.1597760887878605,1.0,0.0,40.0,12,kc_bias,1.3,773.0656521423296,,,,
S1-E5,Proposed EKF,sO2,1.0797193934426752,-1.0483689880001195,1.0527147265183456,2.5017390484478264,-1.5546276681478135,-0.5421103078524252,1.0,0.0,40.0,12,kc_bias,1.3,773.0656521423296,1.0,,,
S1-E5,Rectal proxy,T,0.8853334980918699,-0.8776506458850531,0.8776506458850531,1.2328841830912793,-1.1057591696621276,-0.6495421221079788,,,,12,kc_bias,1.3,773.0656521423296,,0.19262098135125696,,
S1-E5,Scalp thermistor,T,3.351859459780736,-3.346747143082688,3.346747143082688,3.8435537356913336,-3.7094551833202623,-2.984039102845114,,,,12,kc_bias,1.3,773.0656521423296,,0.29266972982791767,,
S1-E5,PA amplitude (800 nm),T,8.617263170962056,-7.505609758681291,7.50578444523145,18.322692838236517,-15.803391162977295,0.7921716456147125,,,,12,kc_bias,1.3,773.0656521423296,,8.393940958918598,,
S1-E5,Echo shift only,T,0.8729650528539961,-0.862573937186716,0.862573937186716,1.022891900145062,-1.1257851269907984,-0.5993627473826337,,,,12,kc_bias,1.3,773.0656521423296,,0.6198042091629695,,
S1-E5,Proposed EKF,T,0.8141012091546097,-0.8033574531864712,0.8033574531864712,0.9609979467099876,-1.0617325986082953,-0.5449823077646472,,,,12,kc_bias,1.3,773.0656521423296,0.5851851851851851,0.565031859823112,1.0430349389934739,0.00410960084189328
S1-E5,NIRS rScO2,sO2,4.74600936840808,4.30446215108922,4.3351176418549295,11.627726975899566,0.38631943879847974,8.22260486337996,1.0,0.5004633920296571,20.0,13,kc_bias,1.3,406.4481806377526,,,,
S1-E5,PA linear unmixing,sO2,0.647481458872641,-0.36032973288346604,0.48952057804245547,3.2956330947532475,-1.4147199683198308,0.6940605025528986,1.0,0.0,20.0,13,kc_bias,1.3,406.4481806377526,,,,
S1-E5,PA fluence-compensated,sO2,1.9237639038670884,-1.911285602260282,1.911285602260282,2.6347404257612506,-2.3400505737758035,-1.4825206307447603,1.0,0.0,20.0,13,kc_bias,1.3,406.4481806377526,,,,
S1-E5,Proposed EKF,sO2,0.47811832453920855,-0.3901314821933352,0.4097961971693818,2.6296257825198732,-0.9318669686842372,0.15160400429756693,1.0,0.0,20.0,13,kc_bias,1.3,406.4481806377526,1.0,,,
S1-E5,Rectal proxy,T,0.91852577430698,-0.9118838571067917,0.9118838571067917,1.3371799094409624,-1.1279948935430875,-0.6957728206704957,,,,13,kc_bias,1.3,406.4481806377526,,0.2002859351674398,,
S1-E5,Scalp thermistor,T,3.36705621993394,-3.3626433769305044,3.3626433769305044,3.9227734693076783,-3.700407213438268,-3.0248795404227407,,,,13,kc_bias,1.3,406.4481806377526,,0.34314647520788183,,
S1-E5,PA amplitude (800 nm),T,5.801783907395161,-4.522377526343373,4.665591248766727,16.13496853206752,-11.645783906958599,2.601028854271852,,,,13,kc_bias,1.3,406.4481806377526,,5.526891844938268,,
S1-E5,Echo shift only,T,1.3159044422687138,-1.3026109384947904,1.3026109384947904,1.5571476741395642,-1.6682927566375259,-0.9369291203520549,,,,13,kc_bias,1.3,406.4481806377526,,0.9623527563763317,,
S1-E5,Proposed EKF,T,1.243429824785192,-1.2301211529074096,1.2301211529074096,1.4280302893617574,-1.5857392574690838,-0.8745030483457354,,,,13,kc_bias,1.3,406.4481806377526,0.3907407407407407,0.88972608078524,1.5212381440117657,0.07064950173072447
S1-E5,NIRS rScO2,sO2,5.215579632087442,4.827497299039109,4.83269919343412,12.74449780541519,0.9580280260511844,8.696966572027033,1.0,0.0,20.0,14,kc_bias,1.3,518.3759396330438,,,,
S1-E5,PA linear unmixing,sO2,0.6833539319294474,0.5563591568860351,0.5686518862411282,2.914443716929238,-0.22133635235425655,1.3340546661263268,1.0,0.0,20.0,14,kc_bias,1.3,518.3759396330438,,,,
S1-E5,PA fluence-compensated,sO2,0.9888281838973514,-0.9739978815612605,0.9739978815612605,1.5204180711890447,-1.308402280731775,-0.639593482390746,1.0,0.0,20.0,14,kc_bias,1.3,518.3759396330438,,,,
S1-E5,Proposed EKF,sO2,0.9648309817217003,-0.8922497578017867,0.9061430794186569,3.4604177347061005,-1.6118372533857537,-0.17266226221781994,1.0,0.0,40.0,14,kc_bias,1.3,518.3759396330438,0.9990740740740741,,,
S1-E5,Rectal proxy,T,0.8382215812931114,-0.8304077565430197,0.8304077565430197,1.3408672234593482,-1.0542117554425223,-0.606603757643517,,,,14,kc_bias,1.3,518.3759396330438,,0.13531311019026013,,
S1-E5,Scalp thermistor,T,2.026585014792535,-2.0172915009923322,2.0172915009923322,2.670519177013901,-2.3972577207877985,-1.6373252811968657,,,,14,kc_bias,1.3,518.3759396330438,,0.19954852165090933,,
S1-E5,PA amplitude (800 nm),T,7.264145730309379,-5.9166280623000045,5.939059320589403,17.216398819149504,-14.176888850255425,2.343632725655416,,,,14,kc_bias,1.3,518.3759396330438,,7.061953036400156,,
S1-E5,Echo shift only,T,0.7238096591378232,-0.7175602484862725,0.7175602484862725,0.8524039058819639,-0.9035818283136751,-0.53153866865887,,,,14,kc_bias,1.3,518.3759396330438,,0.47702491562379384,,
S1-E5,Proposed EKF,T,0.7045684104180822,-0.6883366671016994,0.6883366671016994,0.9562298492605876,-0.9830497498528044,-0.39362358435059447,,,,14,kc_bias,1.3,518.3759396330438,0.4601851851851852,0.4595926323139126,0.8668710883781189,0.015129419206671876
S1-E5,NIRS rScO2,sO2,13.001788984664287,12.863115740770468,12.863115740770468,18.18720994794384,9.151116743073425,16.57511473846751,1.0,0.3336422613531047,20.0,15,kc_bias,1.3,565.5490050778884,,,,
S1-E5,PA linear unmixing,sO2,0.9233153850614375,0.8380788123931193,0.8383871568440467,2.981967620209608,0.07863203898411421,1.5975255858021244,1.0,0.0,20.0,15,kc_bias,1.3,565.5490050778884,,,,
S1-E5,PA fluence-compensated,sO2,0.678974394023612,-0.6621720761043006,0.6621720761043006,1.153877113837276,-0.9563965369534987,-0.3679476152551027,1.0,0.0,20.0,15,kc_bias,1.3,565.5490050778884,,,,
S1-E5,Proposed EKF,sO2,0.44916862815188774,0.37950233735997185,0.38919543015630387,1.4437309752491079,-0.09142996065740552,0.8504346353773493,1.0,0.0,20.0,15,kc_bias,1.3,565.5490050778884,1.0,,,
S1-E5,Rectal proxy,T,0.5796153591280528,-0.5660931263471503,0.5660931263471503,0.974065800057268,-0.8100524047589455,-0.32213384793535504,,,,15,kc_bias,1.3,565.5490050778884,,0.26455119492323753,,
S1-E5,Scalp thermistor,T,1.996619148703865,-1.9874122626003967,1.9874122626003967,2.5353744592830694,-2.3627945994700643,-1.6120299257307293,,,,15,kc_bias,1.3,565.5490050778884,,0.21962046441068384,,
S1-E5,PA amplitude (800 nm),T,7.847140878814413,-6.663435805270196,6.663520658087543,16.95810574406566,-14.786505178028161,1.459633567487768,,,,15,kc_bias,1.3,565.5490050778884,,7.8860867163333825,,
S1-E5,Echo shift only,T,0.3269745675021848,-0.31775557729299025,0.3182961356016801,0.44323021736572343,-0.4688633264139235,-0.16664782817205703,,,,15,kc_bias,1.3,565.5490050778884,,0.3716602486270778,,
S1-E5,Proposed EKF,T,0.19828199127586874,-0.18914630120984022,0.19007984556127072,0.3135740261827564,-0.3057527089370805,-0.0725398934825999,,,,15,kc_bias,1.3,565.5490050778884,1.0,0.24204469726399583,0.5225968784765415,0.010415661917489166
S1-E5,NIRS rScO2,sO2,8.62144095062342,8.412268426306783,8.412268426306783,15.601218738468381,4.712598266473575,12.111938586139992,1.0,0.0,20.0,16,kc_bias,1.3,617.9504636280014,,,,
S1-E5,PA linear unmixing,sO2,0.9621014999967857,0.885625000975822,0.8856743403775094,3.192899895871548,0.14884315851087176,1.6224068434407724,1.0,0.0,40.0,16,kc_bias,1.3,617.9504636280014,,,,
S1-E5,PA fluence-compensated,sO2,0.49519625202907913,-0.48601370495520957,0.48601370495520957,0.8095728949404135,-0.6720589721052365,-0.29996843780518273,1.0,0.0,20.0,16,kc_bias,1.3,617.9504636280014,,,,
S1-E5,Proposed EKF,sO2,0.320884822759199,0.1491333313899567,0.21480401331386337,3.0680270575202173,-0.40774926562842667,0.70601592840834,1.0,0.0,40.0,16,kc_bias,1.3,617.9504636280014,1.0,,,
S1-E5,Rectal proxy,T,0.6015347167956765,-0.5901674490788689,0.5901674490788689,0.9959929415938262,-0.8182898742359849,-0.36204502392175286,,,,16,kc_bias,1.3,617.9504636280014,,0.28164420806981627,,
S1-E5,Scalp thermistor,T,2.4426312026942023,-2.433818939794468,2.433818939794468,3.021420477468755,-2.8401234919245355,-2.0275143876644006,,,,16,kc_bias,1.3,617.9504636280014,,0.34864352231491846,,
S1-E5,PA amplitude (800 nm),T,6.170217991931962,-5.082421773152212,5.09588478491704,16.375632199903627,-11.939783382352754,1.7749398360483308,,,,16,kc_bias,1.3,617.9504636280014,,6.228876210863645,,
S1-E5,Echo shift only,T,1.2876587427154103,-1.2578541912448853,1.258474928080599,1.5627539886879802,-1.7977190023124188,-0.7179893801773518,,,,16,kc_bias,1.3,617.9504636280014,,1.3571539113511044,,
S1-E5,Proposed EKF,T,1.195938383939787,-1.1121593522176445,1.1223124492678447,1.469607254324984,-1.9740473583866756,-0.25027134604861356,,,,16,kc_bias,1.3,617.9504636280014,0.15185185185185185,1.2617834681024598,0.88334242066214,0.012380789908121009
S1-E5,NIRS rScO2,sO2,10.205526315163986,10.021330654563595,10.021330654563595,16.945459602508638,6.238124823597045,13.804536485530145,1.0,0.16682113067655235,20.0,17,kc_bias,1.3,581.040144722268,,,,
S1-E5,PA linear unmixing,sO2,1.1787216003996066,1.0872472296245266,1.0877645536758394,3.042968408349822,0.19490231596238328,1.9795921432866699,1.0,0.0,20.0,17,kc_bias,1.3,581.040144722268,,,,
S1-E5,PA fluence-compensated,sO2,0.2063850215487754,0.0708422820430872,0.15344358718924675,1.7904424078829528,-0.3090952534866856,0.45077981757286006,1.0,0.0,20.0,17,kc_bias,1.3,581.040144722268,,,,
S1-E5,Proposed EKF,sO2,0.4093251687716527,0.09854007940296573,0.2512029917112185,5.624537046044309,-0.6801424064875738,0.8772225652935053,1.0,0.0,20.0,17,kc_bias,1.3,581.040144722268,0.9972222222222222,,,
S1-E5,Rectal proxy,T,1.00949376871113,-1.002697749718974,1.002697749718974,1.3739878610328802,-1.2318995477992862,-0.7734959516386617,,,,17,kc_bias,1.3,581.040144722268,,0.29073334143968,,
S1-E5,Scalp thermistor,T,3.621376514045047,-3.6162188829090516,3.6162188829090516,4.2808754036959655,-3.9949041084632237,-3.2375336573548794,,,,17,kc_bias,1.3,581.040144722268,,0.2938702483822087,,
S1-E5,PA amplitude (800 nm),T,8.972631026435554,-8.289237968353728,8.289237968353728,19.277789019285336,-15.021100842628838,-1.5573750940786173,,,,17,kc_bias,1.3,581.040144722268,,8.632721008220894,,
S1-E5,Echo shift only,T,1.409650291760373,-1.394788460650209,1.394788460650209,1.639078521076712,-1.7949314497492517,-0.9946454715511663,,,,17,kc_bias,1.3,581.040144722268,,1.0457248483944557,,
S1-E5,Proposed EKF,T,1.3419010877460822,-1.3105732818833769,1.3105732818833769,1.6054592383291961,-1.8755709544594468,-0.7455756093073069,,,,17,kc_bias,1.3,581.040144722268,0.04814814814814815,0.9862474085196795,1.267848974277671,0.052735719268608844
S1-E5,NIRS rScO2,sO2,9.539068013267782,9.368847704254431,9.368847704254431,16.044678613771126,5.852566594622774,12.88512881388609,1.0,0.16682113067655235,20.0,10,fill,0.3,300.8581706340636,,,,
S1-E5,PA linear unmixing,sO2,0.45158136145826977,0.018579542553432898,0.36702868193670696,2.417742778949117,-0.8657704735850988,0.9029295586919647,1.0,0.0,20.0,10,fill,0.3,300.8581706340636,,,,
S1-E5,PA fluence-compensated,sO2,2.5960795674646864,-2.579349365661998,2.579349365661998,3.5106224248222184,-3.1560890505674206,-2.0026096807565756,1.0,0.0,20.0,10,fill,0.3,300.8581706340636,,,,
S1-E5,Proposed EKF,sO2,1.0663251518770707,-1.021453828184825,1.0295652000982092,4.118012597185494,-1.6213592297884434,-0.4215484265812069,1.0,0.0,20.0,10,fill,0.3,300.8581706340636,0.9990740740740741,,,
S1-E5,Rectal proxy,T,0.7391534019025491,-0.7307349146558089,0.7307349146558089,1.1338765372603419,-0.9487644199950153,-0.5127054093166025,,,,10,fill,0.3,300.8581706340636,,0.148394120411275,,
S1-E5,Scalp thermistor,T,2.8003387613413784,-2.79317109932358,2.79317109932358,3.3338297218272785,-3.1856235402779474,-2.400718658369213,,,,10,fill,0.3,300.8581706340636,,0.25993961836569845,,
S1-E5,PA amplitude (800 nm),T,7.4512069573896005,-6.840212362853145,6.840212362853145,15.29091014923263,-12.631997423363057,-1.0484273023432324,,,,10,fill,0.3,300.8581706340636,,7.253918673770379,,
S1-E5,Echo shift only,T,0.05017844611397553,0.0022461186220812833,0.036320167039257646,0.2528744576527231,-0.09600505504803745,0.10049729229220002,,,,10,fill,0.3,300.8581706340636,,0.22340183787006704,,
S1-E5,Proposed EKF,T,0.1359004042687878,0.058338492975869544,0.09427187302655557,0.44794662174680155,-0.18223536037534144,0.2989123463270805,,,,10,fill,0.3,300.8581706340636,1.0,0.30786307871536617,0.3624464642254496,0.06418643302964838
S1-E5,NIRS rScO2,sO2,10.105343914837867,9.911969560079317,9.911969560079317,18.564374881313405,6.0557797264979225,13.768159393660712,1.0,0.5004633920296571,20.0,11,fill,0.3,597.5407575988462,,,,
S1-E5,PA linear unmixing,sO2,0.8743889149108569,-0.8515041075544855,0.8531036449522411,1.3392825100606798,-1.241030275379378,-0.4619779397295928,1.0,0.0,20.0,11,fill,0.3,597.5407575988462,,,,
S1-E5,PA fluence-compensated,sO2,2.5678387253774333,-2.552640732656158,2.552640732656158,3.256515289052153,-3.099410510735158,-2.005870954577159,1.0,0.0,20.0,11,fill,0.3,597.5407575988462,,,,
S1-E5,Proposed EKF,sO2,1.8094548131049812,-1.7707256238019613,1.7707256238019613,4.665431645038165,-2.5005657417431206,-1.0408855058608018,1.0,0.0,20.0,11,fill,0.3,597.5407575988462,0.9879629629629629,,,
S1-E5,Rectal proxy,T,0.599625109421067,-0.5835678570073269,0.5835678570073269,0.9206357333113786,-0.8537268807152526,-0.3134088332994013,,,,11,fill,0.3,597.5407575988462,,0.3803866039984471,,
S1-E5,Scalp thermistor,T,2.0857490193520256,-2.0764092269274523,2.0764092269274523,2.7859109800701383,-2.4628509212295104,-1.6899675326253942,,,,11,fill,0.3,597.5407575988462,,0.3290599607319201,,
S1-E5,PA amplitude (800 nm),T,8.033896559800851,-6.610180529441924,6.610334561329239,21.74220285154755,-15.559680317165679,2.3393192582818303,,,,11,fill,0.3,597.5407575988462,,8.102471552089048,,
S1-E5,Echo shift only,T,0.32515134902252446,0.31984178333704477,0.31984178333704477,0.42724669401111726,0.20514186319426936,0.4345417034798202,,,,11,fill,0.3,597.5407575988462,,0.24379243085961352,,
S1-E5,Proposed EKF,T,0.36129679975173024,0.3558881321032593,0.3558881321032593,0.5123270166046012,0.23381592482716074,0.4779603393793579,,,,11,fill,0.3,597.5407575988462,1.0,0.2782493050553418,0.12762593393648908,0.06787151477245862
S1-E5,NIRS rScO2,sO2,7.628872987089102,7.4051172205316,7.4051172205316,13.069398623896545,3.8102709651306625,10.999963475932537,1.0,0.6672845227062094,20.0,12,fill,0.3,559.1908382374094,,,,
S1-E5,PA linear unmixing,sO2,0.19622491384297336,-0.052021043409871834,0.15046569170055316,1.0302916246693328,-0.42286023201950845,0.3188181451997648,1.0,0.0,40.0,12,fill,0.3,559.1908382374094,,,,
S1-E5,PA fluence-compensated,sO2,1.8354934338438034,-1.8286933057825652,1.8286933057825652,2.2061256460454093,-2.1380812711761044,-1.519305340389026,1.0,0.0,40.0,12,fill,0.3,559.1908382374094,,,,
S1-E5,Proposed EKF,sO2,1.0952931915271433,-1.0700742849830593,1.0700742849830593,2.1343175726862507,-1.5280948753620127,-0.6120536946041062,1.0,0.0,40.0,12,fill,0.3,559.1908382374094,1.0,,,
S1-E5,Rectal proxy,T,0.8853334980918699,-0.8776506458850531,0.8776506458850531,1.2328841830912793,-1.1057591696621276,-0.6495421221079788,,,,12,fill,0.3,559.1908382374094,,0.19262098135125696,,
S1-E5,Scalp thermistor,T,3.351859459780736,-3.346747143082688,3.346747143082688,3.8435537356913336,-3.7094551833202623,-2.984039102845114,,,,12,fill,0.3,559.1908382374094,,0.29266972982791767,,
S1-E5,PA amplitude (800 nm),T,8.64866315309881,-7.543585134162857,7.54366111436361,18.325591176626947,-15.834569932627685,0.7473996643019714,,,,12,fill,0.3,559.1908382374094,,8.425012630343653,,
S1-E5,Echo shift only,T,0.56478282745752,0.5419876145682185,0.547548257499237,0.7186854294112948,0.2306678640937032,0.8533073650427339,,,,12,fill,0.3,559.1908382374094,,0.8151062189353891,,
S1-E5,Proposed EKF,T,0.591432981739053,0.5692823803644583,0.5738777121935873,0.808456348052502,0.2550060320286127,0.8835587287003039,,,,12,fill,0.3,559.1908382374094,0.8787037037037037,0.8435734568048867,0.33296350079625114,0.004194250518233086
S1-E5,NIRS rScO2,sO2,4.74600936840808,4.30446215108922,4.3351176418549295,11.627726975899566,0.38631943879847974,8.22260486337996,1.0,0.5004633920296571,20.0,13,fill,0.3,298.66038523226933,,,,
S1-E5,PA linear unmixing,sO2,0.8839426536761505,-0.706199606320272,0.7550666980227938,2.8100513412657846,-1.748205971891407,0.3358067592508627,1.0,0.0,20.0,13,fill,0.3,298.66038523226933,,,,
S1-E5,PA fluence-compensated,sO2,2.3419946925978805,-2.3276045112649926,2.3276045112649926,3.2744623114635774,-2.8356808940083424,-1.8195281285216427,1.0,0.0,20.0,13,fill,0.3,298.66038523226933,,,,
S1-E5,Proposed EKF,sO2,0.2949927759354941,-0.07862706097780531,0.22157706519064468,2.0567632148321136,-0.6358965384119484,0.47864241645633776,1.0,0.0,20.0,13,fill,0.3,298.66038523226933,1.0,,,
S1-E5,Rectal proxy,T,0.91852577430698,-0.9118838571067917,0.9118838571067917,1.3371799094409624,-1.1279948935430875,-0.6957728206704957,,,,13,fill,0.3,298.66038523226933,,0.2002859351674398,,
S1-E5,Scalp thermistor,T,3.36705621993394,-3.3626433769305044,3.3626433769305044,3.9227734693076783,-3.700407213438268,-3.0248795404227407,,,,13,fill,0.3,298.66038523226933,,0.34314647520788183,,
S1-E5,PA amplitude (800 nm),T,5.85327756971661,-4.5975535004040635,4.725650965334996,16.231996502315877,-11.697884495042203,2.502777494234076,,,,13,fill,0.3,298.66038523226933,,5.576091063973903,,
S1-E5,Echo shift only,T,0.07931053458739455,-0.04759237320082121,0.05364416286206551,0.3585168840654305,-0.17194239345059584,0.07675764704895341,,,,13,fill,0.3,298.66038523226933,,0.31733133845564104,,
S1-E5,Proposed EKF,T,0.06507293312423329,-0.008936735982828908,0.044756692910112916,0.35979200136479506,-0.13527118684877013,0.11739771488311232,,,,13,fill,0.3,298.66038523226933,1.0,0.3567268403437202,0.3670452580243107,0.07075658083559962
S1-E5,NIRS rScO2,sO2,5.215579632087442,4.827497299039109,4.83269919343412,12.74449780541519,0.9580280260511844,8.696966572027033,1.0,0.0,20.0,14,fill,0.3,386.01173697494056,,,,
S1-E5,PA linear unmixing,sO2,0.4780895438306309,0.2766709312873578,0.36231351850796195,2.5444754174415496,-0.4875350737029629,1.0408769362776784,1.0,0.0,20.0,14,fill,0.3,386.01173697494056,,,,
S1-E5,PA fluence-compensated,sO2,1.2985562093376903,-1.285618431630559,1.285618431630559,1.9315360671909643,-1.6440009723304512,-0.9272358909306669,1.0,0.0,20.0,14,fill,0.3,386.01173697494056,,,,
S1-E5,Proposed EKF,sO2,0.7754904881622786,-0.7059200107017308,0.7181455921055551,2.8699233448322037,-1.3351454496867876,-0.07669457171667415,1.0,0.0,40.0,14,fill,0.3,386.01173697494056,1.0,,,
S1-E5,Rectal proxy,T,0.8382215812931114,-0.8304077565430197,0.8304077565430197,1.3408672234593482,-1.0542117554425223,-0.606603757643517,,,,14,fill,0.3,386.01173697494056,,0.13531311019026013,,
S1-E5,Scalp thermistor,T,2.026585014792535,-2.0172915009923322,2.0172915009923322,2.670519177013901,-2.3972577207877985,-1.6373252811968657,,,,14,fill,0.3,386.01173697494056,,0.19954852165090933,,
S1-E5,PA amplitude (800 nm),T,7.258819549298825,-5.906177759766883,5.930025809744708,17.19368639176732,-14.177174678821526,2.3648191592877614,,,,14,fill,0.3,386.01173697494056,,7.056844578642812,,
S1-E5,Echo shift only,T,0.22266893143540836,-0.22111362719506203,0.22111362719506203,0.29655815704083466,-0.2726067065816599,-0.1696205478084641,,,,14,fill,0.3,386.01173697494056,,0.03910008870923142,,
S1-E5,Proposed EKF,T,0.21097721485630164,-0.2012480725988903,0.20174802051395688,0.4015861070089244,-0.3253734731354316,-0.07712267206234902,,,,14,fill,0.3,386.01173697494056,1.0,0.08279218614309934,0.402934831533499,0.015131910105901725
S1-E5,NIRS rScO2,sO2,13.001788984664287,12.863115740770468,12.863115740770468,18.18720994794384,9.151116743073425,16.57511473846751,1.0,0.3336422613531047,20.0,15,fill,0.3,295.538889106716,,,,
S1-E5,PA linear unmixing,sO2,0.49608291054560066,0.2835721915846406,0.38764692577632154,2.3996906527263215,-0.514234646365462,1.0813790295347432,1.0,0.0,20.0,15,fill,0.3,295.538889106716,,,,
S1-E5,PA fluence-compensated,sO2,1.3618970920920408,-1.3385136901797166,1.3385136901797166,2.3066383888531994,-1.8310347839025563,-0.8459925964568769,1.0,0.0,20.0,15,fill,0.3,295.538889106716,,,,
S1-E5,Proposed EKF,sO2,0.7774183004481479,0.7162143779818516,0.7191134962359289,1.7859123629645646,0.12360625124222135,1.3088225047214819,1.0,0.0,20.0,15,fill,0.3,295.538889106716,1.0,,,
S1-E5,Rectal proxy,T,0.5796153591280528,-0.5660931263471503,0.5660931263471503,0.974065800057268,-0.8100524047589455,-0.32213384793535504,,,,15,fill,0.3,295.538889106716,,0.26455119492323753,,
S1-E5,Scalp thermistor,T,1.996619148703865,-1.9874122626003967,1.9874122626003967,2.5353744592830694,-2.3627945994700643,-1.6120299257307293,,,,15,fill,0.3,295.538889106716,,0.21962046441068384,,
S1-E5,PA amplitude (800 nm),T,7.94107704021164,-6.784576186801771,6.784661039619118,17.055605685396703,-14.873045360954837,1.3038929873512943,,,,15,fill,0.3,295.538889106716,,7.980260002971514,,
S1-E5,Echo shift only,T,0.8031650667960856,0.7895375623462447,0.7895375623462447,0.958334095453921,0.5007811840330366,1.078293940659453,,,,15,fill,0.3,295.538889106716,,0.7581685823141545,,
S1-E5,Proposed EKF,T,0.8688358920080385,0.8535786990982684,0.8535786990982684,1.0590433791155505,0.5358457615277223,1.1713116366688145,,,,15,fill,0.3,295.538889106716,1.0,0.8269480707605426,1.4873070221285336,0.010660116230225157
S1-E5,NIRS rScO2,sO2,8.62144095062342,8.412268426306783,8.412268426306783,15.601218738468381,4.712598266473575,12.111938586139992,1.0,0.0,20.0,16,fill,0.3,392.5264947100138,,,,
S1-E5,PA linear unmixing,sO2,0.5542245985352257,0.41140106571478435,0.44954146609868145,2.6334593158335085,-0.31647989056243825,1.139282021992007,1.0,0.0,40.0,16,fill,0.3,392.5264947100138,,,,
S1-E5,PA fluence-compensated,sO2,1.0793981189281612,-1.0687501848399228,1.0687501848399228,1.5934693730522254,-1.3651793144806668,-0.7723210551991788,1.0,0.0,20.0,16,fill,0.3,392.5264947100138,,,,
S1-E5,Proposed EKF,sO2,0.36050903704926585,0.2681599329795404,0.2874544926053088,2.543396938401099,-0.204102529214985,0.7404223951740658,1.0,0.0,40.0,16,fill,0.3,392.5264947100138,1.0,,,
S1-E5,Rectal proxy,T,0.6015347167956765,-0.5901674490788689,0.5901674490788689,0.9959929415938262,-0.8182898742359849,-0.36204502392175286,,,,16,fill,0.3,392.5264947100138,,0.28164420806981627,,
S1-E5,Scalp thermistor,T,2.4426312026942023,-2.433818939794468,2.433818939794468,3.021420477468755,-2.8401234919245355,-2.0275143876644006,,,,16,fill,0.3,392.5264947100138,,0.34864352231491846,,
S1-E5,PA amplitude (800 nm),T,6.122353688577138,-5.01165062186297,5.042361639350968,16.357320280732235,-11.904213701650043,1.8809124579241026,,,,16,fill,0.3,392.5264947100138,,6.180652572590718,,
S1-E5,Echo shift only,T,0.03535874018030318,-0.0017487776714422555,0.027194709959527483,0.16777921806954055,-0.07096709505508883,0.06746953971220432,,,,16,fill,0.3,392.5264947100138,,0.080916809764641,,
S1-E5,Proposed EKF,T,0.1813106559245442,0.0790219196832853,0.1113847827879334,0.5571327411207818,-0.24081915454557057,0.3988629939121412,,,,16,fill,0.3,392.5264947100138,0.9787037037037037,0.16392215792918316,0.3660576699133743,0.01235724062644821
S1-E5,NIRS rScO2,sO2,10.205526315163986,10.021330654563595,10.021330654563595,16.945459602508638,6.238124823597045,13.804536485530145,1.0,0.16682113067655235,20.0,17,fill,0.3,322.54059809786764,,,,
S1-E5,PA linear unmixing,sO2,0.7039971102518516,0.5373880189137135,0.5933123758143597,2.2428984655670448,-0.3539833668856341,1.428759404713061,1.0,0.0,20.0,17,fill,0.3,322.54059809786764,,,,
S1-E5,PA fluence-compensated,sO2,0.6557167831041554,-0.6041394317915674,0.6043804953827773,2.7998794787060186,-1.1037666398325325,-0.10451222375060226,1.0,0.0,20.0,17,fill,0.3,322.54059809786764,,,,
S1-E5,Proposed EKF,sO2,0.4054881113933148,0.1755762073423837,0.283450158205733,4.601787856993733,-0.5408127852650599,0.8919651999498273,1.0,0.0,20.0,17,fill,0.3,322.54059809786764,0.9981481481481481,,,
S1-E5,Rectal proxy,T,1.00949376871113,-1.002697749718974,1.002697749718974,1.3739878610328802,-1.2318995477992862,-0.7734959516386617,,,,17,fill,0.3,322.54059809786764,,0.29073334143968,,
S1-E5,Scalp thermistor,T,3.621376514045047,-3.6162188829090516,3.6162188829090516,4.2808754036959655,-3.9949041084632237,-3.2375336573548794,,,,17,fill,0.3,322.54059809786764,,0.2938702483822087,,
S1-E5,PA amplitude (800 nm),T,9.00898671758615,-8.330793790790507,8.330793790790507,19.28302238745061,-15.052112625617008,-1.6094749559640054,,,,17,fill,0.3,322.54059809786764,,8.668732463854559,,
S1-E5,Echo shift only,T,0.5641269769449161,-0.562196860746129,0.562196860746129,0.6553164302975816,-0.6535828120339058,-0.47081090945835213,,,,17,fill,0.3,322.54059809786764,,0.19856310884144554,,
S1-E5,Proposed EKF,T,0.5181432177445477,-0.5000612845191988,0.5001370340425031,0.6776073574048596,-0.7660088434794059,-0.2341137255589918,,,,17,fill,0.3,322.54059809786764,0.675,0.18316387762242467,0.5019532822527377,0.05280463083101332
S1-E5,NIRS rScO2,sO2,9.539068013267782,9.368847704254431,9.368847704254431,16.044678613771126,5.852566594622774,12.88512881388609,1.0,0.16682113067655235,20.0,10,fill,0.7,680.767242129793,,,,
S1-E5,PA linear unmixing,sO2,0.9264193891316808,0.8156927845342197,0.8192861183816142,3.2939673313686635,-0.04514262006189134,1.676528189130331,1.0,0.0,20.0,10,fill,0.7,680.767242129793,,,,
S1-E5,PA fluence-compensated,sO2,1.5969647644034943,-1.588344207050242,1.588344207050242,2.088355626877181,-1.9131318717462154,-1.263556542354269,1.0,0.0,20.0,10,fill,0.7,680.767242129793,,,,
S1-E5,Proposed EKF,sO2,1.0846295874306375,-1.0521392454924587,1.0601148776844647,4.220902142786276,-1.5685698633436627,-0.5357086276412548,1.0,0.0,20.0,10,fill,0.7,680.767242129793,0.9990740740740741,,,
S1-E5,Rectal proxy,T,0.7391534019025491,-0.7307349146558089,0.7307349146558089,1.1338765372603419,-0.9487644199950153,-0.5127054093166025,,,,10,fill,0.7,680.767242129793,,0.148394120411275,,
S1-E5,Scalp thermistor,T,2.8003387613413784,-2.79317109932358,2.79317109932358,3.3338297218272785,-3.1856235402779474,-2.400718658369213,,,,10,fill,0.7,680.767242129793,,0.25993961836569845,,
S1-E5,PA amplitude (800 nm),T,7.4351296422635285,-6.823942630334914,6.823942630334914,15.303371969274156,-12.610080329376345,-1.0378049312934818,,,,10,fill,0.7,680.767242129793,,7.237887448973595,,
S1-E5,Echo shift only,T,0.05017844611397553,0.0022461186220812833,0.036320167039257646,0.2528744576527231,-0.09600505504803745,0.10049729229220002,,,,10,fill,0.7,680.767242129793,,0.22340183787006704,,
S1-E5,Proposed EKF,T,0.13556875740325514,0.05756957657699246,0.09412306063754862,0.4474206463732031,-0.18299702472816584,0.29813617788215074,,,,10,fill,0.7,680.767242129793,1.0,0.29527963445346295,0.36293114853512326,0.06420180123261426
S1-E5,NIRS rScO2,sO2,10.105343914837867,9.911969560079317,9.911969560079317,18.564374881313405,6.0557797264979225,13.768159393660712,1.0,0.5004633920296571,20.0,11,fill,0.7,1268.4814281922095,,,,
S1-E5,PA linear unmixing,sO2,0.27716600584978834,-0.16975042308720897,0.22970380370731167,1.2152960623011855,-0.5991908004598314,0.25968995428541347,1.0,0.0,20.0,11,fill,0.7,1268.4814281922095,,,,
S1-E5,PA fluence-compensated,sO2,1.7545746348103333,-1.7389811762227536,1.7389811762227536,2.152048524203398,-2.1964496179556403,-1.2815127344898671,1.0,0.0,20.0,11,fill,0.7,1268.4814281922095,,,,
S1-E5,Proposed EKF,sO2,1.5573761747108898,-1.518993112402146,1.518993112402146,4.382584862008265,-2.1925047671203073,-0.8454814576839849,1.0,0.0,20.0,11,fill,0.7,1268.4814281922095,0.9972222222222222,,,
S1-E5,Rectal proxy,T,0.599625109421067,-0.5835678570073269,0.5835678570073269,0.9206357333113786,-0.8537268807152526,-0.3134088332994013,,,,11,fill,0.7,1268.4814281922095,,0.3803866039984471,,
S1-E5,Scalp thermistor,T,2.0857490193520256,-2.0764092269274523,2.0764092269274523,2.7859109800701383,-2.4628509212295104,-1.6899675326253942,,,,11,fill,0.7,1268.4814281922095,,0.3290599607319201,,
S1-E5,PA amplitude (800 nm),T,8.028132590994987,-6.60133475119412,6.601488783081436,21.778247552378716,-15.556045248397776,2.3533757460095366,,,,11,fill,0.7,1268.4814281922095,,8.096665528657862,,
S1-E5,Echo shift only,T,0.32515134902252446,0.31984178333704477,0.31984178333704477,0.42724669401111726,0.20514186319426936,0.4345417034798202,,,,11,fill,0.7,1268.4814281922095,,0.24379243085961352,,
S1-E5,Proposed EKF,T,0.3595689208272275,0.35415578620965066,0.35415578620965066,0.5508116972013966,0.232328140784064,0.4759834316352373,,,,11,fill,0.7,1268.4814281922095,1.0,0.27152548973510293,0.12278333925795683,0.06789624827160305
S1-E5,NIRS rScO2,sO2,7.628872987089102,7.4051172205316,7.4051172205316,13.069398623896545,3.8102709651306625,10.999963475932537,1.0,0.6672845227062094,20.0,12,fill,0.7,1199.1201275087465,,,,
S1-E5,PA linear unmixing,sO2,0.6289430954562898,0.6004524388948081,0.6004524388948081,1.8524399099330013,0.23363234662123264,0.9672725311683836,1.0,0.0,40.0,12,fill,0.7,1199.1201275087465,,,,
S1-E5,PA fluence-compensated,sO2,1.0600302397176675,-1.0529731556980988,1.0529731556980988,1.2986995442798466,-1.2923150989698764,-0.8136312124263212,1.0,0.0,40.0,12,fill,0.7,1199.1201275087465,,,,
S1-E5,Proposed EKF,sO2,0.955306562639335,-0.9324928457601649,0.9326088665691163,1.9565524232349696,-1.3392470195175679,-0.5257386720027621,1.0,0.0,40.0,12,fill,0.7,1199.1201275087465,1.0,,,
S1-E5,Rectal proxy,T,0.8853334980918699,-0.8776506458850531,0.8776506458850531,1.2328841830912793,-1.1057591696621276,-0.6495421221079788,,,,12,fill,0.7,1199.1201275087465,,0.19262098135125696,,
S1-E5,Scalp thermistor,T,3.351859459780736,-3.346747143082688,3.346747143082688,3.8435537356913336,-3.7094551833202623,-2.984039102845114,,,,12,fill,0.7,1199.1201275087465,,0.29266972982791767,,
S1-E5,PA amplitude (800 nm),T,8.66405176163003,-7.562570535175999,7.562615686255825,18.361865174764805,-15.848832989015134,0.7236919186631372,,,,12,fill,0.7,1199.1201275087465,,8.44022980743191,,
S1-E5,Echo shift only,T,0.56478282745752,0.5419876145682185,0.547548257499237,0.7186854294112948,0.2306678640937032,0.8533073650427339,,,,12,fill,0.7,1199.1201275087465,,0.8151062189353891,,
S1-E5,Proposed EKF,T,0.5885101306371804,0.566656615013585,0.5711562260415871,0.8376899880733575,0.2552419453219404,0.8780712847052297,,,,12,fill,0.7,1199.1201275087465,0.8027777777777778,0.8326419017166461,0.3258420887094025,0.004141879329041037
S1-E5,NIRS rScO2,sO2,4.74600936840808,4.30446215108922,4.3351176418549295,11.627726975899566,0.38631943879847974,8.22260486337996,1.0,0.5004633920296571,20.0,13,fill,0.7,670.5185971012015,,,,
S1-E5,PA linear unmixing,sO2,0.5507820912759767,0.01870901565931544,0.39713629323775673,3.8117765400147663,-1.0602009041489755,1.0976189354676062,1.0,0.0,20.0,13,fill,0.7,670.5185971012015,,,,
S1-E5,PA fluence-compensated,sO2,1.461824553361537,-1.4497031162481229,1.4507812818397394,1.9410067451718138,-1.8179114286416034,-1.0814948038546424,1.0,0.0,20.0,13,fill,0.7,670.5185971012015,,,,
S1-E5,Proposed EKF,sO2,0.5782299541555904,-0.5343386952297082,0.5457922771664004,2.0484082200454945,-0.9674589553512358,-0.1012184351081808,1.0,0.0,20.0,13,fill,0.7,670.5185971012015,1.0,,,
S1-E5,Rectal proxy,T,0.91852577430698,-0.9118838571067917,0.9118838571067917,1.3371799094409624,-1.1279948935430875,-0.6957728206704957,,,,13,fill,0.7,670.5185971012015,,0.2002859351674398,,
S1-E5,Scalp thermistor,T,3.36705621993394,-3.3626433769305044,3.3626433769305044,3.9227734693076783,-3.700407213438268,-3.0248795404227407,,,,13,fill,0.7,670.5185971012015,,0.34314647520788183,,
S1-E5,PA amplitude (800 nm),T,5.81558006061457,-4.5473841395133565,4.68499383603554,16.070166641949104,-11.652828553348982,2.558060274322269,,,,13,fill,0.7,670.5185971012015,,5.539754309794251,,
S1-E5,Echo shift only,T,0.07931053458739455,-0.04759237320082121,0.05364416286206551,0.3585168840654305,-0.17194239345059584,0.07675764704895341,,,,13,fill,0.7,670.5185971012015,,0.31733133845564104,,
S1-E5,Proposed EKF,T,0.06466413204283544,-0.011773924794339126,0.0439344789281083,0.35695187020183283,-0.13639701753314096,0.1128491679444627,,,,13,fill,0.7,670.5185971012015,1.0,0.3509852399510971,0.36871735247429294,0.07068748933994817
S1-E5,NIRS rScO2,sO2,5.215579632087442,4.827497299039109,4.83269919343412,12.74449780541519,0.9580280260511844,8.696966572027033,1.0,0.0,20.0,14,fill,0.7,842.6969118630442,,,,
S1-E5,PA linear unmixing,sO2,0.9622958748766228,0.8715659500872469,0.8717478889692513,3.3399509968413343,0.07207297552615059,1.6710589246483432,1.0,0.0,20.0,14,fill,0.7,842.6969118630442,,,,
S1-E5,PA fluence-compensated,sO2,0.645468155511828,-0.6230358094445855,0.6230358094445855,1.0788252416674027,-0.953663584081626,-0.29240803480754496,1.0,0.0,20.0,14,fill,0.7,842.6969118630442,,,,
S1-E5,Proposed EKF,sO2,0.8180939454702502,-0.7546436400861961,0.7675934483238879,2.9710355297660973,-1.3738010325507357,-0.13548624762165645,1.0,0.0,40.0,14,fill,0.7,842.6969118630442,1.0,,,
S1-E5,Rectal proxy,T,0.8382215812931114,-0.8304077565430197,0.8304077565430197,1.3408672234593482,-1.0542117554425223,-0.606603757643517,,,,14,fill,0.7,842.6969118630442,,0.13531311019026013,,
S1-E5,Scalp thermistor,T,2.026585014792535,-2.0172915009923322,2.0172915009923322,2.670519177013901,-2.3972577207877985,-1.6373252811968657,,,,14,fill,0.7,842.6969118630442,,0.19954852165090933,,
S1-E5,PA amplitude (800 nm),T,7.300452410887184,-5.9654578324726355,5.981953306273566,17.268369731718256,-14.21375595749592,2.282840292550649,,,,14,fill,0.7,842.6969118630442,,7.097573596857801,,
S1-E5,Echo shift only,T,0.22266893143540836,-0.22111362719506203,0.22111362719506203,0.29655815704083466,-0.2726067065816599,-0.1696205478084641,,,,14,fill,0.7,842.6969118630442,,0.03910008870923142,,
S1-E5,Proposed EKF,T,0.2116686780791264,-0.19627195730688926,0.1976020316074596,0.400682327061034,-0.351606724976228,-0.04093718963755047,,,,14,fill,0.7,842.6969118630442,1.0,0.0935350253034754,0.4030746251430627,0.015175864308330539
S1-E5,NIRS rScO2,sO2,13.001788984664287,12.863115740770468,12.863115740770468,18.18720994794384,9.151116743073425,16.57511473846751,1.0,0.3336422613531047,20.0,15,fill,0.7,663.505469419661,,,,
S1-E5,PA linear unmixing,sO2,1.0058139959805428,0.9288322680608434,0.9288322680608434,3.077502691658723,0.17243372551477928,1.6852308106069074,1.0,0.0,20.0,15,fill,0.7,663.505469419661,,,,
S1-E5,PA fluence-compensated,sO2,0.5672734953277336,-0.5508236109902381,0.5508236109902381,0.9712624869533726,-0.8166372478200217,-0.2850099741604544,1.0,0.0,20.0,15,fill,0.7,663.505469419661,,,,
S1-E5,Proposed EKF,sO2,0.3842891735532054,0.30873432896986325,0.3249752215487703,1.040820688538513,-0.13976439440809624,0.7572330523478227,1.0,0.0,20.0,15,fill,0.7,663.505469419661,1.0,,,
S1-E5,Rectal proxy,T,0.5796153591280528,-0.5660931263471503,0.5660931263471503,0.974065800057268,-0.8100524047589455,-0.32213384793535504,,,,15,fill,0.7,663.505469419661,,0.26455119492323753,,
S1-E5,Scalp thermistor,T,1.996619148703865,-1.9874122626003967,1.9874122626003967,2.5353744592830694,-2.3627945994700643,-1.6120299257307293,,,,15,fill,0.7,663.505469419661,,0.21962046441068384,,
S1-E5,PA amplitude (800 nm),T,7.875716738585174,-6.700219837982591,6.700304690799938,16.97822507844085,-14.813286613420217,1.4128469374550363,,,,15,fill,0.7,663.505469419661,,7.914734916541049,,
S1-E5,Echo shift only,T,0.8031650667960856,0.7895375623462447,0.7895375623462447,0.958334095453921,0.5007811840330366,1.078293940659453,,,,15,fill,0.7,663.505469419661,,0.7581685823141545,,
S1-E5,Proposed EKF,T,0.8699962342578491,0.8548859137842271,0.8548859137842271,1.054209459223273,0.5384595775635275,1.1713122500049267,,,,15,fill,0.7,663.505469419661,1.0,0.8241816288813623,1.50576234361418,0.009922549215566285
S1-E5,NIRS rScO2,sO2,8.62144095062342,8.412268426306783,8.412268426306783,15.601218738468381,4.712598266473575,12.111938586139992,1.0,0.0,20.0,16,fill,0.7,853.2997731629863,,,,
S1-E5,PA linear unmixing,sO2,1.1807678630374567,1.1161062035676397,1.1161062035676397,3.512663881338862,0.36075645923519317,1.8714559479000863,1.0,0.0,40.0,16,fill,0.7,853.2997731629863,,,,
S1-E5,PA fluence-compensated,sO2,0.2146530955080719,-0.20104964921310248,0.20406424067903228,0.43807103253798996,-0.34844099712703436,-0.053658301299170576,1.0,0.0,20.0,16,fill,0.7,853.2997731629863,,,,
S1-E5,Proposed EKF,sO2,0.3053849049628988,0.2101652924746668,0.23247630284032916,2.4648550552303194,-0.2240996341013316,0.6444302190506652,1.0,0.0,40.0,16,fill,0.7,853.2997731629863,1.0,,,
S1-E5,Rectal proxy,T,0.6015347167956765,-0.5901674490788689,0.5901674490788689,0.9959929415938262,-0.8182898742359849,-0.36204502392175286,,,,16,fill,0.7,853.2997731629863,,0.28164420806981627,,
S1-E5,Scalp thermistor,T,2.4426312026942023,-2.433818939794468,2.433818939794468,3.021420477468755,-2.8401234919245355,-2.0275143876644006,,,,16,fill,0.7,853.2997731629863,,0.34864352231491846,,
S1-E5,PA amplitude (800 nm),T,6.1196600147835385,-5.010139749667222,5.040152729220307,16.38814110177064,-11.897731010851427,1.8774515115169832,,,,16,fill,0.7,853.2997731629863,,6.177966940863893,,
S1-E5,Echo shift only,T,0.03535874018030318,-0.0017487776714422555,0.027194709959527483,0.16777921806954055,-0.07096709505508883,0.06746953971220432,,,,16,fill,0.7,853.2997731629863,,0.080916809764641,,
S1-E5,Proposed EKF,T,0.18079466832515767,0.07690026355394623,0.11090551923088338,0.5561361186205431,-0.24380426290214197,0.39760479001003446,,,,16,fill,0.7,853.2997731629863,0.9787037037037037,0.1636291263694792,0.36346211037787896,0.012343430621173723
S1-E5,NIRS rScO2,sO2,10.205526315163986,10.021330654563595,10.021330654563595,16.945459602508638,6.238124823597045,13.804536485530145,1.0,0.16682113067655235,20.0,17,fill,0.7,720.6428815292732,,,,
S1-E5,PA linear unmixing,sO2,1.3032706510485026,1.220371995630297,1.220371995630297,3.2419920930748747,0.32388551717799624,2.1168584740825973,1.0,0.0,20.0,17,fill,0.7,720.6428815292732,,,,
S1-E5,PA fluence-compensated,sO2,0.29770112678442173,0.23394670089562386,0.2550011496499171,1.539736815470405,-0.12690043520734504,0.5947938369985927,1.0,0.0,20.0,17,fill,0.7,720.6428815292732,,,,
S1-E5,Proposed EKF,sO2,0.4048163226800723,0.218174735301243,0.2857549452561746,4.509208245663143,-0.45017100995659814,0.8865204805590842,1.0,0.0,20.0,17,fill,0.7,720.6428815292732,0.9981481481481481,,,
S1-E5,Rectal proxy,T,1.00949376871113,-1.002697749718974,1.002697749718974,1.3739878610328802,-1.2318995477992862,-0.7734959516386617,,,,17,fill,0.7,720.6428815292732,,0.29073334143968,,
S1-E5,Scalp thermistor,T,3.621376514045047,-3.6162188829090516,3.6162188829090516,4.2808754036959655,-3.9949041084632237,-3.2375336573548794,,,,17,fill,0.7,720.6428815292732,,0.2938702483822087,,
S1-E5,PA amplitude (800 nm),T,8.996373336579916,-8.316868704399331,8.316868704399331,19.294172543020217,-15.039533893021666,-1.5942035157769974,,,,17,fill,0.7,720.6428815292732,,8.656217184444651,,
S1-E5,Echo shift only,T,0.5641269769449161,-0.562196860746129,0.562196860746129,0.6553164302975816,-0.6535828120339058,-0.47081090945835213,,,,17,fill,0.7,720.6428815292732,,0.19856310884144554,,
S1-E5,Proposed EKF,T,0.5226938996083418,-0.5045945503906606,0.5046451098953518,0.6819801235750589,-0.7718544209932715,-0.23733467978804967,,,,17,fill,0.7,720.6428815292732,0.6435185185185185,0.19606795268703955,0.5057784026853209,0.052768170979185604
